arm,provider,model,prompt,event_id,det_id,category,n_raw,n_window,gate_n_images,payload_kb,fire_raw,conf_raw,fire_v1,conf_v1,scene_type,b_vehicle,b_person,b_ground,evidence,json_mode,json_valid,tok_in,tok_out,tok_think,cost_usd,latency_ms,error
gemma-3-4b:min,bedrock,gemma-3-4b,min,evt-20260715_085108,2a7571b8-d7ed-4e92-94a6-97cc13f2d3f1,tp,18,18,5,293.3,1,95,1,95,DUMPING,0,1,1,"In the final frame, a person is crouching near the pile and appears to be moving items towards it. The pile itself has visibly expanded.",text,1,2895,182,0,0.00013036,5662,
gemma-3-4b:min,bedrock,gemma-3-4b,min,evt-20260722_000031,evt-20260722_000031,baseline,9,9,5,178.3,1,95,1,95,DUMPING,0,1,1,"In the final frame, a person is observed crouching near the pile and appears to be depositing a small amount of waste onto the ground. The pile itself has increased in size.",text,1,2895,188,0,0.00013084,6071,
gemma-3-4b:min,bedrock,gemma-3-4b,min,evt-20260715_090236,364e7028-8796-4afb-8baa-867211e2c46e,indefinido,15,15,5,291.1,1,95,1,95,DUMPING,0,1,1,"In the final frame, a person is walking towards and then appearing to deposit material onto the pile. The pile itself appears to have grown slightly.",text,1,2895,183,0,0.00013044,6042,
gemma-3-12b:min,bedrock,gemma-3-12b,min,evt-20260714_220153,88f4aa05-bb52-4af9-88a1-b7c4ad21630f,fp,27,27,5,258.4,1,95,1,95,DUMPING,1,1,1,"A motorcycle is stopped near the pile, and a person is unloading material from the motorcycle onto the ground.",text,1,2895,214,0,0.00032261,2777,
gemma-3-12b:min,bedrock,gemma-3-12b,min,evt-20260715_090236,364e7028-8796-4afb-8baa-867211e2c46e,indefinido,15,15,5,291.1,1,95,0,0,DUMPING,0,0,0,A person is walking towards the pile area in the first frame and is closer to the pile in the last frame.,text,1,2895,208,0,0.00032087,5399,
gemma-3-12b:min,bedrock,gemma-3-12b,min,evt-20260722_000031,evt-20260722_000031,baseline,9,9,5,178.3,1,95,0,0,DUMPING,0,1,0,"A person is visible in the second frame, interacting with the waste pile. The person appears to be handling material near the pile.",text,1,2895,193,0,0.00031652,3700,
ministral-3-14b:min,bedrock,ministral-3-14b,min,evt-20260714_220153,88f4aa05-bb52-4af9-88a1-b7c4ad21630f,fp,27,27,5,258.4,1,95,1,95,DUMPING,1,1,0,"A person on a motorcycle with a headlamp approaches and stops near the pile in frame 22:01:57, then appears to interact with the pile area by crouching or bending over it in subsequent frames. The pile remains visually similar, but the person’s presence and movement near it indicate interaction.",text,1,3133,271,0,0.0006808,2567,
ministral-3-14b:min,bedrock,ministral-3-14b,min,evt-20260715_085108,2a7571b8-d7ed-4e92-94a6-97cc13f2d3f1,tp,18,18,5,293.3,1,95,1,95,DUMPING,1,1,1,"A white van is parked near the waste pile, and a person is seen repeatedly handling and depositing material onto the pile between frames 08:51:12 and 08:51:26. The pile visibly grows in size and changes shape.",text,1,3133,271,0,0.0006808,3135,
ministral-3-14b:min,bedrock,ministral-3-14b,min,evt-20260715_090236,364e7028-8796-4afb-8baa-867211e2c46e,indefinido,15,15,5,291.1,1,95,0,0,DUMPING,0,1,0,"A person is visible near the pile in all frames, moving and interacting with the waste area, particularly in the mid-window frames where they appear to be handling or organizing material at the edge of the pile.",text,1,3133,265,0,0.0006796,3160,
gemma-3-12b:min,bedrock,gemma-3-12b,min,evt-20260715_085108,2a7571b8-d7ed-4e92-94a6-97cc13f2d3f1,tp,18,18,5,293.3,1,95,1,95,DUMPING,1,1,1,A white van is parked near the existing waste pile. A person is seen unloading material from the van onto the pile.,text,1,2895,227,0,0.00032638,11766,
ministral-3-14b:min,bedrock,ministral-3-14b,min,evt-20260722_000031,evt-20260722_000031,baseline,9,9,5,178.3,1,95,1,95,DUMPING,0,1,1,"A person appears near the pile in frame 00:00:44 and remains in subsequent frames, interacting with the waste pile by the curb, causing visible changes in the pile's shape and composition.",text,1,3133,256,0,0.0006778,2955,
nemotron-nano-12b:min,bedrock,nemotron-nano-12b,min,evt-20260714_220153,88f4aa05-bb52-4af9-88a1-b7c4ad21630f,fp,27,27,5,258.4,1,95,1,95,DUMPING,1,1,1,"A motorcycle stopped near the pile, and a person unloaded cardboard boxes onto the ground. The pile grew significantly between frames.",text,1,5460,204,0,0.00037452,4256,
nemotron-nano-12b:min,bedrock,nemotron-nano-12b,min,evt-20260715_085108,2a7571b8-d7ed-4e92-94a6-97cc13f2d3f1,tp,18,18,5,293.3,1,95,1,95,DUMPING,1,1,1,A white van is parked near a large pile of debris. A person in a blue shirt is seen unloading materials from the van and placing them on the ground near the pile. The pile appears to have grown significantly between the first and last frame.,text,1,5460,246,0,0.00038418,3960,
nemotron-nano-12b:min,bedrock,nemotron-nano-12b,min,evt-20260715_090236,364e7028-8796-4afb-8baa-867211e2c46e,indefinido,15,15,5,291.1,1,92,1,92,DUMPING,0,1,1,A person wearing a yellow hat is seen handling materials near a large pile of waste in the final frames. The pile appears to have increased in size compared to the initial frame.,text,1,5460,218,0,0.00037774,3884,
nemotron-nano-12b:min,bedrock,nemotron-nano-12b,min,evt-20260722_000031,evt-20260722_000031,baseline,9,9,5,178.3,1,95,1,95,DUMPING,0,1,1,A person is seen bending over and placing objects near the pile of litter in the final frames. The pile appears larger in the last frame compared to the initial frame.,text,1,5460,209,0,0.00037567,3547,
gemma-3-4b:min,bedrock,gemma-3-4b,min,evt-20260714_220153,88f4aa05-bb52-4af9-88a1-b7c4ad21630f,fp,27,27,5,258.4,1,95,1,95,DUMPING,0,1,1,"In the final frame, a vehicle is observed dumping material onto the pile. The pile appears to have increased in size.",text,1,2895,178,0,0.00013004,27001,
gemma-3-4b:min,bedrock,gemma-3-4b,min,evt-20260715_090305,364e7028-8796-4afb-8baa-867211e2c46e,indefinido,24,24,5,291.6,1,95,1,95,DUMPING,0,1,1,"In the final frame, a person is observed walking towards the pile carrying a large bag of waste. The pile itself appears to have expanded slightly.",text,1,2895,182,0,0.00013036,6243,
gemma-3-4b:min,bedrock,gemma-3-4b,min,evt-20260715_073056,1fcd4f3e-dc8f-468a-8284-13dd6871d86f,fp,31,22,5,310.4,1,95,1,95,DUMPING,1,1,1,"In the final frame, a man is observed walking towards and then interacting with the pile, appearing to move material from the pile to the curb. A white vehicle is parked nearby.",text,1,2895,198,0,0.00013164,6444,
gemma-3-4b:min,bedrock,gemma-3-4b,min,evt-20260715_114547,19c03464-1bc3-40f9-a666-bb0597d36d87,indefinido,26,25,5,288.4,1,95,1,95,DUMPING,0,1,1,"In the final frame, a person is observed picking up and carrying a large piece of cardboard towards the pile, indicating interaction with the waste area.",text,1,2895,183,0,0.00013044,7062,
gemma-3-4b:min,bedrock,gemma-3-4b,min,evt-20260715_104302,bae1b1c9-b5e4-403d-b776-c9bf1344ebb5,fp,39,24,5,283.3,1,95,1,95,DUMPING,0,1,1,"In the final frame, a person is observed walking towards the pile and appearing to drop an object into it. The pile itself has visibly increased in size.",text,1,2895,185,0,0.0001306,7518,
gemma-3-4b:min,bedrock,gemma-3-4b,min,evt-20260715_111559,62c05db9-808b-4523-8dc1-0091bf3f4e29,indefinido,32,24,5,281.8,1,95,1,95,DUMPING,1,1,1,"A green truck stops near the pile, and a person is observed exiting the truck and walking towards the pile, carrying a large cardboard box. The pile appears to have increased in size between the first and last frames.",text,1,2895,224,0,0.00013372,7671,
gemma-3-4b:min,bedrock,gemma-3-4b,min,evt-20260715_123608,9014a36e-7c1b-460a-8f3a-f07514937914,fp,17,17,5,281.2,1,95,1,95,DUMPING,0,1,1,"In the final frame, a person is standing near the pile, appearing to drop items into it. The pile itself has visibly increased in size.",text,1,2895,182,0,0.00013036,3602,
gemma-3-4b:min,bedrock,gemma-3-4b,min,evt-20260715_120735,5785e3d6-f2ef-4ae5-ad0b-e3a6a8214c74,fp,31,25,5,287.9,1,95,1,95,DUMPING,1,1,1,"In the final frame, a green truck is stopped with a person unloading materials from the truck bed onto the pile. The pile appears to have expanded slightly.",text,1,2895,185,0,0.0001306,4072,
gemma-3-4b:min,bedrock,gemma-3-4b,min,evt-20260715_125447,67dae9c1-1df3-400b-9742-ef02bd812c30,fp,52,25,5,278.8,1,95,1,95,DUMPING,0,1,1,"In the final frame, a person is crouching near the pile, appearing to place an object on the ground. The pile has visibly increased in size.",text,1,2895,184,0,0.00013052,3368,
gemma-3-4b:min,bedrock,gemma-3-4b,min,evt-20260715_165556,3da2f5d5-808b-4f99-9ecb-6d3272e918c3,tp,86,26,5,267.2,1,95,1,95,DUMPING,0,1,1,"In the final frame, a man is actively dumping cardboard and other waste onto the pile. In the initial frame, the pile is smaller and there is no person present.",text,1,2895,191,0,0.00013108,3832,
gemma-3-4b:min,bedrock,gemma-3-4b,min,evt-20260715_165230,3da2f5d5-808b-4f99-9ecb-6d3272e918c3,tp,85,26,5,270.4,1,95,1,95,DUMPING,1,1,1,"In the final frame, a white van is stopped with two individuals appearing to deposit materials onto the pile.  In the initial frame, the pile is smaller, and no vehicles are present.",text,1,2895,207,0,0.00013236,4954,
gemma-3-4b:min,bedrock,gemma-3-4b,min,evt-20260715_181023,21c0edc7-5cc2-4d43-874f-45bae153a088,tp,81,32,5,262.3,1,95,1,95,DUMPING,1,1,1,"In the final frame, a person is actively dumping materials from a trailer onto the pile, while a vehicle is parked nearby. The pile appears to have grown larger between the first and last frames.",text,1,2895,210,0,0.0001326,2588,
gemma-3-4b:min,bedrock,gemma-3-4b,min,evt-20260715_181611,21c0edc7-5cc2-4d43-874f-45bae153a088,tp,70,32,5,266.5,1,95,1,95,DUMPING,1,1,1,"In the final frame, a person is actively unloading materials from a blue trailer onto the pile, while a vehicle remains parked nearby. The pile appears to have grown slightly.",text,1,2895,197,0,0.00013156,2730,
gemma-3-4b:min,bedrock,gemma-3-4b,min,evt-20260715_181251,21c0edc7-5cc2-4d43-874f-45bae153a088,tp,81,32,5,262.9,1,95,1,95,DUMPING,1,1,1,"In the first frame, a man is standing next to a vehicle and a cart. In the last frame, the man is unloading materials from the cart onto the pile, and a second person is assisting. The pile appears to have grown.",text,1,2895,204,0,0.00013212,2861,
gemma-3-4b:min,bedrock,gemma-3-4b,min,evt-20260715_191603,bc95bd66-efbb-4ede-8672-7b5459524a34,indefinido,20,20,5,292.6,1,95,1,95,DUMPING,1,1,1,"In the final frame, a dark-colored vehicle is stopped beside the pile, and a person is observed unloading materials from the vehicle onto the ground. The pile appears to have grown slightly.",text,1,2895,200,0,0.0001318,3006,
gemma-3-4b:min,bedrock,gemma-3-4b,min,evt-20260715_222047,839bee07-649b-427c-9168-ed534d3a67f0,tp,27,27,5,271.7,1,95,1,95,DUMPING,0,1,1,"In the final frame, a person is observed pushing a large container of waste towards the pile, and the pile appears to have grown slightly. ",text,1,2895,182,0,0.00013036,2663,
gemma-3-4b:min,bedrock,gemma-3-4b,min,evt-20260716_123717,132e7692-e530-44e2-8d52-da564b5c61c8,fp,100,26,5,286.1,1,95,0,0,DUMPING,0,1,0,"In the final frame, a person is observed pushing a cart filled with green vegetation towards the pile, indicating material deposition.",text,1,2895,178,0,0.00013004,2614,
gemma-3-4b:min,bedrock,gemma-3-4b,min,evt-20260716_012139,56e59ca0-63ff-4cae-9f35-c10291ef1055,fp,106,30,5,270.2,1,95,1,95,DUMPING,0,1,1,"In the final frame, a person is observed pushing a red wheelbarrow towards the pile, depositing material onto the ground. The pile appears slightly larger in the last frame.",text,1,2895,188,0,0.00013084,4006,
gemma-3-4b:min,bedrock,gemma-3-4b,min,evt-20260716_094309,05f711f0-da69-4d42-8318-39637baca2b4,fp,21,21,5,284.4,1,95,1,95,DUMPING,0,1,1,"In the final frame, a person is observed crouching near the pile and appears to be moving some material towards the curb.",text,1,2895,184,0,0.00013052,3504,
gemma-3-4b:min,bedrock,gemma-3-4b,min,evt-20260716_151227,caebb65d-f99b-469f-9067-208285e527df,fp,76,24,5,331.2,1,95,1,95,DUMPING,0,1,1,"In the final frame, a person is observed unloading material from the orange cart onto the pile. The pile appears to have increased in size between the first and last frames.",text,1,2895,188,0,0.00013084,2721,
gemma-3-4b:min,bedrock,gemma-3-4b,min,evt-20260716_123920,132e7692-e530-44e2-8d52-da564b5c61c8,fp,91,26,5,288.5,1,95,0,0,DUMPING,0,1,0,"In the final frame, a person is seen carrying a wheelbarrow filled with green vegetation towards the pile and depositing it onto the ground. This interaction with the pile/curb area constitutes illegal dumping.",text,1,2895,194,0,0.00013132,3809,
gemma-3-4b:min,bedrock,gemma-3-4b,min,evt-20260716_152303,caebb65d-f99b-469f-9067-208285e527df,fp,86,24,5,331.9,1,95,1,95,DUMPING,0,1,1,"In the final frame, a person is actively dumping material from an orange cart onto the pile, and new material is visible on the ground.",text,1,2895,189,0,0.00013092,2740,
gemma-3-4b:min,bedrock,gemma-3-4b,min,evt-20260716_153511,caebb65d-f99b-469f-9067-208285e527df,fp,89,24,5,326.2,1,95,1,95,DUMPING,0,1,1,"In the final frame, a person is crouching and appears to be dumping material from an orange cart onto the ground. In the initial frame, the ground is clear.",text,1,2895,196,0,0.00013148,2630,
gemma-3-4b:min,bedrock,gemma-3-4b,min,evt-20260716_161144,caebb65d-f99b-469f-9067-208285e527df,fp,80,25,5,311.6,1,95,1,95,DUMPING,0,1,1,"In the final frame, a person is standing near the pile, appearing to unload material from the orange cart.  The pile itself appears to have grown slightly.",text,1,2895,186,0,0.00013068,2643,
gemma-3-4b:min,bedrock,gemma-3-4b,min,evt-20260716_165803,ed0b1eb9-3439-4848-8a93-38e309715839,fp,81,27,5,276.3,1,95,1,95,DUMPING,0,1,1,"In the final frame, a man is actively moving waste from the pile to a white van. The pile appears to have increased in size between the first and last frames.",text,1,2895,188,0,0.00013084,2391,
gemma-3-4b:min,bedrock,gemma-3-4b,min,evt-20260716_170619,9107890c-7b08-43bf-849c-7de1abccef6a,tp,84,27,5,280.1,1,95,1,95,DUMPING,1,1,1,"In the final frame, a man is actively moving a wooden cart filled with debris towards the pile. The pile itself appears to have grown slightly, and new cardboard pieces are visible.",text,1,2895,210,0,0.0001326,2521,
gemma-3-4b:min,bedrock,gemma-3-4b,min,evt-20260716_170823,9107890c-7b08-43bf-849c-7de1abccef6a,tp,91,27,5,278.3,1,95,1,95,DUMPING,0,1,1,"In the final frame, a person is observed walking towards the pile and then discarding a black bag of waste onto the ground. The pile appears slightly larger in the last frame.",text,1,2895,188,0,0.00013084,2166,
gemma-3-4b:min,bedrock,gemma-3-4b,min,evt-20260716_175905,f3c41d66-5fcb-444f-adb1-9001a21bb359,fp,107,46,5,206.8,1,95,1,95,DUMPING,0,1,1,"In the final frame, a person is observed carrying a large sheet of material and depositing it onto the pile. The pile appears to have expanded slightly.",text,1,2895,198,0,0.00013164,2535,
gemma-3-4b:min,bedrock,gemma-3-4b,min,evt-20260716_183233,eea58cf7-35b4-4d76-8211-af741571e5bd,fp,108,44,5,204.6,1,95,1,95,DUMPING,0,1,1,"In the final frame, a person is observed walking towards the pile and appearing to deposit a cardboard box onto the pile. The pile appears to have increased in size.",text,1,2895,187,0,0.00013076,2397,
gemma-3-4b:min,bedrock,gemma-3-4b,min,evt-20260717_163625,4620bce5-7d28-47e9-9e4b-4bb40c3cc92b,tp,54,26,5,282.5,1,95,1,95,DUMPING,1,1,1,"In the final frame, a silver pickup truck is stopped with a person unloading a large pile of vegetation onto the curb area, and new material is visible on the ground.",text,1,2895,199,0,0.00013172,2237,
gemma-3-4b:min,bedrock,gemma-3-4b,min,evt-20260717_131804,781cd838-85f9-493f-83ad-45c55a6b3d89,fp,53,27,5,278.5,1,95,0,0,DUMPING,0,1,0,"In the final frame, a man is observed unloading trash from a truck onto the pile.",text,1,2895,172,0,0.00012956,3060,
gemma-3-4b:min,bedrock,gemma-3-4b,min,evt-20260717_154354,99a55c6f-36a5-4a6a-b0f1-c2eb848dc9b9,fp,33,26,5,282.8,1,95,1,95,DUMPING,0,1,1,"In the final frame, a man is seen carrying a white bag towards the pile and depositing it on the ground. This represents interaction with the pile/curb area.",text,1,2895,187,0,0.00013076,3247,
gemma-3-4b:min,bedrock,gemma-3-4b,min,evt-20260717_163744,4620bce5-7d28-47e9-9e4b-4bb40c3cc92b,tp,72,26,5,289.9,1,95,1,95,DUMPING,0,1,1,"In the final frame, three municipal workers are loading waste into a white car, and one individual is carrying a bag of waste towards the pile. The pile appears to have increased in size.",text,1,2895,192,0,0.00013116,3081,
gemma-3-4b:min,bedrock,gemma-3-4b,min,evt-20260717_170823,561d3021-99f3-4731-8727-1773c20e0e83,tp,101,26,5,299.8,1,95,1,95,DUMPING,0,1,1,"In the final frame, a man is actively dumping waste from a cart onto the pile, and new material is visible on the ground.",text,1,2895,181,0,0.00013028,2522,
gemma-3-4b:min,bedrock,gemma-3-4b,min,evt-20260716_170433,ed0b1eb9-3439-4848-8a93-38e309715839,fp,72,27,5,275.3,1,95,0,0,DUMPING,0,1,0,"In the final frame, a person is observed crouching near the pile and appears to be placing an object on the ground. This interaction with the pile is evident.",text,1,2895,186,0,0.00013068,9263,
gemma-3-4b:min,bedrock,gemma-3-4b,min,evt-20260717_170115,561d3021-99f3-4731-8727-1773c20e0e83,tp,91,26,5,296.3,1,95,0,0,DUMPING,0,1,0,"In the final frame, a man is actively unloading a white bag of material from the orange cart onto the pile. He is bending down to do so.",text,1,2895,184,0,0.00013052,3353,
gemma-3-4b:min,bedrock,gemma-3-4b,min,evt-20260717_171512,78663961-ee5c-45a7-966f-ec34b748dc65,fp,86,26,5,299.8,1,95,0,0,DUMPING,0,1,0,"In the first frame, a man is seen unloading items from an orange cart onto the pile. In the last frame, the same man continues to work on the pile, adding more material.",text,1,2895,192,0,0.00013116,3064,
gemma-3-4b:min,bedrock,gemma-3-4b,min,evt-20260717_173848,9865cc4c-2ddd-47bb-b32f-0a82a15a3644,tp,80,32,5,267.5,1,95,1,95,DUMPING,1,1,1,"In the final frame, a person is actively unloading trash from the open tailgate of a white SUV, while another person is retrieving items from the pile. The pile itself appears to have expanded.",text,1,2895,221,0,0.00013348,2512,
gemma-3-4b:min,bedrock,gemma-3-4b,min,evt-20260717_180936,1d04290a-962c-497e-8f0c-a2816ac7be5a,tp,66,45,5,220.0,1,95,1,95,DUMPING,0,1,1,"In the final frame, a person is observed walking towards the pile and then dropping an object near the curb. The pile appears to have expanded slightly.",text,1,2895,196,0,0.00013148,2314,
gemma-3-4b:min,bedrock,gemma-3-4b,min,evt-20260717_201306,9a4aef17-b231-46a4-ada9-497e77007fec,fp,62,44,5,235.4,1,95,1,95,DUMPING,0,1,1,"In the final frame, two individuals are actively dumping waste from a truck onto the pile.  The pile appears to have grown in size between the first and last frames.",text,1,2895,188,0,0.00013084,2341,
gemma-3-4b:min,bedrock,gemma-3-4b,min,evt-20260718_074821,635f7de2-0919-4366-8255-d40fcfa791ae,fp,16,16,5,306.6,1,95,1,95,DUMPING,1,1,1,"In the final frame, a person is crouching near the cart and appears to be depositing waste onto the ground. The pile has visibly increased in size.",text,1,2895,196,0,0.00013148,2663,
gemma-3-4b:min,bedrock,gemma-3-4b,min,evt-20260718_074955,635f7de2-0919-4366-8255-d40fcfa791ae,fp,94,24,5,303.8,1,95,1,95,DUMPING,0,1,1,"In the final frame, a person wearing a yellow uniform is carrying a yellow trash can and appears to be depositing waste near the pile. In the initial frame, the same person is seen emptying the trash can.",text,1,2895,203,0,0.00013204,2477,
gemma-3-4b:min,bedrock,gemma-3-4b,min,evt-20260718_074618,635f7de2-0919-4366-8255-d40fcfa791ae,fp,100,24,5,306.6,1,95,1,95,DUMPING,0,1,1,"In the final frame, a woman is walking towards the pile and appears to be carrying a large object, likely waste, as the pile has visibly increased in size.  She is interacting with the pile area.",text,1,2895,226,0,0.00013388,3631,
gemma-3-4b:min,bedrock,gemma-3-4b,min,evt-20260718_115346,015a7bc3-dec0-431c-bf06-3bc5a52f4b1b,tp,32,32,5,269.5,1,95,1,95,DUMPING,0,1,1,"In the final frame, a man is seen carrying a large piece of plywood and placing it on the pile. The pile appears to have grown slightly.",text,1,2895,184,0,0.00013052,2770,
gemma-3-4b:min,bedrock,gemma-3-4b,min,evt-20260718_120030,015a7bc3-dec0-431c-bf06-3bc5a52f4b1b,tp,18,18,5,268.5,1,95,1,95,DUMPING,0,1,1,"In the final frame, a person is observed carrying a white bag towards the pile and depositing it on the ground. The pile appears to have increased in size.",text,1,2895,185,0,0.0001306,3023,
gemma-3-4b:min,bedrock,gemma-3-4b,min,evt-20260718_190242,617caa9b-706d-4d0b-b597-8489b3cb5949,fp,22,22,5,197.7,1,95,1,95,DUMPING,0,1,1,"In the final frame, a person is observed crouching and moving a white object towards the pile, indicating interaction with the waste material.",text,1,2895,179,0,0.00013012,2391,
gemma-3-4b:min,bedrock,gemma-3-4b,min,evt-20260718_212040,81624eeb-20f4-4805-ae4b-9ff61dc44463,tp,32,32,5,172.3,1,95,1,95,DUMPING,1,1,1,"In the final frame, a vehicle is stopped with two individuals actively depositing waste into the pile. The pile appears to have expanded slightly between the first and last frames.",text,1,2895,208,0,0.00013244,2663,
gemma-3-4b:min,bedrock,gemma-3-4b,min,evt-20260718_212254,81624eeb-20f4-4805-ae4b-9ff61dc44463,tp,32,32,5,168.4,1,95,1,95,DUMPING,1,1,1,"In the final frame, two individuals are actively dumping a large white object onto the existing pile of waste. The vehicle remains parked.",text,1,2895,187,0,0.00013076,3290,
gemma-3-4b:min,bedrock,gemma-3-4b,min,evt-20260718_214234,2ec16c89-23e2-43de-af31-a9f7022725c6,tp,32,32,5,170.2,1,95,1,95,DUMPING,0,1,1,"In the final frame, two individuals are observed pushing a pile of waste towards the curb, and one is holding a stick. The pile appears to have increased in size between the first and last frames.",text,1,2895,194,0,0.00013132,2877,
gemma-3-4b:min,bedrock,gemma-3-4b,min,evt-20260718_220134,8c88aeca-a902-4d39-b872-7c5cdd4cc592,tp,8,8,5,177.0,1,95,1,95,DUMPING,1,1,1,"In the final frame, two individuals are actively unloading a white bag of waste from the vehicle onto the pile. The pile appears to have grown slightly.",text,1,2895,183,0,0.00013044,2544,
gemma-3-4b:min,bedrock,gemma-3-4b,min,evt-20260718_215920,8c88aeca-a902-4d39-b872-7c5cdd4cc592,tp,28,28,5,186.6,1,95,1,95,DUMPING,1,1,1,"In the final frame, a person is observed opening the trunk of a silver vehicle and depositing waste onto the pile. The pile appears to have increased in size between the first and last frames.",text,1,2895,200,0,0.0001318,3072,
gemma-3-4b:min,bedrock,gemma-3-4b,min,evt-20260719_061410,1d022e1e-cc67-4054-8707-80efb834459c,indefinido,7,7,5,277.4,1,95,1,95,DUMPING,0,1,1,"In the final frame, a person is riding a bicycle and carrying a white bag towards the pile, appearing to deposit it on the ground. The pile itself appears slightly larger in the last frame.",text,1,2895,205,0,0.0001322,2709,
gemma-3-4b:min,bedrock,gemma-3-4b,min,evt-20260719_181200,50922e6c-4bb4-4906-83ae-89c8cffa6701,indefinido,17,17,5,168.6,1,95,1,95,DUMPING,0,1,1,"In the final frame, a person is observed lifting a large object (likely trash) and depositing it onto the pile. The pile appears to have grown slightly.",text,1,2895,185,0,0.0001306,2501,
gemma-3-4b:min,bedrock,gemma-3-4b,min,evt-20260719_081140,280fa5be-76dc-430a-811f-8049b8cf42c1,indefinido,32,32,5,244.0,1,95,0,0,DUMPING,0,1,0,"In the final frame, a person is observed kneeling and actively moving a large white bag of waste towards the pile, indicating interaction with the area.",text,1,2895,182,0,0.00013036,3184,
gemma-3-4b:min,bedrock,gemma-3-4b,min,evt-20260719_221320,003e3ccb-f28b-42ec-93c6-c9e939005417,fp,23,23,5,170.3,1,95,1,95,DUMPING,1,1,1,"In the final frame, a dark SUV is stopped beside the pile, and a person is observed reaching down to place an object onto the ground. The pile appears to have expanded slightly.",text,1,2895,198,0,0.00013164,2449,
gemma-3-4b:min,bedrock,gemma-3-4b,min,evt-20260720_111909,3e066f19-76ff-42c6-86ad-5bd265b96a97,tp,32,32,5,246.4,1,95,1,95,DUMPING,1,1,1,"In the final frame, a green cart is stopped with a person unloading waste onto the pile. The pile appears to have grown slightly.",text,1,2895,191,0,0.00013108,2822,
gemma-3-4b:min,bedrock,gemma-3-4b,min,evt-20260720_102349,b6b91f37-160f-42b0-9b7e-c63d499fa832,indefinido,32,32,5,245.9,1,95,1,95,DUMPING,1,1,1,"In the final frame, a black pickup truck is parked next to the pile, and a person is visible inside the truck, appearing to be unloading material onto the pile. The pile itself has visibly increased in size.",text,1,2895,213,0,0.00013284,3514,
gemma-3-4b:min,bedrock,gemma-3-4b,min,evt-20260720_112538,3e066f19-76ff-42c6-86ad-5bd265b96a97,tp,16,16,5,246.2,1,95,1,95,DUMPING,0,1,1,"In the final frame, a man is carrying a large orange bag filled with trash towards the pile, and the pile appears to have grown slightly. ",text,1,2895,184,0,0.00013052,2478,
gemma-3-4b:min,bedrock,gemma-3-4b,min,evt-20260720_112125,3e066f19-76ff-42c6-86ad-5bd265b96a97,tp,32,32,5,259.9,1,95,1,95,DUMPING,0,1,1,"In the final frame, a man is actively dumping waste from a green trailer onto the pile, while a car is parked nearby. The pile appears to have increased in size.",text,1,2895,188,0,0.00013084,3167,
gemma-3-4b:min,bedrock,gemma-3-4b,min,evt-20260720_153259,3fbe69f7-6460-4d36-a583-e613dcff98b4,tp,32,32,5,250.5,1,95,1,95,DUMPING,0,1,1,"In the final frame, a man is unloading tires from a trailer onto the pile, while a second man stands nearby. The pile appears to have expanded slightly.",text,1,2895,204,0,0.00013212,3016,
gemma-3-4b:min,bedrock,gemma-3-4b,min,evt-20260720_112330,3e066f19-76ff-42c6-86ad-5bd265b96a97,tp,32,32,5,256.0,1,95,1,95,DUMPING,0,1,1,"In the final frame, a person is seen bending down and placing a large orange bag of waste onto the pile. The pile appears to have grown slightly.",text,1,2895,184,0,0.00013052,4703,
gemma-3-4b:min,bedrock,gemma-3-4b,min,evt-20260720_153841,3fbe69f7-6460-4d36-a583-e613dcff98b4,tp,31,31,5,251.5,1,95,1,95,DUMPING,0,1,1,"In the final frame, two individuals are actively unloading tires from a trailer onto the existing pile. One person is holding a tire and placing it on the ground, while the other is assisting with the unloading.",text,1,2895,213,0,0.00013284,2823,
gemma-3-4b:min,bedrock,gemma-3-4b,min,evt-20260720_183437,ebbf809c-5d5e-4149-a8ce-336b9b97252b,indefinido,13,13,5,172.3,1,95,0,0,DUMPING,0,1,0,"In the final frame, a person is observed crouching near the pile and appears to be holding an object, likely depositing it onto the ground. The pile appears slightly larger in the final frame.",text,1,2895,191,0,0.00013108,2798,
gemma-3-4b:min,bedrock,gemma-3-4b,min,evt-20260720_153503,3fbe69f7-6460-4d36-a583-e613dcff98b4,tp,32,32,5,255.1,1,95,1,95,DUMPING,0,1,1,"In the final frame, three individuals are actively moving tires and other debris from a trailer onto the existing pile. One person is holding a tire and placing it on the ground.",text,1,2895,212,0,0.00013276,6218,
gemma-3-4b:min,bedrock,gemma-3-4b,min,evt-20260720_193207,95947cb7-11a8-4662-be4e-ed7daec78d65,fp,22,22,5,170.2,1,95,1,95,DUMPING,1,1,1,"In the final frame, a person is observed stepping out of a vehicle and depositing waste onto the ground near the existing pile. The pile appears to have grown slightly.",text,1,2895,195,0,0.0001314,3418,
gemma-3-4b:min,bedrock,gemma-3-4b,min,evt-20260721_005751,a7e3011f-d68a-4d6d-a451-c7d1fac89f96,tp,32,32,5,188.3,1,95,1,95,DUMPING,0,1,1,"In the final frame, a person is standing near the pile and appears to be moving towards it, possibly depositing material. The pile has visibly increased in size.",text,1,2895,186,0,0.00013068,2547,
gemma-3-4b:min,bedrock,gemma-3-4b,min,evt-20260720_182833,ebbf809c-5d5e-4149-a8ce-336b9b97252b,indefinido,23,23,5,179.3,1,95,1,95,DUMPING,0,1,1,"In the final frame, a man is standing near the pile, holding a small bag, and a dog is at his feet. The pile appears to have increased in size.",text,1,2895,221,0,0.00013348,5553,
gemma-3-4b:min,bedrock,gemma-3-4b,min,evt-20260721_083339,186b4b3a-025a-4d9c-9102-ce0517316da7,tp,13,13,5,245.9,1,95,1,95,DUMPING,1,1,1,"In the final frame, a man is seen crouching and placing a cardboard box onto the pile, while a black SUV is parked nearby.",text,1,2895,194,0,0.00013132,3616,
gemma-3-4b:min,bedrock,gemma-3-4b,min,evt-20260721_083549,186b4b3a-025a-4d9c-9102-ce0517316da7,tp,6,6,5,249.0,1,95,1,95,DUMPING,1,1,1,"In the first frame, a man is standing next to a black SUV with the tailgate down. In the last frame, the man is unloading a large bag of trash onto the pile.",text,1,2895,199,0,0.00013172,3416,
gemma-3-4b:min,bedrock,gemma-3-4b,min,evt-20260721_083429,186b4b3a-025a-4d9c-9102-ce0517316da7,tp,17,17,5,247.0,1,95,1,95,DUMPING,1,1,1,"In the final frame, a man is unloading items from the open truck bed directly onto the pile.  The pile appears to have grown slightly.",text,1,2895,194,0,0.00013132,3827,
gemma-3-4b:min,bedrock,gemma-3-4b,min,evt-20260721_073733,cdb6f7c6-f2d5-450d-aeff-81dbf8d059e1,fp,8,8,5,246.4,1,95,1,95,DUMPING,0,1,1,"In the final frame, a white truck is dumping waste onto the pile. The truck is positioned directly over the pile, and material is being deposited onto the ground.",text,1,2895,187,0,0.00013076,5196,
gemma-3-4b:min,bedrock,gemma-3-4b,min,evt-20260721_104317,f7974b62-c4a4-493a-a861-44c901b9033d,indefinido,19,19,5,270.2,1,95,1,95,DUMPING,1,1,1,"In the final frame, a man is actively unloading waste from the truck bed onto the pile. The pile appears to have grown slightly.",text,1,2895,195,0,0.0001314,4115,
gemma-3-4b:min,bedrock,gemma-3-4b,min,evt-20260721_104455,f7974b62-c4a4-493a-a861-44c901b9033d,indefinido,32,32,5,270.9,1,95,1,95,DUMPING,1,1,1,"In the first frame, a red truck is parked with a man carrying a wooden cart and appearing to unload waste onto the ground. In the last frame, the man is still present, and the pile of waste has visibly increased.",text,1,2895,207,0,0.00013236,3447,
gemma-3-4b:min,bedrock,gemma-3-4b,min,evt-20260722_005727,evt-20260722_005727,baseline,32,32,5,142.7,1,95,1,95,DUMPING,0,1,1,"In the final frame, a person is observed bending down and placing an object onto the pile, indicating interaction with the waste area.",text,1,2895,180,0,0.0001302,2548,
gemma-3-4b:min,bedrock,gemma-3-4b,min,evt-20260721_161751,168c6958-45e6-4f0d-a8bf-2c24672e1e64,fp,11,11,5,240.3,1,95,0,0,DUMPING,0,1,0,"In the final frame, a person is seen picking up a large piece of cardboard and placing it on the pile. This represents interaction with the pile/curb area.",text,1,2895,188,0,0.00013084,2736,
gemma-3-4b:min,bedrock,gemma-3-4b,min,evt-20260721_104915,f7974b62-c4a4-493a-a861-44c901b9033d,indefinido,22,22,5,275.8,1,95,1,95,DUMPING,1,1,1,"In the final frame, a red truck is stopped with a person exiting the vehicle and appearing to unload material onto the pile. The pile itself appears to have increased in size.",text,1,2895,220,0,0.0001334,3580,
gemma-3-4b:min,bedrock,gemma-3-4b,min,evt-20260721_125408,871e3cdd-f2c1-45db-a22c-d09748310639,indefinido,10,10,5,245.7,1,95,1,95,DUMPING,0,1,1,"In the final frame, a person is standing near the pile and appears to be dropping an object onto the ground. The pile itself has expanded slightly.",text,1,2895,183,0,0.00013044,3460,
gemma-3-4b:min,bedrock,gemma-3-4b,min,evt-20260722_013921,evt-20260722_013921,baseline,17,17,5,196.7,1,95,1,95,DUMPING,0,1,1,"In the final frame, a person is visible crouching near the pile and appears to be placing an object on the ground. The pile itself has increased in size.",text,1,2895,188,0,0.00013084,2571,
gemma-3-4b:min,bedrock,gemma-3-4b,min,evt-20260722_011328,evt-20260722_011328,baseline,6,6,5,194.0,1,95,0,0,DUMPING,0,1,0,"In the final frame, a person is observed walking towards and then stepping over the pile of waste. This represents interaction with the pile/curb area.",text,1,2895,185,0,0.0001306,3100,
gemma-3-4b:min,bedrock,gemma-3-4b,min,evt-20260722_023152,evt-20260722_023152,baseline,7,7,5,197.5,1,95,1,95,DUMPING,0,1,1,"In the final frame, a person is visible crouching near the pile and appears to be placing an object (likely trash) onto the ground. The pile itself has increased in size.",text,1,2895,190,0,0.000131,3026,
gemma-3-4b:min,bedrock,gemma-3-4b,min,evt-20260722_051621,evt-20260722_051621,baseline,8,8,5,250.6,1,95,1,95,DUMPING,0,1,1,"In the final frame, a person is riding a bicycle and appears to be dropping items near the pile. The pile itself has grown slightly.",text,1,2895,182,0,0.00013036,3009,
gemma-3-4b:min,bedrock,gemma-3-4b,min,evt-20260722_040321,evt-20260722_040321,baseline,6,6,5,200.9,1,95,0,0,DUMPING,0,1,0,"In the final frame, a person is walking towards and then away from the pile, appearing to deposit items onto the ground. This represents interaction with the pile area.",text,1,2895,187,0,0.00013076,3919,
gemma-3-4b:min,bedrock,gemma-3-4b,min,evt-20260722_055939,evt-20260722_055939,baseline,32,32,5,261.3,1,95,1,95,DUMPING,0,1,1,"In the final frame, a person is seen bending down and appearing to place an object onto the pile. The pile itself appears slightly larger in the last frame.",text,1,2895,185,0,0.0001306,2782,
gemma-3-4b:min,bedrock,gemma-3-4b,min,evt-20260722_061645,evt-20260722_061645,baseline,6,6,5,270.5,1,95,1,95,DUMPING,0,1,1,"In the final frame, a person is observed crouching near the pile and appears to be placing an object on the ground. The pile itself has expanded slightly.",text,1,2895,184,0,0.00013052,3211,
gemma-3-4b:min,bedrock,gemma-3-4b,min,evt-20260722_062940,evt-20260722_062940,baseline,13,13,5,253.8,1,95,1,95,DUMPING,0,1,1,"In the final frame, a person is visible walking towards and briefly stopping near the pile, appearing to drop an object onto the ground. The pile itself appears slightly larger in the final frame.",text,1,2895,191,0,0.00013108,3028,
gemma-3-4b:min,bedrock,gemma-3-4b,min,evt-20260722_064704,evt-20260722_064704,baseline,7,7,5,255.1,1,95,0,0,DUMPING,0,1,0,"In the final frame, a person is seen on a bicycle, carrying a box and interacting with the pile, appearing to deposit items near the curb.",text,1,2895,184,0,0.00013052,3174,
gemma-3-4b:min,bedrock,gemma-3-4b,min,evt-20260722_071823,evt-20260722_071823,baseline,12,12,5,255.6,1,95,0,0,DUMPING,0,1,0,"In the final frame, a person is walking towards the pile and appears to be dropping an object near the curb. This interaction with the pile is observed.",text,1,2895,184,0,0.00013052,2380,
gemma-3-4b:min,bedrock,gemma-3-4b,min,evt-20260722_070638,evt-20260722_070638,baseline,7,7,5,253.9,1,95,1,95,DUMPING,0,1,1,"In the final frame, a person is visible crouching near the pile and appears to be dropping an object onto the ground. The pile itself has grown slightly larger.",text,1,2895,186,0,0.00013068,4266,
gemma-3-4b:min,bedrock,gemma-3-4b,min,evt-20260722_080057,evt-20260722_080057,baseline,8,8,5,255.2,1,95,1,95,DUMPING,0,1,1,"In the final frame, a person is visible crouching near the pile and appears to be depositing a cardboard box onto the ground. The pile has visibly increased in size.",text,1,2895,187,0,0.00013076,2826,
gemma-3-4b:min,bedrock,gemma-3-4b,min,evt-20260722_074923,evt-20260722_074923,baseline,6,6,5,264.4,1,95,0,0,DUMPING,0,1,0,"In the final frame, a man is walking towards and across the pile, appearing to step onto the pile. This represents interaction with the pile area.",text,1,2895,179,0,0.00013012,3645,
gemma-3-4b:min,bedrock,gemma-3-4b,min,evt-20260722_073357,evt-20260722_073357,baseline,16,16,5,262.5,1,95,1,95,DUMPING,0,1,1,"In the final frame, a person is walking towards and then across the pile, appearing to briefly pause and possibly adjust their bag. The pile itself appears slightly larger in the last frame.",text,1,2895,191,0,0.00013108,4207,
gemma-3-4b:min,bedrock,gemma-3-4b,min,evt-20260722_081207,evt-20260722_081207,baseline,19,19,5,267.6,1,95,1,95,DUMPING,1,1,0,"In the final frame, a red truck is stopped at the curb, and a person is visible unloading numerous plastic bottles into the pile. The pile appears to have grown slightly.",text,1,2895,186,0,0.00013068,2603,
gemma-3-4b:min,bedrock,gemma-3-4b,min,evt-20260722_082852,evt-20260722_082852,baseline,7,7,5,270.2,1,95,0,0,DUMPING,0,1,0,"In the final frame, a person is walking near the pile, appearing to crouch slightly and possibly interacting with the waste material. This represents interaction with the pile.",text,1,2895,181,0,0.00013028,3880,
gemma-3-4b:min,bedrock,gemma-3-4b,min,evt-20260722_084147,evt-20260722_084147,baseline,8,8,5,260.6,1,95,0,0,DUMPING,0,1,0,"In the final frame, a person is walking towards the pile and appears to be picking up an item near the curb. The pile itself appears slightly larger in the last frame.",text,1,2895,189,0,0.00013092,3258,
gemma-3-4b:min,bedrock,gemma-3-4b,min,evt-20260722_085748,evt-20260722_085748,baseline,15,15,5,255.7,1,95,0,0,DUMPING,0,1,0,"In the final frame, a person is walking towards and across the pile area. In the previous frame, the person is walking away from the pile.",text,1,2895,184,0,0.00013052,3355,
gemma-3-4b:min,bedrock,gemma-3-4b,min,evt-20260722_092651,evt-20260722_092651,baseline,11,11,5,269.4,1,95,1,95,DUMPING,0,1,1,"In the final frame, a bus is parked directly adjacent to the waste pile, and a person is visible reaching into the pile and appearing to deposit an object onto the ground.",text,1,2895,197,0,0.00013156,2870,
gemma-3-4b:min,bedrock,gemma-3-4b,min,evt-20260722_091141,evt-20260722_091141,baseline,9,9,5,271.2,1,95,0,0,DUMPING,0,1,0,"In the final frame, a man is walking towards the pile and appears to be holding something in his hand, possibly depositing it on the ground. This represents interaction with the pile area.",text,1,2895,190,0,0.000131,4220,
gemma-3-4b:min,bedrock,gemma-3-4b,min,evt-20260722_094905,5dea8a54-bff5-44c8-91d8-72e4ffda296b,tp,32,32,5,272.5,1,95,1,95,DUMPING,0,1,1,"In the final frame, a person is kneeling and unloading material from a cart onto the pile. The pile appears to have grown slightly.",text,1,2895,188,0,0.00013084,3317,
gemma-3-4b:min,bedrock,gemma-3-4b,min,evt-20260722_101619,evt-20260722_101619,baseline,32,32,5,254.6,1,95,1,95,DUMPING,0,1,1,"In the final frame, a person is walking toward and then across the pile area. The pile appears to have increased in size and new material is visible.",text,1,2895,184,0,0.00013052,2923,
gemma-3-4b:min,bedrock,gemma-3-4b,min,evt-20260722_094347,evt-20260722_094347,baseline,10,10,5,270.2,1,95,1,95,DUMPING,0,1,1,"In the final frame, a motorcycle with a box is positioned near the pile and appears to be depositing material onto the ground. This represents interaction with the pile area.",text,1,2895,186,0,0.00013068,4242,
gemma-3-4b:min,bedrock,gemma-3-4b,min,evt-20260722_095851,evt-20260722_095851,baseline,32,32,5,259.2,1,95,1,95,DUMPING,0,1,1,"In the first frame, a person is standing near the pile. In the last frame, the same person is bending down and appears to be moving material towards the pile, and a vehicle is parked nearby.",text,1,2895,195,0,0.0001314,3671,
gemma-3-4b:min,bedrock,gemma-3-4b,min,evt-20260722_103645,evt-20260722_103645,baseline,21,21,5,256.5,1,95,0,0,DUMPING,0,1,0,"In the final frame, a person is seen crouching near the pile and appears to be placing an object on the ground. This represents interaction with the pile/curb area.",text,1,2895,189,0,0.00013092,3528,
gemma-3-4b:min,bedrock,gemma-3-4b,min,evt-20260722_104927,evt-20260722_104927,baseline,10,10,5,255.6,1,95,0,0,DUMPING,0,1,0,"In the final frame, a person is walking towards the pile and appears to be bending down near the curb, suggesting interaction with the waste pile.",text,1,2895,178,0,0.00013004,3343,
gemma-3-4b:min,bedrock,gemma-3-4b,min,evt-20260722_111451,evt-20260722_111451,baseline,10,10,5,253.6,1,95,1,95,DUMPING,1,1,1,"In the final frame, a white SUV is parked beside the pile, and a person is observed reaching down and placing an object onto the ground near the waste pile. The pile appears to have grown slightly.",text,1,2895,195,0,0.0001314,2938,
gemma-3-4b:min,bedrock,gemma-3-4b,min,evt-20260722_110128,evt-20260722_110128,baseline,15,15,5,248.5,1,95,1,95,DUMPING,0,1,1,"In the final frame, a person is walking towards the pile and appears to be carrying a small object, while the pile itself has grown slightly. ",text,1,2895,181,0,0.00013028,3205,
gemma-3-4b:min,bedrock,gemma-3-4b,min,evt-20260722_112511,evt-20260722_112511,baseline,7,7,5,247.8,1,95,1,95,DUMPING,0,1,1,"In the final frame, a motorcycle is stopped next to the pile, and a person is observed picking up and dropping an object near the curb. The pile appears slightly larger in the final frame.",text,1,2895,201,0,0.00013188,3992,
gemma-3-4b:min,bedrock,gemma-3-4b,min,evt-20260722_114117,evt-20260722_114117,baseline,9,9,5,255.6,1,95,1,95,DUMPING,0,1,1,"In the final frame, a man is actively moving a cart loaded with waste towards the pile, and the pile appears to have grown slightly. ",text,1,2895,183,0,0.00013044,3462,
gemma-3-4b:min,bedrock,gemma-3-4b,min,evt-20260722_115439,evt-20260722_115439,baseline,11,11,5,257.4,1,95,0,0,DUMPING,0,1,0,"In the final frame, a person is seen standing over a large bag of waste and appears to be moving it closer to the pile.",text,1,2895,191,0,0.00013108,3018,
gemma-3-4b:min,bedrock,gemma-3-4b,min,evt-20260722_115613,ba60b6fd-21dc-468d-9e7b-9271372f7ea2,fp,12,12,5,256.8,1,95,1,95,DUMPING,0,1,1,"In the final frame, a person is crouching near the pile and appears to be holding and placing a white bag of waste onto the ground. The pile itself has visibly increased in size.",text,1,2895,193,0,0.00013124,3535,
gemma-3-4b:min,bedrock,gemma-3-4b,min,evt-20260722_120856,dc0d4026-4cd8-4622-9e63-914f104275de,fp,32,32,5,261.6,1,95,1,95,DUMPING,0,1,1,"In the final frame, a person is observed carrying a large white bag towards the pile and depositing it, increasing the pile's size and adding new material to the ground.",text,1,2895,188,0,0.00013084,3998,
gemma-3-4b:min,bedrock,gemma-3-4b,min,evt-20260722_121140,evt-20260722_121140,baseline,26,26,5,261.7,1,95,0,0,DUMPING,0,1,0,"In the final frame, a man is observed crouching near the pile and appears to be placing a bucket of waste onto the ground. This represents interaction with the pile.",text,1,2895,187,0,0.00013076,3630,
gemma-3-4b:min,bedrock,gemma-3-4b,min,evt-20260722_122927,evt-20260722_122927,baseline,14,14,5,261.6,1,95,1,95,DUMPING,0,1,1,"In the final frame, a man is seen unloading a large bag of waste from a white truck onto the pile. The pile appears to have increased in size.",text,1,2895,185,0,0.0001306,3543,
gemma-3-4b:min,bedrock,gemma-3-4b,min,evt-20260722_124619,766e75eb-6a4f-4d83-b537-ac59dea45165,tp,12,12,5,250.6,1,95,1,95,DUMPING,0,1,1,"In the final frame, a person is observed crouching and lifting a large white bag of waste towards the pile. This represents interaction with the pile area.",text,1,2895,193,0,0.00013124,3053,
gemma-3-4b:min,bedrock,gemma-3-4b,min,evt-20260722_124935,evt-20260722_124935,baseline,12,12,5,261.7,1,95,1,95,DUMPING,0,1,1,"In the final frame, a person is actively dumping waste from a cart onto the pile. In the initial frame, the pile is present, and in the final frame, new material is visible on the ground.",text,1,2895,216,0,0.00013308,3690,
gemma-3-4b:min,bedrock,gemma-3-4b,min,evt-20260722_130757,evt-20260722_130757,baseline,16,16,5,251.2,1,95,1,95,DUMPING,0,1,1,"In the last frame, a person is crouched near the pile, appearing to place an object on the ground. The pile appears to have grown slightly.",text,1,2895,184,0,0.00013052,4322,
gemma-3-4b:min,bedrock,gemma-3-4b,min,evt-20260722_133402,evt-20260722_133402,baseline,6,6,5,257.3,1,95,0,0,DUMPING,0,1,0,"In the final frame, a person is observed walking toward the pile and appearing to drop an object near the curb. This represents interaction with the pile area.",text,1,2895,185,0,0.0001306,3395,
gemma-3-4b:min,bedrock,gemma-3-4b,min,evt-20260722_134507,evt-20260722_134507,baseline,9,9,5,253.7,1,95,1,95,DUMPING,0,1,1,"In the final frame, a person is walking towards the pile and appears to be dropping an object near the curb. The pile itself appears slightly larger in the last frame.",text,1,2895,188,0,0.00013084,3115,
gemma-3-4b:min,bedrock,gemma-3-4b,min,evt-20260722_131914,evt-20260722_131914,baseline,7,7,5,256.8,1,95,1,95,DUMPING,0,1,1,"In the final frame, a person is visible crouching near the pile and appears to be dropping an object onto the ground. The pile itself has visibly increased in size.",text,1,2895,187,0,0.00013076,4073,
gemma-3-4b:min,bedrock,gemma-3-4b,min,evt-20260722_140141,evt-20260722_140141,baseline,10,10,5,257.2,1,95,0,0,DUMPING,0,1,0,"In the final frame, a person is walking towards the pile and appears to be dropping an object near the curb. The pile itself remains largely unchanged.",text,1,2895,184,0,0.00013052,3432,
gemma-3-4b:g3,bedrock,gemma-3-4b,g3,evt-20260714_220153,88f4aa05-bb52-4af9-88a1-b7c4ad21630f,fp,27,27,5,258.4,1,95,1,95,DUMPING,0,1,1,"The waste pile has grown significantly between the first and last frames, and a person is observed unloading material from a vehicle onto the pile.",text,1,2826,235,0,0.00013184,3883,
gemma-3-4b:g3,bedrock,gemma-3-4b,g3,evt-20260715_073056,1fcd4f3e-dc8f-468a-8284-13dd6871d86f,fp,31,22,5,310.4,1,95,1,95,DUMPING,1,1,1,The pile has grown and a person is crouched down and appears to be adding material to the pile. The vehicle is stationary.,text,1,2826,237,0,0.000132,3658,
gemma-3-4b:g3,bedrock,gemma-3-4b,g3,evt-20260715_085108,2a7571b8-d7ed-4e92-94a6-97cc13f2d3f1,tp,18,18,5,293.3,1,95,1,95,DUMPING,1,1,1,"In the final frame, a person is crouching near the waste pile and appears to be adding material to it. The pile has visibly grown compared to the first frame.",text,1,2826,260,0,0.00013384,4100,
gemma-3-4b:g3,bedrock,gemma-3-4b,g3,evt-20260715_090236,364e7028-8796-4afb-8baa-867211e2c46e,indefinido,15,15,5,291.1,1,95,1,95,DUMPING,0,1,1,"The waste pile appears to have grown in the last frame, and a person is observed crouching near the pile, suggesting material deposition.",text,1,2826,256,0,0.00013352,4431,
gemma-3-4b:g3,bedrock,gemma-3-4b,g3,evt-20260715_090305,364e7028-8796-4afb-8baa-867211e2c46e,indefinido,24,24,5,291.6,1,95,1,95,DUMPING,0,1,1,"The waste pile has grown significantly between the first and last frames, and a person is observed crouching and carrying a bag of waste towards the pile, depositing it on the ground.",text,1,2826,292,0,0.0001364,4065,
gemma-3-4b:g3,bedrock,gemma-3-4b,g3,evt-20260715_104302,bae1b1c9-b5e4-403d-b776-c9bf1344ebb5,fp,39,24,5,283.3,1,95,1,95,DUMPING,0,1,1,"In the final frame, a person is crouching near the pile and appears to be adding material to it. The pile has visibly grown.",text,1,2826,260,0,0.00013384,3932,
gemma-3-4b:g3,bedrock,gemma-3-4b,g3,evt-20260715_111559,62c05db9-808b-4523-8dc1-0091bf3f4e29,indefinido,32,24,5,281.8,1,95,1,95,DUMPING,1,1,1,"The waste pile has grown significantly, and a person is observed unloading material from a green truck onto the pile. The truck is present in both frames.",text,1,2826,282,0,0.0001356,3964,
gemma-3-4b:g3,bedrock,gemma-3-4b,g3,evt-20260715_114547,19c03464-1bc3-40f9-a666-bb0597d36d87,indefinido,26,25,5,288.4,1,95,1,95,DUMPING,0,1,1,"In the final frame, a person is observed bending down and picking up a large piece of cardboard, which they are carrying towards the pile. The pile has visibly grown.",text,1,2826,245,0,0.00013264,3958,
gemma-3-4b:g3,bedrock,gemma-3-4b,g3,evt-20260715_120735,5785e3d6-f2ef-4ae5-ad0b-e3a6a8214c74,fp,31,25,5,287.9,1,95,1,95,DUMPING,1,1,1,The green truck is parked and a person is actively unloading material from the truck bed onto the existing waste pile. The pile visibly grows in the last frame.,text,1,2826,250,0,0.00013304,4392,
gemma-3-4b:g3,bedrock,gemma-3-4b,g3,evt-20260715_123608,9014a36e-7c1b-460a-8f3a-f07514937914,fp,17,17,5,281.2,1,95,1,95,DUMPING,0,1,1,"The waste pile has grown significantly between the first and last frames, and a person is observed crouching near the pile, appearing to add material. The truck is still present.",text,1,2826,249,0,0.00013296,3366,
gemini-3.1-flash-lite:min,gemini,gemini-3.1-flash-lite,min,evt-20260715_085108,2a7571b8-d7ed-4e92-94a6-97cc13f2d3f1,tp,18,18,5,293.3,1,100,1,100,DUMPING,1,1,1,"A white van is parked next to an existing waste pile. Two individuals are seen interacting with the vehicle and the pile area, actively unloading material from the van onto the ground.",native,1,6668,247,0,0.00101875,5062,
gemini-3.1-flash-lite:min,gemini,gemini-3.1-flash-lite,min,evt-20260714_220153,88f4aa05-bb52-4af9-88a1-b7c4ad21630f,fp,27,27,5,258.4,1,95,0,0,DUMPING,1,0,0,"A vehicle (motorcycle) is visible in the second frame, maneuvering near the curb and pile area before exiting the scene.",native,1,6668,201,724,0.00152725,6230,
gemma-3-4b:g3,bedrock,gemma-3-4b,g3,evt-20260715_125447,67dae9c1-1df3-400b-9742-ef02bd812c30,fp,52,25,5,278.8,1,95,1,95,DUMPING,0,1,1,"In the final frame, a person is crouched near the pile, appearing to add material. The pile has visibly grown compared to the initial frame.",text,1,2826,246,0,0.00013272,3244,
gemma-3-4b:g3,bedrock,gemma-3-4b,g3,evt-20260715_165230,3da2f5d5-808b-4f99-9ecb-6d3272e918c3,tp,85,26,5,270.4,1,95,1,95,DUMPING,1,1,1,"The pile has grown significantly between the first and last frames, and a person is observed unloading material from a vehicle near the pile.",text,1,2826,245,0,0.00013264,3785,
gemini-3.1-flash-lite:min,gemini,gemini-3.1-flash-lite,min,evt-20260715_090236,364e7028-8796-4afb-8baa-867211e2c46e,indefinido,15,15,5,291.1,1,95,0,0,DUMPING,0,1,0,"A person is observed walking through the scene and interacting with the pile area by carrying a bag, which is consistent with dumping behavior.",native,1,6668,216,0,0.0009955,2531,
gemma-3-4b:g3,bedrock,gemma-3-4b,g3,evt-20260715_165556,3da2f5d5-808b-4f99-9ecb-6d3272e918c3,tp,86,26,5,267.2,1,95,1,95,DUMPING,0,1,1,"In the final frame, a person is actively adding material to the existing waste pile. The pile appears to have grown significantly between the first and last frames.",text,1,2826,245,0,0.00013264,3950,
gemma-3-4b:g3,bedrock,gemma-3-4b,g3,evt-20260715_181251,21c0edc7-5cc2-4d43-874f-45bae153a088,tp,81,32,5,262.9,1,95,1,95,DUMPING,1,1,1,"In the initial frame, a large waste pile is present. In the final frame, a person is unloading material from a trailer onto the pile, significantly increasing its size. The trailer is parked near the pile.",text,1,2826,244,0,0.00013256,3150,
gemma-3-4b:g3,bedrock,gemma-3-4b,g3,evt-20260715_181023,21c0edc7-5cc2-4d43-874f-45bae153a088,tp,81,32,5,262.3,1,95,1,95,DUMPING,1,1,1,"In the final frame, a person is actively unloading material from a trailer onto the existing waste pile. The pile visibly grows, and a new trailer is present.",text,1,2826,226,0,0.00013112,3600,
gemini-3.1-flash-lite:min,gemini,gemini-3.1-flash-lite,min,evt-20260722_000031,evt-20260722_000031,baseline,9,9,5,178.3,0,95,0,95,TRAFFIC,0,0,0,A small animal (likely a cat) moves across the bottom of the frame near the existing waste pile. No human or vehicle interaction with the pile occurred.,native,1,6668,203,0,0.00098575,2521,
gemma-3-4b:g3,bedrock,gemma-3-4b,g3,evt-20260715_181611,21c0edc7-5cc2-4d43-874f-45bae153a088,tp,70,32,5,266.5,1,95,1,95,DUMPING,1,1,1,"In the final frame, a person is actively dumping material from a trailer onto the existing waste pile. The pile appears to have grown.",text,1,2826,239,0,0.00013216,3534,
gemma-3-4b:g3,bedrock,gemma-3-4b,g3,evt-20260715_191603,bc95bd66-efbb-4ede-8672-7b5459524a34,indefinido,20,20,5,292.6,1,95,1,95,DUMPING,1,1,1,"The pile appears to have grown between the first and last frame, and a person is observed crouching near the pile with a vehicle parked nearby, handling material.",text,1,2826,250,0,0.00013304,3739,
gemma-3-4b:g3,bedrock,gemma-3-4b,g3,evt-20260715_222047,839bee07-649b-427c-9168-ed534d3a67f0,tp,27,27,5,271.7,1,95,1,95,DUMPING,0,1,1,"In the last frame, a person is crouching near the pile and appears to be adding material to it. The pile has visibly grown.",text,1,2826,232,0,0.0001316,3390,
gemma-3-4b:g3,bedrock,gemma-3-4b,g3,evt-20260716_012139,56e59ca0-63ff-4cae-9f35-c10291ef1055,fp,106,30,5,270.2,1,95,1,95,DUMPING,0,1,1,"The waste pile has grown significantly between the first and last frames, and a person is observed crouching near the pile, appearing to add material.",text,1,2826,248,0,0.00013288,3435,
gemma-3-4b:g3,bedrock,gemma-3-4b,g3,evt-20260716_094309,05f711f0-da69-4d42-8318-39637baca2b4,fp,21,21,5,284.4,1,95,1,95,DUMPING,0,1,1,"In the final frame, a person is crouching down and appears to be adding material to the existing waste pile. The pile visibly grows between the first and last frame.",text,1,2826,255,0,0.00013344,4497,
gemma-3-4b:g3,bedrock,gemma-3-4b,g3,evt-20260716_123717,132e7692-e530-44e2-8d52-da564b5c61c8,fp,100,26,5,286.1,1,95,1,95,DUMPING,0,1,1,"In the final frame, a person is observed pushing a wheelbarrow filled with green vegetation towards the existing waste pile. The pile appears to have grown slightly.",text,1,2826,251,0,0.00013312,3929,
gemini-2.5-flash-lite:v1,gemini,gemini-2.5-flash-lite,v1,evt-20260715_085108,2a7571b8-d7ed-4e92-94a6-97cc13f2d3f1,tp,18,18,5,293.3,1,95,1,95,DUMPING,1,1,1,"A white van is stationary, and a person is actively depositing material on the ground near the vehicle. There is significant existing litter in the scene.",native,1,2016,231,735,0.000588,5689,
gemini-2.5-flash-lite:v1,gemini,gemini-2.5-flash-lite,v1,evt-20260714_220153,88f4aa05-bb52-4af9-88a1-b7c4ad21630f,fp,27,27,5,258.4,0,70,0,70,TRAFFIC,0,0,0,"A vehicle with headlights on is present in the scene, and a person is visible near it. The vehicle appears to be moving or stopped briefly. No active material deposition is observed.",native,1,2016,210,735,0.0005796,7053,
gemma-3-4b:g3,bedrock,gemma-3-4b,g3,evt-20260716_123920,132e7692-e530-44e2-8d52-da564b5c61c8,fp,91,26,5,288.5,1,95,1,95,DUMPING,0,1,1,"In the final frame, a person is actively unloading green vegetation from a wheelbarrow directly onto the existing waste pile. The pile appears to have grown.",text,1,2826,219,0,0.00013056,3556,
gemma-3-4b:g3,bedrock,gemma-3-4b,g3,evt-20260716_152303,caebb65d-f99b-469f-9067-208285e527df,fp,86,24,5,331.9,1,95,1,95,DUMPING,0,1,1,"In the final frame, a person is actively dumping material from a cart onto the existing waste pile. The pile visibly grows.",text,1,2826,237,0,0.000132,2946,
gemma-3-4b:g3,bedrock,gemma-3-4b,g3,evt-20260716_151227,caebb65d-f99b-469f-9067-208285e527df,fp,76,24,5,331.2,1,95,1,95,DUMPING,0,1,1,"The waste pile has grown significantly between the first and last frames, and a person is observed bending down and depositing material onto the ground near the pile.",text,1,2826,220,0,0.00013064,3971,
gemma-3-4b:g3,bedrock,gemma-3-4b,g3,evt-20260716_161144,caebb65d-f99b-469f-9067-208285e527df,fp,80,25,5,311.6,1,95,1,95,DUMPING,0,1,1,"The pile has grown significantly between the first and last frames, and a person is actively handling material near the pile, suggesting illegal dumping.",text,1,2826,218,0,0.00013048,3202,
gemma-3-4b:g3,bedrock,gemma-3-4b,g3,evt-20260716_153511,caebb65d-f99b-469f-9067-208285e527df,fp,89,24,5,326.2,1,95,1,95,DUMPING,0,1,1,"In the final frame, a person is actively dumping waste from a cart onto the ground pile, which has visibly grown. The person is bending down to place items into the pile.",text,1,2826,229,0,0.00013136,4602,
gemma-3-4b:g3,bedrock,gemma-3-4b,g3,evt-20260716_165803,ed0b1eb9-3439-4848-8a93-38e309715839,fp,81,27,5,276.3,1,95,1,95,DUMPING,0,1,1,"In the final frame, a person is actively adding material to the existing waste pile. The pile appears to have grown significantly.",text,1,2826,236,0,0.00013192,3112,
gemma-3-4b:g3,bedrock,gemma-3-4b,g3,evt-20260716_170433,ed0b1eb9-3439-4848-8a93-38e309715839,fp,72,27,5,275.3,1,95,1,95,DUMPING,1,1,1,"In the final frame, a person is crouching near the waste pile, and the pile has visibly grown. A vehicle is parked nearby.",text,1,2826,220,0,0.00013064,4283,
gemini-2.5-flash-lite:v1,gemini,gemini-2.5-flash-lite,v1,evt-20260722_000031,evt-20260722_000031,baseline,9,9,5,178.3,0,0,0,0,EMPTY,0,0,0,The scene shows a large area covered in debris and waste. No vehicles or clear signs of active material dumping by people were observed between the initial and final frames.,native,1,2016,198,713,0.000566,6093,
gemma-3-4b:g3,bedrock,gemma-3-4b,g3,evt-20260716_183233,eea58cf7-35b4-4d76-8211-af741571e5bd,fp,108,44,5,204.6,1,95,1,95,DUMPING,0,1,1,"The waste pile has grown significantly between the first and last frames, and a person is observed crouching and handling material near the pile in the last frame.",text,1,2826,222,0,0.0001308,3060,
gemma-3-4b:g3,bedrock,gemma-3-4b,g3,evt-20260716_170619,9107890c-7b08-43bf-849c-7de1abccef6a,tp,84,27,5,280.1,1,95,1,95,DUMPING,1,1,1,"In the final frame, a person is actively loading materials onto a cart positioned near the existing waste pile. The pile has visibly grown, and new cardboard boxes are present.",text,1,2826,227,0,0.0001312,5530,
gemma-3-4b:g3,bedrock,gemma-3-4b,g3,evt-20260716_175905,f3c41d66-5fcb-444f-adb1-9001a21bb359,fp,107,46,5,206.8,1,95,1,95,DUMPING,0,1,1,"The pile has grown significantly between the first and last frames, and a person is actively moving material towards and depositing it onto the pile.",text,1,2826,225,0,0.00013104,3370,
gemma-3-4b:g3,bedrock,gemma-3-4b,g3,evt-20260716_170823,9107890c-7b08-43bf-849c-7de1abccef6a,tp,91,27,5,278.3,1,95,1,95,DUMPING,0,1,1,"In the final frame, a person is observed crouching near the waste pile, adding material to it. The pile appears to have grown significantly compared to the initial frame.",text,1,2826,240,0,0.00013224,3991,
gemini-2.5-flash-lite:v1,gemini,gemini-2.5-flash-lite,v1,evt-20260715_090236,364e7028-8796-4afb-8baa-867211e2c46e,indefinido,15,15,5,291.1,1,95,1,95,DUMPING,1,1,1,"A person is observed near a stationary black car, appearing to deposit material on the ground in a heavily littered area. A white car also appears in the scene.",native,1,2016,232,714,0.00058,7048,
gemma-3-4b:g3,bedrock,gemma-3-4b,g3,evt-20260717_131804,781cd838-85f9-493f-83ad-45c55a6b3d89,fp,53,27,5,278.5,1,95,1,95,DUMPING,0,1,1,"The pile appears to have grown between the first and last frame, and a person is observed actively adding material to the pile.",text,1,2826,235,0,0.00013184,3953,
gemma-3-4b:g3,bedrock,gemma-3-4b,g3,evt-20260717_163625,4620bce5-7d28-47e9-9e4b-4bb40c3cc92b,tp,54,26,5,282.5,1,95,1,95,DUMPING,1,1,1,"The pile has grown significantly between the first and last frames, and a person is observed unloading material from a truck onto the pile.",text,1,2826,262,0,0.000134,2997,
gemma-3-4b:g3,bedrock,gemma-3-4b,g3,evt-20260717_170115,561d3021-99f3-4731-8727-1773c20e0e83,tp,91,26,5,296.3,1,95,1,95,DUMPING,0,1,1,"In the final frame, a man is actively dumping material from a white bag onto the existing waste pile. The pile visibly grows.",text,1,2826,223,0,0.00013088,3456,
gemma-3-4b:g3,bedrock,gemma-3-4b,g3,evt-20260717_154354,99a55c6f-36a5-4a6a-b0f1-c2eb848dc9b9,fp,33,26,5,282.8,1,95,1,95,DUMPING,0,1,1,"In the final frame, a person is observed crouching near the pile and carrying a bag, depositing it onto the ground. The pile appears to have grown.",text,1,2826,267,0,0.0001344,3980,
gemma-3-4b:g3,bedrock,gemma-3-4b,g3,evt-20260717_163744,4620bce5-7d28-47e9-9e4b-4bb40c3cc92b,tp,72,26,5,289.9,1,95,1,95,DUMPING,1,1,1,"In the final frame, municipal workers are unloading waste from a vehicle directly onto the existing pile. The pile visibly increases in size.",text,1,2826,268,0,0.00013448,4089,
gemma-3-4b:g3,bedrock,gemma-3-4b,g3,evt-20260717_171512,78663961-ee5c-45a7-966f-ec34b748dc65,fp,86,26,5,299.8,1,95,1,95,DUMPING,0,1,1,"In the final frame, a man is actively moving a large white bag of waste from the pile to the ground. The pile appears to have grown slightly.",text,1,2826,225,0,0.00013104,3481,
gemma-3-4b:g3,bedrock,gemma-3-4b,g3,evt-20260717_170823,561d3021-99f3-4731-8727-1773c20e0e83,tp,101,26,5,299.8,1,95,1,95,DUMPING,0,1,1,"In the final frame, a man is actively dumping material from a large white bag onto the existing waste pile. The pile visibly grows.",text,1,2826,246,0,0.00013272,4538,
gemma-3-4b:g3,bedrock,gemma-3-4b,g3,evt-20260717_173848,9865cc4c-2ddd-47bb-b32f-0a82a15a3644,tp,80,32,5,267.5,1,95,1,95,DUMPING,1,1,1,"The waste pile has grown significantly between the first and last frames. A white SUV is stopped, and a person is actively unloading material from the vehicle into the pile.",text,1,2826,257,0,0.0001336,3259,
gemma-3-4b:g3,bedrock,gemma-3-4b,g3,evt-20260717_201306,9a4aef17-b231-46a4-ada9-497e77007fec,fp,62,44,5,235.4,1,95,1,95,DUMPING,0,1,1,"The waste pile is significantly larger in the last frame compared to the first, and a person is actively moving material towards the pile.  The presence of municipal workers suggests an ongoing dumping event.",text,1,2826,225,0,0.00013104,3341,
gemma-3-4b:g3,bedrock,gemma-3-4b,g3,evt-20260717_180936,1d04290a-962c-497e-8f0c-a2816ac7be5a,tp,66,45,5,220.0,1,95,1,95,DUMPING,0,1,1,"The pile has grown significantly between the first and last frames, and a person is observed crouching and handling material near the pile.",text,1,2826,225,0,0.00013104,4015,
gemma-3-4b:g3,bedrock,gemma-3-4b,g3,evt-20260718_074821,635f7de2-0919-4366-8255-d40fcfa791ae,fp,16,16,5,306.6,1,95,1,95,DUMPING,0,1,1,"In the final frame, a person is crouching near the pile, appearing to add material. The pile has visibly grown compared to the initial frame.",text,1,2826,254,0,0.00013336,3569,
gemma-3-4b:g3,bedrock,gemma-3-4b,g3,evt-20260718_115346,015a7bc3-dec0-431c-bf06-3bc5a52f4b1b,tp,32,32,5,269.5,1,95,1,95,DUMPING,1,1,1,"In the final frame, a man is seen carrying a large piece of wood and placing it on the existing waste pile. The pile visibly grows, indicating illegal dumping.",text,1,2826,244,0,0.00013256,3250,
gemma-3-4b:g3,bedrock,gemma-3-4b,g3,evt-20260718_074618,635f7de2-0919-4366-8255-d40fcfa791ae,fp,100,24,5,306.6,1,95,1,95,DUMPING,0,1,1,"The waste pile has grown significantly between the first and last frames, and a person is observed crouching and adding material to the pile.",text,1,2826,252,0,0.0001332,4366,
gemma-3-4b:g3,bedrock,gemma-3-4b,g3,evt-20260718_074955,635f7de2-0919-4366-8255-d40fcfa791ae,fp,94,24,5,303.8,1,95,1,95,DUMPING,0,1,1,"In the final frame, a woman is observed carrying a white plastic bag and depositing it onto the existing waste pile. The pile appears to have grown slightly.",text,1,2826,256,0,0.00013352,4179,
gemma-3-4b:g3,bedrock,gemma-3-4b,g3,evt-20260718_120030,015a7bc3-dec0-431c-bf06-3bc5a52f4b1b,tp,18,18,5,268.5,1,95,1,95,DUMPING,0,1,1,"The pile appears to have grown between the first and last frame, and a person is observed crouching and placing a white bag onto the pile.",text,1,2826,265,0,0.00013424,4184,
gemma-3-4b:g3,bedrock,gemma-3-4b,g3,evt-20260718_190242,617caa9b-706d-4d0b-b597-8489b3cb5949,fp,22,22,5,197.7,1,95,1,95,DUMPING,0,1,1,"In the final frame, a person is observed crouching down and depositing a white bag of waste onto the existing pile. The pile appears to have grown slightly.",text,1,2826,226,0,0.00013112,3408,
gemma-3-4b:g3,bedrock,gemma-3-4b,g3,evt-20260718_212254,81624eeb-20f4-4805-ae4b-9ff61dc44463,tp,32,32,5,168.4,1,95,1,95,DUMPING,1,1,1,"In the final frame, two individuals are actively dumping a large white object onto the existing waste pile. The pile visibly expands, and one person is bending down to place the object.",text,1,2826,228,0,0.00013128,3396,
gemma-3-4b:g3,bedrock,gemma-3-4b,g3,evt-20260718_212040,81624eeb-20f4-4805-ae4b-9ff61dc44463,tp,32,32,5,172.3,1,95,1,95,DUMPING,1,1,1,"In the final frame, a vehicle is stopped with two individuals actively depositing waste material onto the existing pile. The pile visibly expands.",text,1,2826,232,0,0.0001316,3500,
gemma-3-4b:g3,bedrock,gemma-3-4b,g3,evt-20260718_214234,2ec16c89-23e2-43de-af31-a9f7022725c6,tp,32,32,5,170.2,1,95,1,95,DUMPING,0,1,1,"In the final frame, two individuals are observed crouching near the waste pile, one appears to be adding material to the pile. The pile has visibly grown.",text,1,2826,225,0,0.00013104,3467,
gemma-3-4b:g3,bedrock,gemma-3-4b,g3,evt-20260718_215920,8c88aeca-a902-4d39-b872-7c5cdd4cc592,tp,28,28,5,186.6,1,95,1,95,DUMPING,1,1,1,The pile has grown significantly between the first and last frames. A person is observed exiting a vehicle and depositing material directly onto the pile.,text,1,2826,227,0,0.0001312,3685,
gemma-3-4b:g3,bedrock,gemma-3-4b,g3,evt-20260718_220134,8c88aeca-a902-4d39-b872-7c5cdd4cc592,tp,8,8,5,177.0,1,95,1,95,DUMPING,1,1,1,"In the final frame, two individuals are unloading a white bag of waste from the open trunk of a silver vehicle onto the existing pile. The pile visibly expands.",text,1,2826,250,0,0.00013304,3372,
gemma-3-4b:g3,bedrock,gemma-3-4b,g3,evt-20260719_061410,1d022e1e-cc67-4054-8707-80efb834459c,indefinido,7,7,5,277.4,1,95,1,95,DUMPING,0,1,1,The pile appears to have grown between the first and last frame. A person is observed on a bicycle carrying a white bag and placing it on the ground near the existing waste pile.,text,1,2826,230,0,0.00013144,3071,
gemma-3-4b:g3,bedrock,gemma-3-4b,g3,evt-20260719_181200,50922e6c-4bb4-4906-83ae-89c8cffa6701,indefinido,17,17,5,168.6,1,95,1,95,DUMPING,0,1,1,"In the final frame, a person is observed holding a large object and depositing it onto the existing waste pile. The pile visibly expands.",text,1,2826,242,0,0.0001324,3404,
gemma-3-4b:g3,bedrock,gemma-3-4b,g3,evt-20260719_081140,280fa5be-76dc-430a-811f-8049b8cf42c1,indefinido,32,32,5,244.0,1,95,1,95,DUMPING,0,1,1,"The pile has grown significantly, and a person is actively depositing a large white bag of waste onto the ground. The person is bending down to place the bag.",text,1,2826,222,0,0.0001308,4011,
gemma-3-4b:g3,bedrock,gemma-3-4b,g3,evt-20260719_221320,003e3ccb-f28b-42ec-93c6-c9e939005417,fp,23,23,5,170.3,1,95,1,95,DUMPING,1,1,1,"The waste pile has grown significantly between the first and last frames, and a vehicle is stopped with a person appearing to unload material onto the pile.",text,1,2826,268,0,0.00013448,3653,
gemma-3-4b:g3,bedrock,gemma-3-4b,g3,evt-20260720_111909,3e066f19-76ff-42c6-86ad-5bd265b96a97,tp,32,32,5,246.4,1,95,1,95,DUMPING,1,1,1,"The waste pile has grown significantly between the first and last frames, and a person is observed unloading material from a trailer onto the pile.",text,1,2826,260,0,0.00013384,3175,
gemma-3-4b:g3,bedrock,gemma-3-4b,g3,evt-20260720_102349,b6b91f37-160f-42b0-9b7e-c63d499fa832,indefinido,32,32,5,245.9,1,95,1,95,DUMPING,1,1,1,"The waste pile has grown significantly between the first and last frames, and a black pickup truck is stopped with a person appearing to unload material onto the pile.",text,1,2826,249,0,0.00013296,4001,
gemma-3-4b:g3,bedrock,gemma-3-4b,g3,evt-20260720_112125,3e066f19-76ff-42c6-86ad-5bd265b96a97,tp,32,32,5,259.9,1,95,1,95,DUMPING,1,1,1,"In the final frame, a person is actively dumping material from a trailer onto the existing waste pile, while a vehicle is parked nearby. The pile visibly grows.",text,1,2826,240,0,0.00013224,4329,
gemma-3-4b:g3,bedrock,gemma-3-4b,g3,evt-20260720_112330,3e066f19-76ff-42c6-86ad-5bd265b96a97,tp,32,32,5,256.0,1,95,1,95,DUMPING,0,1,1,"In the final frame, a person is bending over and holding a plastic bag near the waste pile, suggesting material deposition. The pile appears larger than in the initial frame.",text,1,2826,224,0,0.00013096,4243,
gemma-3-4b:g3,bedrock,gemma-3-4b,g3,evt-20260720_112538,3e066f19-76ff-42c6-86ad-5bd265b96a97,tp,16,16,5,246.2,1,95,1,95,DUMPING,1,1,1,"In the final frame, a man is actively dumping waste from a green truck onto the existing pile. The pile visibly increases in size.",text,1,2826,265,0,0.00013424,3807,
gemma-3-4b:g3,bedrock,gemma-3-4b,g3,evt-20260720_153259,3fbe69f7-6460-4d36-a583-e613dcff98b4,tp,32,32,5,250.5,1,95,1,95,DUMPING,1,1,1,"In the final frame, two individuals are actively unloading tires from a trailer onto the existing waste pile. The pile visibly expands.",text,1,2826,237,0,0.000132,3187,
gemma-3-4b:g3,bedrock,gemma-3-4b,g3,evt-20260720_153503,3fbe69f7-6460-4d36-a583-e613dcff98b4,tp,32,32,5,255.1,1,95,1,95,DUMPING,0,1,1,"In the final frame, three individuals are actively dumping tires and other debris onto the existing waste pile. The pile visibly grows.",text,1,2826,214,0,0.00013016,3474,
gemma-3-4b:g3,bedrock,gemma-3-4b,g3,evt-20260720_182833,ebbf809c-5d5e-4149-a8ce-336b9b97252b,indefinido,23,23,5,179.3,1,95,1,95,DUMPING,0,1,1,"The waste pile appears to have grown between the first and last frame, and a person is observed crouching near the pile, seemingly depositing material.",text,1,2826,222,0,0.0001308,3904,
gemma-3-4b:g3,bedrock,gemma-3-4b,g3,evt-20260720_153841,3fbe69f7-6460-4d36-a583-e613dcff98b4,tp,31,31,5,251.5,1,95,1,95,DUMPING,0,1,1,"In the final frame, two individuals are actively unloading tires from a trailer onto the existing waste pile. The pile visibly expands.",text,1,2826,266,0,0.00013432,4432,
gemma-3-4b:g3,bedrock,gemma-3-4b,g3,evt-20260720_183437,ebbf809c-5d5e-4149-a8ce-336b9b97252b,indefinido,13,13,5,172.3,1,95,1,95,DUMPING,0,1,1,"In the final frame, a person is observed crouching near the waste pile, appearing to add material to it. The pile has visibly grown compared to the initial frame.",text,1,2826,246,0,0.00013272,3497,
gemma-3-4b:g3,bedrock,gemma-3-4b,g3,evt-20260720_193207,95947cb7-11a8-4662-be4e-ed7daec78d65,fp,22,22,5,170.2,1,95,1,95,DUMPING,1,1,1,"The pile is significantly larger in the last frame compared to the first, and a person is observed bending down and depositing material onto the pile from the vehicle.",text,1,2826,264,0,0.00013416,3709,
gemma-3-4b:g3,bedrock,gemma-3-4b,g3,evt-20260721_005751,a7e3011f-d68a-4d6d-a451-c7d1fac89f96,tp,32,32,5,188.3,1,95,1,95,DUMPING,0,1,1,"The waste pile has grown significantly between the first and last frames, and a person is crouching near the pile, appearing to add material. The pile is visibly larger and contains new items.",text,1,2826,254,0,0.00013336,3445,
gemma-3-4b:g3,bedrock,gemma-3-4b,g3,evt-20260721_083549,186b4b3a-025a-4d9c-9102-ce0517316da7,tp,6,6,5,249.0,1,95,1,95,DUMPING,1,1,1,"In the final frame, a person is observed unloading a large bag of waste from the vehicle's truck bed directly onto the existing pile. The pile visibly expands.",text,1,2826,269,0,0.00013456,2953,
gemma-3-4b:g3,bedrock,gemma-3-4b,g3,evt-20260721_073733,cdb6f7c6-f2d5-450d-aeff-81dbf8d059e1,fp,8,8,5,246.4,1,95,1,95,DUMPING,1,1,1,"The waste pile has grown significantly between the first and last frames, and a white truck is actively dumping material onto the pile. A person is visible near the truck unloading waste.",text,1,2826,248,0,0.00013288,4354,
gemma-3-4b:g3,bedrock,gemma-3-4b,g3,evt-20260721_083429,186b4b3a-025a-4d9c-9102-ce0517316da7,tp,17,17,5,247.0,1,95,1,95,DUMPING,1,1,1,"In the final frame, a person is actively unloading material from the open truck bed directly onto the existing waste pile. The pile visibly expands.",text,1,2826,242,0,0.0001324,4243,
gemma-3-4b:g3,bedrock,gemma-3-4b,g3,evt-20260721_083339,186b4b3a-025a-4d9c-9102-ce0517316da7,tp,13,13,5,245.9,1,95,1,95,DUMPING,1,1,1,"The waste pile appears to have grown between the first and last frames, and a person is observed crouching and handling material near the vehicle, suggesting illegal dumping.",text,1,2826,225,0,0.00013104,4642,
gemma-3-4b:g3,bedrock,gemma-3-4b,g3,evt-20260721_104317,f7974b62-c4a4-493a-a861-44c901b9033d,indefinido,19,19,5,270.2,1,95,1,95,DUMPING,1,1,1,"The red truck is parked, and a person is actively unloading waste from the truck bed onto the existing pile. The pile visibly grows in the last frame.",text,1,2826,231,0,0.00013152,3593,
gemma-3-4b:g3,bedrock,gemma-3-4b,g3,evt-20260721_104455,f7974b62-c4a4-493a-a861-44c901b9033d,indefinido,32,32,5,270.9,1,95,1,95,DUMPING,1,1,1,The red truck is stopped and a person is carrying a stick and appears to be moving waste from the pile to the truck bed. The pile visibly grows in the last frame.,text,1,2826,281,0,0.00013552,4119,
gemma-3-4b:g3,bedrock,gemma-3-4b,g3,evt-20260721_104915,f7974b62-c4a4-493a-a861-44c901b9033d,indefinido,22,22,5,275.8,1,95,1,95,DUMPING,1,1,1,The red truck is parked and a worker is unloading waste from the truck bed onto the existing pile. The pile visibly grows in the last frame.,text,1,2826,224,0,0.00013096,3991,
gemma-3-4b:g3,bedrock,gemma-3-4b,g3,evt-20260722_000031,evt-20260722_000031,baseline,9,9,5,178.3,1,95,1,95,DUMPING,0,1,1,"The waste pile appears to have grown between the first and last frames, with a person crouching near the pile in the last frame, suggesting material deposition.",text,1,2826,228,0,0.00013128,3607,
gemma-3-4b:g3,bedrock,gemma-3-4b,g3,evt-20260721_125408,871e3cdd-f2c1-45db-a22c-d09748310639,indefinido,10,10,5,245.7,1,95,1,95,DUMPING,1,1,1,"In the final frame, a person is observed near the waste pile, and the pile appears to have grown, indicating illegal dumping activity.",text,1,2826,224,0,0.00013096,4074,
gemma-3-4b:g3,bedrock,gemma-3-4b,g3,evt-20260721_161751,168c6958-45e6-4f0d-a8bf-2c24672e1e64,fp,11,11,5,240.3,1,95,1,95,DUMPING,0,1,1,"In the first frame, a large pile of waste is visible. In the last frame, a person is seen crouching down and placing a bag of waste onto the pile, increasing its size. The person is holding a bag.",text,1,2826,274,0,0.00013496,4520,
gemma-3-4b:g3,bedrock,gemma-3-4b,g3,evt-20260722_005727,evt-20260722_005727,baseline,32,32,5,142.7,1,95,1,95,DUMPING,0,1,1,"The waste pile appears to have grown in the last frame, and a person is visible crouching near the pile, suggesting material deposition.",text,1,2826,217,0,0.0001304,3403,
gemma-3-4b:g3,bedrock,gemma-3-4b,g3,evt-20260722_011328,evt-20260722_011328,baseline,6,6,5,194.0,1,95,1,95,DUMPING,0,1,1,"The waste pile appears to have grown between the first and last frames, and a person is observed crouching and depositing material onto the pile.",text,1,2826,215,0,0.00013024,3558,
gemma-3-4b:g3,bedrock,gemma-3-4b,g3,evt-20260722_023152,evt-20260722_023152,baseline,7,7,5,197.5,1,95,1,95,DUMPING,0,1,1,"The waste pile has visibly grown between the first and last frames, and a person is crouching near the pile in the last frame, suggesting material deposition.",text,1,2826,228,0,0.00013128,3648,
gemma-3-4b:g3,bedrock,gemma-3-4b,g3,evt-20260722_013921,evt-20260722_013921,baseline,17,17,5,196.7,1,95,1,95,DUMPING,0,1,1,"The waste pile has grown significantly between the first and last frames, and a person is visible crouching near the pile in the last frame, suggesting material deposition.",text,1,2826,218,0,0.00013048,4022,
gemma-3-4b:g3,bedrock,gemma-3-4b,g3,evt-20260722_040321,evt-20260722_040321,baseline,6,6,5,200.9,1,95,1,95,DUMPING,0,1,1,"The waste pile appears to have grown between the first and last frame, and a person is observed crouching near the pile in the last frame, suggesting material deposition.",text,1,2826,225,0,0.00013104,3338,
gemma-3-4b:g3,bedrock,gemma-3-4b,g3,evt-20260722_051621,evt-20260722_051621,baseline,8,8,5,250.6,1,95,1,95,DUMPING,0,1,1,"In the final frame, a person on a bicycle is observed stopping near the waste pile and depositing a bag of trash onto the ground. The pile appears to have grown slightly.",text,1,2826,241,0,0.00013232,4218,
gemma-3-4b:g3,bedrock,gemma-3-4b,g3,evt-20260722_055939,evt-20260722_055939,baseline,32,32,5,261.3,1,95,1,95,DUMPING,0,1,1,"The pile appears to have grown between the first and last frames, with a person bending down near the pile in the last frame, suggesting material deposition.",text,1,2826,220,0,0.00013064,3872,
gemma-3-4b:g3,bedrock,gemma-3-4b,g3,evt-20260722_061645,evt-20260722_061645,baseline,6,6,5,270.5,1,95,1,95,DUMPING,0,1,1,"The waste pile has grown noticeably between the first and last frames, and a person is observed crouching near the pile in the last frame, suggesting material deposition.",text,1,2826,223,0,0.00013088,3534,
gemma-3-4b:g3,bedrock,gemma-3-4b,g3,evt-20260722_064704,evt-20260722_064704,baseline,7,7,5,255.1,1,95,1,95,DUMPING,0,1,1,"In the final frame, a person is observed stopping near the waste pile and appears to be adding material to it, as the pile has visibly grown.",text,1,2826,223,0,0.00013088,3748,
gemma-3-4b:g3,bedrock,gemma-3-4b,g3,evt-20260722_062940,evt-20260722_062940,baseline,13,13,5,253.8,1,95,1,95,DUMPING,0,1,1,"The waste pile appears to have grown between the first and last frames, and a person is crouching near the pile in the last frame, suggesting material deposition.",text,1,2826,220,0,0.00013064,4029,
gemma-3-4b:g3,bedrock,gemma-3-4b,g3,evt-20260722_073357,evt-20260722_073357,baseline,16,16,5,262.5,1,95,1,95,DUMPING,0,1,1,"The waste pile appears to have grown between the first and last frames, and a person is observed bending down near the pile, suggesting material deposition.",text,1,2826,221,0,0.00013072,3159,
gemma-3-4b:g3,bedrock,gemma-3-4b,g3,evt-20260722_071823,evt-20260722_071823,baseline,12,12,5,255.6,1,95,1,95,DUMPING,0,1,1,"In the final frame, a woman is observed carrying a bag and placing it on the existing waste pile. The pile appears to have grown slightly.",text,1,2826,229,0,0.00013136,3910,
gemma-3-4b:g3,bedrock,gemma-3-4b,g3,evt-20260722_070638,evt-20260722_070638,baseline,7,7,5,253.9,1,95,1,95,DUMPING,0,1,1,"The waste pile appears to have grown between the first and last frames, with a person bending down near the pile in the last frame, suggesting material deposition.",text,1,2826,249,0,0.00013296,4370,
gemma-3-4b:g3,bedrock,gemma-3-4b,g3,evt-20260722_074923,evt-20260722_074923,baseline,6,6,5,264.4,1,95,1,95,DUMPING,0,1,1,"In the final frame, a man is walking towards the pile and appears to be depositing material onto the ground. The pile has visibly grown.",text,1,2826,228,0,0.00013128,4078,
gemma-3-4b:g3,bedrock,gemma-3-4b,g3,evt-20260722_080057,evt-20260722_080057,baseline,8,8,5,255.2,1,95,1,95,DUMPING,0,1,1,"The waste pile appears to have grown between the first and last frames, and a person is visible crouching near the pile in the last frame, suggesting material deposition.",text,1,2826,266,0,0.00013432,4702,
gemma-3-4b:g3,bedrock,gemma-3-4b,g3,evt-20260722_081207,evt-20260722_081207,baseline,19,19,5,267.6,1,95,1,95,DUMPING,1,1,1,"The waste pile appears to have grown in the last frame, and a red truck is now parked near the pile with a person unloading materials. This indicates illegal dumping activity.",text,1,2826,271,0,0.00013472,3667,
gemma-3-4b:g3,bedrock,gemma-3-4b,g3,evt-20260722_082852,evt-20260722_082852,baseline,7,7,5,270.2,1,95,1,95,DUMPING,0,1,1,"The pile appears to have grown between the first and last frames, and a person is observed crouching near the pile in the last frame, suggesting material deposition.",text,1,2826,232,0,0.0001316,3322,
gemma-3-4b:g3,bedrock,gemma-3-4b,g3,evt-20260722_084147,evt-20260722_084147,baseline,8,8,5,260.6,1,95,1,95,DUMPING,0,1,1,"In the last frame, a person is observed crouching near the waste pile, appearing to add material to it. The pile has visibly grown.",text,1,2826,243,0,0.00013248,3890,
gemma-3-4b:g3,bedrock,gemma-3-4b,g3,evt-20260722_085748,evt-20260722_085748,baseline,15,15,5,255.7,1,95,1,95,DUMPING,0,1,1,"The waste pile appears to have grown between the first and last frame, and a person is observed crouching near the pile in the last frame, suggesting material deposition.",text,1,2826,269,0,0.00013456,4410,
gemma-3-4b:g3,bedrock,gemma-3-4b,g3,evt-20260722_091141,evt-20260722_091141,baseline,9,9,5,271.2,1,95,1,95,DUMPING,0,1,1,"In the initial frame, a man is walking across the scene. In the final frame, the same man is walking across the scene, but there is a new object (a dark colored bag) on the ground near the existing waste pile. The pile appears to have grown slightly.",text,1,2826,260,0,0.00013384,4512,
gemma-3-4b:g3,bedrock,gemma-3-4b,g3,evt-20260722_092651,evt-20260722_092651,baseline,11,11,5,269.4,1,95,1,95,DUMPING,1,1,1,"The waste pile has grown significantly between the first and last frames, and a bus is stopped with a person appearing to unload material near the pile.",text,1,2826,240,0,0.00013224,3753,
gemma-3-4b:g3,bedrock,gemma-3-4b,g3,evt-20260722_094347,evt-20260722_094347,baseline,10,10,5,270.2,1,95,1,95,DUMPING,0,1,1,"In the final frame, a person is observed crouching near the waste pile, suggesting interaction with the material. The pile appears to have grown, indicating potential dumping activity.",text,1,2826,252,0,0.0001332,3778,
gemma-3-4b:g3,bedrock,gemma-3-4b,g3,evt-20260722_094905,5dea8a54-bff5-44c8-91d8-72e4ffda296b,tp,32,32,5,272.5,1,95,1,95,DUMPING,0,1,1,"In the final frame, a person is actively unloading waste from a trailer onto the existing pile. The pile visibly expands.",text,1,2826,263,0,0.00013408,3771,
gemma-3-4b:g3,bedrock,gemma-3-4b,g3,evt-20260722_095851,evt-20260722_095851,baseline,32,32,5,259.2,1,95,1,95,DUMPING,1,1,1,"In the final frame, a person is crouching down and appears to be adding material to the existing waste pile. The pile has visibly grown.",text,1,2826,230,0,0.00013144,3857,
gemma-3-4b:g3,bedrock,gemma-3-4b,g3,evt-20260722_103645,evt-20260722_103645,baseline,21,21,5,256.5,1,95,1,95,DUMPING,0,1,1,"In the final frame, a person is crouched near the waste pile, appearing to add material. The pile has visibly grown compared to the initial frame.",text,1,2826,261,0,0.00013392,3663,
gemma-3-4b:g3,bedrock,gemma-3-4b,g3,evt-20260722_101619,evt-20260722_101619,baseline,32,32,5,254.6,1,95,1,95,DUMPING,0,1,1,"The pile appears to have grown between the first and last frames, and a person is observed crouching near the pile in the last frame, suggesting material deposition.",text,1,2826,214,0,0.00013016,4571,
gemma-3-4b:g3,bedrock,gemma-3-4b,g3,evt-20260722_104927,evt-20260722_104927,baseline,10,10,5,255.6,1,95,1,95,DUMPING,0,1,1,"In the final frame, a person is observed crouching near the waste pile, appearing to add material to it. The pile has visibly grown compared to the initial frame.",text,1,2826,238,0,0.00013208,4117,
gemma-3-4b:g3,bedrock,gemma-3-4b,g3,evt-20260722_110128,evt-20260722_110128,baseline,15,15,5,248.5,1,95,1,95,DUMPING,0,1,1,"The pile has grown significantly between the first and last frames, and a person is observed crouching near the pile in the final frame, suggesting material deposition.",text,1,2826,228,0,0.00013128,4063,
gemma-3-4b:g3,bedrock,gemma-3-4b,g3,evt-20260722_111451,evt-20260722_111451,baseline,10,10,5,253.6,1,95,1,95,DUMPING,1,1,1,"The waste pile has grown significantly between the first and last frames, and a vehicle is stopped with a person appearing to unload material onto the pile.",text,1,2826,256,0,0.00013352,3575,
gemma-3-4b:g3,bedrock,gemma-3-4b,g3,evt-20260722_112511,evt-20260722_112511,baseline,7,7,5,247.8,1,95,1,95,DUMPING,0,1,1,"The waste pile has grown significantly between the first and last frames, and a person is observed crouching near the pile, suggesting material deposition.",text,1,2826,228,0,0.00013128,3047,
gemma-3-4b:g3,bedrock,gemma-3-4b,g3,evt-20260722_114117,evt-20260722_114117,baseline,9,9,5,255.6,1,95,1,95,DUMPING,0,1,1,"In the final frame, a man is actively moving a large pile of waste towards a wheeled cart, indicating dumping activity. The pile appears to have grown slightly.",text,1,2826,266,0,0.00013432,3793,
gemma-3-4b:g3,bedrock,gemma-3-4b,g3,evt-20260722_115439,evt-20260722_115439,baseline,11,11,5,257.4,1,95,1,95,DUMPING,0,1,1,"The pile appears to have grown between the first and last frame, and a person is observed carrying a bag and depositing it onto the pile.",text,1,2826,236,0,0.00013192,4204,
gemma-3-4b:g3,bedrock,gemma-3-4b,g3,evt-20260722_115613,ba60b6fd-21dc-468d-9e7b-9271372f7ea2,fp,12,12,5,256.8,1,95,1,95,DUMPING,0,1,1,"The pile has grown significantly between the first and last frames, and a person is observed crouching and carrying a white bag to the pile, depositing its contents. The pile appears to have expanded.",text,1,2826,259,0,0.00013376,4089,
gemma-3-4b:g3,bedrock,gemma-3-4b,g3,evt-20260722_120856,dc0d4026-4cd8-4622-9e63-914f104275de,fp,32,32,5,261.6,1,95,1,95,DUMPING,0,1,1,"In the first frame, a person is carrying a bag of waste. In the last frame, the pile has grown, and the person is now depositing the contents of the bag onto the ground.",text,1,2826,243,0,0.00013248,3650,
gemma-3-4b:g3,bedrock,gemma-3-4b,g3,evt-20260722_121140,evt-20260722_121140,baseline,26,26,5,261.7,1,95,1,95,DUMPING,0,1,1,"The waste pile appears to have grown between the first and last frame, and a man is observed bending down and placing a bucket of waste onto the pile.",text,1,2826,233,0,0.00013168,3153,
gemma-3-4b:g3,bedrock,gemma-3-4b,g3,evt-20260722_122927,evt-20260722_122927,baseline,14,14,5,261.6,1,95,1,95,DUMPING,1,1,1,"In the final frame, a person is unloading a large bag of waste from a truck onto the existing pile. The pile visibly grows.",text,1,2826,198,0,0.00012888,3524,
gemma-3-4b:g3,bedrock,gemma-3-4b,g3,evt-20260722_130757,evt-20260722_130757,baseline,16,16,5,251.2,1,95,1,95,DUMPING,1,1,1,"In the final frame, a person is crouching near the waste pile, appearing to add material to it. The pile has visibly grown compared to the first frame.",text,1,2826,217,0,0.0001304,2866,
gemma-3-4b:g3,bedrock,gemma-3-4b,g3,evt-20260722_124619,766e75eb-6a4f-4d83-b537-ac59dea45165,tp,12,12,5,250.6,1,95,1,95,DUMPING,0,1,1,"In the final frame, a person is actively bending down and placing a white bag of waste onto the existing pile. The pile visibly increases in size.",text,1,2826,223,0,0.00013088,3861,
gemma-3-4b:g3,bedrock,gemma-3-4b,g3,evt-20260722_124935,evt-20260722_124935,baseline,12,12,5,261.7,1,95,1,95,DUMPING,0,1,1,"In the final frame, a person is actively dumping waste from a orange container onto the ground near the existing pile. The pile appears to have grown.",text,1,2826,224,0,0.00013096,3733,
gemma-3-4b:g3,bedrock,gemma-3-4b,g3,evt-20260722_131914,evt-20260722_131914,baseline,7,7,5,256.8,1,95,1,95,DUMPING,0,1,1,"The waste pile appears to have grown between the first and last frames, with a person bending down near the pile in the last frame, suggesting material deposition.",text,1,2826,234,0,0.00013176,3852,
gemma-3-4b:g3,bedrock,gemma-3-4b,g3,evt-20260722_133402,evt-20260722_133402,baseline,6,6,5,257.3,1,95,1,95,DUMPING,0,1,1,The waste pile appears to have grown between the first and last frames. A person is observed crouching and handling material near the pile in the last frame.,text,1,2826,252,0,0.0001332,4065,
gemma-3-4b:g3,bedrock,gemma-3-4b,g3,evt-20260722_140141,evt-20260722_140141,baseline,10,10,5,257.2,1,95,1,95,DUMPING,0,1,1,"In the final frame, a person is walking towards the pile and appears to be depositing material onto the ground. The pile has visibly grown.",text,1,2826,240,0,0.00013224,4037,
gemma-3-4b:g3,bedrock,gemma-3-4b,g3,evt-20260722_134507,evt-20260722_134507,baseline,9,9,5,253.7,1,95,1,95,DUMPING,0,1,1,"The waste pile appears to have grown between the first and last frames, and a person is observed crouching near the pile in the last frame, suggesting material deposition.",text,1,2826,231,0,0.00013152,4279,
gemma-3-12b:min,bedrock,gemma-3-12b,min,evt-20260715_073056,1fcd4f3e-dc8f-468a-8284-13dd6871d86f,fp,31,22,5,310.4,1,95,0,0,DUMPING,0,0,0,A person is seen walking towards and then away from the pile of waste between frames 1 and 5.,text,1,2895,189,0,0.00031536,3750,
gemma-3-12b:min,bedrock,gemma-3-12b,min,evt-20260715_090305,364e7028-8796-4afb-8baa-867211e2c46e,indefinido,24,24,5,291.6,1,95,1,95,DUMPING,1,1,1,"A white vehicle is parked near the pile. A person is seen walking towards the pile carrying a bag, and then walking away. The pile appears to have increased in size.",text,1,2895,258,0,0.00033537,4008,
gemma-3-12b:min,bedrock,gemma-3-12b,min,evt-20260715_111559,62c05db9-808b-4523-8dc1-0091bf3f4e29,indefinido,32,24,5,281.8,1,95,1,95,DUMPING,1,1,0,"A person wearing a yellow shirt is walking towards the pile area, and a green truck is parked beside it.",text,1,2895,218,0,0.00032377,3375,
gemma-3-12b:min,bedrock,gemma-3-12b,min,evt-20260715_104302,bae1b1c9-b5e4-403d-b776-c9bf1344ebb5,fp,39,24,5,283.3,1,95,1,95,DUMPING,1,1,1,A person on a motorcycle stopped near the pile and appears to be depositing material. A person is also seen walking towards the pile in the later frames.,text,1,2895,230,0,0.00032725,6334,
gemma-3-12b:min,bedrock,gemma-3-12b,min,evt-20260715_114547,19c03464-1bc3-40f9-a666-bb0597d36d87,indefinido,26,25,5,288.4,1,95,1,95,DUMPING,1,1,1,A green truck is parked near the pile. A person is seen carrying an object and placing it near the pile in the final frame.,text,1,2895,224,0,0.00032551,4836,
gemma-3-12b:min,bedrock,gemma-3-12b,min,evt-20260715_123608,9014a36e-7c1b-460a-8f3a-f07514937914,fp,17,17,5,281.2,1,95,1,95,DUMPING,1,1,1,A person is seen walking towards the pile and appears to be depositing material. A green truck is parked near the pile.,text,1,2895,225,0,0.0003258,5303,
gemma-3-12b:min,bedrock,gemma-3-12b,min,evt-20260715_125447,67dae9c1-1df3-400b-9742-ef02bd812c30,fp,52,25,5,278.8,1,95,0,0,DUMPING,1,0,0,A dark vehicle is parked near the pile. A person is walking towards the pile in the first frame and is near the pile in the last frame.,text,1,2895,214,0,0.00032261,3666,
gemma-3-12b:min,bedrock,gemma-3-12b,min,evt-20260715_165556,3da2f5d5-808b-4f99-9ecb-6d3272e918c3,tp,86,26,5,267.2,1,95,1,95,DUMPING,1,1,1,A black vehicle is parked near the pile. A person is seen handling material and placing it near the existing waste pile. A bicycle also passes through the scene.,text,1,2895,241,0,0.00033044,4718,
gemma-3-12b:min,bedrock,gemma-3-12b,min,evt-20260715_120735,5785e3d6-f2ef-4ae5-ad0b-e3a6a8214c74,fp,31,25,5,287.9,1,95,0,0,DUMPING,1,0,0,A green truck is parked near the existing pile. A person in a yellow shirt is walking towards the pile in the second frame and appears to be near the pile in the final frame.,text,1,2895,215,0,0.0003229,9618,
gemma-3-12b:min,bedrock,gemma-3-12b,min,evt-20260715_181251,21c0edc7-5cc2-4d43-874f-45bae153a088,tp,81,32,5,262.9,1,95,1,95,DUMPING,1,1,1,A blue cart with a person inside is parked near the pile. A person is actively unloading material from the cart onto the existing pile.,text,1,2895,235,0,0.0003287,3794,
gemma-3-12b:min,bedrock,gemma-3-12b,min,evt-20260715_181023,21c0edc7-5cc2-4d43-874f-45bae153a088,tp,81,32,5,262.3,1,95,1,95,DUMPING,1,1,1,"Two individuals are moving material from a blue cart towards the existing pile. A dark vehicle is parked nearby, and a dog is present in the area.",text,1,2895,221,0,0.00032464,5275,
gemma-3-12b:min,bedrock,gemma-3-12b,min,evt-20260715_191603,bc95bd66-efbb-4ede-8672-7b5459524a34,indefinido,20,20,5,292.6,1,95,0,0,DUMPING,1,0,0,A dark-colored car stopped near the pile and a person walked toward the pile in the last frame.,text,1,2895,211,0,0.00032174,4098,
gemma-3-12b:min,bedrock,gemma-3-12b,min,evt-20260715_222047,839bee07-649b-427c-9168-ed534d3a67f0,tp,27,27,5,271.7,1,95,1,95,DUMPING,0,1,1,"A person is seen near the pile in the first frame, and appears to be placing material onto the pile in the last frame. The pile appears larger in the last frame.",text,1,2895,207,0,0.00032058,3445,
gemma-3-12b:min,bedrock,gemma-3-12b,min,evt-20260715_165230,3da2f5d5-808b-4f99-9ecb-6d3272e918c3,tp,85,26,5,270.4,1,95,0,0,DUMPING,1,0,0,A black SUV stopped near the pile and several people approached the area. A white van also arrived and parked nearby.,text,1,2895,207,0,0.00032058,10531,
gemma-3-12b:min,bedrock,gemma-3-12b,min,evt-20260716_012139,56e59ca0-63ff-4cae-9f35-c10291ef1055,fp,106,30,5,270.2,1,95,0,0,DUMPING,0,0,1,"An orange wheelbarrow appears in the scene between the first and last frame, positioned near the existing waste pile.",text,1,2895,202,0,0.00031913,5271,
gemma-3-12b:min,bedrock,gemma-3-12b,min,evt-20260716_094309,05f711f0-da69-4d42-8318-39637baca2b4,fp,21,21,5,284.4,1,95,0,0,DUMPING,0,1,0,A person is walking towards the pile and appears to be placing something on the ground near the existing waste.,text,1,2895,209,0,0.00032116,3936,
gemma-3-12b:min,bedrock,gemma-3-12b,min,evt-20260715_181611,21c0edc7-5cc2-4d43-874f-45bae153a088,tp,70,32,5,266.5,1,95,1,95,DUMPING,1,1,1,A vehicle with a trailer is parked near the existing pile. A person is unloading material from the trailer onto the pile.,text,1,2895,223,0,0.00032522,8728,
gemma-3-12b:min,bedrock,gemma-3-12b,min,evt-20260716_123717,132e7692-e530-44e2-8d52-da564b5c61c8,fp,100,26,5,286.1,1,95,0,0,DUMPING,0,1,0,A person is pushing a cart with vegetation towards the existing pile. The person appears to be depositing the vegetation near the pile.,text,1,2895,228,0,0.00032667,4159,
gemma-3-12b:min,bedrock,gemma-3-12b,min,evt-20260716_151227,caebb65d-f99b-469f-9067-208285e527df,fp,76,24,5,331.2,1,95,1,95,DUMPING,1,1,1,A man is seen approaching the pile and appears to be handling material near a large orange cart. The pile appears to have grown in size between the first and last frame.,text,1,2895,254,0,0.00033421,4682,
gemma-3-12b:min,bedrock,gemma-3-12b,min,evt-20260716_152303,caebb65d-f99b-469f-9067-208285e527df,fp,86,24,5,331.9,1,95,1,95,DUMPING,1,1,1,A man in a red shirt is moving material from a bright orange cart to the existing pile. The cart appears to be stationary throughout the sequence.,text,1,2895,237,0,0.00032928,4411,
gemma-3-12b:min,bedrock,gemma-3-12b,min,evt-20260716_123920,132e7692-e530-44e2-8d52-da564b5c61c8,fp,91,26,5,288.5,1,95,1,95,DUMPING,0,1,1,"A person is pushing a wheelbarrow full of green vegetation near the existing waste pile in the first frame. In the last frame, the person is walking away and the vegetation has been deposited near the pile.",text,1,2895,244,0,0.00033131,7754,
gemma-3-12b:min,bedrock,gemma-3-12b,min,evt-20260716_153511,caebb65d-f99b-469f-9067-208285e527df,fp,89,24,5,326.2,1,95,1,95,DUMPING,0,1,1,A person is seen bending over the pile and appears to be moving material. The pile's shape and contents have changed between the first and last frame.,text,1,2895,236,0,0.00032899,6285,
gemma-3-12b:min,bedrock,gemma-3-12b,min,evt-20260716_161144,caebb65d-f99b-469f-9067-208285e527df,fp,80,25,5,311.6,1,95,1,95,DUMPING,0,1,1,"Two individuals are present near the pile in the final frames. One individual is handling material from a cart, and the other is walking away. The pile appears larger in the final frame.",text,1,2895,242,0,0.00033073,6838,
gemma-3-12b:min,bedrock,gemma-3-12b,min,evt-20260716_165803,ed0b1eb9-3439-4848-8a93-38e309715839,fp,81,27,5,276.3,1,95,1,95,DUMPING,1,1,1,A white van is parked near the waste pile. A person is actively moving and placing material from a bag into the pile.,text,1,2895,222,0,0.00032493,5317,
gemma-3-12b:min,bedrock,gemma-3-12b,min,evt-20260716_170619,9107890c-7b08-43bf-849c-7de1abccef6a,tp,84,27,5,280.1,1,95,1,95,DUMPING,1,1,1,A man is seen moving a cart with cardboard boxes towards the existing waste pile. The white van is stationary throughout the sequence.,text,1,2895,221,0,0.00032464,5001,
gemma-3-12b:min,bedrock,gemma-3-12b,min,evt-20260716_170433,ed0b1eb9-3439-4848-8a93-38e309715839,fp,72,27,5,275.3,1,95,0,0,DUMPING,1,0,0,A white van is parked near the waste pile throughout the sequence. A person is seen near the pile in the first frame and appears to be moving towards it. The pile appears slightly altered in the last frame.,text,1,2895,221,0,0.00032464,6271,
gemma-3-12b:min,bedrock,gemma-3-12b,min,evt-20260716_170823,9107890c-7b08-43bf-849c-7de1abccef6a,tp,91,27,5,278.3,1,95,1,95,DUMPING,1,1,0,"A white van is parked near the waste pile. A person is seen approaching and interacting with the pile, appearing to move items.",text,1,2895,216,0,0.00032319,5817,
gemma-3-12b:min,bedrock,gemma-3-12b,min,evt-20260716_175905,f3c41d66-5fcb-444f-adb1-9001a21bb359,fp,107,46,5,206.8,1,95,1,95,DUMPING,0,1,1,"A person is seen carrying a large white bag towards the pile, and the pile appears to have increased in size between the first and last frame.",text,1,2895,243,0,0.00033102,5612,
gemma-3-12b:min,bedrock,gemma-3-12b,min,evt-20260716_183233,eea58cf7-35b4-4d76-8211-af741571e5bd,fp,108,44,5,204.6,1,95,0,0,DUMPING,0,0,0,A person is visible walking towards the pile area in the first frame and exiting the frame in the last frame. The pile appears to have changed shape.,text,1,2895,199,0,0.00031826,5615,
gemma-3-12b:min,bedrock,gemma-3-12b,min,evt-20260717_131804,781cd838-85f9-493f-83ad-45c55a6b3d89,fp,53,27,5,278.5,1,95,1,95,DUMPING,1,1,1,A white truck is parked near the pile. A person is seen carrying a bag and placing it near the pile in the final frame.,text,1,2895,234,0,0.00032841,4559,
gemma-3-12b:min,bedrock,gemma-3-12b,min,evt-20260717_154354,99a55c6f-36a5-4a6a-b0f1-c2eb848dc9b9,fp,33,26,5,282.8,1,95,1,95,DUMPING,1,1,1,A white truck is parked near the pile. A person is seen carrying a white bag and placing it near the pile in the later frames.,text,1,2895,224,0,0.00032551,4923,
gemma-3-12b:min,bedrock,gemma-3-12b,min,evt-20260717_163744,4620bce5-7d28-47e9-9e4b-4bb40c3cc92b,tp,72,26,5,289.9,1,95,1,95,DUMPING,1,1,1,Three individuals in green uniforms are unloading vegetation from the trunk of a white car near the existing waste pile. A fourth individual is standing nearby with a bag.,text,1,2895,222,0,0.00032493,4609,
gemma-3-12b:min,bedrock,gemma-3-12b,min,evt-20260717_170115,561d3021-99f3-4731-8727-1773c20e0e83,tp,91,26,5,296.3,1,95,1,95,DUMPING,1,1,1,A man is handling a large white bag near a red cart and the existing pile. The bag appears to be placed on the ground near the pile in the final frame.,text,1,2895,230,0,0.00032725,3723,
gemma-3-12b:min,bedrock,gemma-3-12b,min,evt-20260717_171512,78663961-ee5c-45a7-966f-ec34b748dc65,fp,86,26,5,299.8,1,95,1,95,DUMPING,1,1,1,A man is interacting with a large orange cart near the existing pile. Three people are walking past the pile in the final frame. The pile appears to have grown.,text,1,2895,247,0,0.00033218,6052,
gemma-3-12b:min,bedrock,gemma-3-12b,min,evt-20260717_180936,1d04290a-962c-497e-8f0c-a2816ac7be5a,tp,66,45,5,220.0,1,95,1,95,DUMPING,1,1,1,"A vehicle is stopped near the pile, and a person is seen throwing an object towards the pile in the third frame. The pile appears larger in the last frame.",text,1,2895,239,0,0.00032986,3685,
gemma-3-12b:min,bedrock,gemma-3-12b,min,evt-20260717_173848,9865cc4c-2ddd-47bb-b32f-0a82a15a3644,tp,80,32,5,267.5,1,95,1,95,DUMPING,1,1,1,A white SUV stopped near the waste pile. Several individuals are unloading bags and other items from the vehicle's trunk onto the pile.,text,1,2895,231,0,0.00032754,5616,
gemma-3-12b:min,bedrock,gemma-3-12b,min,evt-20260718_074618,635f7de2-0919-4366-8255-d40fcfa791ae,fp,100,24,5,306.6,1,95,0,0,DUMPING,1,0,0,"A cart with a large container is stationary near the pile. Two individuals are present near the cart and pile in the final frame, suggesting interaction with the area.",text,1,2895,214,0,0.00032261,4331,
gemma-3-12b:min,bedrock,gemma-3-12b,min,evt-20260717_163625,4620bce5-7d28-47e9-9e4b-4bb40c3cc92b,tp,54,26,5,282.5,1,95,1,95,DUMPING,1,1,1,A silver pickup truck stopped near the waste pile. Two men exited the vehicle and appeared to be unloading vegetation from the truck's roof onto the ground.,text,1,2895,235,0,0.0003287,14150,
gemma-3-12b:min,bedrock,gemma-3-12b,min,evt-20260717_201306,9a4aef17-b231-46a4-ada9-497e77007fec,fp,62,44,5,235.4,1,95,1,95,DUMPING,1,1,1,A garbage truck is stationary near a large pile of waste. Multiple individuals are actively moving and handling material from the truck and around the pile.,text,1,2895,238,0,0.00032957,5920,
gemma-3-12b:min,bedrock,gemma-3-12b,min,evt-20260717_170823,561d3021-99f3-4731-8727-1773c20e0e83,tp,101,26,5,299.8,1,95,1,95,DUMPING,1,1,1,A man is interacting with a red cart and pile of waste. He appears to be moving items from the cart to the existing pile between the first and last frames.,text,1,2895,230,0,0.00032725,13154,
gemma-3-12b:min,bedrock,gemma-3-12b,min,evt-20260718_074821,635f7de2-0919-4366-8255-d40fcfa791ae,fp,16,16,5,306.6,1,95,1,95,DUMPING,1,1,1,A person is seen approaching and interacting with a cart containing waste near the existing pile. The person appears to be unloading material from the cart onto the ground.,text,1,2895,226,0,0.00032609,6333,
gemma-3-12b:min,bedrock,gemma-3-12b,min,evt-20260718_115346,015a7bc3-dec0-431c-bf06-3bc5a52f4b1b,tp,32,32,5,269.5,1,95,1,95,DUMPING,1,1,1,A white pickup truck is parked near a large pile of waste. A man is seen unloading a large white panel from the truck and placing it on the ground near the pile.,text,1,2895,231,0,0.00032754,3521,
gemma-3-12b:min,bedrock,gemma-3-12b,min,evt-20260718_074955,635f7de2-0919-4366-8255-d40fcfa791ae,fp,94,24,5,303.8,1,95,1,95,DUMPING,1,1,1,"A person in a yellow uniform is seen moving a green bin towards the pile, and another person is carrying a bag towards the pile in the final frame. The bin appears to be partially emptied onto the pile.",text,1,2895,252,0,0.00033363,4765,
gemma-3-12b:min,bedrock,gemma-3-12b,min,evt-20260718_120030,015a7bc3-dec0-431c-bf06-3bc5a52f4b1b,tp,18,18,5,268.5,1,95,1,95,DUMPING,1,1,1,A man is seen handling a bag of material near a parked SUV. The pile appears to have grown between the first and last frame.,text,1,2895,228,0,0.00032667,5591,
gemma-3-12b:min,bedrock,gemma-3-12b,min,evt-20260718_212254,81624eeb-20f4-4805-ae4b-9ff61dc44463,tp,32,32,5,168.4,1,95,1,95,DUMPING,1,1,1,A vehicle is parked near a large pile of waste. Two individuals are actively handling and depositing material from the vehicle onto the existing pile.,text,1,2895,227,0,0.00032638,3247,
gemma-3-12b:min,bedrock,gemma-3-12b,min,evt-20260718_212040,81624eeb-20f4-4805-ae4b-9ff61dc44463,tp,32,32,5,172.3,1,95,1,95,DUMPING,1,1,1,A dark-colored vehicle stopped near the existing pile. Two individuals exited the vehicle and appeared to be depositing bags of material onto the pile.,text,1,2895,228,0,0.00032667,5228,
gemma-3-12b:min,bedrock,gemma-3-12b,min,evt-20260718_190242,617caa9b-706d-4d0b-b597-8489b3cb5949,fp,22,22,5,197.7,1,95,0,0,DUMPING,0,0,0,A dog is present in the pile area and appears to be moving through the waste pile between the first and last frame.,text,1,2895,215,0,0.0003229,8033,
gemma-3-12b:min,bedrock,gemma-3-12b,min,evt-20260718_215920,8c88aeca-a902-4d39-b872-7c5cdd4cc592,tp,28,28,5,186.6,1,95,1,95,DUMPING,1,1,1,A silver car stopped near the existing pile. A person exited the vehicle with an object and placed it near the pile.,text,1,2895,218,0,0.00032377,3582,
gemma-3-12b:min,bedrock,gemma-3-12b,min,evt-20260718_220134,8c88aeca-a902-4d39-b872-7c5cdd4cc592,tp,8,8,5,177.0,1,95,1,95,DUMPING,1,1,1,Two individuals are unloading bags from the trunk of a silver car near a large pile of waste. The bags appear to be placed on the ground next to the existing pile.,text,1,2895,231,0,0.00032754,3385,
gemma-3-12b:min,bedrock,gemma-3-12b,min,evt-20260718_214234,2ec16c89-23e2-43de-af31-a9f7022725c6,tp,32,32,5,170.2,1,95,0,0,DUMPING,0,0,0,"Two individuals are observed walking near the existing waste pile. One individual appears to be holding a long object, and they both move away from the pile in the final frame.",text,1,2895,224,0,0.00032551,11458,
gemma-3-12b:min,bedrock,gemma-3-12b,min,evt-20260719_221320,003e3ccb-f28b-42ec-93c6-c9e939005417,fp,23,23,5,170.3,1,95,1,95,DUMPING,1,1,1,A dark SUV stopped near the pile and a person appears to be depositing material onto the ground. The pile appears larger in the last frame.,text,1,2895,228,0,0.00032667,6794,
gemma-3-12b:min,bedrock,gemma-3-12b,min,evt-20260719_181200,50922e6c-4bb4-4906-83ae-89c8cffa6701,indefinido,17,17,5,168.6,1,95,1,95,DUMPING,1,1,1,A person is seen unloading material from a cart near the existing pile. The cart appears to be stationary throughout the sequence.,text,1,2895,231,0,0.00032754,7137,
gemma-3-12b:min,bedrock,gemma-3-12b,min,evt-20260719_081140,280fa5be-76dc-430a-811f-8049b8cf42c1,indefinido,32,32,5,244.0,1,95,1,95,DUMPING,0,1,1,A person is seen handling a large white bag near the existing pile of waste. The bag appears to be placed on the ground in the final frame.,text,1,2895,202,0,0.00031913,8416,
gemma-3-12b:min,bedrock,gemma-3-12b,min,evt-20260720_112125,3e066f19-76ff-42c6-86ad-5bd265b96a97,tp,32,32,5,259.9,1,95,1,95,DUMPING,1,1,1,Two individuals are handling bags of material near a green trailer and a parked car. Material appears to be being placed into the trailer.,text,1,2895,218,0,0.00032377,3645,
gemma-3-12b:min,bedrock,gemma-3-12b,min,evt-20260719_061410,1d022e1e-cc67-4054-8707-80efb834459c,indefinido,7,7,5,277.4,1,95,0,0,DUMPING,0,1,0,A person on a bicycle is carrying a white bag and appears to be placing it near the existing pile of waste between frames 1 and 5.,text,1,2895,222,0,0.00032493,13217,
gemma-3-12b:min,bedrock,gemma-3-12b,min,evt-20260720_111909,3e066f19-76ff-42c6-86ad-5bd265b96a97,tp,32,32,5,246.4,1,95,1,95,DUMPING,1,1,1,"A person is seen walking near a green cart, which appears to be stationary. The person appears to be unloading material from the cart near the existing pile.",text,1,2895,226,0,0.00032609,5579,
gemma-3-12b:min,bedrock,gemma-3-12b,min,evt-20260720_102349,b6b91f37-160f-42b0-9b7e-c63d499fa832,indefinido,32,32,5,245.9,1,95,1,95,DUMPING,1,1,1,A black pickup truck stopped near the existing waste pile. A person is visible in the driver's seat and appears to be unloading material from the truck bed onto the pile.,text,1,2895,245,0,0.0003316,7940,
gemma-3-12b:min,bedrock,gemma-3-12b,min,evt-20260720_112538,3e066f19-76ff-42c6-86ad-5bd265b96a97,tp,16,16,5,246.2,1,95,1,95,DUMPING,1,1,1,A person is seen unloading a bag of material from a cart near the existing pile. A vehicle is parked nearby.,text,1,2895,228,0,0.00032667,3787,
gemma-3-12b:min,bedrock,gemma-3-12b,min,evt-20260720_153503,3fbe69f7-6460-4d36-a583-e613dcff98b4,tp,32,32,5,255.1,1,95,1,95,DUMPING,1,1,1,"Three individuals are unloading tires from a trailer near the existing pile. A fourth person is also present, handling waste material near the pile.",text,1,2895,223,0,0.00032522,6306,
gemma-3-12b:min,bedrock,gemma-3-12b,min,evt-20260720_112330,3e066f19-76ff-42c6-86ad-5bd265b96a97,tp,32,32,5,256.0,1,95,1,95,DUMPING,1,1,1,A person wearing a yellow hat is seen carrying a large bag and placing it near a green trailer parked beside a pile of waste. The trailer and the person are stationary throughout the sequence.,text,1,2895,272,0,0.00033943,13339,
gemma-3-12b:min,bedrock,gemma-3-12b,min,evt-20260720_153259,3fbe69f7-6460-4d36-a583-e613dcff98b4,tp,32,32,5,250.5,1,95,1,95,DUMPING,1,1,1,Three individuals are present with a trailer loaded with tires. They are unloading tires near the existing waste pile.,text,1,2895,212,0,0.00032203,12568,
gemma-3-12b:min,bedrock,gemma-3-12b,min,evt-20260720_183437,ebbf809c-5d5e-4149-a8ce-336b9b97252b,indefinido,13,13,5,172.3,1,95,0,0,DUMPING,0,1,0,"A person is seen walking towards the pile, then appears to be placing something on the pile in frames 2 and 3, and then walking away.",text,1,2895,241,0,0.00033044,5154,
gemma-3-12b:min,bedrock,gemma-3-12b,min,evt-20260720_153841,3fbe69f7-6460-4d36-a583-e613dcff98b4,tp,31,31,5,251.5,1,95,1,95,DUMPING,1,1,1,"Three individuals are handling tires near a trailer. One person is unloading tires from the trailer, while another is moving tires on the ground. The pile of tires on the trailer appears larger in the final frame.",text,1,2895,220,0,0.00032435,12008,
gemma-3-12b:min,bedrock,gemma-3-12b,min,evt-20260720_182833,ebbf809c-5d5e-4149-a8ce-336b9b97252b,indefinido,23,23,5,179.3,1,95,0,0,DUMPING,0,0,0,"A man on a bicycle approaches the pile, stops, and is joined by another man. They appear to be interacting near the pile.",text,1,2895,220,0,0.00032435,11169,
gemma-3-12b:min,bedrock,gemma-3-12b,min,evt-20260720_193207,95947cb7-11a8-4662-be4e-ed7daec78d65,fp,22,22,5,170.2,1,95,1,95,DUMPING,1,1,1,A dark SUV stopped near the waste pile. A person exited the vehicle and appeared to deposit an object onto the pile. The pile's volume increased between the first and last frame.,text,1,2895,235,0,0.0003287,5587,
gemma-3-12b:min,bedrock,gemma-3-12b,min,evt-20260721_005751,a7e3011f-d68a-4d6d-a451-c7d1fac89f96,tp,32,32,5,188.3,1,95,1,95,DUMPING,1,1,1,"A truck is parked near the pile, and a person is seen depositing material from the truck onto the existing waste pile. The pile appears larger in the final frame.",text,1,2895,237,0,0.00032928,3693,
gemma-3-12b:min,bedrock,gemma-3-12b,min,evt-20260721_083429,186b4b3a-025a-4d9c-9102-ce0517316da7,tp,17,17,5,247.0,1,95,1,95,DUMPING,1,1,1,A dark SUV is parked near the existing waste pile. A person is seen unloading items from the vehicle's trunk and placing them near the pile. A second person is walking away with a bag.,text,1,2895,232,0,0.00032783,4334,
gemma-3-12b:min,bedrock,gemma-3-12b,min,evt-20260721_083549,186b4b3a-025a-4d9c-9102-ce0517316da7,tp,6,6,5,249.0,1,95,1,95,DUMPING,1,1,1,A person is unloading bags from the bed of a black SUV near the existing waste pile. The pile appears to have grown slightly between the first and last frame.,text,1,2895,235,0,0.0003287,4353,
gemma-3-12b:min,bedrock,gemma-3-12b,min,evt-20260721_104317,f7974b62-c4a4-493a-a861-44c901b9033d,indefinido,19,19,5,270.2,1,95,1,95,DUMPING,1,1,1,A red truck is parked near a large pile of waste. A person is seen handling material and placing it near the pile between frames 1 and 5.,text,1,2895,241,0,0.00033044,4020,
gemma-3-12b:min,bedrock,gemma-3-12b,min,evt-20260721_083339,186b4b3a-025a-4d9c-9102-ce0517316da7,tp,13,13,5,245.9,1,95,1,95,DUMPING,1,1,1,A black SUV is parked near the waste pile. A person is observed unloading a cardboard box from the vehicle's bed into the pile.,text,1,2895,226,0,0.00032609,8883,
gemma-3-12b:min,bedrock,gemma-3-12b,min,evt-20260721_104915,f7974b62-c4a4-493a-a861-44c901b9033d,indefinido,22,22,5,275.8,1,95,1,95,DUMPING,1,1,0,A red truck is parked near a large pile of waste. A person in a yellow hard hat is visible near the truck and appears to be handling material.,text,1,2895,225,0,0.0003258,4328,
gemma-3-12b:min,bedrock,gemma-3-12b,min,evt-20260721_073733,cdb6f7c6-f2d5-450d-aeff-81dbf8d059e1,fp,8,8,5,246.4,1,95,1,95,DUMPING,1,0,1,A white truck is parked near the existing pile. The pile appears to have increased in size between the first and last frame.,text,1,2895,211,0,0.00032174,11858,
gemma-3-12b:min,bedrock,gemma-3-12b,min,evt-20260721_125408,871e3cdd-f2c1-45db-a22c-d09748310639,indefinido,10,10,5,245.7,1,95,1,95,DUMPING,1,1,1,"A silver car stopped near the pile, and a person was seen carrying a dark bag towards the pile. The pile appears to have increased in size between the first and last frame.",text,1,2895,238,0,0.00032957,5283,
gemma-3-12b:min,bedrock,gemma-3-12b,min,evt-20260722_011328,evt-20260722_011328,baseline,6,6,5,194.0,1,95,0,0,DUMPING,0,0,0,"A person is visible walking towards the pile in the last frame, after not being present in the first frame.",text,1,2895,212,0,0.00032203,4162,
gemma-3-12b:min,bedrock,gemma-3-12b,min,evt-20260721_161751,168c6958-45e6-4f0d-a8bf-2c24672e1e64,fp,11,11,5,240.3,1,95,1,95,DUMPING,0,1,1,A person is seen holding a bag and placing it near the existing pile of waste between frames 1 and 4.,text,1,2895,217,0,0.00032348,5386,
gemma-3-12b:min,bedrock,gemma-3-12b,min,evt-20260722_005727,evt-20260722_005727,baseline,32,32,5,142.7,1,95,1,95,DUMPING,0,1,1,A person is visible in frames 3 and 4 carrying a large white object towards the pile. The object appears to be placed on the pile in the final frame.,text,1,2895,228,0,0.00032667,5254,
gemma-3-12b:min,bedrock,gemma-3-12b,min,evt-20260722_013921,evt-20260722_013921,baseline,17,17,5,196.7,1,95,1,95,DUMPING,1,1,1,"A vehicle is stopped near the pile, and a person is observed depositing material onto the ground. The pile appears to have grown in size between the first and last frame.",text,1,2895,238,0,0.00032957,3613,
gemma-3-12b:min,bedrock,gemma-3-12b,min,evt-20260722_023152,evt-20260722_023152,baseline,7,7,5,197.5,1,95,1,95,DUMPING,0,1,1,"A person is visible in the first frame, bending over the pile. In the last frame, the person is gone, and there is new material on the ground near the pile.",text,1,2895,223,0,0.00032522,3960,
gemma-3-12b:min,bedrock,gemma-3-12b,min,evt-20260722_051621,evt-20260722_051621,baseline,8,8,5,250.6,1,95,0,0,TRAFFIC,0,0,0,"A person on a bicycle passed through the scene, moving from left to right in the frames. The person appeared to be heading towards the pile area.",text,1,2895,199,0,0.00031826,4427,
gemma-3-12b:min,bedrock,gemma-3-12b,min,evt-20260721_104455,f7974b62-c4a4-493a-a861-44c901b9033d,indefinido,32,32,5,270.9,1,95,1,95,DUMPING,1,1,1,A red truck is stationary near a large pile of waste. A person is seen carrying a bucket and appears to be depositing material near the truck.,text,1,2895,239,0,0.00032986,16296,
gemma-3-12b:min,bedrock,gemma-3-12b,min,evt-20260722_055939,evt-20260722_055939,baseline,32,32,5,261.3,1,95,1,95,DUMPING,0,1,1,A person is visible in the final frame handling material near the existing pile of waste. The pile appears to have increased in size between the first and last frame.,text,1,2895,234,0,0.00032841,6474,
gemma-3-12b:min,bedrock,gemma-3-12b,min,evt-20260722_061645,evt-20260722_061645,baseline,6,6,5,270.5,1,95,0,0,TRAFFIC,0,0,0,A person on a motorcycle is visible approaching and passing the pile area in frames 3 and 4.,text,1,2895,207,0,0.00032058,4375,
gemma-3-12b:min,bedrock,gemma-3-12b,min,evt-20260722_062940,evt-20260722_062940,baseline,13,13,5,253.8,1,95,0,0,DUMPING,0,1,0,A person is visible walking towards the pile in frame 3 and is near the pile in frame 4.,text,1,2895,191,0,0.00031594,3868,
gemma-3-12b:min,bedrock,gemma-3-12b,min,evt-20260722_070638,evt-20260722_070638,baseline,7,7,5,253.9,1,95,1,95,DUMPING,0,1,1,"A person is visible in the lower portion of the frames, handling and placing material onto the existing pile.",text,1,2895,208,0,0.00032087,5450,
gemma-3-12b:min,bedrock,gemma-3-12b,min,evt-20260722_071823,evt-20260722_071823,baseline,12,12,5,255.6,1,95,0,0,TRAFFIC,0,0,0,Three individuals are walking through the scene. One individual appears to be approaching the pile in the first frame and is further away in the last frame.,text,1,2895,195,0,0.0003171,4272,
gemma-3-12b:min,bedrock,gemma-3-12b,min,evt-20260722_040321,evt-20260722_040321,baseline,6,6,5,200.9,1,95,0,0,DUMPING,0,0,0,A person is seen walking past the pile in frames 3 and 4. The pile appears slightly altered in shape and size between the first and last frame.,text,1,2895,201,0,0.00031884,13545,
gemma-3-12b:min,bedrock,gemma-3-12b,min,evt-20260722_081207,evt-20260722_081207,baseline,19,19,5,267.6,1,95,1,95,DUMPING,1,0,1,A red truck with a large load of plastic bottles arrived in frame 3 and parked near the existing pile. The pile appears to have increased in size between the first and last frame.,text,1,2895,240,0,0.00033015,4205,
gemma-3-12b:min,bedrock,gemma-3-12b,min,evt-20260722_080057,evt-20260722_080057,baseline,8,8,5,255.2,1,95,1,95,DUMPING,0,1,1,"A person is visible in the first frame carrying a dark bag towards the pile, and the pile appears larger in the last frame.",text,1,2895,197,0,0.00031768,6216,
gemma-3-12b:min,bedrock,gemma-3-12b,min,evt-20260722_082852,evt-20260722_082852,baseline,7,7,5,270.2,1,95,0,0,DUMPING,0,0,0,A person is walking towards the pile area in the first frame and is further away in the last frame. The pile appears to have changed shape.,text,1,2895,217,0,0.00032348,4505,
gemma-3-12b:min,bedrock,gemma-3-12b,min,evt-20260722_084147,evt-20260722_084147,baseline,8,8,5,260.6,1,95,0,0,DUMPING,0,0,0,Two individuals are seen walking towards and past the pile of waste between frames 1 and 5. The pile appears to have been disturbed.,text,1,2895,195,0,0.0003171,3825,
gemma-3-12b:min,bedrock,gemma-3-12b,min,evt-20260722_064704,evt-20260722_064704,baseline,7,7,5,255.1,1,95,0,0,TRAFFIC,0,0,0,A person on a bicycle approaches the pile area and appears to deposit a dark bag onto the existing waste pile.,text,1,2895,216,0,0.00032319,17323,
gemma-3-12b:min,bedrock,gemma-3-12b,min,evt-20260722_073357,evt-20260722_073357,baseline,16,16,5,262.5,1,95,0,0,DUMPING,0,0,0,A person is seen walking towards the pile area in the first frame and is closer to the pile in the last frame. The pile appears slightly different between the first and last frame.,text,1,2895,232,0,0.00032783,15622,
gemma-3-12b:min,bedrock,gemma-3-12b,min,evt-20260722_074923,evt-20260722_074923,baseline,6,6,5,264.4,1,95,0,0,TRAFFIC,0,0,0,A man wearing a backpack walks across the scene from left to right between frames 1 and 5.,text,1,2895,213,0,0.00032232,13142,
gemma-3-12b:min,bedrock,gemma-3-12b,min,evt-20260722_085748,evt-20260722_085748,baseline,15,15,5,255.7,1,95,0,0,TRAFFIC,0,0,0,"A motorcycle and a person are visible in the initial frames, moving through the scene. The person appears to be walking past the pile.",text,1,2895,215,0,0.0003229,4457,
gemma-3-12b:min,bedrock,gemma-3-12b,min,evt-20260722_091141,evt-20260722_091141,baseline,9,9,5,271.2,1,95,0,0,DUMPING,0,0,0,A person is seen walking towards the pile in the first frame and walking away in the last frame. The person appears to be interacting with the pile.,text,1,2895,202,0,0.00031913,5953,
gemma-3-12b:min,bedrock,gemma-3-12b,min,evt-20260722_095851,evt-20260722_095851,baseline,32,32,5,259.2,1,95,1,95,DUMPING,1,1,0,"A man is interacting with the pile of waste, appearing to move items around. A white vehicle is parked near the pile throughout the sequence.",text,1,2895,236,0,0.00032899,3417,
gemma-3-12b:min,bedrock,gemma-3-12b,min,evt-20260722_094905,5dea8a54-bff5-44c8-91d8-72e4ffda296b,tp,32,32,5,272.5,1,95,1,95,DUMPING,1,1,1,"Two individuals are present near a small trailer loaded with bags of waste. One person is moving bags from the trailer to the ground pile, while the other appears to be assisting.",text,1,2895,231,0,0.00032754,7236,
gemma-3-12b:min,bedrock,gemma-3-12b,min,evt-20260722_103645,evt-20260722_103645,baseline,21,21,5,256.5,1,95,0,0,TRAFFIC,0,0,0,Two individuals walked past the pile in the first frame. A dog appeared in the second frame and moved near the pile.,text,1,2895,197,0,0.00031768,3564,
gemma-3-12b:min,bedrock,gemma-3-12b,min,evt-20260722_101619,evt-20260722_101619,baseline,32,32,5,254.6,1,95,0,0,DUMPING,0,0,0,A person is seen walking through the scene in frames 3 and 4. A dog is also seen walking through the scene in frame 5.,text,1,2895,197,0,0.00031768,5245,
gemma-3-12b:min,bedrock,gemma-3-12b,min,evt-20260722_092651,evt-20260722_092651,baseline,11,11,5,269.4,1,95,0,0,DUMPING,1,0,0,"A white bus with 'Martur' signage stopped near the pile area between frames 1 and 5. The bus's position changed significantly, indicating interaction with the curb area.",text,1,2895,221,0,0.00032464,13433,
gemma-3-12b:min,bedrock,gemma-3-12b,min,evt-20260722_104927,evt-20260722_104927,baseline,10,10,5,255.6,1,95,0,0,TRAFFIC,0,0,0,"A person is walking through the scene, passing near the existing pile of waste. The person appears to be carrying something in their hand.",text,1,2895,201,0,0.00031884,6266,
gemma-3-12b:min,bedrock,gemma-3-12b,min,evt-20260722_111451,evt-20260722_111451,baseline,10,10,5,253.6,1,95,0,0,DUMPING,1,0,0,"A silver SUV is parked near the pile in all frames. The pile appears unchanged, but the vehicle's presence suggests potential dumping activity.",text,1,2895,193,0,0.00031652,5259,
gemma-3-12b:min,bedrock,gemma-3-12b,min,evt-20260722_110128,evt-20260722_110128,baseline,15,15,5,248.5,1,95,0,0,DUMPING,1,0,0,"A red car stopped near the pile, and a person walked past the pile and towards the car. A bicycle also passed by the pile.",text,1,2895,223,0,0.00032522,6469,
gemma-3-12b:min,bedrock,gemma-3-12b,min,evt-20260722_094347,evt-20260722_094347,baseline,10,10,5,270.2,1,95,1,95,DUMPING,1,0,1,A motorcycle with a cargo box is seen approaching and stopping near the existing pile. The pile appears to increase in size between the first and last frame.,text,1,2895,216,0,0.00032319,16443,
gemma-3-12b:min,bedrock,gemma-3-12b,min,evt-20260722_112511,evt-20260722_112511,baseline,7,7,5,247.8,1,95,1,95,DUMPING,1,1,1,A motorcycle and rider are present in the first frame and move towards the pile. The rider appears to be depositing material near the pile.,text,1,2895,226,0,0.00032609,5264,
gemma-3-12b:min,bedrock,gemma-3-12b,min,evt-20260722_120856,dc0d4026-4cd8-4622-9e63-914f104275de,fp,32,32,5,261.6,1,95,0,0,DUMPING,0,1,0,"A person is carrying a large bag and walking towards the pile area in the first frame, and is further away in the last frame.",text,1,2895,207,0,0.00032058,5475,
gemma-3-12b:min,bedrock,gemma-3-12b,min,evt-20260722_115439,evt-20260722_115439,baseline,11,11,5,257.4,1,95,1,95,DUMPING,0,1,1,A person carrying a bag of waste walked towards and then appeared to deposit the bag near the existing pile between frames 1 and 5.,text,1,2895,238,0,0.00032957,7524,
gemma-3-12b:min,bedrock,gemma-3-12b,min,evt-20260722_115613,ba60b6fd-21dc-468d-9e7b-9271372f7ea2,fp,12,12,5,256.8,1,95,1,95,DUMPING,1,1,1,A person is seen carrying a box and placing it near the existing pile. A white vehicle is parked adjacent to the pile.,text,1,2895,226,0,0.00032609,7222,
gemma-3-12b:min,bedrock,gemma-3-12b,min,evt-20260722_121140,evt-20260722_121140,baseline,26,26,5,261.7,1,95,0,0,DUMPING,0,1,0,A man is seen handling a green bucket near the pile in frames 3 and 4. A second man walks past the pile in frame 4.,text,1,2895,217,0,0.00032348,6219,
gemma-3-12b:min,bedrock,gemma-3-12b,min,evt-20260722_114117,evt-20260722_114117,baseline,9,9,5,255.6,1,95,1,95,DUMPING,1,1,0,"Three individuals are present near a cart filled with waste. One individual is loading items into the cart, while another appears to be moving items around the cart.",text,1,2895,207,0,0.00032058,12586,
gemma-3-12b:min,bedrock,gemma-3-12b,min,evt-20260722_122927,evt-20260722_122927,baseline,14,14,5,261.6,1,95,1,95,DUMPING,1,1,0,"A person is seen walking away from a large bag near the existing pile, while a white vehicle is parked beside the curb.",text,1,2895,222,0,0.00032493,6395,
gemma-3-12b:min,bedrock,gemma-3-12b,min,evt-20260722_124935,evt-20260722_124935,baseline,12,12,5,261.7,1,95,1,95,DUMPING,1,1,0,"A man is seen interacting with a cart near the pile, and a truck is parked nearby. A bicycle and a woman also pass through the scene.",text,1,2895,225,0,0.0003258,5513,
gemma-3-12b:min,bedrock,gemma-3-12b,min,evt-20260722_131914,evt-20260722_131914,baseline,7,7,5,256.8,1,95,1,95,DUMPING,0,1,1,"A person is visible in the first frame, bending over the pile and appears to be placing an object on the ground. The pile appears larger in the last frame.",text,1,2895,202,0,0.00031913,3940,
gemma-3-12b:min,bedrock,gemma-3-12b,min,evt-20260722_133402,evt-20260722_133402,baseline,6,6,5,257.3,1,95,0,0,DUMPING,0,1,0,"A person is walking across the scene, appearing to be carrying an object, and passes near the existing pile of waste.",text,1,2895,201,0,0.00031884,4456,
gemma-3-12b:min,bedrock,gemma-3-12b,min,evt-20260722_130757,evt-20260722_130757,baseline,16,16,5,251.2,1,95,1,95,DUMPING,1,1,0,A man is seen walking towards the pile and appears to be handling material. A white van is parked beside the pile throughout the sequence.,text,1,2895,227,0,0.00032638,8623,
gemma-3-12b:min,bedrock,gemma-3-12b,min,evt-20260722_134507,evt-20260722_134507,baseline,9,9,5,253.7,1,95,0,0,TRAFFIC,1,0,0,A white van stopped near the pile of waste. A person walked past the pile in the first frame.,text,1,2895,210,0,0.00032145,6393,
gemma-3-12b:min,bedrock,gemma-3-12b,min,evt-20260722_140141,evt-20260722_140141,baseline,10,10,5,257.2,1,95,0,0,DUMPING,0,0,0,A person is walking towards the pile in the first frame and is further away in the last frame. The pile appears to have changed shape.,text,1,2895,197,0,0.00031768,4155,
gemma-3-12b:min,bedrock,gemma-3-12b,min,evt-20260722_124619,766e75eb-6a4f-4d83-b537-ac59dea45165,tp,12,12,5,250.6,1,95,1,95,DUMPING,1,1,1,A white vehicle is parked near the pile. A person is seen carrying a large bag and placing it onto the existing pile of waste between frames 1 and 4.,text,1,2895,243,0,0.00033102,13644,
gemma-3-12b:g3,bedrock,gemma-3-12b,g3,evt-20260714_220153,88f4aa05-bb52-4af9-88a1-b7c4ad21630f,fp,27,27,5,258.4,1,95,1,95,DUMPING,1,1,1,"A motorcycle stopped near the existing waste pile. A person is seen handling material and depositing it onto the pile, resulting in a noticeable increase in the pile's size.",text,1,2826,262,0,0.00033032,4843,
gemma-3-12b:g3,bedrock,gemma-3-12b,g3,evt-20260715_073056,1fcd4f3e-dc8f-468a-8284-13dd6871d86f,fp,31,22,5,310.4,1,95,1,95,DUMPING,0,1,1,A person is seen approaching the existing waste pile and appears to be depositing something onto it. The pile is visibly larger in the last frame compared to the first.,text,1,2826,269,0,0.00033235,6215,
gemma-3-12b:g3,bedrock,gemma-3-12b,g3,evt-20260715_085108,2a7571b8-d7ed-4e92-94a6-97cc13f2d3f1,tp,18,18,5,293.3,1,95,1,95,DUMPING,1,1,1,A white van stopped near the existing waste pile. A person exited the van and appears to be adding material to the pile. The pile is visibly larger in the last frame.,text,1,2826,255,0,0.00032829,4960,
gemma-3-12b:g3,bedrock,gemma-3-12b,g3,evt-20260715_090305,364e7028-8796-4afb-8baa-867211e2c46e,indefinido,24,24,5,291.6,1,95,1,95,DUMPING,0,1,1,"A person is seen walking towards the existing waste pile carrying a bag. In the last frame, the person is near the pile, and the pile appears larger, indicating material has been added.",text,1,2826,267,0,0.00033177,5594,
gemma-3-12b:g3,bedrock,gemma-3-12b,g3,evt-20260715_104302,bae1b1c9-b5e4-403d-b776-c9bf1344ebb5,fp,39,24,5,283.3,1,95,1,95,DUMPING,1,1,1,A person on a motorcycle stopped near the existing waste pile and appears to be depositing material. The pile is visibly larger in the last frame.,text,1,2826,269,0,0.00033235,4441,
gemma-3-12b:g3,bedrock,gemma-3-12b,g3,evt-20260715_111559,62c05db9-808b-4523-8dc1-0091bf3f4e29,indefinido,32,24,5,281.8,1,95,1,95,DUMPING,1,1,1,"A green truck is parked near the existing waste pile. A person is seen walking towards the pile and appears to be depositing material, causing the pile to grow.",text,1,2826,286,0,0.00033728,7357,
gemma-3-12b:g3,bedrock,gemma-3-12b,g3,evt-20260715_123608,9014a36e-7c1b-460a-8f3a-f07514937914,fp,17,17,5,281.2,1,95,1,95,DUMPING,1,1,1,A person is seen approaching the existing waste pile and appears to be depositing material. The truck is stationary throughout the sequence.,text,1,2826,249,0,0.00032655,6058,
gemma-3-12b:g3,bedrock,gemma-3-12b,g3,evt-20260715_090236,364e7028-8796-4afb-8baa-867211e2c46e,indefinido,15,15,5,291.1,1,95,1,95,DUMPING,0,1,1,A person is seen approaching the existing waste pile and appears to be depositing material onto it. The pile visibly grows in size between the first and last frame.,text,1,2826,267,0,0.00033177,14784,
gemma-3-12b:g3,bedrock,gemma-3-12b,g3,evt-20260715_125447,67dae9c1-1df3-400b-9742-ef02bd812c30,fp,52,25,5,278.8,1,95,1,95,DUMPING,0,1,1,A person is seen carrying a dark bag and placing it onto the existing waste pile. The pile appears slightly larger in the last frame compared to the first.,text,1,2826,270,0,0.00033264,3896,
gemma-3-12b:g3,bedrock,gemma-3-12b,g3,evt-20260715_114547,19c03464-1bc3-40f9-a666-bb0597d36d87,indefinido,26,25,5,288.4,1,95,1,95,DUMPING,1,1,1,A green truck is stationary near the existing waste pile. A person is seen carrying a bag and depositing it onto the pile. The pile appears larger in the last frame.,text,1,2826,265,0,0.00033119,12121,
gemma-3-12b:g3,bedrock,gemma-3-12b,g3,evt-20260715_165230,3da2f5d5-808b-4f99-9ecb-6d3272e918c3,tp,85,26,5,270.4,1,95,1,95,DUMPING,1,1,1,A black SUV stopped near the existing waste pile. A person exited the vehicle and appeared to be placing material onto the pile. The pile visibly grew in size between the first and last frame.,text,1,2826,281,0,0.00033583,4827,
gemma-3-12b:g3,bedrock,gemma-3-12b,g3,evt-20260715_181023,21c0edc7-5cc2-4d43-874f-45bae153a088,tp,81,32,5,262.3,1,95,1,95,DUMPING,1,1,1,"A vehicle with a trailer is stopped near the existing waste pile. A person is actively unloading material from the trailer onto the pile, and the pile visibly grows in size.",text,1,2826,280,0,0.00033554,5195,
gemma-3-12b:g3,bedrock,gemma-3-12b,g3,evt-20260715_120735,5785e3d6-f2ef-4ae5-ad0b-e3a6a8214c74,fp,31,25,5,287.9,1,95,1,95,DUMPING,1,1,1,"A green moving truck is parked near the existing waste pile. A person in a yellow shirt is seen approaching the pile, handling material, and depositing it onto the pile. The pile appears larger in the last frame.",text,1,2826,278,0,0.00033496,13977,
gemma-3-12b:g3,bedrock,gemma-3-12b,g3,evt-20260715_181251,21c0edc7-5cc2-4d43-874f-45bae153a088,tp,81,32,5,262.9,1,95,1,95,DUMPING,1,1,1,A small trailer is parked near a large existing waste pile. A person is actively unloading material from the trailer onto the pile throughout the sequence. The pile visibly grows in size.,text,1,2826,270,0,0.00033264,4086,
gemma-3-12b:g3,bedrock,gemma-3-12b,g3,evt-20260715_165556,3da2f5d5-808b-4f99-9ecb-6d3272e918c3,tp,86,26,5,267.2,1,95,1,95,DUMPING,1,1,1,A dark SUV is stopped near the existing waste pile. A person is observed handling material and adding it to the pile. The pile appears larger in the last frame.,text,1,2826,279,0,0.00033525,6374,
gemma-3-12b:g3,bedrock,gemma-3-12b,g3,evt-20260715_191603,bc95bd66-efbb-4ede-8672-7b5459524a34,indefinido,20,20,5,292.6,1,95,1,95,DUMPING,1,1,1,A dark-colored car stopped near the existing waste pile. A person is seen handling material near the vehicle and appears to be adding it to the pile. The pile is visibly larger in the last frame.,text,1,2826,277,0,0.00033467,4934,
gemma-3-12b:g3,bedrock,gemma-3-12b,g3,evt-20260715_181611,21c0edc7-5cc2-4d43-874f-45bae153a088,tp,70,32,5,266.5,1,95,1,95,DUMPING,1,1,1,"A vehicle with a trailer is stopped near the existing waste pile. A person is actively handling material from the trailer and placing it onto the pile, causing the pile to visibly grow.",text,1,2826,292,0,0.00033902,8023,
gemma-3-12b:g3,bedrock,gemma-3-12b,g3,evt-20260716_094309,05f711f0-da69-4d42-8318-39637baca2b4,fp,21,21,5,284.4,1,95,1,95,DUMPING,0,1,1,A person is seen approaching the existing waste pile and appears to be depositing material onto it. The pile is visibly larger in the last frame compared to the first.,text,1,2826,271,0,0.00033293,6511,
gemma-3-12b:g3,bedrock,gemma-3-12b,g3,evt-20260716_123717,132e7692-e530-44e2-8d52-da564b5c61c8,fp,100,26,5,286.1,1,95,1,95,DUMPING,0,1,1,"A person is seen pushing a cart loaded with green waste towards the existing pile. The pile appears larger in the last frame, indicating material was added.",text,1,2826,266,0,0.00033148,3685,
gemma-3-12b:g3,bedrock,gemma-3-12b,g3,evt-20260715_222047,839bee07-649b-427c-9168-ed534d3a67f0,tp,27,27,5,271.7,1,95,1,95,DUMPING,0,1,1,A person is seen carrying a bag and depositing it onto the existing waste pile. The pile appears larger in the last frame compared to the first.,text,1,2826,261,0,0.00033003,10476,
gemma-3-12b:g3,bedrock,gemma-3-12b,g3,evt-20260716_151227,caebb65d-f99b-469f-9067-208285e527df,fp,76,24,5,331.2,1,95,1,95,DUMPING,0,1,1,A person is seen approaching the existing waste pile and appears to be adding material to it. The pile is visibly larger in the last frame compared to the first.,text,1,2826,269,0,0.00033235,4230,
gemma-3-12b:g3,bedrock,gemma-3-12b,g3,evt-20260716_123920,132e7692-e530-44e2-8d52-da564b5c61c8,fp,91,26,5,288.5,1,95,1,95,DUMPING,0,1,1,A person is seen pushing a wheelbarrow full of green waste towards the existing pile. The pile visibly grows with the addition of the new material.,text,1,2826,269,0,0.00033235,6955,
gemma-3-12b:g3,bedrock,gemma-3-12b,g3,evt-20260716_152303,caebb65d-f99b-469f-9067-208285e527df,fp,86,24,5,331.9,1,95,1,95,DUMPING,1,1,1,A person in a red hat is actively adding material to the existing waste pile. A cart is present and appears to be used to transport the waste. The pile is visibly larger in the last frame.,text,1,2826,279,0,0.00033525,4795,
gemma-3-12b:g3,bedrock,gemma-3-12b,g3,evt-20260716_165803,ed0b1eb9-3439-4848-8a93-38e309715839,fp,81,27,5,276.3,1,95,1,95,DUMPING,1,1,1,A white van is parked and a person is actively adding material to the existing waste pile. The pile appears larger in the last frame.,text,1,2826,253,0,0.00032771,5104,
gemma-3-12b:g3,bedrock,gemma-3-12b,g3,evt-20260716_012139,56e59ca0-63ff-4cae-9f35-c10291ef1055,fp,106,30,5,270.2,1,95,0,0,PARKED,0,0,1,"A wheelbarrow appears in the scene between the first and last frame, positioned near the existing waste pile. This suggests material was brought to the site.",text,1,2826,271,0,0.00033293,17923,
gemma-3-12b:g3,bedrock,gemma-3-12b,g3,evt-20260716_170433,ed0b1eb9-3439-4848-8a93-38e309715839,fp,72,27,5,275.3,1,95,1,95,DUMPING,1,1,1,A white van is parked near the existing waste pile. A person is observed interacting with the pile and appears to be adding material to it. The pile is visibly larger in the last frame.,text,1,2826,264,0,0.0003309,5237,
gemma-3-12b:g3,bedrock,gemma-3-12b,g3,evt-20260716_161144,caebb65d-f99b-469f-9067-208285e527df,fp,80,25,5,311.6,1,95,1,95,DUMPING,0,1,1,A person is seen adding material to the existing waste pile. The pile appears larger in the last frame compared to the first.,text,1,2826,253,0,0.00032771,10498,
gemma-3-12b:g3,bedrock,gemma-3-12b,g3,evt-20260716_170823,9107890c-7b08-43bf-849c-7de1abccef6a,tp,91,27,5,278.3,1,95,1,95,DUMPING,1,1,1,A white van is parked near the waste pile. A person is seen approaching the pile with an object and appears to be depositing it onto the existing waste. The pile appears slightly larger in the last frame.,text,1,2826,280,0,0.00033554,4151,
gemma-3-12b:g3,bedrock,gemma-3-12b,g3,evt-20260716_153511,caebb65d-f99b-469f-9067-208285e527df,fp,89,24,5,326.2,1,95,1,95,DUMPING,0,1,1,"A person is seen interacting with the existing waste pile, appearing to add material to it. The pile visibly grows between the first and last frames.",text,1,2826,263,0,0.00033061,14599,
gemma-3-12b:g3,bedrock,gemma-3-12b,g3,evt-20260716_175905,f3c41d66-5fcb-444f-adb1-9001a21bb359,fp,107,46,5,206.8,1,95,1,95,DUMPING,0,1,1,A person is seen carrying a large bag and depositing it onto the existing waste pile. The pile appears larger in the last frame compared to the first.,text,1,2826,271,0,0.00033293,7469,
gemma-3-12b:g3,bedrock,gemma-3-12b,g3,evt-20260716_170619,9107890c-7b08-43bf-849c-7de1abccef6a,tp,84,27,5,280.1,1,95,1,95,DUMPING,1,1,1,A white van is stationary. A person is observed moving boxes from a small cart onto the existing waste pile. The pile appears larger in the last frame.,text,1,2826,280,0,0.00033554,9341,
gemma-3-12b:g3,bedrock,gemma-3-12b,g3,evt-20260717_131804,781cd838-85f9-493f-83ad-45c55a6b3d89,fp,53,27,5,278.5,1,95,1,95,DUMPING,1,1,1,A white pickup truck is stationary. A person is seen carrying a large bag and depositing it onto the existing waste pile. The pile appears larger in the last frame.,text,1,2826,273,0,0.00033351,4164,
gemma-3-12b:g3,bedrock,gemma-3-12b,g3,evt-20260716_183233,eea58cf7-35b4-4d76-8211-af741571e5bd,fp,108,44,5,204.6,1,95,1,95,DUMPING,0,1,1,A person is seen carrying a dark bag and placing it onto the existing waste pile. The pile appears larger in the final frame compared to the initial frame.,text,1,2826,273,0,0.00033351,5433,
gemma-3-12b:g3,bedrock,gemma-3-12b,g3,evt-20260717_170115,561d3021-99f3-4731-8727-1773c20e0e83,tp,91,26,5,296.3,1,95,1,95,DUMPING,0,1,1,A person is observed carrying a large white bag and depositing it onto the existing waste pile. The pile visibly grows in size between the first and last frame.,text,1,2826,279,0,0.00033525,4335,
gemma-3-12b:g3,bedrock,gemma-3-12b,g3,evt-20260717_163625,4620bce5-7d28-47e9-9e4b-4bb40c3cc92b,tp,54,26,5,282.5,1,95,1,95,DUMPING,1,1,1,A silver pickup truck stopped near the existing waste pile. Two individuals exited the vehicle and appeared to be unloading a large pile of vegetation from the truck's roof onto the existing pile.,text,1,2826,295,0,0.00033989,5276,
gemma-3-12b:g3,bedrock,gemma-3-12b,g3,evt-20260717_170823,561d3021-99f3-4731-8727-1773c20e0e83,tp,101,26,5,299.8,1,95,1,95,DUMPING,0,1,1,"A person is actively handling material near the existing waste pile. The pile appears larger in the last frame, with new bags and boxes added.",text,1,2826,261,0,0.00033003,4530,
gemma-3-12b:g3,bedrock,gemma-3-12b,g3,evt-20260717_163744,4620bce5-7d28-47e9-9e4b-4bb40c3cc92b,tp,72,26,5,289.9,1,95,1,95,DUMPING,1,1,1,A white vehicle is parked and three individuals in green uniforms are actively removing vegetation and other waste from the vehicle and adding it to the existing pile. The pile visibly increases in size during the sequence.,text,1,2826,292,0,0.00033902,5558,
gemma-3-12b:g3,bedrock,gemma-3-12b,g3,evt-20260717_171512,78663961-ee5c-45a7-966f-ec34b748dc65,fp,86,26,5,299.8,1,95,1,95,DUMPING,1,1,1,A person is actively handling material from a cart and adding it to the existing waste pile. The pile appears larger in the last frame compared to the first.,text,1,2826,273,0,0.00033351,4070,
gemma-3-12b:g3,bedrock,gemma-3-12b,g3,evt-20260717_173848,9865cc4c-2ddd-47bb-b32f-0a82a15a3644,tp,80,32,5,267.5,1,95,1,95,DUMPING,1,1,1,A white SUV stopped near the existing waste pile. A person was observed unloading bags from the vehicle and placing them onto the pile. The pile appears larger in the last frame.,text,1,2826,280,0,0.00033554,4349,
gemma-3-12b:g3,bedrock,gemma-3-12b,g3,evt-20260717_201306,9a4aef17-b231-46a4-ada9-497e77007fec,fp,62,44,5,235.4,1,95,1,95,DUMPING,1,1,1,"A municipal waste collection truck is stationary, and multiple individuals are actively handling and depositing material onto the existing waste pile. The pile appears larger in the final frame.",text,1,2826,262,0,0.00033032,3892,
gemma-3-12b:g3,bedrock,gemma-3-12b,g3,evt-20260717_154354,99a55c6f-36a5-4a6a-b0f1-c2eb848dc9b9,fp,33,26,5,282.8,1,95,1,95,DUMPING,1,1,1,A white truck is parked near the existing waste pile. A person is seen carrying a bag and depositing it onto the pile. The pile appears larger in the last frame.,text,1,2826,273,0,0.00033351,12108,
gemma-3-12b:g3,bedrock,gemma-3-12b,g3,evt-20260717_180936,1d04290a-962c-497e-8f0c-a2816ac7be5a,tp,66,45,5,220.0,1,95,1,95,DUMPING,1,1,1,"A vehicle stopped near the existing waste pile, and a person appeared to be depositing material onto the pile. The pile is visibly larger in the last frame.",text,1,2826,296,0,0.00034018,5695,
gemma-3-12b:g3,bedrock,gemma-3-12b,g3,evt-20260718_074618,635f7de2-0919-4366-8255-d40fcfa791ae,fp,100,24,5,306.6,1,95,1,95,DUMPING,0,1,1,A person is seen walking towards the existing waste pile and appears to be depositing material onto it. The pile visibly grows in size between the first and last frames.,text,1,2826,262,0,0.00033032,3777,
gemma-3-12b:g3,bedrock,gemma-3-12b,g3,evt-20260718_120030,015a7bc3-dec0-431c-bf06-3bc5a52f4b1b,tp,18,18,5,268.5,1,95,1,95,DUMPING,1,1,1,A person is seen carrying a bag and depositing it onto the existing waste pile. A vehicle is also present and stationary during this action.,text,1,2826,267,0,0.00033177,9649,
gemma-3-12b:g3,bedrock,gemma-3-12b,g3,evt-20260718_190242,617caa9b-706d-4d0b-b597-8489b3cb5949,fp,22,22,5,197.7,1,95,1,95,DUMPING,0,1,1,"A person is seen interacting with the existing waste pile. They appear to be placing or dropping material onto the pile, resulting in a visible increase in the pile's size.",text,1,2826,283,0,0.00033641,9653,
gemma-3-12b:g3,bedrock,gemma-3-12b,g3,evt-20260718_074955,635f7de2-0919-4366-8255-d40fcfa791ae,fp,94,24,5,303.8,1,95,1,95,DUMPING,0,1,1,A person carrying a yellow bin and a bag of waste is seen approaching and depositing material onto the existing waste pile. The pile appears larger in the last frame.,text,1,2826,283,0,0.00033641,13643,
gemma-3-12b:g3,bedrock,gemma-3-12b,g3,evt-20260718_115346,015a7bc3-dec0-431c-bf06-3bc5a52f4b1b,tp,32,32,5,269.5,1,95,1,95,DUMPING,1,1,1,A white pickup truck is stopped near a large waste pile. A person is observed removing items from the truck bed and placing them onto the existing pile. New material is visible on the ground in the last frame.,text,1,2826,292,0,0.00033902,13048,
gemma-3-12b:g3,bedrock,gemma-3-12b,g3,evt-20260718_074821,635f7de2-0919-4366-8255-d40fcfa791ae,fp,16,16,5,306.6,1,95,1,95,DUMPING,1,1,1,A person is observed near a wheelbarrow filled with waste. The person appears to be unloading material from the wheelbarrow onto the existing pile. The pile is visibly larger in the last frame.,text,1,2826,296,0,0.00034018,14330,
gemma-3-12b:g3,bedrock,gemma-3-12b,g3,evt-20260718_212254,81624eeb-20f4-4805-ae4b-9ff61dc44463,tp,32,32,5,168.4,1,95,1,95,DUMPING,1,1,1,"A vehicle is stopped near a large existing waste pile. Multiple individuals are observed handling and depositing large white bags onto the pile, significantly increasing its size.",text,1,2826,280,0,0.00033554,3406,
gemma-3-12b:g3,bedrock,gemma-3-12b,g3,evt-20260718_212040,81624eeb-20f4-4805-ae4b-9ff61dc44463,tp,32,32,5,172.3,1,95,1,95,DUMPING,1,1,1,"A dark-colored car stopped near the existing waste pile. Two individuals exited the vehicle and deposited multiple white bags onto the pile, significantly increasing its size.",text,1,2826,268,0,0.00033206,6075,
gemma-3-12b:g3,bedrock,gemma-3-12b,g3,evt-20260718_215920,8c88aeca-a902-4d39-b872-7c5cdd4cc592,tp,28,28,5,186.6,1,95,1,95,DUMPING,1,1,1,"A silver vehicle stopped near the existing waste pile. A person exited the vehicle with an object and deposited it onto the pile, visibly increasing its size.",text,1,2826,284,0,0.0003367,5495,
gemma-3-12b:g3,bedrock,gemma-3-12b,g3,evt-20260718_220134,8c88aeca-a902-4d39-b872-7c5cdd4cc592,tp,8,8,5,177.0,1,95,1,95,DUMPING,1,1,1,A silver vehicle is stopped with its trunk open. Two individuals are observed removing bags of waste from the vehicle and placing them onto the existing pile. The pile visibly grows with the addition of the new material.,text,1,2826,288,0,0.00033786,6369,
gemma-3-12b:g3,bedrock,gemma-3-12b,g3,evt-20260719_081140,280fa5be-76dc-430a-811f-8049b8cf42c1,indefinido,32,32,5,244.0,1,95,1,95,DUMPING,0,1,1,A person is observed stopping and depositing a large white bag onto the existing waste pile. The pile visibly grows in size between the first and last frame.,text,1,2826,265,0,0.00033119,6098,
gemma-3-12b:g3,bedrock,gemma-3-12b,g3,evt-20260719_061410,1d022e1e-cc67-4054-8707-80efb834459c,indefinido,7,7,5,277.4,1,95,1,95,DUMPING,0,1,1,"A person on a bicycle is seen carrying a white bag. In the last frame, the person is standing near the existing waste pile and appears to be depositing the bag's contents, resulting in a visible increase in the pile's size.",text,1,2826,297,0,0.00034047,8879,
gemma-3-12b:g3,bedrock,gemma-3-12b,g3,evt-20260719_221320,003e3ccb-f28b-42ec-93c6-c9e939005417,fp,23,23,5,170.3,1,95,1,95,DUMPING,1,1,1,A dark SUV stopped near the existing waste pile. A person exited the vehicle and appears to be depositing material onto the pile. The pile is visibly larger in the last frame.,text,1,2826,274,0,0.0003338,5390,
gemma-3-12b:g3,bedrock,gemma-3-12b,g3,evt-20260718_214234,2ec16c89-23e2-43de-af31-a9f7022725c6,tp,32,32,5,170.2,1,95,1,95,DUMPING,0,1,1,Two individuals approached the existing waste pile and appeared to add material to it. The pile visibly increased in size between the first and last frames.,text,1,2826,271,0,0.00033293,16050,
gemma-3-12b:g3,bedrock,gemma-3-12b,g3,evt-20260720_102349,b6b91f37-160f-42b0-9b7e-c63d499fa832,indefinido,32,32,5,245.9,1,95,1,95,DUMPING,1,1,1,"A black pickup truck stopped near the existing waste pile. A person exited the vehicle and appears to be handling material near the pile, and the pile visibly increased in size.",text,1,2826,263,0,0.00033061,6186,
gemma-3-12b:g3,bedrock,gemma-3-12b,g3,evt-20260720_112125,3e066f19-76ff-42c6-86ad-5bd265b96a97,tp,32,32,5,259.9,1,95,1,95,DUMPING,1,1,1,Two individuals are actively handling bags and placing them into a trailer near the existing waste pile. The pile appears to be growing with the addition of new material.,text,1,2826,281,0,0.00033583,5214,
gemma-3-12b:g3,bedrock,gemma-3-12b,g3,evt-20260720_112330,3e066f19-76ff-42c6-86ad-5bd265b96a97,tp,32,32,5,256.0,1,95,1,95,DUMPING,1,1,1,A person is observed depositing a large bag of waste into a trailer parked near the existing waste pile. The pile appears to grow in size between the first and last frame.,text,1,2826,281,0,0.00033583,4921,
gemma-3-12b:g3,bedrock,gemma-3-12b,g3,evt-20260720_153259,3fbe69f7-6460-4d36-a583-e613dcff98b4,tp,32,32,5,250.5,1,95,1,95,DUMPING,1,1,1,A trailer loaded with tires arrived at the dumping hotspot. Three individuals were observed unloading tires from the trailer and placing them onto the existing waste pile.,text,1,2826,265,0,0.00033119,4772,
gemma-3-12b:g3,bedrock,gemma-3-12b,g3,evt-20260719_181200,50922e6c-4bb4-4906-83ae-89c8cffa6701,indefinido,17,17,5,168.6,1,95,1,95,DUMPING,0,1,1,A person is seen carrying a bag and depositing it onto the existing waste pile. The pile appears larger in the last frame compared to the first.,text,1,2826,263,0,0.00033061,17429,
gemma-3-12b:g3,bedrock,gemma-3-12b,g3,evt-20260720_111909,3e066f19-76ff-42c6-86ad-5bd265b96a97,tp,32,32,5,246.4,1,95,1,95,DUMPING,1,1,1,"A green cart is present in all frames. A person is seen approaching the existing waste pile, and the pile appears larger in the last frame, indicating material has been added.",text,1,2826,270,0,0.00033264,11928,
gemma-3-12b:g3,bedrock,gemma-3-12b,g3,evt-20260720_112538,3e066f19-76ff-42c6-86ad-5bd265b96a97,tp,16,16,5,246.2,1,95,1,95,DUMPING,1,1,1,A person is observed unloading a bag of waste from a small trailer onto the existing pile. The pile appears larger in the last frame compared to the first.,text,1,2826,308,0,0.00034366,8989,
gemma-3-12b:g3,bedrock,gemma-3-12b,g3,evt-20260720_153841,3fbe69f7-6460-4d36-a583-e613dcff98b4,tp,31,31,5,251.5,1,95,1,95,DUMPING,1,1,1,A small trailer is present throughout the sequence. Multiple individuals are observed handling tires and placing them onto the trailer and near the existing waste pile. The pile appears to grow with the addition of tires.,text,1,2826,286,0,0.00033728,5306,
gemma-3-12b:g3,bedrock,gemma-3-12b,g3,evt-20260720_182833,ebbf809c-5d5e-4149-a8ce-336b9b97252b,indefinido,23,23,5,179.3,0,85,0,85,TRAFFIC,0,0,0,"A man on a bicycle and another man are present in the scene. They appear to be interacting with each other, but no material is being added to the existing waste pile.",text,1,2826,249,0,0.00032655,4514,
gemma-3-12b:g3,bedrock,gemma-3-12b,g3,evt-20260720_183437,ebbf809c-5d5e-4149-a8ce-336b9b97252b,indefinido,13,13,5,172.3,1,95,1,95,DUMPING,0,1,1,"A person is seen carrying a bag and stopping near the existing waste pile. The person appears to deposit the bag onto the pile, resulting in a visible increase in the pile's size.",text,1,2826,288,0,0.00033786,4521,
gemma-3-12b:g3,bedrock,gemma-3-12b,g3,evt-20260720_193207,95947cb7-11a8-4662-be4e-ed7daec78d65,fp,22,22,5,170.2,1,95,1,95,DUMPING,1,1,1,A dark SUV stopped near the existing waste pile. A person exited the vehicle and appeared to deposit something onto the pile. The pile appears larger in the last frame.,text,1,2826,266,0,0.00033148,7109,
gemma-3-12b:g3,bedrock,gemma-3-12b,g3,evt-20260721_073733,cdb6f7c6-f2d5-450d-aeff-81dbf8d059e1,fp,8,8,5,246.4,1,95,1,95,DUMPING,1,1,1,"A white tipper truck stopped at the dumping hotspot. A person is observed handling material from the truck and depositing it onto the existing waste pile, significantly increasing its size.",text,1,2826,268,0,0.00033206,5146,
gemma-3-12b:g3,bedrock,gemma-3-12b,g3,evt-20260721_083339,186b4b3a-025a-4d9c-9102-ce0517316da7,tp,13,13,5,245.9,1,95,1,95,DUMPING,1,1,1,"A black SUV stopped near the existing waste pile. A person exited the vehicle and placed a cardboard box into the pile, visibly increasing its size.",text,1,2826,296,0,0.00034018,6394,
gemma-3-12b:g3,bedrock,gemma-3-12b,g3,evt-20260721_005751,a7e3011f-d68a-4d6d-a451-c7d1fac89f96,tp,32,32,5,188.3,1,95,1,95,DUMPING,1,1,1,"A vehicle is stopped near the existing waste pile. A person is observed handling material and depositing it onto the pile, resulting in a noticeable increase in the pile's size.",text,1,2826,272,0,0.00033322,7913,
gemma-3-12b:g3,bedrock,gemma-3-12b,g3,evt-20260721_083429,186b4b3a-025a-4d9c-9102-ce0517316da7,tp,17,17,5,247.0,1,95,1,95,DUMPING,1,1,1,"A dark SUV is parked near the existing waste pile. A person is observed unloading material from the vehicle's bed onto the pile. The pile appears larger in the last frame, indicating new material has been added.",text,1,2826,269,0,0.00033235,4939,
gemma-3-12b:g3,bedrock,gemma-3-12b,g3,evt-20260721_083549,186b4b3a-025a-4d9c-9102-ce0517316da7,tp,6,6,5,249.0,1,95,1,95,DUMPING,1,1,1,A black SUV is parked with its bed open. A person is actively unloading bags of waste from the vehicle onto the existing pile. The pile appears larger in the last frame.,text,1,2826,280,0,0.00033554,4465,
gemma-3-12b:g3,bedrock,gemma-3-12b,g3,evt-20260720_153503,3fbe69f7-6460-4d36-a583-e613dcff98b4,tp,32,32,5,255.1,1,95,1,95,DUMPING,1,1,1,"A trailer loaded with tires is parked near the existing waste pile. Multiple individuals are observed carrying tires from the trailer and placing them onto the pile, significantly increasing its size.",text,1,2826,278,0,0.00033496,17176,
gemma-3-12b:g3,bedrock,gemma-3-12b,g3,evt-20260721_104317,f7974b62-c4a4-493a-a861-44c901b9033d,indefinido,19,19,5,270.2,1,95,1,95,DUMPING,1,1,1,A red truck is parked near the existing waste pile. A person is seen carrying a white bag and placing it onto the pile. The pile appears larger in the last frame.,text,1,2826,255,0,0.00032829,4415,
gemma-3-12b:g3,bedrock,gemma-3-12b,g3,evt-20260721_104455,f7974b62-c4a4-493a-a861-44c901b9033d,indefinido,32,32,5,270.9,1,95,1,95,DUMPING,1,1,1,"A red truck is stationary near a large waste pile. A person is seen carrying a bag and depositing it near the pile, and the pile appears larger in the last frame.",text,1,2826,297,0,0.00034047,4359,
gemma-3-12b:g3,bedrock,gemma-3-12b,g3,evt-20260721_104915,f7974b62-c4a4-493a-a861-44c901b9033d,indefinido,22,22,5,275.8,1,95,1,95,DUMPING,1,1,1,"A red truck is parked near the existing waste pile. A person is observed handling material near the truck and appears to be depositing it onto the pile, causing the pile to grow.",text,1,2826,282,0,0.00033612,5337,
gemma-3-12b:g3,bedrock,gemma-3-12b,g3,evt-20260721_125408,871e3cdd-f2c1-45db-a22c-d09748310639,indefinido,10,10,5,245.7,1,95,1,95,DUMPING,1,1,1,A silver car stopped near the existing waste pile. A person exited the vehicle carrying a large black bag and deposited it onto the pile. The pile appears larger in the last frame.,text,1,2826,277,0,0.00033467,6193,
gemma-3-12b:g3,bedrock,gemma-3-12b,g3,evt-20260722_005727,evt-20260722_005727,baseline,32,32,5,142.7,1,95,1,95,DUMPING,1,1,1,"A vehicle stopped near the existing waste pile. A person is observed handling a large white bag and depositing it onto the pile, significantly increasing its size.",text,1,2826,272,0,0.00033322,5697,
gemma-3-12b:g3,bedrock,gemma-3-12b,g3,evt-20260722_013921,evt-20260722_013921,baseline,17,17,5,196.7,1,95,1,95,DUMPING,0,1,1,A person is observed placing a bag of waste onto the existing pile. The pile appears larger in the last frame compared to the first.,text,1,2826,242,0,0.00032452,3819,
gemma-3-12b:g3,bedrock,gemma-3-12b,g3,evt-20260722_011328,evt-20260722_011328,baseline,6,6,5,194.0,1,95,1,95,DUMPING,0,1,1,A person is seen approaching and depositing material onto the existing waste pile. The pile appears larger in the last frame compared to the first.,text,1,2826,246,0,0.00032568,5967,
gemma-3-12b:g3,bedrock,gemma-3-12b,g3,evt-20260722_000031,evt-20260722_000031,baseline,9,9,5,178.3,1,95,1,95,DUMPING,0,1,1,A person is seen approaching the existing waste pile and appears to be adding material to it. The pile is visibly larger in the last frame compared to the first.,text,1,2826,268,0,0.00033206,11109,
gemma-3-12b:g3,bedrock,gemma-3-12b,g3,evt-20260721_161751,168c6958-45e6-4f0d-a8bf-2c24672e1e64,fp,11,11,5,240.3,1,95,1,95,DUMPING,0,1,1,A person is seen carrying a bag and depositing it onto the existing waste pile. The pile appears larger in the last frame compared to the first.,text,1,2826,250,0,0.00032684,12097,
gemma-3-12b:g3,bedrock,gemma-3-12b,g3,evt-20260722_023152,evt-20260722_023152,baseline,7,7,5,197.5,0,95,0,95,EMPTY,0,0,0,"The scene shows a pre-existing waste pile at the curb. No actors are present in the sequence, and the pile appears unchanged between the first and last frames.",text,1,2826,250,0,0.00032684,5044,
gemma-3-12b:g3,bedrock,gemma-3-12b,g3,evt-20260722_040321,evt-20260722_040321,baseline,6,6,5,200.9,1,95,1,95,DUMPING,0,1,1,A person is seen walking towards the existing waste pile and appears to deposit an object onto it. The pile is visibly larger in the last frame compared to the first.,text,1,2826,265,0,0.00033119,3905,
gemma-3-12b:g3,bedrock,gemma-3-12b,g3,evt-20260722_051621,evt-20260722_051621,baseline,8,8,5,250.6,1,95,0,0,TRAFFIC,0,1,1,A person on a bicycle is observed approaching the waste pile and appears to be depositing something onto it. The pile appears slightly larger in the last frame compared to the first.,text,1,2826,272,0,0.00033322,4378,
gemma-3-12b:g3,bedrock,gemma-3-12b,g3,evt-20260722_055939,evt-20260722_055939,baseline,32,32,5,261.3,1,95,1,95,DUMPING,0,1,1,A person is observed adding material to the existing waste pile. The pile appears slightly larger in the last frame compared to the first.,text,1,2826,260,0,0.00032974,4110,
gemma-3-12b:g3,bedrock,gemma-3-12b,g3,evt-20260722_061645,evt-20260722_061645,baseline,6,6,5,270.5,0,90,0,90,TRAFFIC,0,0,0,A motorcycle briefly passed through the scene. The existing waste pile remains largely unchanged between the first and last frames.,text,1,2826,225,0,0.00031959,4703,
gemma-3-12b:g3,bedrock,gemma-3-12b,g3,evt-20260722_062940,evt-20260722_062940,baseline,13,13,5,253.8,1,95,1,95,DUMPING,0,1,1,A person is seen walking towards the existing waste pile and appears to be depositing something onto it. The pile is visibly larger in the last frame compared to the first.,text,1,2826,260,0,0.00032974,5688,
gemma-3-12b:g3,bedrock,gemma-3-12b,g3,evt-20260722_064704,evt-20260722_064704,baseline,7,7,5,255.1,1,95,1,95,DUMPING,0,1,1,A person on a bicycle is observed approaching the existing waste pile and appears to be depositing a dark bag onto the pile. The pile is visibly larger in the last frame.,text,1,2826,273,0,0.00033351,5991,
gemma-3-12b:g3,bedrock,gemma-3-12b,g3,evt-20260722_071823,evt-20260722_071823,baseline,12,12,5,255.6,1,95,1,95,DUMPING,0,1,1,"A person is seen carrying a dark bag and approaches the existing waste pile. In the last frame, the pile appears larger, indicating material was added.",text,1,2826,257,0,0.00032887,5596,
gemma-3-12b:g3,bedrock,gemma-3-12b,g3,evt-20260722_073357,evt-20260722_073357,baseline,16,16,5,262.5,1,95,1,95,DUMPING,0,1,1,A person is seen walking towards the existing waste pile and appears to deposit a bag or object onto the pile. The pile is visibly larger in the last frame compared to the first.,text,1,2826,262,0,0.00033032,5968,
gemma-3-12b:g3,bedrock,gemma-3-12b,g3,evt-20260722_070638,evt-20260722_070638,baseline,7,7,5,253.9,0,95,0,95,EMPTY,0,0,0,"The scene shows a large existing waste pile. No actors are present in the sequence, and the pile appears unchanged between the first and last frames.",text,1,2826,244,0,0.0003251,8098,
gemma-3-12b:g3,bedrock,gemma-3-12b,g3,evt-20260722_080057,evt-20260722_080057,baseline,8,8,5,255.2,0,95,0,95,EMPTY,0,0,0,"The scene shows a large existing waste pile. No actors are present in any of the frames, and the pile appears unchanged between the first and last frame.",text,1,2826,234,0,0.0003222,4902,
gemma-3-12b:g3,bedrock,gemma-3-12b,g3,evt-20260722_081207,evt-20260722_081207,baseline,19,19,5,267.6,1,95,1,95,DUMPING,1,1,1,A red truck with a large load of plastic bottles arrived and appears to be unloading its contents onto the existing waste pile. The pile is significantly larger in the last frame.,text,1,2826,273,0,0.00033351,5878,
gemma-3-12b:g3,bedrock,gemma-3-12b,g3,evt-20260722_084147,evt-20260722_084147,baseline,8,8,5,260.6,1,95,1,95,DUMPING,0,1,1,Two individuals are seen approaching the existing waste pile. The first individual appears to be carrying something and deposits it onto the pile. The pile appears slightly larger in the last frame.,text,1,2826,281,0,0.00033583,4498,
gemma-3-12b:g3,bedrock,gemma-3-12b,g3,evt-20260722_082852,evt-20260722_082852,baseline,7,7,5,270.2,1,95,1,95,DUMPING,0,1,1,A person is seen approaching the existing waste pile and appears to be adding material to it. The pile is visibly larger in the last frame compared to the first.,text,1,2826,267,0,0.00033177,4714,
gemma-3-12b:g3,bedrock,gemma-3-12b,g3,evt-20260722_074923,evt-20260722_074923,baseline,6,6,5,264.4,1,95,0,0,TRAFFIC,0,1,1,A person is seen walking towards the existing waste pile and appears to be depositing something onto it. The pile appears slightly larger in the last frame.,text,1,2826,264,0,0.0003309,13054,
gemma-3-12b:g3,bedrock,gemma-3-12b,g3,evt-20260722_085748,evt-20260722_085748,baseline,15,15,5,255.7,0,85,0,85,TRAFFIC,0,0,0,A motorcycle and a pedestrian are observed moving through the scene. The existing waste pile remains largely unchanged between the first and last frames.,text,1,2826,241,0,0.00032423,8610,
gemma-3-12b:g3,bedrock,gemma-3-12b,g3,evt-20260722_092651,evt-20260722_092651,baseline,11,11,5,269.4,1,95,0,0,DUMPING,1,0,0,"A large bus stopped near the existing waste pile. While no person is directly observed handling material, the bus's presence and position strongly suggest dumping activity, given the context of this hotspot.",text,1,2826,280,0,0.00033554,5980,
gemma-3-12b:g3,bedrock,gemma-3-12b,g3,evt-20260722_094905,5dea8a54-bff5-44c8-91d8-72e4ffda296b,tp,32,32,5,272.5,1,95,1,95,DUMPING,1,1,1,"A small trailer is present in all frames. Two individuals are observed near the trailer. In the first frame, the trailer is partially loaded. By the last frame, the trailer is fully loaded with bags of waste, and one person is actively unloading bags from the trailer onto the existing waste pile.",text,1,2826,317,0,0.00034627,4585,
gemma-3-12b:g3,bedrock,gemma-3-12b,g3,evt-20260722_095851,evt-20260722_095851,baseline,32,32,5,259.2,1,95,1,95,DUMPING,1,1,1,"A person is seen interacting with the existing waste pile, appearing to add material. A white vehicle is parked nearby and remains stationary throughout the sequence.",text,1,2826,278,0,0.00033496,4191,
gemma-3-12b:g3,bedrock,gemma-3-12b,g3,evt-20260722_091141,evt-20260722_091141,baseline,9,9,5,271.2,1,95,1,95,DUMPING,0,1,1,"A person is seen walking towards the existing waste pile, appears to place something on it, and then walks away. The pile appears slightly larger in the last frame.",text,1,2826,264,0,0.0003309,11015,
gemma-3-12b:g3,bedrock,gemma-3-12b,g3,evt-20260722_094347,evt-20260722_094347,baseline,10,10,5,270.2,1,95,1,95,DUMPING,1,1,1,"A motorcycle with a person and a large black bag approaches the existing waste pile. The person appears to unload the bag onto the pile, visibly increasing its size.",text,1,2826,273,0,0.00033351,10883,
gemma-3-12b:g3,bedrock,gemma-3-12b,g3,evt-20260722_101619,evt-20260722_101619,baseline,32,32,5,254.6,0,85,0,85,TRAFFIC,0,0,0,"A person is seen walking through the scene, but does not interact with the existing waste pile. The pile itself appears unchanged between the first and last frames.",text,1,2826,252,0,0.00032742,5248,
gemma-3-12b:g3,bedrock,gemma-3-12b,g3,evt-20260722_103645,evt-20260722_103645,baseline,21,21,5,256.5,0,90,0,90,TRAFFIC,0,0,0,Two individuals are seen walking through the scene. They do not interact with the existing waste pile and continue walking out of frame. The pile itself appears unchanged.,text,1,2826,248,0,0.00032626,3859,
gemma-3-12b:g3,bedrock,gemma-3-12b,g3,evt-20260722_104927,evt-20260722_104927,baseline,10,10,5,255.6,1,95,0,0,TRAFFIC,0,1,1,A person is seen walking towards the existing waste pile and appears to deposit something onto it. The pile is visibly larger in the last frame compared to the first.,text,1,2826,271,0,0.00033293,3604,
gemma-3-12b:g3,bedrock,gemma-3-12b,g3,evt-20260722_112511,evt-20260722_112511,baseline,7,7,5,247.8,0,85,0,85,TRAFFIC,1,0,0,"A motorcycle is present in the first frame and continues to be present in the last frame, moving through the scene. No interaction with the existing waste pile is observed.",text,1,2826,252,0,0.00032742,3762,
gemma-3-12b:g3,bedrock,gemma-3-12b,g3,evt-20260722_110128,evt-20260722_110128,baseline,15,15,5,248.5,1,95,1,95,DUMPING,1,1,1,A red car stopped near the existing waste pile. A person was observed walking towards the pile carrying a bag and appears to be depositing it onto the pile. The pile appears larger in the last frame.,text,1,2826,297,0,0.00034047,5825,
gemma-3-12b:g3,bedrock,gemma-3-12b,g3,evt-20260722_114117,evt-20260722_114117,baseline,9,9,5,255.6,1,95,1,95,DUMPING,1,1,1,"A small cart is present in the first frame. A person is actively loading material onto the cart, and the pile appears larger in the last frame, indicating dumping activity.",text,1,2826,273,0,0.00033351,6146,
gemma-3-12b:g3,bedrock,gemma-3-12b,g3,evt-20260722_115439,evt-20260722_115439,baseline,11,11,5,257.4,1,95,1,95,DUMPING,0,1,1,A person is seen carrying a large bag and placing it onto the existing waste pile. The pile appears larger in the last frame compared to the first.,text,1,2826,278,0,0.00033496,6121,
gemma-3-12b:g3,bedrock,gemma-3-12b,g3,evt-20260722_115613,ba60b6fd-21dc-468d-9e7b-9271372f7ea2,fp,12,12,5,256.8,1,95,1,95,DUMPING,0,1,1,A person is seen carrying a bag and depositing it onto the existing waste pile. The pile appears larger in the last frame compared to the first.,text,1,2826,262,0,0.00033032,5796,
gemma-3-12b:g3,bedrock,gemma-3-12b,g3,evt-20260722_121140,evt-20260722_121140,baseline,26,26,5,261.7,1,95,1,95,DUMPING,0,1,1,A person is seen handling a bucket and placing it onto the existing waste pile. The pile appears larger in the last frame compared to the first.,text,1,2826,270,0,0.00033264,3933,
gemma-3-12b:g3,bedrock,gemma-3-12b,g3,evt-20260722_120856,dc0d4026-4cd8-4622-9e63-914f104275de,fp,32,32,5,261.6,1,95,1,95,DUMPING,0,1,1,A person is seen carrying a large bag and appears to be depositing it onto the existing waste pile. The pile visibly grows in size between the first and last frame.,text,1,2826,285,0,0.00033699,6205,
gemma-3-12b:g3,bedrock,gemma-3-12b,g3,evt-20260722_111451,evt-20260722_111451,baseline,10,10,5,253.6,1,95,1,95,DUMPING,1,0,1,"A silver SUV stopped near the existing waste pile. The pile appears larger in the last frame, with new debris visible, indicating material was added.",text,1,2826,264,0,0.0003309,12819,
gemma-3-12b:g3,bedrock,gemma-3-12b,g3,evt-20260722_124619,766e75eb-6a4f-4d83-b537-ac59dea45165,tp,12,12,5,250.6,1,95,1,95,DUMPING,1,1,1,A white van is parked near the existing waste pile. A person is observed carrying a large white bag and depositing it onto the pile. The pile appears larger in the last frame.,text,1,2826,276,0,0.00033438,4312,
gemma-3-12b:g3,bedrock,gemma-3-12b,g3,evt-20260722_122927,evt-20260722_122927,baseline,14,14,5,261.6,1,95,1,95,DUMPING,1,1,1,A person is seen carrying a large bag and placing it onto the existing waste pile. A white van is parked stationary throughout the sequence.,text,1,2826,297,0,0.00034047,6293,
gemma-3-12b:g3,bedrock,gemma-3-12b,g3,evt-20260722_124935,evt-20260722_124935,baseline,12,12,5,261.7,1,95,1,95,DUMPING,1,1,1,A person is seen adding material to the existing waste pile. A white van is parked in the background throughout the sequence.,text,1,2826,257,0,0.00032887,3978,
gemma-3-12b:g3,bedrock,gemma-3-12b,g3,evt-20260722_131914,evt-20260722_131914,baseline,7,7,5,256.8,0,95,0,95,EMPTY,0,0,0,"The scene shows a large existing waste pile. No actors are present in any of the frames, and the pile appears unchanged between the first and last frame.",text,1,2826,218,0,0.00031756,4256,
gemma-3-12b:g3,bedrock,gemma-3-12b,g3,evt-20260722_133402,evt-20260722_133402,baseline,6,6,5,257.3,0,90,0,90,TRAFFIC,0,0,0,A person is seen walking through the scene carrying an object. The existing waste pile appears unchanged between the first and last frames.,text,1,2826,236,0,0.00032278,5514,
gemma-3-12b:g3,bedrock,gemma-3-12b,g3,evt-20260722_134507,evt-20260722_134507,baseline,9,9,5,253.7,1,95,1,95,DUMPING,1,0,1,"A white van stopped near the existing waste pile. In the final frame, a new pile of trash is visible near the van, indicating material was deposited.",text,1,2826,272,0,0.00033322,5854,
ministral-3-14b:min,bedrock,ministral-3-14b,min,evt-20260715_073056,1fcd4f3e-dc8f-468a-8284-13dd6871d86f,fp,31,22,5,310.4,1,95,0,0,DUMPING,0,1,0,"A person appears near the waste pile in the second frame and remains in proximity, interacting with the pile area by crouching and handling objects in the pile between frames 07:30:58 and 07:31:29.",text,1,3133,268,0,0.0006802,4315,
gemma-3-12b:g3,bedrock,gemma-3-12b,g3,evt-20260722_140141,evt-20260722_140141,baseline,10,10,5,257.2,1,95,1,95,DUMPING,0,1,1,A person is seen approaching the existing waste pile and appears to be depositing material onto it. The pile is visibly larger in the last frame compared to the first.,text,1,2826,268,0,0.00033206,6139,
gemma-3-12b:g3,bedrock,gemma-3-12b,g3,evt-20260722_130757,evt-20260722_130757,baseline,16,16,5,251.2,1,95,1,95,DUMPING,0,1,1,A person is seen walking towards the existing waste pile and appears to be depositing something into it. The pile is visibly larger in the last frame compared to the first.,text,1,2826,276,0,0.00033438,11187,
ministral-3-14b:min,bedrock,ministral-3-14b,min,evt-20260715_090305,364e7028-8796-4afb-8baa-867211e2c46e,indefinido,24,24,5,291.6,1,95,1,95,DUMPING,1,1,1,"Two individuals approach and interact with the waste pile between frames 09:03:13 and 09:03:38, with one person visibly handling material near the pile in the last frame. The pile's shape and surrounding ground appear altered by the end of the sequence.",text,1,3133,283,0,0.0006832,4011,
ministral-3-14b:min,bedrock,ministral-3-14b,min,evt-20260715_104302,bae1b1c9-b5e4-403d-b776-c9bf1344ebb5,fp,39,24,5,283.3,1,95,1,95,DUMPING,1,1,0,"A person on a motorcycle arrives near the pile, dismounts, and interacts with the waste pile between frames 10:43:10 and 10:43:39, while another person approaches the pile area in the same timeframe.",text,1,3133,283,0,0.0006832,4953,
ministral-3-14b:min,bedrock,ministral-3-14b,min,evt-20260715_111559,62c05db9-808b-4523-8dc1-0091bf3f4e29,indefinido,32,24,5,281.8,1,95,0,0,DUMPING,1,0,0,"A green delivery van (FRETE) arrives and parks near the pre-existing waste pile between frames, remaining stationary in subsequent images. The pile itself does not visibly change, but the vehicle's presence and proximity to the pile area indicate interaction.",text,1,3133,245,0,0.0006756,4300,
ministral-3-14b:min,bedrock,ministral-3-14b,min,evt-20260715_114547,19c03464-1bc3-40f9-a666-bb0597d36d87,indefinido,26,25,5,288.4,1,99,1,99,DUMPING,1,1,1,"A person near the green delivery truck repeatedly interacts with the pile, crouching and handling materials between frames 11:45:50 and 11:46:15, while the pile visibly changes shape and size. The truck remains stationary throughout.",text,1,3133,284,0,0.0006834,4617,
ministral-3-14b:min,bedrock,ministral-3-14b,min,evt-20260715_120735,5785e3d6-f2ef-4ae5-ad0b-e3a6a8214c74,fp,31,25,5,287.9,1,95,1,95,DUMPING,1,1,1,"A person moves near the pile in frames 2-4, and the green delivery truck remains stationary beside the pile throughout. The pile appears to increase in size and volume between the first and last frame, indicating new material was added.",text,1,3133,259,0,0.0006784,3725,
ministral-3-14b:min,bedrock,ministral-3-14b,min,evt-20260715_123608,9014a36e-7c1b-460a-8f3a-f07514937914,fp,17,17,5,281.2,1,95,1,95,DUMPING,1,1,1,"A person appears near the pile in the second frame, handling material, and a motorcycle arrives in the final frame. The pile visibly changes shape and size between the first and last frames, indicating new material was added.",text,1,3133,258,0,0.0006782,3594,
ministral-3-14b:min,bedrock,ministral-3-14b,min,evt-20260715_165230,3da2f5d5-808b-4f99-9ecb-6d3272e918c3,tp,85,26,5,270.4,1,95,1,95,DUMPING,1,1,1,"A white van arrives and stops near the pile, and multiple individuals approach, interact with, and appear to deposit or rearrange materials in the waste pile area between frames. The pile visibly changes shape and size.",text,1,3133,267,0,0.00068,3800,
ministral-3-14b:min,bedrock,ministral-3-14b,min,evt-20260715_165556,3da2f5d5-808b-4f99-9ecb-6d3272e918c3,tp,86,26,5,267.2,1,95,1,95,DUMPING,1,1,1,"Two individuals near the pile in frames 3 and 4 appear to be handling or depositing material, with a motorcycle parked nearby. The pile's shape and composition show visible changes between first and last frames.",text,1,3133,258,0,0.0006782,3699,
ministral-3-14b:min,bedrock,ministral-3-14b,min,evt-20260715_125447,67dae9c1-1df3-400b-9742-ef02bd812c30,fp,52,25,5,278.8,1,95,0,0,DUMPING,0,1,0,"A person appears near the pile in the third frame (12:55:22) and remains in proximity, moving toward and interacting with the waste pile area in subsequent frames. The individual is partially obscured but clearly heading toward the pile, indicating interaction.",text,1,3133,258,0,0.0006782,4572,
ministral-3-14b:min,bedrock,ministral-3-14b,min,evt-20260715_181023,21c0edc7-5cc2-4d43-874f-45bae153a088,tp,81,32,5,262.3,1,95,1,95,DUMPING,1,1,1,"A person interacts with a blue animal-drawn cart near the waste pile, unloading or handling materials in frames 2-5. The pile visibly changes shape and size between the first and last frame, indicating new material deposition.",text,1,3133,264,0,0.0006794,3382,
ministral-3-14b:min,bedrock,ministral-3-14b,min,evt-20260715_181251,21c0edc7-5cc2-4d43-874f-45bae153a088,tp,81,32,5,262.9,1,99,1,99,DUMPING,1,1,1,"A person interacts with a blue cart near the waste pile in all frames, visibly depositing or organizing materials on the ground. The pile size and composition appear to change between the first and last frame, indicating active handling of waste.",text,1,3133,293,0,0.0006852,4758,
ministral-3-14b:min,bedrock,ministral-3-14b,min,evt-20260715_181611,21c0edc7-5cc2-4d43-874f-45bae153a088,tp,70,32,5,266.5,1,99,1,99,DUMPING,1,1,1,"A person is actively unloading and depositing materials from a blue cart near the waste pile in all frames, with visible changes in the pile's shape and composition over time. The cart remains stationary throughout the sequence.",text,1,3133,258,0,0.0006782,3914,
ministral-3-14b:min,bedrock,ministral-3-14b,min,evt-20260716_012139,56e59ca0-63ff-4cae-9f35-c10291ef1055,fp,106,30,5,270.2,1,95,0,0,DUMPING,1,0,0,"A vehicle (orange) stops beside the pre-existing waste pile in the second frame and remains stationary for the duration of the sequence, indicating interaction with the pile/curb area.",text,1,3133,226,0,0.0006718,3634,
ministral-3-14b:min,bedrock,ministral-3-14b,min,evt-20260715_191603,bc95bd66-efbb-4ede-8672-7b5459524a34,indefinido,20,20,5,292.6,1,95,1,95,DUMPING,1,1,1,"A vehicle with headlights on stops near the pile in frame 19:16:08 and remains stationary. A person appears near the pile in frame 19:16:15, handling material and depositing it into the waste pile, visible until frame 19:16:27.",text,1,3133,290,0,0.0006846,4076,
ministral-3-14b:min,bedrock,ministral-3-14b,min,evt-20260715_222047,839bee07-649b-427c-9168-ed534d3a67f0,tp,27,27,5,271.7,1,95,0,0,DUMPING,0,1,0,"A person is seen interacting with the waste pile in the curb area, crouching and handling materials between frames 22:20:37 and 22:21:17, with clear movement toward and within the pile.",text,1,3133,260,0,0.0006786,4216,
ministral-3-14b:min,bedrock,ministral-3-14b,min,evt-20260716_094309,05f711f0-da69-4d42-8318-39637baca2b4,fp,21,21,5,284.4,1,95,0,0,DUMPING,0,1,0,"A person is seen moving near the pile of litter in frames 2 and 3, appearing to interact with or sort through the waste, with no vehicle present.",text,1,3133,264,0,0.0006794,4121,
ministral-3-14b:min,bedrock,ministral-3-14b,min,evt-20260716_123920,132e7692-e530-44e2-8d52-da564b5c61c8,fp,91,26,5,288.5,1,95,0,0,DUMPING,0,1,0,"A person in a purple hat and dark clothing appears in the mid-frames (12:39:38) near the waste pile, holding an object, and moves toward the pile area. The person is not visible in the initial frame (12:37:07) or the final frame (12:41:16), but their presence and movement near the pile indicate inte",text,1,3133,313,0,0.0006892,3243,
ministral-3-14b:min,bedrock,ministral-3-14b,min,evt-20260716_123717,132e7692-e530-44e2-8d52-da564b5c61c8,fp,100,26,5,286.1,1,95,1,95,DUMPING,0,1,1,"A person in the first frame is carrying green vegetation and appears to deposit it near the pre-existing waste pile in subsequent frames. The pile visibly grows in size and shape between the first and last frames, indicating new material was added.",text,1,3133,269,0,0.0006804,4309,
ministral-3-14b:min,bedrock,ministral-3-14b,min,evt-20260716_151227,caebb65d-f99b-469f-9067-208285e527df,fp,76,24,5,331.2,1,95,1,95,DUMPING,1,1,1,"A person appears in frame 4 (15:14:26) near the pile, standing close to the orange cart and the waste area. The cart remains stationary throughout, and the pile appears to have slight changes in material distribution between the first and last frames.",text,1,3133,262,0,0.000679,4261,
ministral-3-14b:min,bedrock,ministral-3-14b,min,evt-20260716_152303,caebb65d-f99b-469f-9067-208285e527df,fp,86,24,5,331.9,1,99,1,99,DUMPING,1,1,1,"A person interacts with an orange cart near the waste pile, visibly depositing or rearranging materials in frames 2-5. The pile's shape and surrounding ground material visibly change between first and last frames.",text,1,3133,263,0,0.0006792,4176,
ministral-3-14b:min,bedrock,ministral-3-14b,min,evt-20260716_153511,caebb65d-f99b-469f-9067-208285e527df,fp,89,24,5,326.2,1,99,1,99,DUMPING,1,1,1,"Two individuals interact with the waste pile and an orange cart between frames. One person crouches and handles materials near the pile, while the cart remains stationary beside it. The pile visibly changes shape and size, indicating active material handling.",text,1,3133,274,0,0.0006814,4274,
ministral-3-14b:min,bedrock,ministral-3-14b,min,evt-20260716_161144,caebb65d-f99b-469f-9067-208285e527df,fp,80,25,5,311.6,1,95,1,95,DUMPING,1,1,1,"Two individuals interact with the waste pile near the orange cart between 16:12:05 and 16:13:39, with one person carrying objects and another appearing to handle or discard material near the pile.",text,1,3133,259,0,0.0006784,4135,
ministral-3-14b:min,bedrock,ministral-3-14b,min,evt-20260716_170619,9107890c-7b08-43bf-849c-7de1abccef6a,tp,84,27,5,280.1,1,95,1,95,DUMPING,1,1,1,"A person interacts with a cart near the pile, moving objects between frames 2 and 4, while a white van remains stationary beside the waste area. The pile's shape and surrounding ground material visibly change between the first and last frames.",text,1,3133,262,0,0.000679,4069,
ministral-3-14b:min,bedrock,ministral-3-14b,min,evt-20260716_170433,ed0b1eb9-3439-4848-8a93-38e309715839,fp,72,27,5,275.3,1,95,1,95,DUMPING,1,1,1,"A person near the pile in frames 2-4 appears to be handling or depositing material, and the pile's shape and composition change between the first and last frames. The white van remains stationary throughout.",text,1,3133,261,0,0.0006788,4531,
ministral-3-14b:min,bedrock,ministral-3-14b,min,evt-20260716_165803,ed0b1eb9-3439-4848-8a93-38e309715839,fp,81,27,5,276.3,1,95,1,95,DUMPING,1,1,1,"A white utility van remains stationary near the waste pile across all frames. Multiple individuals interact with the pile, including one person crouching and handling materials in the pile area, and another person appearing to sort or discard items. The pile visibly changes shape and size between th",text,1,3133,314,0,0.0006894,5185,
ministral-3-14b:min,bedrock,ministral-3-14b,min,evt-20260716_170823,9107890c-7b08-43bf-849c-7de1abccef6a,tp,91,27,5,278.3,1,95,1,95,DUMPING,1,1,1,"A white van is parked near the pile in the first frame, and a person is seen handling material near the pile area. By the final frame, the pile appears larger and more disorganized, indicating new material was added or rearranged.",text,1,3133,265,0,0.0006796,3409,
ministral-3-14b:min,bedrock,ministral-3-14b,min,evt-20260716_175905,f3c41d66-5fcb-444f-adb1-9001a21bb359,fp,107,46,5,206.8,1,95,1,95,DUMPING,1,1,1,"A person on a bicycle interacts with the pile area, stopping and dismounting near the waste pile between frames 17:56:53 and 18:01:02. The pile appears to change shape and size, and a cart is parked near the area in the final frame.",text,1,3133,277,0,0.000682,3479,
ministral-3-14b:min,bedrock,ministral-3-14b,min,evt-20260716_183233,eea58cf7-35b4-4d76-8211-af741571e5bd,fp,108,44,5,204.6,1,95,0,0,DUMPING,0,1,0,"A person appears near the pile area in the final frame (18:34:30), moving through the waste pile, suggesting interaction with the littered zone. The pile itself remains visually similar, but the presence of the person indicates activity.",text,1,3133,252,0,0.000677,2735,
ministral-3-14b:min,bedrock,ministral-3-14b,min,evt-20260717_131804,781cd838-85f9-493f-83ad-45c55a6b3d89,fp,53,27,5,278.5,1,95,0,0,DUMPING,0,1,0,"A person appears in the final frame (13:21:08) near the pile, handling a bicycle and interacting with the waste area, while no such activity is visible in the initial frame (13:18:09).",text,1,3133,303,0,0.0006872,3261,
ministral-3-14b:min,bedrock,ministral-3-14b,min,evt-20260717_154354,99a55c6f-36a5-4a6a-b0f1-c2eb848dc9b9,fp,33,26,5,282.8,1,95,0,0,DUMPING,0,1,0,"A person is seen in frames 3 and 4 carrying a bag, approaching and interacting with the litter pile area, suggesting handling or sorting of waste. The pile itself remains visually unchanged, but the person’s actions indicate interaction with the waste zone.",text,1,3133,237,0,0.000674,3374,
ministral-3-14b:min,bedrock,ministral-3-14b,min,evt-20260717_163744,4620bce5-7d28-47e9-9e4b-4bb40c3cc92b,tp,72,26,5,289.9,1,99,1,99,DUMPING,1,1,1,"A white vehicle is parked near the waste pile, and three individuals in green uniforms are actively handling and depositing large branches and other materials onto the pile between frames. The pile visibly grows in size and changes shape.",text,1,3133,260,0,0.0006786,3673,
ministral-3-14b:min,bedrock,ministral-3-14b,min,evt-20260717_163625,4620bce5-7d28-47e9-9e4b-4bb40c3cc92b,tp,54,26,5,282.5,1,99,1,99,DUMPING,1,1,1,"A vehicle arrives loaded with green vegetation bundles and two individuals unload and place the material near the pre-existing waste pile, visibly interacting with the pile area between frames 16:36:33 and 16:37:35.",text,1,3133,291,0,0.0006848,4772,
ministral-3-14b:min,bedrock,ministral-3-14b,min,evt-20260717_170115,561d3021-99f3-4731-8727-1773c20e0e83,tp,91,26,5,296.3,1,99,1,99,DUMPING,1,1,1,"Two individuals interact with a large orange cart loaded with waste near the pile, unloading and depositing materials directly onto the existing litter pile between frames 17:01:38 and 17:03:15. The pile visibly grows in size and new waste items appear on the ground.",text,1,3133,286,0,0.0006838,3589,
ministral-3-14b:min,bedrock,ministral-3-14b,min,evt-20260717_170823,561d3021-99f3-4731-8727-1773c20e0e83,tp,101,26,5,299.8,1,99,1,99,DUMPING,1,1,1,"A person using a cart interacts with the pile, unloading and handling multiple bags and boxes near the waste pile between 17:08:17 and 17:10:22. The pile visibly grows in size and new materials appear on the ground.",text,1,3133,300,0,0.0006866,4436,
ministral-3-14b:min,bedrock,ministral-3-14b,min,evt-20260717_171512,78663961-ee5c-45a7-966f-ec34b748dc65,fp,86,26,5,299.8,1,99,1,99,DUMPING,1,1,1,"A person interacts with a stationary orange animal-drawn cart loaded with bags near the waste pile, visibly depositing or handling materials onto the pile between 17:15:06 and 17:17:12. The pile visibly grows in size and new waste appears on the ground.",text,1,3133,286,0,0.0006838,4241,
ministral-3-14b:min,bedrock,ministral-3-14b,min,evt-20260717_173848,9865cc4c-2ddd-47bb-b32f-0a82a15a3644,tp,80,32,5,267.5,1,99,1,99,DUMPING,1,1,1,"A white vehicle arrives and stops near the pile, with multiple people unloading and depositing materials directly onto the existing waste pile between 17:38:38 and 17:40:47. The pile visibly grows in size and new objects are placed on it.",text,1,3133,303,0,0.0006872,3166,
ministral-3-14b:min,bedrock,ministral-3-14b,min,evt-20260717_180936,1d04290a-962c-497e-8f0c-a2816ac7be5a,tp,66,45,5,220.0,1,95,1,95,DUMPING,0,1,1,"Between 18:05:16 and 18:11:34, three individuals interact with the pile: one crouches near it (18:10:01), another appears to move or place material (18:10:33), and a third stands close to the pile (18:11:34). The pile visibly changes shape and size, indicating new material was added.",text,1,3133,304,0,0.0006874,3940,
ministral-3-14b:min,bedrock,ministral-3-14b,min,evt-20260717_201306,9a4aef17-b231-46a4-ada9-497e77007fec,fp,62,44,5,235.4,1,99,1,99,DUMPING,1,1,1,"Multiple individuals interact with the waste pile across all frames, using tools to manipulate and burn materials. The pile visibly changes shape and size, with new debris and smoke present in the final frame.",text,1,3133,256,0,0.0006778,4078,
ministral-3-14b:min,bedrock,ministral-3-14b,min,evt-20260718_074821,635f7de2-0919-4366-8255-d40fcfa791ae,fp,16,16,5,306.6,1,95,1,95,DUMPING,1,1,0,"A person appears near the pile in the second frame (07:48:21), moves toward it, and is visible interacting with the waste area in subsequent frames. The cart remains stationary throughout the sequence.",text,1,3133,260,0,0.0006786,3202,
ministral-3-14b:min,bedrock,ministral-3-14b,min,evt-20260718_074618,635f7de2-0919-4366-8255-d40fcfa791ae,fp,100,24,5,306.6,1,99,1,99,DUMPING,1,1,1,"Multiple individuals interact with the waste pile: a person near the cart in frame 2, others approaching and handling materials in frames 3-5. The pile visibly changes shape and size, indicating active material deposition.",text,1,3133,255,0,0.0006776,3661,
ministral-3-14b:min,bedrock,ministral-3-14b,min,evt-20260718_074955,635f7de2-0919-4366-8255-d40fcfa791ae,fp,94,24,5,303.8,1,99,1,99,DUMPING,1,1,1,"A person in yellow protective clothing and another individual move near the waste pile, handling and placing objects (including a yellow container) close to the pile area between frames. The pile visibly changes shape and size, indicating interaction with the waste.",text,1,3133,287,0,0.000684,4343,
ministral-3-14b:min,bedrock,ministral-3-14b,min,evt-20260718_120030,015a7bc3-dec0-431c-bf06-3bc5a52f4b1b,tp,18,18,5,268.5,1,99,1,99,DUMPING,0,1,1,"A person interacts with the pile in all frames, handling materials (e.g., cardboard, plastic bags) and placing them near or into the waste pile. A vehicle appears in the mid-frames but does not stop near the pile.",text,1,3133,259,0,0.0006784,3054,
ministral-3-14b:min,bedrock,ministral-3-14b,min,evt-20260718_115346,015a7bc3-dec0-431c-bf06-3bc5a52f4b1b,tp,32,32,5,269.5,1,99,1,99,DUMPING,1,1,1,"A white pickup truck is parked near the waste pile, and two individuals unload and handle materials (e.g., cardboard boxes, plastic bags) directly onto the pile and ground between frames. The pile visibly grows and changes shape.",text,1,3133,278,0,0.0006822,3293,
ministral-3-14b:min,bedrock,ministral-3-14b,min,evt-20260718_212040,81624eeb-20f4-4805-ae4b-9ff61dc44463,tp,32,32,5,172.3,1,99,1,99,DUMPING,1,1,1,"A vehicle parked near the pile area with two individuals unloading and depositing large cardboard boxes and other materials onto the ground, visibly increasing the pile size and altering the ground appearance between frames.",text,1,3133,250,0,0.0006766,2923,
ministral-3-14b:min,bedrock,ministral-3-14b,min,evt-20260718_190242,617caa9b-706d-4d0b-b597-8489b3cb5949,fp,22,22,5,197.7,1,95,1,95,DUMPING,0,1,1,"A person is visible near the pile in frames starting from 19:03:12, interacting with the waste by crouching and handling materials, causing visible changes in the pile's shape and composition. The pile appears larger and more disturbed in the final frame compared to the initial frame.",text,1,3133,272,0,0.000681,3803,
ministral-3-14b:min,bedrock,ministral-3-14b,min,evt-20260718_212254,81624eeb-20f4-4805-ae4b-9ff61dc44463,tp,32,32,5,168.4,1,99,1,99,DUMPING,1,1,1,"A vehicle is parked near the pile, and multiple individuals are actively handling and depositing large amounts of waste (likely cardboard and other debris) onto the pile between the first and last frames.",text,1,3133,259,0,0.0006784,2857,
ministral-3-14b:min,bedrock,ministral-3-14b,min,evt-20260718_214234,2ec16c89-23e2-43de-af31-a9f7022725c6,tp,32,32,5,170.2,1,95,0,0,DUMPING,0,1,0,"Two individuals near the pile in the first frame; one person in the final frame appears to be interacting with the pile area, holding a stick or object while standing close to it, suggesting engagement with the waste pile.",text,1,3133,253,0,0.0006772,2831,
ministral-3-14b:min,bedrock,ministral-3-14b,min,evt-20260718_215920,8c88aeca-a902-4d39-b872-7c5cdd4cc592,tp,28,28,5,186.6,1,95,1,95,DUMPING,1,1,0,"A vehicle stops near the pile in the final frame, and a person opens the trunk and interacts with the pile area, suggesting material handling.",text,1,3133,257,0,0.000678,2996,
ministral-3-14b:min,bedrock,ministral-3-14b,min,evt-20260718_220134,8c88aeca-a902-4d39-b872-7c5cdd4cc592,tp,8,8,5,177.0,1,99,1,99,DUMPING,1,1,1,"A vehicle is parked beside the pile, and two individuals are actively handling and depositing large cardboard boxes and other debris near the pile area across all frames.",text,1,3133,239,0,0.0006744,3119,
ministral-3-14b:min,bedrock,ministral-3-14b,min,evt-20260719_061410,1d022e1e-cc67-4054-8707-80efb834459c,indefinido,7,7,5,277.4,1,95,0,0,DUMPING,0,1,0,"A person on a bicycle approaches and stops near the pile, bending down and interacting with the waste area between frames 002 and 004, suggesting handling or searching through the litter.",text,1,3133,259,0,0.0006784,3682,
ministral-3-14b:min,bedrock,ministral-3-14b,min,evt-20260719_221320,003e3ccb-f28b-42ec-93c6-c9e939005417,fp,23,23,5,170.3,1,95,1,95,DUMPING,1,0,1,"A vehicle (SUV) stops near the pile in frame 2026-07-19_22-14-13-297664-001.jpg, with headlights on, and remains stationary in subsequent frames. The pile area shows new debris scattered near the vehicle's rear, indicating interaction with the waste pile.",text,1,3133,314,0,0.0006894,3079,
ministral-3-14b:min,bedrock,ministral-3-14b,min,evt-20260719_181200,50922e6c-4bb4-4906-83ae-89c8cffa6701,indefinido,17,17,5,168.6,1,95,1,95,DUMPING,1,1,1,"A person interacts with a cart loaded with waste, unloading or handling material near the pile in frames 1-3, and the cart remains stationary beside the pile. The pile area visibly changes between first and last frames, indicating material redistribution or addition.",text,1,3133,263,0,0.0006792,3661,
ministral-3-14b:min,bedrock,ministral-3-14b,min,evt-20260719_081140,280fa5be-76dc-430a-811f-8049b8cf42c1,indefinido,32,32,5,244.0,1,99,1,99,DUMPING,0,1,1,"A person interacts with large white bags near the waste pile in frames 2-4, placing or handling material directly on the pile area. The pile visibly changes shape and size between the first and last frames.",text,1,3133,253,0,0.0006772,4311,
ministral-3-14b:min,bedrock,ministral-3-14b,min,evt-20260720_102349,b6b91f37-160f-42b0-9b7e-c63d499fa832,indefinido,32,32,5,245.9,1,95,1,95,DUMPING,1,0,1,"A black pickup truck arrives and parks near the waste pile between frames, and a white truck with '30 anos' text appears in the background. The pile visibly grows in size and new debris is scattered on the ground near the pile in the final frame.",text,1,3133,266,0,0.0006798,3967,
ministral-3-14b:min,bedrock,ministral-3-14b,min,evt-20260720_111909,3e066f19-76ff-42c6-86ad-5bd265b96a97,tp,32,32,5,246.4,1,95,1,95,DUMPING,1,1,0,"A person in yellow shirt approaches and stands near the pile of waste between frames 11:19:42 and 11:20:42, while a green vehicle remains stationary beside the pile throughout the sequence. The person appears to interact with the waste area, though no new material is visibly added or removed.",text,1,3133,278,0,0.0006822,4198,
ministral-3-14b:min,bedrock,ministral-3-14b,min,evt-20260720_112125,3e066f19-76ff-42c6-86ad-5bd265b96a97,tp,32,32,5,259.9,1,99,1,99,DUMPING,1,1,1,"A green animal-drawn cart remains stationary beside the pile from the first to the last frame, with two individuals actively handling and unloading materials onto the pile in all mid-window frames. The pile visibly grows in size and changes shape between the first and last frames.",text,1,3133,278,0,0.0006822,3961,
ministral-3-14b:min,bedrock,ministral-3-14b,min,evt-20260720_112330,3e066f19-76ff-42c6-86ad-5bd265b96a97,tp,32,32,5,256.0,1,99,1,99,DUMPING,1,1,1,"A green cart is stationary near the pile from the second frame onward, and two individuals interact with it, handling materials and depositing objects near the waste pile between frames 2 and 4. The pile visibly changes shape and size, indicating new material was added.",text,1,3133,267,0,0.00068,4062,
ministral-3-14b:min,bedrock,ministral-3-14b,min,evt-20260720_112538,3e066f19-76ff-42c6-86ad-5bd265b96a97,tp,16,16,5,246.2,1,99,1,99,DUMPING,1,1,1,"A person in a red shirt and helmet interacts with a green cart near the pile, unloading or handling materials in the first frame. By the final frame, the pile appears larger and more scattered, indicating new material was deposited or moved.",text,1,3133,258,0,0.0006782,4410,
ministral-3-14b:min,bedrock,ministral-3-14b,min,evt-20260720_153259,3fbe69f7-6460-4d36-a583-e613dcff98b4,tp,32,32,5,250.5,1,99,1,99,DUMPING,1,1,1,"A cart loaded with tires and other materials is stationary near the pile from the second frame onward, and multiple people interact with the cart and the pile area, including one person crouching and handling objects near the waste pile. The pile visibly changes shape and size between the first and ",text,1,3133,276,0,0.0006818,4690,
ministral-3-14b:min,bedrock,ministral-3-14b,min,evt-20260720_153503,3fbe69f7-6460-4d36-a583-e613dcff98b4,tp,32,32,5,255.1,1,99,1,99,DUMPING,1,1,1,"A group of people interacts with a cart loaded with tires and other materials near the pile, with one person visibly depositing or handling waste on the ground. The pile visibly changes between frames, and new objects appear near it.",text,1,3133,272,0,0.000681,3784,
ministral-3-14b:min,bedrock,ministral-3-14b,min,evt-20260720_153841,3fbe69f7-6460-4d36-a583-e613dcff98b4,tp,31,31,5,251.5,1,99,1,99,DUMPING,1,1,1,"A cart loaded with tires and other materials is stationary near the pile, and multiple people are actively handling and depositing objects into or near the waste pile across all frames. The pile visibly grows and changes shape between the first and last frame.",text,1,3133,267,0,0.00068,4187,
ministral-3-14b:min,bedrock,ministral-3-14b,min,evt-20260720_182833,ebbf809c-5d5e-4149-a8ce-336b9b97252b,indefinido,23,23,5,179.3,1,95,0,0,DUMPING,0,1,0,"Two individuals approach and interact near the pile area in frames 2026-07-20_18-29-26 and 2026-07-20_18-29-52, with one person bending down and both standing close to the pile, indicating interaction with the waste area.",text,1,3133,285,0,0.0006836,3732,
ministral-3-14b:min,bedrock,ministral-3-14b,min,evt-20260720_183437,ebbf809c-5d5e-4149-a8ce-336b9b97252b,indefinido,13,13,5,172.3,1,95,0,0,DUMPING,0,1,0,"A person with a flashlight approaches and interacts with the pile area between frames 18:34:40 and 18:34:52, crouching or bending near the waste pile, then moves away by 18:35:16.",text,1,3133,276,0,0.0006818,4188,
ministral-3-14b:min,bedrock,ministral-3-14b,min,evt-20260721_005751,a7e3011f-d68a-4d6d-a451-c7d1fac89f96,tp,32,32,5,188.3,1,95,1,95,DUMPING,1,1,1,"A person is seen near the pile in frames 3 and 4, handling material and depositing it on the ground. The white SUV remains stationary beside the pile throughout the sequence, and the pile visibly changes shape and size between the first and last frames.",text,1,3133,253,0,0.0006772,2917,
ministral-3-14b:min,bedrock,ministral-3-14b,min,evt-20260720_193207,95947cb7-11a8-4662-be4e-ed7daec78d65,fp,22,22,5,170.2,1,95,1,95,DUMPING,1,1,0,"A vehicle stopped near the pile in the first frame, and a person exits the vehicle and moves toward the pile area, interacting with it in subsequent frames. The person is partially obscured by the vehicle's headlights but clearly heads toward the pile.",text,1,3133,249,0,0.0006764,3444,
ministral-3-14b:min,bedrock,ministral-3-14b,min,evt-20260721_073733,cdb6f7c6-f2d5-450d-aeff-81dbf8d059e1,fp,8,8,5,246.4,1,95,1,95,DUMPING,1,0,1,"A white truck with an open cargo bed is stationary beside the waste pile in the second frame, and the pile appears larger and more compacted in the final frame compared to the initial frame, indicating material was added or rearranged.",text,1,3133,272,0,0.000681,3947,
ministral-3-14b:min,bedrock,ministral-3-14b,min,evt-20260721_083339,186b4b3a-025a-4d9c-9102-ce0517316da7,tp,13,13,5,245.9,1,95,1,95,DUMPING,1,1,0,"A person interacts with the waste pile near a parked vehicle between frames, leaning over the pile in the final frame, suggesting handling or searching through the litter.",text,1,3133,246,0,0.0006758,4162,
ministral-3-14b:min,bedrock,ministral-3-14b,min,evt-20260721_083429,186b4b3a-025a-4d9c-9102-ce0517316da7,tp,17,17,5,247.0,1,99,1,99,DUMPING,1,1,1,"A vehicle is parked near the waste pile, and a person is seen repeatedly bending and handling material near the pile between frames. Another person appears in the final frame carrying an object, suggesting active interaction with the waste area.",text,1,3133,286,0,0.0006838,4274,
ministral-3-14b:min,bedrock,ministral-3-14b,min,evt-20260721_083549,186b4b3a-025a-4d9c-9102-ce0517316da7,tp,6,6,5,249.0,1,99,1,99,DUMPING,1,1,1,"A person near a parked vehicle repeatedly interacts with the waste pile, handling and depositing material between frames 08:35:36 and 08:36:00. The pile visibly grows in size and changes shape.",text,1,3133,271,0,0.0006808,3803,
ministral-3-14b:min,bedrock,ministral-3-14b,min,evt-20260721_104317,f7974b62-c4a4-493a-a861-44c901b9033d,indefinido,19,19,5,270.2,1,99,1,99,DUMPING,1,1,1,"A red truck remains stationary beside the waste pile across all frames. A person appears in frames 3-5, crouching and handling material near the pile, visibly interacting with the waste. The pile's shape and ground material near the truck change between first and last frames, indicating new debris o",text,1,3133,272,0,0.000681,5099,
ministral-3-14b:min,bedrock,ministral-3-14b,min,evt-20260721_104455,f7974b62-c4a4-493a-a861-44c901b9033d,indefinido,32,32,5,270.9,1,99,1,99,DUMPING,1,1,1,"A red truck is stationary near the waste pile across all frames. A person is visible in the first frame unloading material from the truck bed, and the pile appears to grow in size and volume between the first and last frames.",text,1,3133,269,0,0.0006804,4201,
ministral-3-14b:min,bedrock,ministral-3-14b,min,evt-20260721_104915,f7974b62-c4a4-493a-a861-44c901b9033d,indefinido,22,22,5,275.8,1,95,1,95,DUMPING,1,1,1,"A red truck is stationary beside the waste pile across all frames, with a person visible in the truck bed handling material. The pile appears to increase in size and volume near the truck, indicating material is being deposited or rearranged.",text,1,3133,258,0,0.0006782,4574,
ministral-3-14b:min,bedrock,ministral-3-14b,min,evt-20260721_161751,168c6958-45e6-4f0d-a8bf-2c24672e1e64,fp,11,11,5,240.3,1,95,0,0,DUMPING,0,1,0,"A person appears near the pile in the second frame, holding a bag and moving toward the waste pile, then interacting with it in subsequent frames. The person remains in proximity to the pile throughout the sequence.",text,1,3133,252,0,0.000677,4140,
ministral-3-14b:min,bedrock,ministral-3-14b,min,evt-20260721_125408,871e3cdd-f2c1-45db-a22c-d09748310639,indefinido,10,10,5,245.7,1,95,1,95,DUMPING,1,1,0,"A silver car stops near the pile in frame 2, and a person near the car appears to interact with the waste pile, while another person rides a bicycle past the area. The pile remains visually similar, but the car's presence and the person's proximity indicate interaction.",text,1,3133,269,0,0.0006804,4282,
ministral-3-14b:min,bedrock,ministral-3-14b,min,evt-20260722_005727,evt-20260722_005727,baseline,32,32,5,142.7,1,95,0,0,DUMPING,0,0,1,"A significant change in the pile area is visible between the first and last frames, with new debris or material appearing and spreading outward, likely due to an external force or disturbance near the pile.",text,1,3133,259,0,0.0006784,3626,
ministral-3-14b:min,bedrock,ministral-3-14b,min,evt-20260722_011328,evt-20260722_011328,baseline,6,6,5,194.0,1,95,0,0,DUMPING,0,1,0,"A person appears in the mid-frames (starting at 01:13:34) near the pile, standing and facing it, suggesting interaction with the waste area. The person remains stationary in the final frame (01:13:38) near the pile.",text,1,3133,280,0,0.0006826,4055,
ministral-3-14b:min,bedrock,ministral-3-14b,min,evt-20260722_013921,evt-20260722_013921,baseline,17,17,5,196.7,0,95,0,95,EMPTY,0,0,0,"No actors (vehicles, people, or animals) are present in any frame, and the pile of litter remains visually unchanged between the first and last frame.",text,1,3133,240,0,0.0006746,4080,
ministral-3-14b:min,bedrock,ministral-3-14b,min,evt-20260722_040321,evt-20260722_040321,baseline,6,6,5,200.9,1,95,0,0,DUMPING,0,1,0,"A person appears near the pile in the third frame (04:03:20) and remains in subsequent frames, standing close to the waste pile, suggesting interaction with the area.",text,1,3133,248,0,0.0006762,3413,
ministral-3-14b:min,bedrock,ministral-3-14b,min,evt-20260722_023152,evt-20260722_023152,baseline,7,7,5,197.5,0,95,0,95,EMPTY,0,0,0,"No actors (vehicles, people, or animals) are present in any frame, and the pile of litter remains visually unchanged between the first and last frame.",text,1,3133,246,0,0.0006758,3825,
ministral-3-14b:min,bedrock,ministral-3-14b,min,evt-20260722_051621,evt-20260722_051621,baseline,8,8,5,250.6,1,95,0,0,DUMPING,0,0,0,"A person on a bicycle rides near the pile area in the second frame, moving through the scene but clearly passing close to the waste pile, indicating interaction with the vicinity of the pile/curb area.",text,1,3133,231,0,0.0006728,3152,
ministral-3-14b:min,bedrock,ministral-3-14b,min,evt-20260722_055939,evt-20260722_055939,baseline,32,32,5,261.3,0,95,0,95,EMPTY,0,0,0,"No actors (vehicles, people, or animals) are present in any frame, and the pile of litter remains visually identical in size, shape, and composition between the first and last frames.",text,1,3133,224,0,0.0006714,3831,
ministral-3-14b:min,bedrock,ministral-3-14b,min,evt-20260722_061645,evt-20260722_061645,baseline,6,6,5,270.5,1,95,0,0,DUMPING,1,0,0,"A motorcycle is stationary near the pile area in frames 002 and 004, positioned close to the waste pile, indicating interaction with the area. The motorcycle's presence and positioning suggest an actor was present, even if not directly visible handling material.",text,1,3133,250,0,0.0006766,3634,
ministral-3-14b:min,bedrock,ministral-3-14b,min,evt-20260722_062940,evt-20260722_062940,baseline,13,13,5,253.8,1,95,0,0,DUMPING,0,1,0,"A person in green shorts and a white shirt appears near the pile in the third frame (2026-07-22_06-30-12-992991-001.jpg) and remains in the vicinity of the pile area in subsequent frames, indicating interaction with the waste pile.",text,1,3133,313,0,0.0006892,4176,
ministral-3-14b:min,bedrock,ministral-3-14b,min,evt-20260722_064704,evt-20260722_064704,baseline,7,7,5,255.1,1,95,0,0,DUMPING,0,1,0,"A person on a bicycle approaches the waste pile in frames 2-4, carrying a bag and stopping near the pile area, suggesting interaction with the litter zone.",text,1,3133,247,0,0.000676,3889,
ministral-3-14b:min,bedrock,ministral-3-14b,min,evt-20260722_070638,evt-20260722_070638,baseline,7,7,5,253.9,0,95,0,95,EMPTY,0,0,0,"No actors (vehicles, people, animals, or carts) are present in any frame, and the pile of litter remains visually identical in size, shape, and composition between the first and last frame.",text,1,3133,265,0,0.0006796,3768,
ministral-3-14b:min,bedrock,ministral-3-14b,min,evt-20260722_071823,evt-20260722_071823,baseline,12,12,5,255.6,1,95,0,0,DUMPING,0,1,0,"A person initially walks near the pile in frame 1, then three individuals approach and stand close to the pile in frame 3, with one person appearing to interact with or inspect the waste area. The pile itself remains visually unchanged, but the presence of people near it indicates interaction.",text,1,3133,244,0,0.0006754,4183,
ministral-3-14b:min,bedrock,ministral-3-14b,min,evt-20260722_080057,evt-20260722_080057,baseline,8,8,5,255.2,0,95,0,95,EMPTY,0,0,0,"No actors (vehicles, people, or animals) are present in any frame, and the pile of litter remains visually identical in size, shape, and composition between the first and last frames.",text,1,3133,249,0,0.0006764,3010,
ministral-3-14b:min,bedrock,ministral-3-14b,min,evt-20260722_073357,evt-20260722_073357,baseline,16,16,5,262.5,1,95,0,0,DUMPING,0,1,0,"A person is seen walking near the pile of litter in the first frame, then crouching or bending over the pile in subsequent frames, suggesting interaction with the waste. The pile itself remains visually similar, but the person’s actions indicate engagement with the area.",text,1,3133,261,0,0.0006788,4511,
ministral-3-14b:min,bedrock,ministral-3-14b,min,evt-20260722_081207,evt-20260722_081207,baseline,19,19,5,267.6,1,95,0,0,DUMPING,1,0,0,"A red truck loaded with large gas cylinders arrives and stops near the pile in the third frame, occupying the curb area and altering the scene dynamics. The truck remains stationary in subsequent frames, indicating interaction with the pile/curb area.",text,1,3133,227,0,0.000672,3540,
ministral-3-14b:min,bedrock,ministral-3-14b,min,evt-20260722_074923,evt-20260722_074923,baseline,6,6,5,264.4,1,95,0,0,DUMPING,0,1,0,"A person walks near the pile in the first frame, then returns with a bag or object in hand, appearing to interact with the pile area in subsequent frames, particularly in the third and fourth images.",text,1,3133,267,0,0.00068,4226,
ministral-3-14b:min,bedrock,ministral-3-14b,min,evt-20260722_084147,evt-20260722_084147,baseline,8,8,5,260.6,1,95,0,0,DUMPING,0,1,0,"Two individuals walk near the pile in frames 2 and 3, with one appearing to interact with or inspect the waste pile area, though no new material is visibly added or removed.",text,1,3133,251,0,0.0006768,2827,
ministral-3-14b:min,bedrock,ministral-3-14b,min,evt-20260722_082852,evt-20260722_082852,baseline,7,7,5,270.2,1,95,0,0,DUMPING,0,1,0,"A person in red shorts (first frame) and later a person in pink (last frame) are present near the pile, with the first individual appearing to interact with the pile area by standing close to it, and the second individual walking near it. The pile itself remains visually unchanged, but the presence ",text,1,3133,263,0,0.0006792,3819,
ministral-3-14b:min,bedrock,ministral-3-14b,min,evt-20260722_091141,evt-20260722_091141,baseline,9,9,5,271.2,1,95,0,0,DUMPING,0,1,0,"A person walks near the pile in all frames, carrying a bag and appearing to interact with the waste area, particularly in the first and last frames where they are closest to the pile.",text,1,3133,251,0,0.0006768,3596,
ministral-3-14b:min,bedrock,ministral-3-14b,min,evt-20260722_092651,evt-20260722_092651,baseline,11,11,5,269.4,1,95,0,0,DUMPING,1,0,0,"A white vehicle (likely a van) stops near the pile of litter between the first and third frames, partially obscuring the pile, and remains stationary in subsequent frames. The pile itself does not visibly change in size or composition, but the vehicle's presence near the pile area constitutes intera",text,1,3133,264,0,0.0006794,3972,
ministral-3-14b:min,bedrock,ministral-3-14b,min,evt-20260722_085748,evt-20260722_085748,baseline,15,15,5,255.7,1,95,0,0,DUMPING,0,1,0,"A person walks near the pile in frame 2026-07-22_08-58-21-106662-002.jpg, appearing to interact with or approach the waste pile area, while a motorcyclist is stationary nearby in the same frame.",text,1,3133,290,0,0.0006846,4908,
ministral-3-14b:min,bedrock,ministral-3-14b,min,evt-20260722_094347,evt-20260722_094347,baseline,10,10,5,270.2,1,95,0,0,DUMPING,1,0,0,"A motorcycle with a rider stops near the pile area in the third frame (2026-07-22_09-44-20-835165-002.jpg) and remains stationary in the fourth frame (2026-07-22_09-44-20-835567-004.jpg), indicating interaction with the pile/curb area.",text,1,3133,292,0,0.000685,4179,
ministral-3-14b:min,bedrock,ministral-3-14b,min,evt-20260722_095851,evt-20260722_095851,baseline,32,32,5,259.2,1,99,1,99,DUMPING,1,1,1,"A person interacts directly with the waste pile across all frames, bending and handling materials. A white car parks near the pile in the fourth frame, and the pile visibly changes shape and size between the first and last frames.",text,1,3133,281,0,0.0006828,2958,
ministral-3-14b:min,bedrock,ministral-3-14b,min,evt-20260722_094905,5dea8a54-bff5-44c8-91d8-72e4ffda296b,tp,32,32,5,272.5,1,99,1,99,DUMPING,1,1,1,"A person using a cart loaded with waste interacts with the pile, depositing or sorting materials near the curb area across all frames. The pile visibly changes shape and size between the first and last frame.",text,1,3133,253,0,0.0006772,3736,
ministral-3-14b:min,bedrock,ministral-3-14b,min,evt-20260722_103645,evt-20260722_103645,baseline,21,21,5,256.5,1,95,0,0,DUMPING,0,1,0,"Two individuals walk near the pile in the first frame, then a person on a bicycle approaches and stops near the pile area in the mid-frames, appearing to interact with or inspect the waste pile.",text,1,3133,267,0,0.00068,4081,
ministral-3-14b:min,bedrock,ministral-3-14b,min,evt-20260722_101619,evt-20260722_101619,baseline,32,32,5,254.6,1,95,0,0,DUMPING,0,1,0,"A person in a red shirt appears near the pile in frame 2026-07-22_10-17-42, standing close to the waste area, and a dog is seen near the pile in the final frame. The pile itself remains visually unchanged, but the presence of actors near it qualifies as interaction.",text,1,3133,299,0,0.0006864,4350,
ministral-3-14b:min,bedrock,ministral-3-14b,min,evt-20260722_111451,evt-20260722_111451,baseline,10,10,5,253.6,1,95,0,0,DUMPING,1,0,0,"A silver vehicle stops near the pile in frame 3 (11:14:53) and remains stationary until frame 5 (11:15:18), positioned adjacent to the waste pile. No direct handling of material is visible, but the vehicle's presence near the pile constitutes interaction.",text,1,3133,280,0,0.0006826,2676,
ministral-3-14b:min,bedrock,ministral-3-14b,min,evt-20260722_104927,evt-20260722_104927,baseline,10,10,5,255.6,1,95,0,0,DUMPING,0,0,0,"A person appears in frame 2026-07-22_10-49-40-581191-002.jpg and walks near the pile, partially obscured by the waste, suggesting interaction with the area. The pile itself remains visually unchanged, but the presence of the person near it qualifies as interaction.",text,1,3133,278,0,0.0006822,2910,
ministral-3-14b:min,bedrock,ministral-3-14b,min,evt-20260722_110128,evt-20260722_110128,baseline,15,15,5,248.5,1,95,1,95,DUMPING,1,1,0,"A red car stops near the pile in frame 2, and two individuals on foot approach and interact with the waste area, with one person on a bicycle and another walking beside the car. The pile remains visually unchanged, but the interaction near it qualifies as engagement.",text,1,3133,284,0,0.0006834,3275,
ministral-3-14b:min,bedrock,ministral-3-14b,min,evt-20260722_114117,evt-20260722_114117,baseline,9,9,5,255.6,1,95,0,0,DUMPING,0,1,0,"Multiple individuals interact with the waste pile in all frames, with one person in the first frame actively unloading material from a cart near the pile, and others walking around or standing near it. The pile remains visually consistent, but human activity near it is evident.",text,1,3133,269,0,0.0006804,3308,
ministral-3-14b:min,bedrock,ministral-3-14b,min,evt-20260722_112511,evt-20260722_112511,baseline,7,7,5,247.8,1,95,0,0,DUMPING,0,0,0,"A motorcycle rider approaches the pile area in the first frame (11:24:53) and remains stationary near the edge of the waste pile in subsequent frames, with no direct handling of material visible but clear interaction with the area. The pile itself appears unchanged, but the presence of the motorcycl",text,1,3133,255,0,0.0006776,3444,
ministral-3-14b:min,bedrock,ministral-3-14b,min,evt-20260722_115439,evt-20260722_115439,baseline,11,11,5,257.4,1,99,1,99,DUMPING,0,1,1,"A person interacts directly with the waste pile across all frames, handling large bags and depositing material into the pile. The pile visibly changes shape and size between the first and last frame.",text,1,3133,242,0,0.000675,3298,
ministral-3-14b:min,bedrock,ministral-3-14b,min,evt-20260722_115613,ba60b6fd-21dc-468d-9e7b-9271372f7ea2,fp,12,12,5,256.8,1,95,1,95,DUMPING,1,1,0,"Two individuals interact with the pile: one person in frame 3 holds a white bag near the pile, and another person in frame 4 walks away from the pile area while holding an object. A white vehicle is parked near the pile in frames 3 and 4.",text,1,3133,290,0,0.0006846,3838,
ministral-3-14b:min,bedrock,ministral-3-14b,min,evt-20260722_120856,dc0d4026-4cd8-4622-9e63-914f104275de,fp,32,32,5,261.6,1,95,0,0,DUMPING,0,1,0,"A person is seen walking near the pile of litter in the first frame, then crouching and interacting with the waste pile in subsequent frames, particularly between 12:09:18 and 12:10:13, before walking away. The pile itself remains visually similar, but the person’s actions indicate interaction.",text,1,3133,300,0,0.0006866,4620,
ministral-3-14b:min,bedrock,ministral-3-14b,min,evt-20260722_122927,evt-20260722_122927,baseline,14,14,5,261.6,1,95,1,95,DUMPING,1,1,1,"A person interacts with the waste pile in the first frame, and a white van with yellow accents stops beside the pile in subsequent frames. The pile appears to grow in size and new waste is visibly deposited near the curb area.",text,1,3133,253,0,0.0006772,3193,
ministral-3-14b:min,bedrock,ministral-3-14b,min,evt-20260722_121140,evt-20260722_121140,baseline,26,26,5,261.7,1,95,0,0,DUMPING,0,1,0,"Two individuals interact with the waste pile in the mid-frames: one crouches and handles materials near the pile, while another stands nearby. The pile remains visually similar, but the presence of people actively engaging with it confirms interaction.",text,1,3133,259,0,0.0006784,3585,
ministral-3-14b:min,bedrock,ministral-3-14b,min,evt-20260722_124619,766e75eb-6a4f-4d83-b537-ac59dea45165,tp,12,12,5,250.6,1,95,1,95,DUMPING,1,1,0,"A person appears near the pile in frame 3, crouches and interacts with the waste pile in frames 4 and 5, while a white van remains stationary beside the pile throughout the sequence.",text,1,3133,252,0,0.000677,3586,
ministral-3-14b:min,bedrock,ministral-3-14b,min,evt-20260722_124935,evt-20260722_124935,baseline,12,12,5,261.7,1,99,1,99,DUMPING,1,1,1,"A person crouches and interacts directly with the waste pile in frames 2-4, visibly handling and rearranging materials. A bicycle arrives in frame 3, and two individuals walk near the pile in the final frame, indicating ongoing activity.",text,1,3133,281,0,0.0006828,3497,
ministral-3-14b:min,bedrock,ministral-3-14b,min,evt-20260722_130757,evt-20260722_130757,baseline,16,16,5,251.2,1,95,1,95,DUMPING,1,1,0,"A person on a motorcycle approaches the pile in frame 2, then dismounts and walks near the waste area in frames 3-4, while a white van remains parked beside the pile throughout. The pile itself does not visibly change, but the person’s interaction with the area qualifies as interaction.",text,1,3133,288,0,0.0006842,3465,
ministral-3-14b:min,bedrock,ministral-3-14b,min,evt-20260722_133402,evt-20260722_133402,baseline,6,6,5,257.3,1,95,0,0,DUMPING,0,1,0,"A person appears in the final frame walking near the pile, interacting with the area by picking up or moving objects from the litter pile, which was not present in the initial frames.",text,1,3133,241,0,0.0006748,3724,
ministral-3-14b:min,bedrock,ministral-3-14b,min,evt-20260722_140141,evt-20260722_140141,baseline,10,10,5,257.2,1,95,0,0,DUMPING,0,1,0,"A person walks near the pile in the first frame, then in the third frame, another person (child) is seen approaching and interacting with the pile, possibly moving or inspecting items. The pile itself remains visually unchanged, but the presence of the child near it counts as interaction.",text,1,3133,246,0,0.0006758,3023,
ministral-3-14b:min,bedrock,ministral-3-14b,min,evt-20260722_131914,evt-20260722_131914,baseline,7,7,5,256.8,0,95,0,95,EMPTY,0,0,0,"No actors (vehicles, people, or animals) are present in any frame, and the pile of litter remains visually identical in size, shape, and composition between the first and last frame.",text,1,3133,280,0,0.0006826,4294,
ministral-3-14b:min,bedrock,ministral-3-14b,min,evt-20260722_134507,evt-20260722_134507,baseline,9,9,5,253.7,1,95,0,0,DUMPING,1,0,0,"A white vehicle is parked near the pile area in frames 2-5, remaining stationary and positioned close to the waste pile, indicating interaction with the location.",text,1,3133,222,0,0.000671,3749,
ministral-3-14b:g3,bedrock,ministral-3-14b,g3,evt-20260714_220153,88f4aa05-bb52-4af9-88a1-b7c4ad21630f,fp,27,27,5,258.4,1,95,1,95,DUMPING,1,1,1,"A motorcycle stopped near the waste pile at 22:01:57, and a person dismounted, handling material near the pile. The pile visibly grew between first and last frames, with new debris added.",text,1,3075,282,0,0.0006714,4708,
ministral-3-14b:g3,bedrock,ministral-3-14b,g3,evt-20260715_090236,364e7028-8796-4afb-8baa-867211e2c46e,indefinido,15,15,5,291.1,1,95,1,95,DUMPING,0,1,1,"A person is seen walking toward and interacting with the waste pile, depositing additional materials (likely cardboard and plastic) in the last frame, visibly increasing the pile size.",text,1,3075,300,0,0.000675,3412,
ministral-3-14b:g3,bedrock,ministral-3-14b,g3,evt-20260715_073056,1fcd4f3e-dc8f-468a-8284-13dd6871d86f,fp,31,22,5,310.4,1,98,1,98,DUMPING,0,1,1,"A person approaches and interacts with the pre-existing waste pile, visibly adding material to it over the sequence. The pile grows in size and density between first and last frames.",text,1,3075,293,0,0.0006736,4227,
ministral-3-14b:g3,bedrock,ministral-3-14b,g3,evt-20260715_090305,364e7028-8796-4afb-8baa-867211e2c46e,indefinido,24,24,5,291.6,,,,,,,,,,text,0,3075,328,0,0.0006806,4373,sem JSON na resposta (stop=end_turn)
ministral-3-14b:g3,bedrock,ministral-3-14b,g3,evt-20260715_085108,2a7571b8-d7ed-4e92-94a6-97cc13f2d3f1,tp,18,18,5,293.3,1,95,1,95,DUMPING,1,1,0,"White van parked stationary near waste pile; person exits, interacts with pile by bending/crouching, and appears to add or rearrange material. Pile remains visually similar but interaction confirms active dumping behavior.",text,1,3075,278,0,0.0006706,4751,
ministral-3-14b:g3,bedrock,ministral-3-14b,g3,evt-20260715_104302,bae1b1c9-b5e4-403d-b776-c9bf1344ebb5,fp,39,24,5,283.3,1,95,1,95,DUMPING,1,1,0,"A person on a motorcycle stops near the waste pile, dismounts, and interacts with the pile, suggesting active dumping behavior. The pile remains visually similar but the actor's handling confirms material deposition.",text,1,3075,257,0,0.0006664,4498,
ministral-3-14b:g3,bedrock,ministral-3-14b,g3,evt-20260715_114547,19c03464-1bc3-40f9-a666-bb0597d36d87,indefinido,26,25,5,288.4,1,98,1,98,DUMPING,1,1,1,"A green delivery truck stopped near the waste pile, and a person unloaded and deposited cardboard boxes and other waste materials directly onto the existing pile, visibly increasing its size.",text,1,3075,276,0,0.0006702,3659,
ministral-3-14b:g3,bedrock,ministral-3-14b,g3,evt-20260715_111559,62c05db9-808b-4523-8dc1-0091bf3f4e29,indefinido,32,24,5,281.8,0,95,0,95,PARKED,1,0,0,"A green delivery van (FRETE) is stationary near the pre-existing waste pile for 29 seconds, but no person is seen unloading or depositing material. The pile remains visually unchanged between frames.",text,1,3075,283,0,0.0006716,4220,
ministral-3-14b:g3,bedrock,ministral-3-14b,g3,evt-20260715_120735,5785e3d6-f2ef-4ae5-ad0b-e3a6a8214c74,fp,31,25,5,287.9,0,95,0,95,PARKED,1,0,0,"A green delivery truck remains stationary throughout the sequence, but no person interacts with the waste pile or ground. The pile size and composition appear unchanged between first and last frame.",text,1,3075,269,0,0.0006688,3946,
ministral-3-14b:g3,bedrock,ministral-3-14b,g3,evt-20260715_123608,9014a36e-7c1b-460a-8f3a-f07514937914,fp,17,17,5,281.2,0,95,0,95,TRAFFIC,1,0,0,"A green delivery truck remains stationary throughout the sequence, but no person interacts with the waste pile. The pile size and composition remain unchanged, and no new material is deposited on the ground.",text,1,3075,265,0,0.000668,4253,
ministral-3-14b:g3,bedrock,ministral-3-14b,g3,evt-20260715_165230,3da2f5d5-808b-4f99-9ecb-6d3272e918c3,tp,85,26,5,270.4,1,95,1,95,DUMPING,1,1,1,"A vehicle (white van) stops near the waste pile, and a person carrying a bag approaches and deposits material into the pile. The pile visibly grows between first and last frames, confirming active dumping behavior.",text,1,3075,303,0,0.0006756,3375,
ministral-3-14b:g3,bedrock,ministral-3-14b,g3,evt-20260715_125447,67dae9c1-1df3-400b-9742-ef02bd812c30,fp,52,25,5,278.8,1,95,1,95,DUMPING,0,1,1,"A person approaches and interacts with the waste pile, visibly adding material to it between frames. The pile grows in volume and new objects appear on the ground near the pile in the final frame.",text,1,3075,292,0,0.0006734,4030,
ministral-3-14b:g3,bedrock,ministral-3-14b,g3,evt-20260715_165556,3da2f5d5-808b-4f99-9ecb-6d3272e918c3,tp,86,26,5,267.2,1,98,1,98,DUMPING,1,1,1,"Two individuals stop near the waste pile, crouch, and handle material, visibly increasing the pile size between first and last frames. A motorcycle arrives and a person dismounts to interact with the pile.",text,1,3075,290,0,0.000673,4421,
ministral-3-14b:g3,bedrock,ministral-3-14b,g3,evt-20260715_181251,21c0edc7-5cc2-4d43-874f-45bae153a088,tp,81,32,5,262.9,1,98,1,98,DUMPING,1,1,1,"A person unloads material from a blue open-bed vehicle directly into the pre-existing waste pile, visibly increasing its size and adding new debris (metal sheets, cardboard) between frames.",text,1,3075,298,0,0.0006746,3255,
ministral-3-14b:g3,bedrock,ministral-3-14b,g3,evt-20260715_181023,21c0edc7-5cc2-4d43-874f-45bae153a088,tp,81,32,5,262.3,1,98,1,98,DUMPING,1,1,1,"A person unloads material from a blue cart into the pre-existing waste pile, visibly increasing its size and adding new debris (cardboard, plastic) in the final frame. Vehicle remains stationary throughout.",text,1,3075,293,0,0.0006736,4397,
ministral-3-14b:g3,bedrock,ministral-3-14b,g3,evt-20260715_222047,839bee07-649b-427c-9168-ed534d3a67f0,tp,27,27,5,271.7,1,95,1,95,DUMPING,0,1,1,"A person interacts directly with the waste pile, adding material in the mid-frames and visibly increasing the pile size by the final frame. No vehicles involved.",text,1,3075,290,0,0.000673,3202,
ministral-3-14b:g3,bedrock,ministral-3-14b,g3,evt-20260715_181611,21c0edc7-5cc2-4d43-874f-45bae153a088,tp,70,32,5,266.5,1,98,1,98,DUMPING,1,1,1,"A person unloads large metal sheets and debris from a blue trailer attached to a vehicle, visibly increasing the waste pile size between frames. The pile grows significantly, and the person interacts directly with the material near the dumping hotspot.",text,1,3075,309,0,0.0006768,4463,
ministral-3-14b:g3,bedrock,ministral-3-14b,g3,evt-20260715_191603,bc95bd66-efbb-4ede-8672-7b5459524a34,indefinido,20,20,5,292.6,1,95,1,95,DUMPING,1,1,1,"A vehicle stopped near the waste pile, and a person interacted with the pile, visibly adding or rearranging materials. The pile appears larger in the final frame compared to the initial frame, indicating new waste deposition.",text,1,3075,296,0,0.0006742,4344,
ministral-3-14b:g3,bedrock,ministral-3-14b,g3,evt-20260716_012139,56e59ca0-63ff-4cae-9f35-c10291ef1055,fp,106,30,5,270.2,0,95,0,95,PARKED,1,0,0,"A vehicle (orange car) is stationary near the waste pile across all frames, but no person is observed handling or depositing material. The pile remains visually unchanged between first and last frame.",text,1,3075,290,0,0.000673,4367,
ministral-3-14b:g3,bedrock,ministral-3-14b,g3,evt-20260716_094309,05f711f0-da69-4d42-8318-39637baca2b4,fp,21,21,5,284.4,1,95,0,0,DUMPING,0,1,0,"A person interacts directly with the pre-existing waste pile, bending and handling material in the pile area across all frames. No new isolated objects appear, but the pile's volume and disturbance confirm active engagement.",text,1,3075,277,0,0.0006704,4655,
ministral-3-14b:g3,bedrock,ministral-3-14b,g3,evt-20260716_151227,caebb65d-f99b-469f-9067-208285e527df,fp,76,24,5,331.2,1,98,1,98,DUMPING,1,1,1,"A person interacts with the waste pile near a stationary cart, visibly depositing or rearranging materials. The pile visibly grows between frames, confirming active dumping behavior.",text,1,3075,262,0,0.0006674,3656,
ministral-3-14b:g3,bedrock,ministral-3-14b,g3,evt-20260716_123717,132e7692-e530-44e2-8d52-da564b5c61c8,fp,100,26,5,286.1,1,95,1,95,DUMPING,0,1,1,"A person carrying green vegetation enters the frame and deposits it directly into the pre-existing waste pile, visibly increasing its size and adding new organic material.",text,1,3075,252,0,0.0006654,4332,
ministral-3-14b:g3,bedrock,ministral-3-14b,g3,evt-20260716_123920,132e7692-e530-44e2-8d52-da564b5c61c8,fp,91,26,5,288.5,1,95,0,0,DUMPING,0,1,0,"Person in purple headscarf stops near the waste pile, crouches, and interacts with the pile between frames. No new isolated material on ground, but pile appears slightly disturbed, indicating active handling of waste.",text,1,3075,280,0,0.000671,4291,
ministral-3-14b:g3,bedrock,ministral-3-14b,g3,evt-20260716_152303,caebb65d-f99b-469f-9067-208285e527df,fp,86,24,5,331.9,1,98,1,98,DUMPING,1,1,1,"A person unloads waste from an orange cart directly into the existing pile, visibly increasing its volume and spreading new material on the ground between frames.",text,1,3075,285,0,0.000672,3370,
ministral-3-14b:g3,bedrock,ministral-3-14b,g3,evt-20260716_153511,caebb65d-f99b-469f-9067-208285e527df,fp,89,24,5,326.2,1,98,1,98,DUMPING,1,1,1,"A person interacts with a cart loaded with waste, visibly unloading and depositing material into the existing pile over the sequence. The pile grows visibly between first and last frames, and the person's actions are consistent with dumping behavior.",text,1,3075,302,0,0.0006754,4497,
ministral-3-14b:g3,bedrock,ministral-3-14b,g3,evt-20260716_165803,ed0b1eb9-3439-4848-8a93-38e309715839,fp,81,27,5,276.3,1,98,1,98,DUMPING,1,1,1,"A white vehicle remains stationary near the waste pile across all frames. Multiple individuals interact with the pile, adding materials (e.g., bags, organic waste) in the final frame, visibly increasing the pile size and introducing new objects on the ground.",text,1,3075,278,0,0.0006706,3796,
ministral-3-14b:g3,bedrock,ministral-3-14b,g3,evt-20260716_161144,caebb65d-f99b-469f-9067-208285e527df,fp,80,25,5,311.6,1,98,1,98,DUMPING,1,1,1,"Two individuals interact with the cart and dumping area: one person loads/unloads material from the cart, while another stands nearby. The pile visibly grows between frames, indicating active dumping behavior.",text,1,3075,301,0,0.0006752,4292,
ministral-3-14b:g3,bedrock,ministral-3-14b,g3,evt-20260716_170619,9107890c-7b08-43bf-849c-7de1abccef6a,tp,84,27,5,280.1,1,95,1,95,DUMPING,1,1,1,"A person unloads a cart containing large wooden planks and other debris directly onto the existing waste pile, visibly increasing its size and adding new material.",text,1,3075,262,0,0.0006674,4336,
ministral-3-14b:g3,bedrock,ministral-3-14b,g3,evt-20260716_170433,ed0b1eb9-3439-4848-8a93-38e309715839,fp,72,27,5,275.3,1,95,1,95,DUMPING,1,1,1,"A white van remains stationary near the waste pile. A person crouches and interacts with the pile, visibly adding material between frames. The pile grows in volume and new objects appear on the ground.",text,1,3075,306,0,0.0006762,4739,
ministral-3-14b:g3,bedrock,ministral-3-14b,g3,evt-20260716_183233,eea58cf7-35b4-4d76-8211-af741571e5bd,fp,108,44,5,204.6,1,95,1,95,DUMPING,0,1,1,"A person appears in the mid-frames, crouching and interacting with the waste pile, adding material to the ground. The pile visibly grows between first and last frames, confirming active dumping behavior.",text,1,3075,255,0,0.000666,2669,
ministral-3-14b:g3,bedrock,ministral-3-14b,g3,evt-20260716_170823,9107890c-7b08-43bf-849c-7de1abccef6a,tp,91,27,5,278.3,1,95,1,95,DUMPING,1,1,1,"A white van stopped near the waste pile, and a person unloaded and deposited large cardboard boxes and other materials directly onto the existing pile, visibly increasing its size and adding new objects.",text,1,3075,296,0,0.0006742,4324,
ministral-3-14b:g3,bedrock,ministral-3-14b,g3,evt-20260716_175905,f3c41d66-5fcb-444f-adb1-9001a21bb359,fp,107,46,5,206.8,1,95,1,95,DUMPING,1,1,1,"A vehicle stopped near the waste pile, and a person unloaded and deposited additional waste materials (e.g., cardboard, debris) onto the existing pile, visibly increasing its size and density.",text,1,3075,305,0,0.000676,4586,
ministral-3-14b:g3,bedrock,ministral-3-14b,g3,evt-20260717_163744,4620bce5-7d28-47e9-9e4b-4bb40c3cc92b,tp,72,26,5,289.9,0,95,0,95,PARKED,1,1,0,"Uniformed crew in a marked vehicle removes waste from the pre-existing pile, visibly reducing its size. No new material is added to the ground.",text,1,3075,288,0,0.0006726,3691,
ministral-3-14b:g3,bedrock,ministral-3-14b,g3,evt-20260717_163625,4620bce5-7d28-47e9-9e4b-4bb40c3cc92b,tp,54,26,5,282.5,1,98,1,98,DUMPING,1,1,1,"A vehicle stopped near the waste pile, and two individuals unloaded a bundle of green vegetation onto the ground adjacent to the existing litter pile, visibly increasing the pile's volume and adding new material.",text,1,3075,285,0,0.000672,3790,
ministral-3-14b:g3,bedrock,ministral-3-14b,g3,evt-20260717_154354,99a55c6f-36a5-4a6a-b0f1-c2eb848dc9b9,fp,33,26,5,282.8,1,98,1,98,DUMPING,0,1,1,"A person is seen carrying a plastic bag of waste in the mid-frames and appears to deposit it near the existing pile, causing visible growth in the litter area.",text,1,3075,299,0,0.0006748,5885,
ministral-3-14b:g3,bedrock,ministral-3-14b,g3,evt-20260717_131804,781cd838-85f9-493f-83ad-45c55a6b3d89,fp,53,27,5,278.5,,,,,,,,,,text,0,3075,396,0,0.0006942,6466,sem JSON na resposta (stop=end_turn)
ministral-3-14b:g3,bedrock,ministral-3-14b,g3,evt-20260717_170115,561d3021-99f3-4731-8727-1773c20e0e83,tp,91,26,5,296.3,1,98,1,98,DUMPING,1,1,1,"Two individuals interact with a cart loaded with waste bags near the pre-existing pile. The pile visibly grows, and new objects (e.g., cardboard boxes) appear on the ground in the final frame.",text,1,3075,294,0,0.0006738,4902,
ministral-3-14b:g3,bedrock,ministral-3-14b,g3,evt-20260717_173848,9865cc4c-2ddd-47bb-b32f-0a82a15a3644,tp,80,32,5,267.5,1,98,1,98,DUMPING,1,1,1,"A white vehicle stops near the waste pile, and multiple individuals unload and deposit large bags and cardboard boxes directly onto the pile, visibly increasing its size and adding new materials.",text,1,3075,274,0,0.0006698,3863,
ministral-3-14b:g3,bedrock,ministral-3-14b,g3,evt-20260717_170823,561d3021-99f3-4731-8727-1773c20e0e83,tp,101,26,5,299.8,1,98,1,98,DUMPING,1,1,1,"A person unloads multiple large bags and cardboard boxes from a stationary cart directly into the existing waste pile, visibly increasing its size and adding new material over time.",text,1,3075,288,0,0.0006726,4052,
ministral-3-14b:g3,bedrock,ministral-3-14b,g3,evt-20260717_180936,1d04290a-962c-497e-8f0c-a2816ac7be5a,tp,66,45,5,220.0,,,,,,,,,,text,0,3075,343,0,0.0006836,4460,sem JSON na resposta (stop=end_turn)
ministral-3-14b:g3,bedrock,ministral-3-14b,g3,evt-20260717_171512,78663961-ee5c-45a7-966f-ec34b748dc65,fp,86,26,5,299.8,1,98,1,98,DUMPING,1,1,1,"A person unloads waste from an orange cart into the existing pile, visibly increasing its size and adding new bags and debris to the ground over time.",text,1,3075,295,0,0.000674,5142,
ministral-3-14b:g3,bedrock,ministral-3-14b,g3,evt-20260717_201306,9a4aef17-b231-46a4-ada9-497e77007fec,fp,62,44,5,235.4,1,98,1,98,DUMPING,1,1,1,"Multiple individuals interact with the waste pile, using tools to manipulate and add material. The pile visibly grows between frames, and a fire is ignited, indicating active waste handling and dumping behavior.",text,1,3075,299,0,0.0006748,4661,
ministral-3-14b:g3,bedrock,ministral-3-14b,g3,evt-20260718_074618,635f7de2-0919-4366-8255-d40fcfa791ae,fp,100,24,5,306.6,1,98,1,98,DUMPING,1,1,1,"Multiple individuals interact with the waste pile, including one person carrying a bag and others handling materials near the pile. The pile visibly grows between frames, and a vehicle remains stationary near the dumping area.",text,1,3075,319,0,0.0006788,4371,
ministral-3-14b:g3,bedrock,ministral-3-14b,g3,evt-20260718_074821,635f7de2-0919-4366-8255-d40fcfa791ae,fp,16,16,5,306.6,1,95,1,95,DUMPING,1,1,0,"A person appears in the mid-frames, interacting with the pre-existing waste pile, suggesting active handling of material. The pile remains visually similar, but the presence of a person near it confirms dumping behavior.",text,1,3075,316,0,0.0006782,4371,
ministral-3-14b:g3,bedrock,ministral-3-14b,g3,evt-20260718_074955,635f7de2-0919-4366-8255-d40fcfa791ae,fp,94,24,5,303.8,1,95,0,0,DUMPING,0,1,0,"Person in yellow protective clothing interacts with the waste pile, carrying and depositing materials near the pre-existing litter. No new isolated objects appear, but the pile's volume and composition are visibly altered by human activity.",text,1,3075,306,0,0.0006762,4638,
ministral-3-14b:g3,bedrock,ministral-3-14b,g3,evt-20260718_115346,015a7bc3-dec0-431c-bf06-3bc5a52f4b1b,tp,32,32,5,269.5,1,98,1,98,DUMPING,1,1,1,"White pickup truck stopped at the waste pile; two individuals sequentially unload and deposit large cardboard boxes, plastic bags, and miscellaneous debris directly into the pile, visibly increasing its size and adding new materials.",text,1,3075,286,0,0.0006722,5034,
ministral-3-14b:g3,bedrock,ministral-3-14b,g3,evt-20260718_212040,81624eeb-20f4-4805-ae4b-9ff61dc44463,tp,32,32,5,172.3,1,98,1,98,DUMPING,1,1,1,"A vehicle stopped near the waste pile, and a person unloaded and deposited multiple cardboard boxes and other debris directly onto the existing pile, visibly increasing its size and adding new material.",text,1,3075,268,0,0.0006686,2997,
ministral-3-14b:g3,bedrock,ministral-3-14b,g3,evt-20260718_190242,617caa9b-706d-4d0b-b597-8489b3cb5949,fp,22,22,5,197.7,1,98,1,98,DUMPING,0,1,1,"A person is visible interacting directly with the waste pile, adding material and causing visible changes in the pile's structure and size between frames. No vehicles are involved, but the person's actions clearly indicate active dumping behavior.",text,1,3075,266,0,0.0006682,3408,
ministral-3-14b:g3,bedrock,ministral-3-14b,g3,evt-20260718_120030,015a7bc3-dec0-431c-bf06-3bc5a52f4b1b,tp,18,18,5,268.5,1,98,1,98,DUMPING,0,1,1,"Person repeatedly interacts with the waste pile, handling and depositing new materials (e.g., cardboard, plastic bags) in the last frame, visibly increasing the pile size and adding new objects.",text,1,3075,286,0,0.0006722,4999,
ministral-3-14b:g3,bedrock,ministral-3-14b,g3,evt-20260718_212254,81624eeb-20f4-4805-ae4b-9ff61dc44463,tp,32,32,5,168.4,1,98,1,98,DUMPING,1,1,1,"A vehicle remains stationary near a pre-existing waste pile. Multiple individuals interact with the pile, depositing additional waste (e.g., cardboard, plastic) in the final frame, visibly increasing the pile size and adding new material to the ground.",text,1,3075,291,0,0.0006732,3518,
ministral-3-14b:g3,bedrock,ministral-3-14b,g3,evt-20260718_214234,2ec16c89-23e2-43de-af31-a9f7022725c6,tp,32,32,5,170.2,1,95,0,0,DUMPING,0,1,0,"Two individuals interact with the waste pile: one holds a stick while the other appears to manipulate or add material to the pile. No new isolated objects appear, but the pile's volume and structure change subtly, indicating active handling.",text,1,3075,300,0,0.000675,3995,
ministral-3-14b:g3,bedrock,ministral-3-14b,g3,evt-20260718_220134,8c88aeca-a902-4d39-b872-7c5cdd4cc592,tp,8,8,5,177.0,1,98,1,98,DUMPING,1,1,0,"A vehicle stopped at the illegal dumping hotspot with two individuals unloading material from the trunk, likely contributing to the existing waste pile. No new isolated objects on the ground, but active handling of waste near the pile confirms dumping behavior.",text,1,3075,310,0,0.000677,2779,
ministral-3-14b:g3,bedrock,ministral-3-14b,g3,evt-20260718_215920,8c88aeca-a902-4d39-b872-7c5cdd4cc592,tp,28,28,5,186.6,1,98,1,98,DUMPING,1,1,1,"A vehicle stopped near the waste pile, and a person opened the trunk and is actively depositing material onto the ground, visibly increasing the pile size and spreading new waste items.",text,1,3075,293,0,0.0006736,3319,
ministral-3-14b:g3,bedrock,ministral-3-14b,g3,evt-20260719_061410,1d022e1e-cc67-4054-8707-80efb834459c,indefinido,7,7,5,277.4,0,98,0,98,TRAFFIC,0,0,0,A person rides a bicycle through the scene without stopping or interacting with the waste pile. The pile remains visually unchanged between first and last frame.,text,1,3075,270,0,0.000669,3579,
ministral-3-14b:g3,bedrock,ministral-3-14b,g3,evt-20260719_081140,280fa5be-76dc-430a-811f-8049b8cf42c1,indefinido,32,32,5,244.0,1,98,1,98,DUMPING,0,1,1,"A person interacts directly with the waste pile, carrying and depositing large white bags, visibly increasing the pile size between frames.",text,1,3075,251,0,0.0006652,3363,
ministral-3-14b:g3,bedrock,ministral-3-14b,g3,evt-20260719_221320,003e3ccb-f28b-42ec-93c6-c9e939005417,fp,23,23,5,170.3,1,95,1,95,DUMPING,1,1,1,"A vehicle stopped near the waste pile, and a person exited to handle material, visibly increasing the pile size between frames. Headlights and motion confirm active unloading behavior.",text,1,3075,286,0,0.0006722,2880,
ministral-3-14b:g3,bedrock,ministral-3-14b,g3,evt-20260719_181200,50922e6c-4bb4-4906-83ae-89c8cffa6701,indefinido,17,17,5,168.6,1,95,1,95,DUMPING,1,1,0,"A person interacts with a cart loaded with waste, unloading material directly into the existing pile. The pile remains visually consistent, but the act of unloading confirms active dumping behavior.",text,1,3075,272,0,0.0006694,3626,
ministral-3-14b:g3,bedrock,ministral-3-14b,g3,evt-20260720_102349,b6b91f37-160f-42b0-9b7e-c63d499fa832,indefinido,32,32,5,245.9,1,95,1,95,DUMPING,1,0,1,"A black pickup truck arrived and parked near the pre-existing waste pile. The pile visibly grew between frames, with new debris scattered on the ground, suggesting unloading of waste from the vehicle bed. No person is visibly handling material in the final frame, but the pile expansion and vehicle p",text,1,3075,324,0,0.0006798,3417,
ministral-3-14b:g3,bedrock,ministral-3-14b,g3,evt-20260720_112125,3e066f19-76ff-42c6-86ad-5bd265b96a97,tp,32,32,5,259.9,1,98,1,98,DUMPING,1,1,1,"A green open-bed vehicle remains stationary near the waste pile across all frames. Two individuals actively unload and deposit materials (bags, plastic items) into the pile, visibly increasing its size and adding new objects to the ground.",text,1,3075,280,0,0.000671,3024,
ministral-3-14b:g3,bedrock,ministral-3-14b,g3,evt-20260720_111909,3e066f19-76ff-42c6-86ad-5bd265b96a97,tp,32,32,5,246.4,1,95,1,95,DUMPING,1,1,1,"A green open-bed vehicle stopped near the waste pile. A person exits the vehicle and interacts with the pile, visibly adding material. The pile grows between frames, confirming active dumping behavior.",text,1,3075,260,0,0.000667,3694,
ministral-3-14b:g3,bedrock,ministral-3-14b,g3,evt-20260720_153259,3fbe69f7-6460-4d36-a583-e613dcff98b4,tp,32,32,5,250.5,1,98,1,98,DUMPING,1,1,0,"A cart loaded with tires is stationary near the waste pile, and multiple people interact with it, likely unloading or sorting materials. The pile remains visually unchanged, but the handling of materials near the pile indicates active dumping behavior.",text,1,3075,284,0,0.0006718,2906,
ministral-3-14b:g3,bedrock,ministral-3-14b,g3,evt-20260720_112538,3e066f19-76ff-42c6-86ad-5bd265b96a97,tp,16,16,5,246.2,1,98,1,98,DUMPING,1,1,0,"A green open-bed vehicle stopped near the waste pile; two individuals unloaded material into the pile in the first frame, and the pile visibly grew in volume and density by the final frame.",text,1,3075,291,0,0.0006732,3503,
ministral-3-14b:g3,bedrock,ministral-3-14b,g3,evt-20260720_112330,3e066f19-76ff-42c6-86ad-5bd265b96a97,tp,32,32,5,256.0,1,98,1,98,DUMPING,1,1,1,"A green trailer is stationary near the waste pile, and two individuals actively unload and handle waste materials (bags, containers) directly into the pile across all frames. The pile visibly grows between first and last frames, confirming active dumping behavior.",text,1,3075,302,0,0.0006754,3934,
ministral-3-14b:g3,bedrock,ministral-3-14b,g3,evt-20260720_153841,3fbe69f7-6460-4d36-a583-e613dcff98b4,tp,31,31,5,251.5,1,98,1,98,DUMPING,1,1,0,"A cart loaded with tires and waste is stationary near the pile. Multiple people unload and handle waste materials, interacting directly with the pre-existing pile. No new isolated objects appear, but the pile is visibly augmented by the unloading activity.",text,1,3075,297,0,0.0006744,3555,
ministral-3-14b:g3,bedrock,ministral-3-14b,g3,evt-20260720_182833,ebbf809c-5d5e-4149-a8ce-336b9b97252b,indefinido,23,23,5,179.3,0,95,0,95,TRAFFIC,0,0,0,"No interaction with the waste pile observed. Actors (cyclist, pedestrians) move through the scene without stopping or depositing material. The pile remains visually unchanged between first and last frame.",text,1,3075,246,0,0.0006642,2535,
ministral-3-14b:g3,bedrock,ministral-3-14b,g3,evt-20260720_153503,3fbe69f7-6460-4d36-a583-e613dcff98b4,tp,32,32,5,255.1,1,95,1,95,DUMPING,1,1,0,"A cart loaded with tires and waste is stationary near the pile. Multiple people interact with the cart and the existing waste pile, suggesting removal or sorting of materials, but the context and behavior align with illegal dumping hotspot dynamics. The pile remains visually similar, but actors are ",text,1,3075,315,0,0.000678,4222,
ministral-3-14b:g3,bedrock,ministral-3-14b,g3,evt-20260720_183437,ebbf809c-5d5e-4149-a8ce-336b9b97252b,indefinido,13,13,5,172.3,1,95,0,0,DUMPING,0,1,0,"A person interacts directly with the pre-existing waste pile, bending and handling material in the pile area across multiple frames, indicating active dumping behavior despite no visible new material added.",text,1,3075,291,0,0.0006732,3072,
ministral-3-14b:g3,bedrock,ministral-3-14b,g3,evt-20260720_193207,95947cb7-11a8-4662-be4e-ed7daec78d65,fp,22,22,5,170.2,1,95,1,95,DUMPING,1,1,0,"A vehicle stopped near the waste pile, and a person exited to interact with the pile area, likely depositing material. The pile remains visually similar, but the behavior strongly indicates dumping activity.",text,1,3075,277,0,0.0006704,3292,
ministral-3-14b:g3,bedrock,ministral-3-14b,g3,evt-20260721_005751,a7e3011f-d68a-4d6d-a451-c7d1fac89f96,tp,32,32,5,188.3,1,95,1,95,DUMPING,1,1,1,"A person interacts with the waste pile, visibly adding material while standing near the pile. The pile grows between first and last frames, and a vehicle remains stationary throughout.",text,1,3075,283,0,0.0006716,4352,
ministral-3-14b:g3,bedrock,ministral-3-14b,g3,evt-20260721_083549,186b4b3a-025a-4d9c-9102-ce0517316da7,tp,6,6,5,249.0,1,98,1,98,DUMPING,1,1,1,"A person near a stopped vehicle repeatedly interacts with the waste pile, visibly adding material (plastic bags, cardboard) in the final frame. The pile grows in volume and new objects appear on its surface.",text,1,3075,307,0,0.0006764,2966,
ministral-3-14b:g3,bedrock,ministral-3-14b,g3,evt-20260721_073733,cdb6f7c6-f2d5-450d-aeff-81dbf8d059e1,fp,8,8,5,246.4,0,95,0,95,PARKED,1,0,0,"A white open-bed truck is stationary in the second frame, but no person is seen handling or depositing material. The waste pile remains visually unchanged between first and last frames, with no new material added or removed.",text,1,3075,287,0,0.0006724,4055,
ministral-3-14b:g3,bedrock,ministral-3-14b,g3,evt-20260721_083339,186b4b3a-025a-4d9c-9102-ce0517316da7,tp,13,13,5,245.9,1,98,1,98,DUMPING,1,1,0,"A person interacts with the rear of a parked vehicle near the waste pile, bending over to handle material. The pile remains visually unchanged but the actor's behavior strongly suggests depositing waste.",text,1,3075,285,0,0.000672,4966,
ministral-3-14b:g3,bedrock,ministral-3-14b,g3,evt-20260721_083429,186b4b3a-025a-4d9c-9102-ce0517316da7,tp,17,17,5,247.0,1,98,1,98,DUMPING,1,1,1,"A vehicle stopped near the waste pile, and a person unloaded material directly into it. Another individual carried additional waste toward the pile, visibly increasing its size and adding new items.",text,1,3075,294,0,0.0006738,4584,
ministral-3-14b:g3,bedrock,ministral-3-14b,g3,evt-20260721_104455,f7974b62-c4a4-493a-a861-44c901b9033d,indefinido,32,32,5,270.9,1,98,1,98,DUMPING,1,1,0,"Red open-bed truck stationary at hotspot; person unloads waste from truck bed into existing pile, visibly increasing its volume. No new isolated material on ground, but pile growth confirms active dumping.",text,1,3075,290,0,0.000673,3575,
ministral-3-14b:g3,bedrock,ministral-3-14b,g3,evt-20260721_104915,f7974b62-c4a4-493a-a861-44c901b9033d,indefinido,22,22,5,275.8,1,98,1,98,DUMPING,1,1,0,"Red open-bed truck stationary at the waste pile; person in high-visibility vest unloads material from the truck bed into the existing pile, visibly increasing its volume.",text,1,3075,316,0,0.0006782,4379,
ministral-3-14b:g3,bedrock,ministral-3-14b,g3,evt-20260721_104317,f7974b62-c4a4-493a-a861-44c901b9033d,indefinido,19,19,5,270.2,1,98,1,98,DUMPING,1,1,1,"Red open-bed truck stationary; person crouching near pile in mid-frames, visibly depositing waste into the growing pile. Pile visibly larger in final frame.",text,1,3075,282,0,0.0006714,5020,
ministral-3-14b:g3,bedrock,ministral-3-14b,g3,evt-20260721_161751,168c6958-45e6-4f0d-a8bf-2c24672e1e64,fp,11,11,5,240.3,1,95,0,0,DUMPING,0,1,0,"A person is seen approaching and interacting with the pre-existing waste pile, carrying a bag and depositing material into it over the sequence.",text,1,3075,280,0,0.000671,3779,
ministral-3-14b:g3,bedrock,ministral-3-14b,g3,evt-20260721_125408,871e3cdd-f2c1-45db-a22c-d09748310639,indefinido,10,10,5,245.7,1,95,1,95,DUMPING,1,1,0,"A silver sedan stopped near the waste pile, and a person exited the vehicle to interact with the pile, suggesting active dumping behavior. The pile remains visually similar, but the interaction confirms material handling.",text,1,3075,292,0,0.0006734,4589,
ministral-3-14b:g3,bedrock,ministral-3-14b,g3,evt-20260722_000031,evt-20260722_000031,baseline,9,9,5,178.3,0,95,0,95,EMPTY,0,0,0,"No actors or vehicles present in any frame. Waste pile remains visually unchanged between first and last frame, with no new material or interaction detected.",text,1,3075,243,0,0.0006636,3212,
ministral-3-14b:g3,bedrock,ministral-3-14b,g3,evt-20260722_005727,evt-20260722_005727,baseline,32,32,5,142.7,0,95,0,95,EMPTY,0,0,0,No actors or vehicles present in any frame. Waste pile remains visually unchanged between first and last frame. Lighting/shadow variations only.,text,1,3075,247,0,0.0006644,2836,
ministral-3-14b:g3,bedrock,ministral-3-14b,g3,evt-20260722_011328,evt-20260722_011328,baseline,6,6,5,194.0,1,95,0,0,DUMPING,0,1,0,"A person appears in the mid-frames, standing near the pre-existing waste pile, suggesting interaction with the pile. No new material is visibly added, but the person's presence and proximity to the pile align with dumping behavior.",text,1,3075,276,0,0.0006702,3171,
ministral-3-14b:g3,bedrock,ministral-3-14b,g3,evt-20260722_013921,evt-20260722_013921,baseline,17,17,5,196.7,0,98,0,98,EMPTY,0,0,0,"No actors or vehicles present in any frame. Waste pile remains visually unchanged between first and last frame, with no new material or interaction detected.",text,1,3075,256,0,0.0006662,3756,
ministral-3-14b:g3,bedrock,ministral-3-14b,g3,evt-20260722_023152,evt-20260722_023152,baseline,7,7,5,197.5,0,98,0,98,EMPTY,0,0,0,"No actors or vehicles present in any frame. Waste pile remains visually unchanged between first and last frame, with no new material added or removed.",text,1,3075,268,0,0.0006686,3743,
ministral-3-14b:g3,bedrock,ministral-3-14b,g3,evt-20260722_040321,evt-20260722_040321,baseline,6,6,5,200.9,0,95,0,95,EMPTY,0,0,0,"No actors or vehicles present in any frame. Waste pile remains visually unchanged between first and last frame, with no new material or interaction detected.",text,1,3075,264,0,0.0006678,4644,
ministral-3-14b:g3,bedrock,ministral-3-14b,g3,evt-20260722_051621,evt-20260722_051621,baseline,8,8,5,250.6,0,98,0,98,TRAFFIC,0,0,0,No actors stopped or interacting with the waste pile. A cyclist passes through the scene without depositing or handling material. The pile remains visually unchanged between first and last frame.,text,1,3075,283,0,0.0006716,4404,
ministral-3-14b:g3,bedrock,ministral-3-14b,g3,evt-20260722_055939,evt-20260722_055939,baseline,32,32,5,261.3,0,98,0,98,EMPTY,0,0,0,"No actors or vehicles present in any frame. Waste pile remains visually unchanged between first and last frame, with no new material or interaction observed.",text,1,3075,264,0,0.0006678,4239,
ministral-3-14b:g3,bedrock,ministral-3-14b,g3,evt-20260722_061645,evt-20260722_061645,baseline,6,6,5,270.5,0,98,0,98,EMPTY,0,0,0,"No actors or vehicles present in any frame. Waste pile remains visually unchanged between first and last frame, with no new material or interaction detected.",text,1,3075,261,0,0.0006672,4015,
ministral-3-14b:g3,bedrock,ministral-3-14b,g3,evt-20260722_062940,evt-20260722_062940,baseline,13,13,5,253.8,0,98,0,98,EMPTY,0,0,0,"No actors or vehicles present in any frame. Waste pile remains visually unchanged between first and last frame, with no new material added or removed.",text,1,3075,263,0,0.0006676,4305,
ministral-3-14b:g3,bedrock,ministral-3-14b,g3,evt-20260722_071823,evt-20260722_071823,baseline,12,12,5,255.6,0,95,0,95,TRAFFIC,0,0,0,No direct interaction with the waste pile by any actor; pedestrians walk through the area without stopping or depositing material. The pile remains visually unchanged between first and last frame.,text,1,3075,282,0,0.0006714,3246,
ministral-3-14b:g3,bedrock,ministral-3-14b,g3,evt-20260722_070638,evt-20260722_070638,baseline,7,7,5,253.9,0,98,0,98,EMPTY,0,0,0,"No actors or vehicles present in any frame. Waste pile remains visually unchanged between first and last frame, with no new material or interaction detected.",text,1,3075,248,0,0.0006646,3896,
ministral-3-14b:g3,bedrock,ministral-3-14b,g3,evt-20260722_064704,evt-20260722_064704,baseline,7,7,5,255.1,0,98,0,98,TRAFFIC,0,0,0,A single pedestrian on a bicycle moves through the scene without stopping or interacting with the waste pile. The pile remains visually unchanged between first and last frame.,text,1,3075,280,0,0.000671,4361,
ministral-3-14b:g3,bedrock,ministral-3-14b,g3,evt-20260722_073357,evt-20260722_073357,baseline,16,16,5,262.5,0,95,0,95,TRAFFIC,0,1,0,A pedestrian carrying a bag walks near the pre-existing waste pile but does not stop or deposit material. The pile remains visually unchanged between first and last frame.,text,1,3075,249,0,0.0006648,2965,
ministral-3-14b:g3,bedrock,ministral-3-14b,g3,evt-20260722_074923,evt-20260722_074923,baseline,6,6,5,264.4,0,95,0,95,TRAFFIC,0,0,0,"Two pedestrians walk through the area without stopping or interacting with the waste pile. The pile remains visually unchanged between first and last frame, and no material is added or handled.",text,1,3075,297,0,0.0006744,3376,
ministral-3-14b:g3,bedrock,ministral-3-14b,g3,evt-20260722_082852,evt-20260722_082852,baseline,7,7,5,270.2,0,95,0,95,TRAFFIC,0,0,0,No interaction with the waste pile observed; pedestrians merely walk through the area without depositing or handling material. The pile remains visually unchanged between first and last frame.,text,1,3075,280,0,0.000671,3160,
ministral-3-14b:g3,bedrock,ministral-3-14b,g3,evt-20260722_081207,evt-20260722_081207,baseline,19,19,5,267.6,0,95,0,95,DUMPING,1,0,0,"A red truck with a loaded bed of gas cylinders arrives and stops near the pre-existing waste pile, but no visible unloading or material deposition occurs. The pile remains visually unchanged between first and last frames.",text,1,3075,280,0,0.000671,3522,
ministral-3-14b:g3,bedrock,ministral-3-14b,g3,evt-20260722_084147,evt-20260722_084147,baseline,8,8,5,260.6,0,95,0,95,TRAFFIC,0,0,0,No actors stopped or interacting with the waste pile; pedestrians are walking away from the pile without depositing or handling material. The pile remains visually unchanged between first and last frame.,text,1,3075,287,0,0.0006724,3523,
ministral-3-14b:g3,bedrock,ministral-3-14b,g3,evt-20260722_080057,evt-20260722_080057,baseline,8,8,5,255.2,0,98,0,98,EMPTY,0,0,0,"No actors or vehicles present in any frame. Waste pile remains visually unchanged between first and last frame, with no new material or interaction observed.",text,1,3075,265,0,0.000668,4539,
ministral-3-14b:g3,bedrock,ministral-3-14b,g3,evt-20260722_085748,evt-20260722_085748,baseline,15,15,5,255.7,0,95,0,95,TRAFFIC,0,0,0,"No actors stopped or interacting with the waste pile. The pile remains visually unchanged between first and last frame, and all actors (motorcyclist and pedestrian) move through without depositing material.",text,1,3075,278,0,0.0006706,4474,
ministral-3-14b:g3,bedrock,ministral-3-14b,g3,evt-20260722_092651,evt-20260722_092651,baseline,11,11,5,269.4,0,95,0,95,EMPTY,0,0,0,"No actors or vehicles present in any frame. Waste pile remains visually unchanged between first and last frame, with no new material added or removed.",text,1,3075,269,0,0.0006688,3242,
ministral-3-14b:g3,bedrock,ministral-3-14b,g3,evt-20260722_091141,evt-20260722_091141,baseline,9,9,5,271.2,0,98,0,98,TRAFFIC,0,0,0,"Pedestrians walk through the area without stopping or interacting with the pre-existing waste pile. No new material is added to the ground, and the pile remains visually unchanged between first and last frame.",text,1,3075,254,0,0.0006658,3711,
ministral-3-14b:g3,bedrock,ministral-3-14b,g3,evt-20260722_094347,evt-20260722_094347,baseline,10,10,5,270.2,0,98,0,98,EMPTY,0,0,0,"No actors or vehicles interacting with the waste pile. The pile remains visually unchanged between first and last frame, with no new material or handling activity observed.",text,1,3075,292,0,0.0006734,4175,
ministral-3-14b:g3,bedrock,ministral-3-14b,g3,evt-20260722_094905,5dea8a54-bff5-44c8-91d8-72e4ffda296b,tp,32,32,5,272.5,1,98,1,98,DUMPING,1,1,0,"A cart loaded with waste is stationary near the pile, and two individuals are actively handling and depositing material into the existing waste pile over the sequence.",text,1,3075,271,0,0.0006692,4343,
ministral-3-14b:g3,bedrock,ministral-3-14b,g3,evt-20260722_103645,evt-20260722_103645,baseline,21,21,5,256.5,0,95,0,95,TRAFFIC,0,0,0,"Two pedestrians walk through the scene without stopping or interacting with the waste pile. The pile remains visually unchanged between first and last frame, with no new material added or removed.",text,1,3075,279,0,0.0006708,2663,
ministral-3-14b:g3,bedrock,ministral-3-14b,g3,evt-20260722_095851,evt-20260722_095851,baseline,32,32,5,259.2,1,98,1,98,DUMPING,0,1,1,"A person interacts directly with the waste pile across all frames, visibly adding or rearranging materials. The pile visibly grows in volume and new objects (e.g., cardboard, plastic) appear in the final frame.",text,1,3075,267,0,0.0006684,3911,
ministral-3-14b:g3,bedrock,ministral-3-14b,g3,evt-20260722_101619,evt-20260722_101619,baseline,32,32,5,254.6,0,95,0,95,EMPTY,0,0,0,"No actors or vehicles interacting with the waste pile. The pile remains visually unchanged between first and last frame, with no new material added or removed. Only a pedestrian and a dog pass through the scene without stopping or handling waste.",text,1,3075,316,0,0.0006782,3182,
ministral-3-14b:g3,bedrock,ministral-3-14b,g3,evt-20260722_104927,evt-20260722_104927,baseline,10,10,5,255.6,0,95,0,95,TRAFFIC,0,0,0,No actor interaction with the waste pile; a pedestrian walks past without stopping or depositing material. The pile remains visually unchanged between first and last frame.,text,1,3075,275,0,0.00067,4612,
ministral-3-14b:g3,bedrock,ministral-3-14b,g3,evt-20260722_110128,evt-20260722_110128,baseline,15,15,5,248.5,0,95,0,95,TRAFFIC,1,0,0,"A red car stopped briefly near the waste pile, but no person interacted with the pile or deposited new material. The pile remains visually unchanged between first and last frame.",text,1,3075,240,0,0.000663,3877,
ministral-3-14b:g3,bedrock,ministral-3-14b,g3,evt-20260722_111451,evt-20260722_111451,baseline,10,10,5,253.6,0,98,0,98,EMPTY,0,0,0,"No actors or vehicles interacting with the waste pile between frames. The pile remains visually unchanged, with no new material or objects added.",text,1,3075,277,0,0.0006704,2986,
ministral-3-14b:g3,bedrock,ministral-3-14b,g3,evt-20260722_114117,evt-20260722_114117,baseline,9,9,5,255.6,1,95,0,0,DUMPING,0,1,0,"Multiple individuals interact with the pre-existing waste pile, including one person unloading material from a cart directly into the pile in the first frame. No new isolated material is added, but active handling and deposition behavior is observed.",text,1,3075,276,0,0.0006702,3035,
ministral-3-14b:g3,bedrock,ministral-3-14b,g3,evt-20260722_112511,evt-20260722_112511,baseline,7,7,5,247.8,0,98,0,98,EMPTY,0,0,0,"No actors (vehicles or pedestrians) present in any frame. Waste pile remains visually unchanged between first and last frame, with no new material or interaction observed.",text,1,3075,281,0,0.0006712,4339,
ministral-3-14b:g3,bedrock,ministral-3-14b,g3,evt-20260722_115439,evt-20260722_115439,baseline,11,11,5,257.4,1,98,1,98,DUMPING,0,1,1,"A person interacts directly with the waste pile, adding large bags and loose items over time, visibly increasing the pile's volume and spreading new material on the ground.",text,1,3075,280,0,0.000671,3025,
ministral-3-14b:g3,bedrock,ministral-3-14b,g3,evt-20260722_121140,evt-20260722_121140,baseline,26,26,5,261.7,1,98,1,98,DUMPING,0,1,1,"Two individuals interact directly with the waste pile: one crouches to handle material, and another stands nearby. The pile visibly grows between frames, with new items (e.g., cardboard, plastic bags) added to the ground.",text,1,3075,280,0,0.000671,2869,
ministral-3-14b:g3,bedrock,ministral-3-14b,g3,evt-20260722_115613,ba60b6fd-21dc-468d-9e7b-9271372f7ea2,fp,12,12,5,256.8,1,98,1,98,DUMPING,1,1,1,"Two individuals approach and interact with the waste pile, one carrying a large white bag and depositing it near the pile. A white vehicle is parked nearby, and the pile visibly grows between frames.",text,1,3075,288,0,0.0006726,4106,
ministral-3-14b:g3,bedrock,ministral-3-14b,g3,evt-20260722_120856,dc0d4026-4cd8-4622-9e63-914f104275de,fp,32,32,5,261.6,1,95,0,0,DUMPING,0,1,0,"Person carries a bag and approaches the pre-existing waste pile, suggesting active deposition behavior despite no visible new material in the pile itself.",text,1,3075,278,0,0.0006706,4055,
ministral-3-14b:g3,bedrock,ministral-3-14b,g3,evt-20260722_122927,evt-20260722_122927,baseline,14,14,5,261.6,1,95,1,95,DUMPING,1,1,0,"A person interacts with the pre-existing waste pile, and a white van remains stationary near the pile across frames. The pile's size and composition remain consistent, but the person's actions (crouching, handling bags) indicate active dumping behavior.",text,1,3075,289,0,0.0006728,3481,
ministral-3-14b:g3,bedrock,ministral-3-14b,g3,evt-20260722_124935,evt-20260722_124935,baseline,12,12,5,261.7,1,95,1,95,DUMPING,0,1,1,"A person crouches and interacts directly with the waste pile in mid-frames, visibly adding material. The pile grows between first and last frames, and a new object (plastic bag) appears on the ground near the pile.",text,1,3075,285,0,0.000672,2928,
ministral-3-14b:g3,bedrock,ministral-3-14b,g3,evt-20260722_124619,766e75eb-6a4f-4d83-b537-ac59dea45165,tp,12,12,5,250.6,1,95,0,0,DUMPING,0,1,0,"A person interacts directly with the pre-existing waste pile in the final frame, crouching and handling material, indicating active dumping behavior despite no visible new material addition.",text,1,3075,272,0,0.0006694,3694,
ministral-3-14b:g3,bedrock,ministral-3-14b,g3,evt-20260722_130757,evt-20260722_130757,baseline,16,16,5,251.2,0,95,0,95,TRAFFIC,0,0,0,No actor interaction with the waste pile or ground; only a motorcyclist passing through without stopping or depositing material. The pile remains visually unchanged between first and last frame.,text,1,3075,286,0,0.0006722,4073,
ministral-3-14b:g3,bedrock,ministral-3-14b,g3,evt-20260722_131914,evt-20260722_131914,baseline,7,7,5,256.8,0,98,0,98,EMPTY,0,0,0,"No actors or vehicles present in any frame. Waste pile remains visually unchanged between first and last frame, with no new material or interaction detected.",text,1,3075,261,0,0.0006672,4092,
ministral-3-14b:g3,bedrock,ministral-3-14b,g3,evt-20260722_134507,evt-20260722_134507,baseline,9,9,5,253.7,0,95,0,95,TRAFFIC,1,0,0,A white van stops briefly near the waste pile but no person is seen unloading or depositing material. The pile remains visually unchanged between first and last frame.,text,1,3075,274,0,0.0006698,2781,
ministral-3-14b:g3,bedrock,ministral-3-14b,g3,evt-20260722_133402,evt-20260722_133402,baseline,6,6,5,257.3,,,,,,,,,,text,0,3075,313,0,0.0006776,4214,sem JSON na resposta (stop=end_turn)
ministral-3-14b:g3,bedrock,ministral-3-14b,g3,evt-20260722_140141,evt-20260722_140141,baseline,10,10,5,257.2,1,95,0,0,DUMPING,0,1,0,"A person walks toward the pre-existing waste pile, crouches, and interacts with the pile in mid-frames, suggesting active deposition behavior. The pile remains visually similar but the actor's handling confirms dumping activity.",text,1,3075,293,0,0.0006736,4010,
nemotron-nano-12b:min,bedrock,nemotron-nano-12b,min,evt-20260715_090305,364e7028-8796-4afb-8baa-867211e2c46e,indefinido,24,24,5,291.6,1,95,1,95,DUMPING,0,1,1,"A person carrying a white bag approaches the pile, bends down, and deposits material near the curb. The pile grows larger between the first and last frame.",text,1,5460,204,0,0.00037452,3797,
nemotron-nano-12b:min,bedrock,nemotron-nano-12b,min,evt-20260715_073056,1fcd4f3e-dc8f-468a-8284-13dd6871d86f,fp,31,22,5,310.4,1,92,1,92,DUMPING,0,1,1,A man wearing a white shirt and cap is seen handling materials near a large pile of waste. He is observed moving and depositing items on the ground in the final frames.,text,1,5460,226,0,0.00037958,4449,
nemotron-nano-12b:min,bedrock,nemotron-nano-12b,min,evt-20260715_104302,bae1b1c9-b5e4-403d-b776-c9bf1344ebb5,fp,39,24,5,283.3,1,95,1,95,DUMPING,1,1,1,A motorcycle stopped near the pile. A person in red shorts approached the pile and threw an object onto the ground. The pile grew larger between frames.,text,1,5460,223,0,0.00037889,4102,
nemotron-nano-12b:min,bedrock,nemotron-nano-12b,min,evt-20260715_111559,62c05db9-808b-4523-8dc1-0091bf3f4e29,indefinido,32,24,5,281.8,1,95,1,95,DUMPING,1,1,1,"A green truck stops near the pile. A person approaches the pile, bends down, and places objects on the ground. New material appears on the ground near the pile.",text,1,5460,221,0,0.00037843,4196,
nemotron-nano-12b:min,bedrock,nemotron-nano-12b,min,evt-20260715_114547,19c03464-1bc3-40f9-a666-bb0597d36d87,indefinido,26,25,5,288.4,1,95,1,95,DUMPING,1,1,1,A person in red clothing is seen handling materials near a green truck parked at the curb. The pile of waste appears larger in the final frame compared to the initial frame.,text,1,5460,214,0,0.00037682,4360,
nemotron-nano-12b:min,bedrock,nemotron-nano-12b,min,evt-20260715_120735,5785e3d6-f2ef-4ae5-ad0b-e3a6a8214c74,fp,31,25,5,287.9,1,95,1,95,DUMPING,1,1,1,A green truck is parked near a large pile of garbage. A person in a yellow shirt is seen handling materials near the pile. The ground near the pile shows new material in the final frame.,text,1,5460,233,0,0.00038119,4046,
nemotron-nano-12b:min,bedrock,nemotron-nano-12b,min,evt-20260715_125447,67dae9c1-1df3-400b-9742-ef02bd812c30,fp,52,25,5,278.8,1,92,1,92,DUMPING,0,1,1,"A person carrying a bag approaches the pile, bends down, and deposits material near the curb. The pile grows significantly between frames.",text,1,5460,196,0,0.00037268,3481,
nemotron-nano-12b:min,bedrock,nemotron-nano-12b,min,evt-20260715_123608,9014a36e-7c1b-460a-8f3a-f07514937914,fp,17,17,5,281.2,1,95,1,95,DUMPING,1,1,1,"A person on a motorcycle approaches the pile, stops, and begins depositing materials. The green truck remains stationary throughout the sequence.",text,1,5460,196,0,0.00037268,4107,
nemotron-nano-12b:min,bedrock,nemotron-nano-12b,min,evt-20260715_165230,3da2f5d5-808b-4f99-9ecb-6d3272e918c3,tp,85,26,5,270.4,1,95,1,95,DUMPING,1,1,1,A black pickup truck stops near the pile. A person in red unloads materials from the truck and places them on the ground. The pile grows larger in the final frame.,text,1,5460,210,0,0.0003759,3997,
nemotron-nano-12b:min,bedrock,nemotron-nano-12b,min,evt-20260715_165556,3da2f5d5-808b-4f99-9ecb-6d3272e918c3,tp,86,26,5,267.2,1,92,1,92,DUMPING,0,1,1,A person in a white shirt and shorts is seen bending over and placing materials on the ground near the pile in the final frames. The pile appears larger in the last frame compared to the initial frame.,text,1,5460,208,0,0.00037544,4798,
nemotron-nano-12b:min,bedrock,nemotron-nano-12b,min,evt-20260715_181023,21c0edc7-5cc2-4d43-874f-45bae153a088,tp,81,32,5,262.3,1,95,1,95,DUMPING,1,1,1,A black SUV with a blue trailer is parked near a large waste pile. Two individuals are seen unloading materials from the trailer and depositing them onto the ground near the pile. The waste pile appears larger in the final frame.,text,1,5460,227,0,0.00037981,4217,
nemotron-nano-12b:min,bedrock,nemotron-nano-12b,min,evt-20260715_181251,21c0edc7-5cc2-4d43-874f-45bae153a088,tp,81,32,5,262.9,1,95,1,95,DUMPING,1,1,1,A black SUV is parked with a blue trailer attached. A person in white is seen unloading materials from the trailer onto the ground near the pile. The pile's size and composition change significantly between frames.,text,1,5460,221,0,0.00037843,4151,
nemotron-nano-12b:min,bedrock,nemotron-nano-12b,min,evt-20260715_191603,bc95bd66-efbb-4ede-8672-7b5459524a34,indefinido,20,20,5,292.6,1,95,1,95,DUMPING,1,1,1,A black car stops near the pile. A person exits the vehicle and begins depositing materials onto the ground near the pile. The pile grows significantly between the first and last frame.,text,1,5460,210,0,0.0003759,3717,
nemotron-nano-12b:min,bedrock,nemotron-nano-12b,min,evt-20260715_181611,21c0edc7-5cc2-4d43-874f-45bae153a088,tp,70,32,5,266.5,1,92,1,92,DUMPING,1,1,1,"A black SUV with a blue trailer is parked near a large pile of debris. Two individuals are seen handling materials near the pile. One person is carrying a large metal object, while another is moving debris around. The pile appears to have grown significantly between the first and last frame.",text,1,5460,247,0,0.00038441,4462,
nemotron-nano-12b:min,bedrock,nemotron-nano-12b,min,evt-20260715_222047,839bee07-649b-427c-9168-ed534d3a67f0,tp,27,27,5,271.7,1,92,1,92,DUMPING,0,1,1,A person is seen handling materials near the curb area in the final frames. The pile of waste appears to have increased in size compared to the initial frame.,text,1,5460,209,0,0.00037567,4005,
nemotron-nano-12b:min,bedrock,nemotron-nano-12b,min,evt-20260716_012139,56e59ca0-63ff-4cae-9f35-c10291ef1055,fp,106,30,5,270.2,1,95,1,95,DUMPING,1,1,1,"A red cart is visible in the middle frames, and a person is seen handling materials near the pile in the final frame. The pile appears larger in the last frame.",text,1,5460,205,0,0.00037475,4341,
nemotron-nano-12b:min,bedrock,nemotron-nano-12b,min,evt-20260716_094309,05f711f0-da69-4d42-8318-39637baca2b4,fp,21,21,5,284.4,1,95,1,95,DUMPING,0,1,1,A shirtless man in red shorts is seen handling and depositing materials near a large pile of garbage. The pile appears to have grown significantly between the first and last frame.,text,1,5460,215,0,0.00037705,4423,
nemotron-nano-12b:min,bedrock,nemotron-nano-12b,min,evt-20260716_123920,132e7692-e530-44e2-8d52-da564b5c61c8,fp,91,26,5,288.5,1,95,1,95,DUMPING,0,1,1,"A person wearing a purple helmet is seen pushing a wheelbarrow filled with green plants towards the pile area. The wheelbarrow is empty in the first frame but contains plants in the last frame, indicating material was added to the pile.",text,1,5460,216,0,0.00037728,4101,
nemotron-nano-12b:min,bedrock,nemotron-nano-12b,min,evt-20260716_123717,132e7692-e530-44e2-8d52-da564b5c61c8,fp,100,26,5,286.1,1,95,1,95,DUMPING,0,1,1,"A person carrying a large bundle of branches walks towards the pile area, then stops and places the branches on the ground near the pile. The pile appears to have grown slightly between the first and last frame.",text,1,5460,227,0,0.00037981,4436,
nemotron-nano-12b:min,bedrock,nemotron-nano-12b,min,evt-20260716_151227,caebb65d-f99b-469f-9067-208285e527df,fp,76,24,5,331.2,1,95,1,95,DUMPING,1,1,1,A person is seen unloading items from an orange cart into a large pile of garbage on the street. The cart is stationary while the person is actively depositing materials.,text,1,5460,256,0,0.00038648,4686,
nemotron-nano-12b:min,bedrock,nemotron-nano-12b,min,evt-20260716_152303,caebb65d-f99b-469f-9067-208285e527df,fp,86,24,5,331.9,1,95,1,95,DUMPING,1,1,1,A person in red shorts is seen handling materials near a stationary cart with an orange net. The cart is positioned next to a large pile of waste. The person appears to be depositing or moving items from the cart to the ground.,text,1,5460,230,0,0.0003805,4661,
nemotron-nano-12b:min,bedrock,nemotron-nano-12b,min,evt-20260716_153511,caebb65d-f99b-469f-9067-208285e527df,fp,89,24,5,326.2,1,95,1,95,DUMPING,1,1,1,A man in red shorts and yellow shirt is seen handling trash near a parked cart. He bends down to pick up a large object and places it on the ground. The cart remains stationary throughout the sequence.,text,1,5460,225,0,0.00037935,4405,
nemotron-nano-12b:min,bedrock,nemotron-nano-12b,min,evt-20260716_161144,caebb65d-f99b-469f-9067-208285e527df,fp,80,25,5,311.6,1,95,1,95,DUMPING,1,1,1,"A person is seen unloading material from an orange cart into the pile area. The cart is stationary throughout the sequence, and new material appears on the ground near the pile.",text,1,5460,223,0,0.00037889,4669,
nemotron-nano-12b:min,bedrock,nemotron-nano-12b,min,evt-20260716_165803,ed0b1eb9-3439-4848-8a93-38e309715839,fp,81,27,5,276.3,1,95,1,95,DUMPING,1,1,1,A white van is parked near a large pile of garbage. Two individuals are seen handling and depositing materials onto the ground near the pile. The pile's size and composition change significantly between the first and last frames.,text,1,5460,218,0,0.00037774,4688,
nemotron-nano-12b:min,bedrock,nemotron-nano-12b,min,evt-20260716_170433,ed0b1eb9-3439-4848-8a93-38e309715839,fp,72,27,5,275.3,1,95,1,95,DUMPING,1,1,1,A white van is parked near a large pile of garbage. A person wearing a blue shirt and black pants is seen bending over and handling materials near the pile. The ground near the pile appears to have new material in the final frame.,text,1,5460,231,0,0.00038073,4891,
nemotron-nano-12b:min,bedrock,nemotron-nano-12b,min,evt-20260716_170823,9107890c-7b08-43bf-849c-7de1abccef6a,tp,91,27,5,278.3,1,92,1,92,DUMPING,0,1,1,A person is seen handling materials near the pile in the final frames. The ground material has changed significantly between the initial and final frames.,text,1,5460,204,0,0.00037452,4060,
nemotron-nano-12b:min,bedrock,nemotron-nano-12b,min,evt-20260716_170619,9107890c-7b08-43bf-849c-7de1abccef6a,tp,84,27,5,280.1,1,95,1,95,DUMPING,1,1,1,"A white van is parked near a large pile of garbage. A man is seen pushing a cart loaded with wooden planks towards the pile. In the final frame, the cart is empty and the planks are scattered on the ground near the pile.",text,1,5460,247,0,0.00038441,4435,
nemotron-nano-12b:min,bedrock,nemotron-nano-12b,min,evt-20260716_183233,eea58cf7-35b4-4d76-8211-af741571e5bd,fp,108,44,5,204.6,1,95,1,95,DUMPING,0,1,1,A person is seen handling and depositing material near the pile in the final frames. The pile appears larger in the last frame compared to the initial frame.,text,1,5460,209,0,0.00037567,3675,
nemotron-nano-12b:min,bedrock,nemotron-nano-12b,min,evt-20260716_175905,f3c41d66-5fcb-444f-adb1-9001a21bb359,fp,107,46,5,206.8,1,95,1,95,DUMPING,0,1,1,A man in a white shirt and shorts is seen carrying cardboard boxes and placing them on the ground near a pile of litter. The pile appears to have grown significantly between the first and last frame.,text,1,5460,228,0,0.00038004,4121,
nemotron-nano-12b:min,bedrock,nemotron-nano-12b,min,evt-20260717_131804,781cd838-85f9-493f-83ad-45c55a6b3d89,fp,53,27,5,278.5,1,95,1,95,DUMPING,0,1,1,"A shirtless man in black shorts is seen bending over and handling a large white sack near the curb area. The ground material has changed significantly between the first and last frame, with new litter appearing in the final frame.",text,1,5460,237,0,0.00038211,4611,
nemotron-nano-12b:min,bedrock,nemotron-nano-12b,min,evt-20260717_154354,99a55c6f-36a5-4a6a-b0f1-c2eb848dc9b9,fp,33,26,5,282.8,1,95,1,95,DUMPING,0,1,1,A person is seen bending over and handling materials near the pile in the middle frames. The pile appears to have changed between the first and last frame.,text,1,5460,201,0,0.00037383,4495,
nemotron-nano-12b:min,bedrock,nemotron-nano-12b,min,evt-20260717_163744,4620bce5-7d28-47e9-9e4b-4bb40c3cc92b,tp,72,26,5,289.9,1,95,1,95,DUMPING,1,1,1,A silver pickup truck is parked near a large waste pile. Multiple individuals in green uniforms are actively loading materials into the truck's bed. The ground near the pile shows new material deposits between frames.,text,1,5460,215,0,0.00037705,4411,
nemotron-nano-12b:min,bedrock,nemotron-nano-12b,min,evt-20260717_163625,4620bce5-7d28-47e9-9e4b-4bb40c3cc92b,tp,54,26,5,282.5,1,95,1,95,DUMPING,1,1,1,A silver pickup truck stops near the curb. Two men in green shirts unload large bundles of green vegetation from the truck bed onto the ground. The pile of vegetation grows significantly between the first and last frame.,text,1,5460,216,0,0.00037728,4836,
nemotron-nano-12b:min,bedrock,nemotron-nano-12b,min,evt-20260717_170115,561d3021-99f3-4731-8727-1773c20e0e83,tp,91,26,5,296.3,1,95,1,95,DUMPING,1,1,1,"A man in a white shirt is seen unloading cardboard boxes from a cart onto the ground near a large pile of garbage. The cart is stationary throughout the sequence, and new material appears on the ground in the final frames.",text,1,5460,234,0,0.00038142,4930,
nemotron-nano-12b:min,bedrock,nemotron-nano-12b,min,evt-20260717_173848,9865cc4c-2ddd-47bb-b32f-0a82a15a3644,tp,80,32,5,267.5,1,95,1,95,DUMPING,1,1,1,A white SUV stops at the curb area. A person in blue unloads black garbage bags from the vehicle and places them on the ground. Multiple people are visible around the vehicle.,text,1,5460,218,0,0.00037774,4044,
nemotron-nano-12b:min,bedrock,nemotron-nano-12b,min,evt-20260717_171512,78663961-ee5c-45a7-966f-ec34b748dc65,fp,86,26,5,299.8,1,95,1,95,DUMPING,1,1,1,A man in a white shirt is seen handling materials near a parked vehicle with an orange cart. Three individuals walk through the area. The pile of litter appears larger in the final frame.,text,1,5460,229,0,0.00038027,4463,
nemotron-nano-12b:min,bedrock,nemotron-nano-12b,min,evt-20260717_201306,9a4aef17-b231-46a4-ada9-497e77007fec,fp,62,44,5,235.4,1,95,1,95,DUMPING,1,1,1,"Multiple workers in high-visibility gear are actively handling and depositing waste near an open garbage truck. One worker is seen using a long-handled tool to move debris, while others are bending and reaching toward the pile. The ground near the curb shows significant changes in material presence ",text,1,5460,258,0,0.00038694,4046,
nemotron-nano-12b:min,bedrock,nemotron-nano-12b,min,evt-20260717_180936,1d04290a-962c-497e-8f0c-a2816ac7be5a,tp,66,45,5,220.0,1,92,1,92,DUMPING,0,1,1,"A person carrying a bag approaches the pile, bends down, and deposits material on the ground near the curb. The pile grows visibly larger between the first and last frame.",text,1,5460,213,0,0.00037659,4635,
nemotron-nano-12b:min,bedrock,nemotron-nano-12b,min,evt-20260718_074618,635f7de2-0919-4366-8255-d40fcfa791ae,fp,100,24,5,306.6,1,95,1,95,DUMPING,1,1,1,A black cart is parked near the pile. A person in black shorts and shirt is seen handling materials near the cart. New litter appears on the ground in the final frame.,text,1,5460,207,0,0.00037521,3798,
nemotron-nano-12b:min,bedrock,nemotron-nano-12b,min,evt-20260718_074955,635f7de2-0919-4366-8255-d40fcfa791ae,fp,94,24,5,303.8,1,92,1,92,DUMPING,0,1,1,"A person in yellow uniform is seen handling a yellow container near the pile. A woman in pink appears in the final frame, standing near the pile. The pile's shape and size have changed between frames.",text,1,5460,228,0,0.00038004,3613,
nemotron-nano-12b:min,bedrock,nemotron-nano-12b,min,evt-20260718_074821,635f7de2-0919-4366-8255-d40fcfa791ae,fp,16,16,5,306.6,1,95,1,95,DUMPING,1,1,1,"A person in red pants is seen walking towards a black cart near the pile of trash. The cart is then tipped over, depositing its contents onto the ground. The pile of trash appears larger in the final frame.",text,1,5460,217,0,0.00037751,4387,
nemotron-nano-12b:min,bedrock,nemotron-nano-12b,min,evt-20260718_115346,015a7bc3-dec0-431c-bf06-3bc5a52f4b1b,tp,32,32,5,269.5,1,95,1,95,DUMPING,1,1,1,A white pickup truck is parked near a large pile of garbage. A person is seen unloading items from the truck bed onto the ground. The pile of garbage appears to have grown significantly between the first and last frame.,text,1,5460,240,0,0.0003828,4218,
nemotron-nano-12b:min,bedrock,nemotron-nano-12b,min,evt-20260717_170823,561d3021-99f3-4731-8727-1773c20e0e83,tp,101,26,5,299.8,1,95,1,95,DUMPING,1,1,1,"A man in white shirt is seen unloading materials from an orange cart onto the ground near a large pile of trash. The cart is stationary throughout the sequence, and new litter is visible on the ground in the final frame.",text,1,5460,244,0,0.00038372,12398,
nemotron-nano-12b:min,bedrock,nemotron-nano-12b,min,evt-20260718_190242,617caa9b-706d-4d0b-b597-8489b3cb5949,fp,22,22,5,197.7,1,95,1,95,DUMPING,0,1,1,A person wearing white clothing is seen bending over and handling materials near a large pile of waste in the curb area. The pile appears to have increased in size between the first and last frame.,text,1,5460,226,0,0.00037958,4034,
nemotron-nano-12b:min,bedrock,nemotron-nano-12b,min,evt-20260718_120030,015a7bc3-dec0-431c-bf06-3bc5a52f4b1b,tp,18,18,5,268.5,1,95,1,95,DUMPING,0,1,1,A man is seen handling and depositing materials near a pile of waste. The pile appears to have grown between the initial and final frames.,text,1,5460,201,0,0.00037383,4786,
nemotron-nano-12b:min,bedrock,nemotron-nano-12b,min,evt-20260718_212040,81624eeb-20f4-4805-ae4b-9ff61dc44463,tp,32,32,5,172.3,1,98,1,98,DUMPING,1,1,1,A silver car is parked with its trunk open. Multiple individuals are seen unloading white sacks from the vehicle and placing them on the ground near a large waste pile. The ground material changes significantly between frames.,text,1,5460,212,0,0.00037636,4472,
nemotron-nano-12b:min,bedrock,nemotron-nano-12b,min,evt-20260718_212254,81624eeb-20f4-4805-ae4b-9ff61dc44463,tp,32,32,5,168.4,1,95,1,95,DUMPING,1,1,1,"A silver car is parked with its trunk open. Two men are seen unloading large white sacks from the trunk and placing them on the ground near the curb. One man is shirtless, while the other wears a white shirt. The sacks appear to contain waste material.",text,1,5460,240,0,0.0003828,4468,
nemotron-nano-12b:min,bedrock,nemotron-nano-12b,min,evt-20260718_214234,2ec16c89-23e2-43de-af31-a9f7022725c6,tp,32,32,5,170.2,1,95,1,95,DUMPING,1,1,1,Three men unloading materials from a truck into a large pile of garbage. One man is seen throwing items onto the ground while others assist. The pile grows significantly between frames.,text,1,5460,216,0,0.00037728,3869,
nemotron-nano-12b:min,bedrock,nemotron-nano-12b,min,evt-20260718_215920,8c88aeca-a902-4d39-b872-7c5cdd4cc592,tp,28,28,5,186.6,1,95,1,95,DUMPING,1,1,1,A silver car stops at the curb with its trunk open. A person in white clothing is seen unloading items from the trunk and placing them on the ground near the pile of litter.,text,1,5460,229,0,0.00038027,3612,
nemotron-nano-12b:min,bedrock,nemotron-nano-12b,min,evt-20260718_220134,8c88aeca-a902-4d39-b872-7c5cdd4cc592,tp,8,8,5,177.0,1,95,1,95,DUMPING,1,1,1,"Two individuals unloading materials from a silver car into a pile of waste on the ground. The car's trunk is open throughout the sequence, and the individuals are seen handling and depositing items near the curb area.",text,1,5460,235,0,0.00038165,4240,
nemotron-nano-12b:min,bedrock,nemotron-nano-12b,min,evt-20260719_061410,1d022e1e-cc67-4054-8707-80efb834459c,indefinido,7,7,5,277.4,1,95,1,95,DUMPING,0,1,1,"A man on a bicycle stops near a large pile of garbage. He unloads a white bag from his bike and places it on the ground, adding to the existing waste pile.",text,1,5460,217,0,0.00037751,4447,
nemotron-nano-12b:min,bedrock,nemotron-nano-12b,min,evt-20260719_081140,280fa5be-76dc-430a-811f-8049b8cf42c1,indefinido,32,32,5,244.0,1,95,1,95,DUMPING,0,1,1,A man in a red shirt and yellow hat is seen handling a large white bag of trash near a pile of litter. He moves the bag from his shoulder to the ground and begins depositing its contents into the pile.,text,1,5460,264,0,0.00038832,4552,
nemotron-nano-12b:min,bedrock,nemotron-nano-12b,min,evt-20260719_221320,003e3ccb-f28b-42ec-93c6-c9e939005417,fp,23,23,5,170.3,1,95,1,95,DUMPING,1,1,1,A black SUV stopped at the curb area. A person exited the vehicle and began depositing material near the pile. The ground near the pile shows new material in the final frame.,text,1,5460,217,0,0.00037751,3669,
nemotron-nano-12b:min,bedrock,nemotron-nano-12b,min,evt-20260719_181200,50922e6c-4bb4-4906-83ae-89c8cffa6701,indefinido,17,17,5,168.6,1,95,1,95,DUMPING,1,1,1,"A person is seen throwing trash onto the ground near a parked cart. The cart is stationary throughout the sequence, and new litter is visible in the final frame.",text,1,5460,207,0,0.00037521,4342,
nemotron-nano-12b:min,bedrock,nemotron-nano-12b,min,evt-20260720_112125,3e066f19-76ff-42c6-86ad-5bd265b96a97,tp,32,32,5,259.9,1,95,1,95,DUMPING,1,1,1,A silver car is parked near a green trailer. Two men are unloading large orange bags from the trailer onto the ground. One man is seen carrying a white object from the trailer to the ground.,text,1,5460,206,0,0.00037498,3565,
nemotron-nano-12b:min,bedrock,nemotron-nano-12b,min,evt-20260720_102349,b6b91f37-160f-42b0-9b7e-c63d499fa832,indefinido,32,32,5,245.9,1,95,1,95,DUMPING,1,1,1,A black pickup truck stops near the curb. A person wearing a white hat exits the vehicle and begins depositing material from the truck bed onto the ground near the curb. The pile of litter grows significantly between the first and last frame.,text,1,5460,236,0,0.00038188,5385,
nemotron-nano-12b:min,bedrock,nemotron-nano-12b,min,evt-20260720_112330,3e066f19-76ff-42c6-86ad-5bd265b96a97,tp,32,32,5,256.0,1,95,1,95,DUMPING,1,1,1,"A silver car is parked with a green trailer attached. Two men are seen handling a large orange bag of trash near the trailer. One man bends down to place the bag on the ground, while the other assists. The pile of litter appears larger in the final frame.",text,1,5460,243,0,0.00038349,4464,
nemotron-nano-12b:min,bedrock,nemotron-nano-12b,min,evt-20260720_111909,3e066f19-76ff-42c6-86ad-5bd265b96a97,tp,32,32,5,246.4,1,95,1,95,DUMPING,1,1,1,A green truck is parked near a large pile of garbage. A person in a yellow shirt is seen handling materials near the pile. The ground near the pile shows new material in the final frame.,text,1,5460,226,0,0.00037958,7134,
nemotron-nano-12b:min,bedrock,nemotron-nano-12b,min,evt-20260720_112538,3e066f19-76ff-42c6-86ad-5bd265b96a97,tp,16,16,5,246.2,1,95,1,95,DUMPING,1,1,1,A silver car is parked near a green truck. A person in a red shirt is unloading materials from the truck bed onto the ground. The pile of litter has increased significantly between the first and last frame.,text,1,5460,221,0,0.00037843,5232,
nemotron-nano-12b:min,bedrock,nemotron-nano-12b,min,evt-20260720_153259,3fbe69f7-6460-4d36-a583-e613dcff98b4,tp,32,32,5,250.5,1,95,1,95,DUMPING,1,1,1,"A silver car is parked with a trailer loaded with tires. Multiple people are seen handling tires near the trailer, with one person placing a tire on the ground. The pile of waste appears larger in the final frame.",text,1,5460,213,0,0.00037659,3844,
nemotron-nano-12b:min,bedrock,nemotron-nano-12b,min,evt-20260720_153503,3fbe69f7-6460-4d36-a583-e613dcff98b4,tp,32,32,5,255.1,1,95,1,95,DUMPING,1,1,1,A silver car is parked near a pile of tires. Three men are unloading tires from a trailer onto the ground. One man in a yellow shirt is holding a tire above his head. The pile of tires grows larger in the final frame.,text,1,5460,219,0,0.00037797,4944,
nemotron-nano-12b:min,bedrock,nemotron-nano-12b,min,evt-20260720_153841,3fbe69f7-6460-4d36-a583-e613dcff98b4,tp,31,31,5,251.5,1,95,1,95,DUMPING,1,1,1,"A silver car is parked with a trailer loaded with tires. Multiple people are seen handling tires near the trailer, with one person placing a tire on the ground. The pile of waste appears larger in the final frame.",text,1,5460,222,0,0.00037866,4886,
nemotron-nano-12b:min,bedrock,nemotron-nano-12b,min,evt-20260720_182833,ebbf809c-5d5e-4149-a8ce-336b9b97252b,indefinido,23,23,5,179.3,1,95,1,95,DUMPING,0,1,1,A person in white clothing is seen handling and depositing material near the curb area. The pile of litter appears to have increased in size between the initial and final frames.,text,1,5460,212,0,0.00037636,4727,
nemotron-nano-12b:min,bedrock,nemotron-nano-12b,min,evt-20260720_193207,95947cb7-11a8-4662-be4e-ed7daec78d65,fp,22,22,5,170.2,1,95,1,95,DUMPING,1,1,1,A black car stopped near a large pile of garbage. A person exited the vehicle and began throwing trash onto the ground. The pile of garbage increased in size between the first and last frame.,text,1,5460,217,0,0.00037751,4200,
nemotron-nano-12b:min,bedrock,nemotron-nano-12b,min,evt-20260720_183437,ebbf809c-5d5e-4149-a8ce-336b9b97252b,indefinido,13,13,5,172.3,1,95,1,95,DUMPING,1,1,1,A motorcycle stopped near the pile. A person got off and began depositing material on the ground. The pile grew significantly between the first and last frame.,text,1,5460,212,0,0.00037636,4970,
nemotron-nano-12b:min,bedrock,nemotron-nano-12b,min,evt-20260721_005751,a7e3011f-d68a-4d6d-a451-c7d1fac89f96,tp,32,32,5,188.3,1,95,1,95,DUMPING,1,1,1,A white SUV is parked near a large pile of garbage. A person is seen unloading materials from a cart into the pile. The ground near the pile shows new material in the final frame.,text,1,5460,211,0,0.00037613,3933,
nemotron-nano-12b:min,bedrock,nemotron-nano-12b,min,evt-20260721_073733,cdb6f7c6-f2d5-450d-aeff-81dbf8d059e1,fp,8,8,5,246.4,1,95,1,95,DUMPING,1,1,1,A white truck with a flatbed stopped at the curb area. A person wearing a red shirt was seen unloading material from the truck and depositing it onto the ground near the existing waste pile.,text,1,5460,232,0,0.00038096,4242,
nemotron-nano-12b:min,bedrock,nemotron-nano-12b,min,evt-20260721_083339,186b4b3a-025a-4d9c-9102-ce0517316da7,tp,13,13,5,245.9,1,95,1,95,DUMPING,1,1,1,A black pickup truck stops near the curb. A person wearing a black shirt and gray pants unloads a cardboard box from the truck bed onto the ground. The pile of litter grows visibly larger in the final frame.,text,1,5460,241,0,0.00038303,4344,
nemotron-nano-12b:min,bedrock,nemotron-nano-12b,min,evt-20260721_083429,186b4b3a-025a-4d9c-9102-ce0517316da7,tp,17,17,5,247.0,1,95,1,95,DUMPING,1,1,1,A black pickup truck stops near the curb. A person unloads cardboard boxes from the truck bed onto the ground. Two individuals walk away from the scene carrying trash bags.,text,1,5460,220,0,0.0003782,4350,
nemotron-nano-12b:min,bedrock,nemotron-nano-12b,min,evt-20260721_083549,186b4b3a-025a-4d9c-9102-ce0517316da7,tp,6,6,5,249.0,1,95,1,95,DUMPING,1,1,1,A black pickup truck is parked with its tailgate open. A person is seen unloading items from the truck bed onto the ground near a large pile of garbage. The person is handling multiple objects and appears to be depositing them into the existing waste pile.,text,1,5460,251,0,0.00038533,4833,
nemotron-nano-12b:min,bedrock,nemotron-nano-12b,min,evt-20260721_104317,f7974b62-c4a4-493a-a861-44c901b9033d,indefinido,19,19,5,270.2,1,95,1,95,DUMPING,1,1,1,A red truck is parked near a large pile of garbage. A person is seen pushing a wheelbarrow filled with trash towards the pile. The ground near the pile shows new material being added.,text,1,5460,231,0,0.00038073,4135,
nemotron-nano-12b:min,bedrock,nemotron-nano-12b,min,evt-20260721_104455,f7974b62-c4a4-493a-a861-44c901b9033d,indefinido,32,32,5,270.9,1,95,1,95,DUMPING,1,1,1,A red truck is parked near a large pile of garbage. A person is seen handling and depositing material near the pile. The ground near the pile shows new material in the final frame.,text,1,5460,222,0,0.00037866,4780,
nemotron-nano-12b:min,bedrock,nemotron-nano-12b,min,evt-20260721_104915,f7974b62-c4a4-493a-a861-44c901b9033d,indefinido,22,22,5,275.8,1,95,1,95,DUMPING,1,1,1,"A red truck stops at a waste pile. A person in a yellow vest approaches the pile, while another person in the truck's cab appears to be handling materials. The ground near the pile shows new material deposits.",text,1,5460,232,0,0.00038096,4824,
nemotron-nano-12b:min,bedrock,nemotron-nano-12b,min,evt-20260721_125408,871e3cdd-f2c1-45db-a22c-d09748310639,indefinido,10,10,5,245.7,1,92,1,92,DUMPING,1,1,1,A silver car stopped near the curb. A person exited the vehicle and began handling materials near the pile. The ground near the pile shows new material in the final frame.,text,1,5460,224,0,0.00037912,4811,
nemotron-nano-12b:min,bedrock,nemotron-nano-12b,min,evt-20260722_005727,evt-20260722_005727,baseline,32,32,5,142.7,1,95,1,95,DUMPING,0,1,1,A person is seen bending over and placing objects near the pile of litter in the final frames. The pile appears larger in the last frame compared to the initial frame.,text,1,5460,211,0,0.00037613,3609,
nemotron-nano-12b:min,bedrock,nemotron-nano-12b,min,evt-20260721_161751,168c6958-45e6-4f0d-a8bf-2c24672e1e64,fp,11,11,5,240.3,1,95,1,95,DUMPING,0,1,1,A man in a white shirt is seen pushing a cart filled with trash towards the pile in the final frame. The pile has grown significantly compared to the initial frame.,text,1,5460,217,0,0.00037751,4167,
nemotron-nano-12b:min,bedrock,nemotron-nano-12b,min,evt-20260722_013921,evt-20260722_013921,baseline,17,17,5,196.7,1,95,1,95,DUMPING,0,1,1,A person is seen bending over and placing objects near the pile of litter in the final frames. The pile appears larger in the last frame compared to the initial frame.,text,1,5460,210,0,0.0003759,3901,
nemotron-nano-12b:min,bedrock,nemotron-nano-12b,min,evt-20260722_011328,evt-20260722_011328,baseline,6,6,5,194.0,1,95,1,95,DUMPING,0,1,1,"Two individuals are visible in the final frames, one of whom appears to be handling material near the pile. The ground material has changed between the initial and final frames.",text,1,5460,203,0,0.00037429,4770,
nemotron-nano-12b:min,bedrock,nemotron-nano-12b,min,evt-20260722_023152,evt-20260722_023152,baseline,7,7,5,197.5,1,95,1,95,DUMPING,0,1,1,"A person is seen bending and reaching toward the pile of litter in the final frame, with new material appearing on the ground near the pile.",text,1,5460,199,0,0.00037337,4305,
nemotron-nano-12b:min,bedrock,nemotron-nano-12b,min,evt-20260722_040321,evt-20260722_040321,baseline,6,6,5,200.9,1,95,1,95,DUMPING,0,1,1,"A person wearing a white shirt and shorts is seen walking towards the pile of garbage in the middle of the sequence. They stop near the pile and appear to be handling or depositing material. The pile of garbage looks different in the final frame compared to the initial frame, with new material visib",text,1,5460,253,0,0.00038579,4466,
nemotron-nano-12b:min,bedrock,nemotron-nano-12b,min,evt-20260722_051621,evt-20260722_051621,baseline,8,8,5,250.6,1,95,1,95,DUMPING,1,1,1,"A person on a bicycle stops near the curb, bends down, and places an object on the ground. The pile of litter appears larger in the final frame.",text,1,5460,218,0,0.00037774,4424,
nemotron-nano-12b:min,bedrock,nemotron-nano-12b,min,evt-20260722_055939,evt-20260722_055939,baseline,32,32,5,261.3,1,95,1,95,DUMPING,0,1,1,A person is seen handling material near the pile in the final frames. The pile appears to have changed between the initial and final frames.,text,1,5460,196,0,0.00037268,3581,
nemotron-nano-12b:min,bedrock,nemotron-nano-12b,min,evt-20260722_070638,evt-20260722_070638,baseline,7,7,5,253.9,1,95,1,95,DUMPING,0,1,1,A person is seen bending over and placing objects near the pile of litter in the final frames. The pile appears larger in the last frame compared to the initial frame.,text,1,5460,206,0,0.00037498,3743,
nemotron-nano-12b:min,bedrock,nemotron-nano-12b,min,evt-20260722_064704,evt-20260722_064704,baseline,7,7,5,255.1,1,95,1,95,DUMPING,0,1,1,"A man in a green shirt is seen walking with a bicycle towards a large pile of garbage. He stops and begins handling materials near the pile, depositing items on the ground.",text,1,5460,226,0,0.00037958,4484,
nemotron-nano-12b:min,bedrock,nemotron-nano-12b,min,evt-20260722_061645,evt-20260722_061645,baseline,6,6,5,270.5,1,95,1,95,DUMPING,1,1,1,A motorcycle stopped near the curb area. A person was seen handling and depositing material on the ground near the pile. The pile's size and shape changed between frames.,text,1,5460,229,0,0.00038027,5574,
nemotron-nano-12b:min,bedrock,nemotron-nano-12b,min,evt-20260722_062940,evt-20260722_062940,baseline,13,13,5,253.8,1,92,1,92,DUMPING,0,1,1,"A person in a green shirt appears in the mid-window frames, walking towards the pile of trash. They are seen handling and depositing material near the curb area. The pile of litter appears larger in the final frame compared to the initial frame.",text,1,5460,246,0,0.00038418,5583,
nemotron-nano-12b:min,bedrock,nemotron-nano-12b,min,evt-20260722_071823,evt-20260722_071823,baseline,12,12,5,255.6,1,92,1,92,DUMPING,0,1,1,"A woman in a black shirt and blue jeans is seen walking towards the pile of trash, bending down, and placing an object on the ground near the pile. The pile appears to have increased in size between the first and last frame.",text,1,5460,224,0,0.00037912,4149,
nemotron-nano-12b:min,bedrock,nemotron-nano-12b,min,evt-20260722_073357,evt-20260722_073357,baseline,16,16,5,262.5,1,92,1,92,DUMPING,0,1,1,A woman in a white shirt and blue jeans is seen bending over and placing items on the ground near the pile of trash. The pile appears to have grown between the first and last frame.,text,1,5460,213,0,0.00037659,4124,
nemotron-nano-12b:min,bedrock,nemotron-nano-12b,min,evt-20260722_074923,evt-20260722_074923,baseline,6,6,5,264.4,1,95,1,95,DUMPING,0,1,1,"A man in a blue shirt walks towards the pile, bends down, and places an object on the ground near the curb area. The pile appears larger in the final frame.",text,1,5460,221,0,0.00037843,3886,
nemotron-nano-12b:min,bedrock,nemotron-nano-12b,min,evt-20260722_080057,evt-20260722_080057,baseline,8,8,5,255.2,0,98,0,98,EMPTY,0,0,0,"No people, vehicles, or carts visible in any frames. Pile of litter remains unchanged throughout the sequence. No significant movement or interaction with the waste area observed.",text,1,5460,187,0,0.00037061,4161,
nemotron-nano-12b:min,bedrock,nemotron-nano-12b,min,evt-20260722_081207,evt-20260722_081207,baseline,19,19,5,267.6,1,95,1,95,DUMPING,1,1,1,A red truck stops at the curb area. A person exits the vehicle and begins unloading large metal containers onto the ground near the existing waste pile. The ground material changes significantly between frames.,text,1,5460,211,0,0.00037613,4286,
nemotron-nano-12b:min,bedrock,nemotron-nano-12b,min,evt-20260722_084147,evt-20260722_084147,baseline,8,8,5,260.6,1,95,1,95,DUMPING,0,1,1,A person is seen bending over and placing objects on the ground near the pile in the final frames. The pile appears larger in the last frame compared to the initial frame.,text,1,5460,209,0,0.00037567,3652,
nemotron-nano-12b:min,bedrock,nemotron-nano-12b,min,evt-20260722_082852,evt-20260722_082852,baseline,7,7,5,270.2,1,95,1,95,DUMPING,0,1,1,"A person in a red dress is seen walking towards the pile of trash in the initial frame. In the final frame, the same person is observed bending over and placing an object on the ground near the pile. The pile appears larger in the final frame, indicating new material has been added.",text,1,5460,241,0,0.00038303,5061,
nemotron-nano-12b:min,bedrock,nemotron-nano-12b,min,evt-20260722_085748,evt-20260722_085748,baseline,15,15,5,255.7,1,95,1,95,DUMPING,1,1,1,"A motorcycle stopped near the pile, and a person in red unloaded materials from it onto the ground. The pile grew significantly between the first and last frame.",text,1,5460,217,0,0.00037751,4383,
nemotron-nano-12b:min,bedrock,nemotron-nano-12b,min,evt-20260722_091141,evt-20260722_091141,baseline,9,9,5,271.2,1,95,1,95,DUMPING,0,1,1,A person wearing a green cap and carrying a backpack is seen walking towards the pile of garbage and depositing material on the ground near the curb area.,text,1,5460,203,0,0.00037429,4414,
nemotron-nano-12b:min,bedrock,nemotron-nano-12b,min,evt-20260722_092651,evt-20260722_092651,baseline,11,11,5,269.4,1,95,1,95,DUMPING,1,1,1,A white Martur bus stops at the curb area. A person is seen handling and depositing material near the pile. The ground near the pile shows new material in the final frame.,text,1,5460,220,0,0.0003782,4433,
nemotron-nano-12b:min,bedrock,nemotron-nano-12b,min,evt-20260722_094347,evt-20260722_094347,baseline,10,10,5,270.2,1,95,1,95,DUMPING,1,1,1,A motorcycle with a cart stopped near the pile. A person in a green shirt exited the cart and began depositing material onto the ground near the pile.,text,1,5460,202,0,0.00037406,4163,
nemotron-nano-12b:min,bedrock,nemotron-nano-12b,min,evt-20260722_095851,evt-20260722_095851,baseline,32,32,5,259.2,1,95,1,95,DUMPING,0,1,1,"A shirtless man is seen handling and depositing various items into a large pile of trash. The pile grows significantly between the first and last frame, indicating active dumping behavior.",text,1,5460,215,0,0.00037705,3967,
nemotron-nano-12b:min,bedrock,nemotron-nano-12b,min,evt-20260722_094905,5dea8a54-bff5-44c8-91d8-72e4ffda296b,tp,32,32,5,272.5,1,95,1,95,DUMPING,1,1,1,Two individuals are seen handling materials near a parked cart. One person in blue is loading items into the cart while another in black is unloading materials onto the ground. The cart is stationary throughout the sequence.,text,1,5460,229,0,0.00038027,4992,
nemotron-nano-12b:min,bedrock,nemotron-nano-12b,min,evt-20260722_101619,evt-20260722_101619,baseline,32,32,5,254.6,1,95,1,95,DUMPING,0,1,1,"A person in a red shirt is seen walking towards the pile of trash in the middle of the sequence. They appear to be handling or depositing material near the pile. The ground near the pile shows changes between the first and last frame, indicating new material has been added.",text,1,5460,254,0,0.00038602,4159,
nemotron-nano-12b:min,bedrock,nemotron-nano-12b,min,evt-20260722_103645,evt-20260722_103645,baseline,21,21,5,256.5,1,95,1,95,DUMPING,0,1,1,Two men walking near a large pile of garbage. One man carrying a yellow bag approaches the pile and appears to be depositing material. The pile grows significantly between the first and last frame.,text,1,5460,225,0,0.00037935,4946,
nemotron-nano-12b:min,bedrock,nemotron-nano-12b,min,evt-20260722_104927,evt-20260722_104927,baseline,10,10,5,255.6,1,95,1,95,DUMPING,0,1,1,"A person in a black shirt and jeans is seen walking towards the pile of trash, bending down, and depositing material on the ground near the curb area. The pile of trash appears larger in the final frame compared to the initial frame.",text,1,5460,236,0,0.00038188,3752,
nemotron-nano-12b:min,bedrock,nemotron-nano-12b,min,evt-20260722_110128,evt-20260722_110128,baseline,15,15,5,248.5,1,95,1,95,DUMPING,1,1,1,"A red car stops near the pile. A person on a bicycle approaches the pile, then a pedestrian appears carrying a bag. The pedestrian places the bag on the ground near the pile.",text,1,5460,210,0,0.0003759,3763,
nemotron-nano-12b:min,bedrock,nemotron-nano-12b,min,evt-20260722_112511,evt-20260722_112511,baseline,7,7,5,247.8,1,95,1,95,DUMPING,1,1,1,A motorcycle stops near the curb area. A person on the motorcycle bends down and throws an object onto the ground near the pile of trash. The pile of trash appears larger in the final frame.,text,1,5460,214,0,0.00037682,4110,
nemotron-nano-12b:min,bedrock,nemotron-nano-12b,min,evt-20260722_111451,evt-20260722_111451,baseline,10,10,5,253.6,1,95,1,95,DUMPING,1,1,1,A silver car stops near the curb. A person exits the vehicle and begins depositing material onto the ground near the pile. The pile grows significantly between the first and last frame.,text,1,5460,221,0,0.00037843,5448,
nemotron-nano-12b:min,bedrock,nemotron-nano-12b,min,evt-20260722_115439,evt-20260722_115439,baseline,11,11,5,257.4,1,95,1,95,DUMPING,0,1,1,A shirtless man wearing a cap is seen handling trash bags and depositing waste onto the ground near a large pile of garbage. He is actively engaged in dumping activities throughout the sequence.,text,1,5460,220,0,0.0003782,3750,
nemotron-nano-12b:min,bedrock,nemotron-nano-12b,min,evt-20260722_114117,evt-20260722_114117,baseline,9,9,5,255.6,1,95,1,95,DUMPING,0,1,1,Two men are seen handling and depositing various items from a cart onto the ground near a large pile of waste. The pile appears to have grown significantly between the initial and final frames.,text,1,5460,217,0,0.00037751,4974,
nemotron-nano-12b:min,bedrock,nemotron-nano-12b,min,evt-20260722_115613,ba60b6fd-21dc-468d-9e7b-9271372f7ea2,fp,12,12,5,256.8,1,95,1,95,DUMPING,0,1,1,"A person carrying a white bag approaches the pile, bends down, and places the bag on the ground near the curb. The pile's size and composition change noticeably between frames.",text,1,5460,229,0,0.00038027,3865,
nemotron-nano-12b:min,bedrock,nemotron-nano-12b,min,evt-20260722_120856,dc0d4026-4cd8-4622-9e63-914f104275de,fp,32,32,5,261.6,1,95,1,95,DUMPING,0,1,1,"A man carrying a large bag approaches the pile, stops, and begins depositing its contents onto the ground. The pile grows significantly between the first and last frame.",text,1,5460,209,0,0.00037567,4205,
nemotron-nano-12b:min,bedrock,nemotron-nano-12b,min,evt-20260722_121140,evt-20260722_121140,baseline,26,26,5,261.7,1,95,1,95,DUMPING,0,1,1,An older man in a blue shirt is seen handling trash bags and depositing material into a pile of litter. A young boy walks past the scene without interacting with the waste.,text,1,5460,220,0,0.0003782,4480,
nemotron-nano-12b:min,bedrock,nemotron-nano-12b,min,evt-20260722_122927,evt-20260722_122927,baseline,14,14,5,261.6,1,92,1,92,DUMPING,1,1,1,A white truck stops near the curb. A person exits the truck and begins depositing material onto the ground near the pile. The pile grows significantly between the first and last frame.,text,1,5460,222,0,0.00037866,3884,
nemotron-nano-12b:min,bedrock,nemotron-nano-12b,min,evt-20260722_124619,766e75eb-6a4f-4d83-b537-ac59dea45165,tp,12,12,5,250.6,1,95,1,95,DUMPING,0,1,1,"A person carrying a large white bag approaches the pile, bends down, and places the bag on the ground near the curb. The pile's size and composition change noticeably between frames.",text,1,5460,216,0,0.00037728,4182,
nemotron-nano-12b:min,bedrock,nemotron-nano-12b,min,evt-20260722_124935,evt-20260722_124935,baseline,12,12,5,261.7,1,95,1,95,DUMPING,0,1,1,A person wearing a blue shirt and black shorts is seen bending over and placing items from a white bag onto the ground near a large pile of garbage. The pile appears to have increased in size between the first and last frame.,text,1,5460,235,0,0.00038165,4007,
nemotron-nano-12b:min,bedrock,nemotron-nano-12b,min,evt-20260722_130757,evt-20260722_130757,baseline,16,16,5,251.2,1,95,1,95,DUMPING,1,1,1,A white truck is parked near a large pile of garbage. A person is seen walking towards the pile and depositing material on the ground. The pile appears to have grown significantly between the first and last frame.,text,1,5460,224,0,0.00037912,4457,
nemotron-nano-12b:min,bedrock,nemotron-nano-12b,min,evt-20260722_131914,evt-20260722_131914,baseline,7,7,5,256.8,1,95,1,95,DUMPING,0,1,1,A person is seen bending over and placing objects near the pile of litter in the final frames. The pile appears larger in the last frame compared to the initial frame.,text,1,5460,205,0,0.00037475,4058,
nemotron-nano-12b:min,bedrock,nemotron-nano-12b,min,evt-20260722_133402,evt-20260722_133402,baseline,6,6,5,257.3,1,95,1,95,DUMPING,0,1,1,"A person carrying a backpack is seen walking towards the pile of trash in the final frame, indicating potential dumping activity.",text,1,5460,195,0,0.00037245,3672,
nemotron-nano-12b:min,bedrock,nemotron-nano-12b,min,evt-20260722_134507,evt-20260722_134507,baseline,9,9,5,253.7,1,95,1,95,DUMPING,1,1,1,A white van stops near the curb area. A person exits the vehicle and begins depositing materials onto the ground near the existing waste pile. The pile grows visibly larger between the first and last frame.,text,1,5460,231,0,0.00038073,4141,
nemotron-nano-12b:min,bedrock,nemotron-nano-12b,min,evt-20260722_140141,evt-20260722_140141,baseline,10,10,5,257.2,1,95,1,95,DUMPING,0,1,1,"A person wearing a pink cap is seen walking towards the pile of garbage in the middle of the sequence. They stop near the pile and appear to be handling or depositing material. The ground near the pile shows changes, indicating new material has been added.",text,1,5460,224,0,0.00037912,4139,
nemotron-nano-12b:g3,bedrock,nemotron-nano-12b,g3,evt-20260715_073056,1fcd4f3e-dc8f-468a-8284-13dd6871d86f,fp,31,22,5,310.4,1,95,1,95,DUMPING,0,1,1,"A person is seen interacting with the waste pile, adding new materials to it. The pile grows visibly larger between the first and last frames.",text,1,5402,215,0,0.00037357,4404,
nemotron-nano-12b:g3,bedrock,nemotron-nano-12b,g3,evt-20260714_220153,88f4aa05-bb52-4af9-88a1-b7c4ad21630f,fp,27,27,5,258.4,1,95,1,95,DUMPING,1,1,1,"A motorcycle stopped at the waste pile, and a person unloaded cardboard boxes onto the ground. The pile grew significantly between frames.",text,1,5402,202,0,0.00037058,5369,
nemotron-nano-12b:g3,bedrock,nemotron-nano-12b,g3,evt-20260715_085108,2a7571b8-d7ed-4e92-94a6-97cc13f2d3f1,tp,18,18,5,293.3,1,95,1,95,DUMPING,1,1,1,A white van is parked near a large pile of garbage. A person in a blue shirt is seen unloading materials from the van and depositing them onto the ground near the pile. The pile appears to have grown significantly between the initial and final frames.,text,1,5402,252,0,0.00038208,5579,
nemotron-nano-12b:g3,bedrock,nemotron-nano-12b,g3,evt-20260715_090236,364e7028-8796-4afb-8baa-867211e2c46e,indefinido,15,15,5,291.1,1,95,1,95,DUMPING,0,1,1,"A person carrying a bag approaches the waste pile, stops, and places the bag on the ground, increasing the pile size. No vehicle is involved in the dumping activity.",text,1,5402,220,0,0.00037472,4693,
nemotron-nano-12b:g3,bedrock,nemotron-nano-12b,g3,evt-20260715_090305,364e7028-8796-4afb-8baa-867211e2c46e,indefinido,24,24,5,291.6,1,95,1,95,DUMPING,0,1,1,"A person carrying a bag approaches the waste pile, stops, and deposits the material into the pile. The pile grows visibly larger in the final frame.",text,1,5402,240,0,0.00037932,4781,
nemotron-nano-12b:g3,bedrock,nemotron-nano-12b,g3,evt-20260715_104302,bae1b1c9-b5e4-403d-b776-c9bf1344ebb5,fp,39,24,5,283.3,1,95,1,95,DUMPING,1,1,1,"A motorcycle stopped near the waste pile, and a person unloaded materials from the back of the motorcycle onto the ground. The waste pile grew significantly between the first and last frames.",text,1,5402,239,0,0.00037909,4189,
nemotron-nano-12b:g3,bedrock,nemotron-nano-12b,g3,evt-20260715_111559,62c05db9-808b-4523-8dc1-0091bf3f4e29,indefinido,32,24,5,281.8,1,95,1,95,DUMPING,1,1,1,"A green truck stops near the pile, and a person is seen unloading materials into the existing waste pile. The pile grows visibly larger in the final frame.",text,1,5402,238,0,0.00037886,4133,
nemotron-nano-12b:g3,bedrock,nemotron-nano-12b,g3,evt-20260715_114547,19c03464-1bc3-40f9-a666-bb0597d36d87,indefinido,26,25,5,288.4,1,95,1,95,DUMPING,0,1,1,"A person carrying a bag approaches the waste pile, stops, and deposits the material into the pile. The pile grows visibly larger in the final frame.",text,1,5402,209,0,0.00037219,4558,
nemotron-nano-12b:g3,bedrock,nemotron-nano-12b,g3,evt-20260715_120735,5785e3d6-f2ef-4ae5-ad0b-e3a6a8214c74,fp,31,25,5,287.9,1,95,1,95,DUMPING,1,1,1,"A person in yellow is seen walking towards the pile of trash, interacting with it, and depositing new material. The pile grows visibly larger between the first and last frames.",text,1,5402,245,0,0.00038047,4799,
nemotron-nano-12b:g3,bedrock,nemotron-nano-12b,g3,evt-20260715_123608,9014a36e-7c1b-460a-8f3a-f07514937914,fp,17,17,5,281.2,1,95,1,95,DUMPING,1,1,1,"A person is seen unloading materials from a green truck into a large pile of waste. The pile grows significantly between the first and last frame, with new items visible on the ground.",text,1,5402,249,0,0.00038139,5042,
nemotron-nano-12b:g3,bedrock,nemotron-nano-12b,g3,evt-20260715_165230,3da2f5d5-808b-4f99-9ecb-6d3272e918c3,tp,85,26,5,270.4,1,95,1,95,DUMPING,1,1,1,"A black pickup truck stops near the waste pile. A person in red approaches the truck, unloads materials, and places them at the pile. The waste pile grows visibly larger in the final frame.",text,1,5402,233,0,0.00037771,3904,
nemotron-nano-12b:g3,bedrock,nemotron-nano-12b,g3,evt-20260715_125447,67dae9c1-1df3-400b-9742-ef02bd812c30,fp,52,25,5,278.8,1,95,1,95,DUMPING,0,1,1,"A person carrying a bag approaches the waste pile, stops, and places the bag on the ground. The pile grows visibly larger in the final frame.",text,1,5402,240,0,0.00037932,4509,
nemotron-nano-12b:g3,bedrock,nemotron-nano-12b,g3,evt-20260715_181023,21c0edc7-5cc2-4d43-874f-45bae153a088,tp,81,32,5,262.3,1,95,1,95,DUMPING,1,1,1,A black SUV with a blue trailer is parked near a large waste pile. Two individuals are seen unloading materials from the trailer and depositing them into the existing waste pile. The waste pile grows visibly larger in the final frame.,text,1,5402,259,0,0.00038369,3852,
nemotron-nano-12b:g3,bedrock,nemotron-nano-12b,g3,evt-20260715_165556,3da2f5d5-808b-4f99-9ecb-6d3272e918c3,tp,86,26,5,267.2,1,95,1,95,DUMPING,0,1,1,"A person carrying a bag approaches the waste pile, stops, and places the bag down, increasing the pile size. No vehicle is involved in the dumping action.",text,1,5402,220,0,0.00037472,4708,
nemotron-nano-12b:g3,bedrock,nemotron-nano-12b,g3,evt-20260715_181251,21c0edc7-5cc2-4d43-874f-45bae153a088,tp,81,32,5,262.9,1,95,1,95,DUMPING,1,1,1,A person in white is seen unloading materials from a blue trailer into the existing waste pile. The pile grows visibly larger by the final frame.,text,1,5402,224,0,0.00037564,4373,
nemotron-nano-12b:g3,bedrock,nemotron-nano-12b,g3,evt-20260715_191603,bc95bd66-efbb-4ede-8672-7b5459524a34,indefinido,20,20,5,292.6,1,95,1,95,DUMPING,1,1,1,"A black car stops near the waste pile, and a person is seen handling materials near the vehicle. New debris appears on the ground in the final frame.",text,1,5402,225,0,0.00037587,4156,
nemotron-nano-12b:g3,bedrock,nemotron-nano-12b,g3,evt-20260715_181611,21c0edc7-5cc2-4d43-874f-45bae153a088,tp,70,32,5,266.5,1,95,1,95,DUMPING,1,1,1,A person in white is seen unloading materials from a blue trailer into a large pile of waste. The pile grows visibly larger between the first and last frames.,text,1,5402,229,0,0.00037679,4923,
nemotron-nano-12b:g3,bedrock,nemotron-nano-12b,g3,evt-20260715_222047,839bee07-649b-427c-9168-ed534d3a67f0,tp,27,27,5,271.7,1,95,1,95,DUMPING,0,1,1,"A person is seen bending over and depositing material into the existing waste pile, causing the pile to grow visibly larger in the final frame.",text,1,5402,207,0,0.00037173,3643,
nemotron-nano-12b:g3,bedrock,nemotron-nano-12b,g3,evt-20260716_012139,56e59ca0-63ff-4cae-9f35-c10291ef1055,fp,106,30,5,270.2,1,95,1,95,DUMPING,0,1,1,A person is seen carrying a bag and depositing it into the existing waste pile. The pile grows visibly larger in the final frame.,text,1,5402,216,0,0.0003738,4047,
nemotron-nano-12b:g3,bedrock,nemotron-nano-12b,g3,evt-20260716_094309,05f711f0-da69-4d42-8318-39637baca2b4,fp,21,21,5,284.4,1,95,1,95,DUMPING,0,1,1,A man is seen carrying a large piece of wood and placing it onto the existing waste pile. The pile grows visibly larger by the end of the sequence.,text,1,5402,224,0,0.00037564,4218,
nemotron-nano-12b:g3,bedrock,nemotron-nano-12b,g3,evt-20260716_123717,132e7692-e530-44e2-8d52-da564b5c61c8,fp,100,26,5,286.1,1,95,1,95,DUMPING,0,1,1,"A person carrying a large bundle of branches approaches the waste pile, stops, and places the material on the ground, increasing the pile size.",text,1,5402,223,0,0.00037541,3503,
nemotron-nano-12b:g3,bedrock,nemotron-nano-12b,g3,evt-20260716_151227,caebb65d-f99b-469f-9067-208285e527df,fp,76,24,5,331.2,1,95,1,95,DUMPING,0,1,1,"A person is seen depositing material into an orange cart near a large waste pile. The cart is then moved away from the pile, indicating active dumping behavior.",text,1,5402,222,0,0.00037518,3979,
nemotron-nano-12b:g3,bedrock,nemotron-nano-12b,g3,evt-20260716_123920,132e7692-e530-44e2-8d52-da564b5c61c8,fp,91,26,5,288.5,1,95,1,95,DUMPING,0,1,1,"A person carrying a wheelbarrow approaches the pile, stops, and unloads material into it. The pile grows visibly larger between frames.",text,1,5402,241,0,0.00037955,4911,
nemotron-nano-12b:g3,bedrock,nemotron-nano-12b,g3,evt-20260716_152303,caebb65d-f99b-469f-9067-208285e527df,fp,86,24,5,331.9,1,95,1,95,DUMPING,1,1,1,A person is seen unloading material from a cart into a large pile of garbage. The pile grows visibly larger between the first and last frames.,text,1,5402,217,0,0.00037403,4244,
nemotron-nano-12b:g3,bedrock,nemotron-nano-12b,g3,evt-20260716_153511,caebb65d-f99b-469f-9067-208285e527df,fp,89,24,5,326.2,1,95,1,95,DUMPING,1,1,1,"A person is seen handling material near a stationary vehicle, with new items appearing on the ground in the final frame. The pile of waste has grown significantly.",text,1,5402,228,0,0.00037656,4017,
nemotron-nano-12b:g3,bedrock,nemotron-nano-12b,g3,evt-20260716_161144,caebb65d-f99b-469f-9067-208285e527df,fp,80,25,5,311.6,1,95,1,95,DUMPING,1,1,1,"A person is seen unloading items from a cart into the existing waste pile, with new materials visible on the ground in the final frame.",text,1,5402,208,0,0.00037196,4085,
nemotron-nano-12b:g3,bedrock,nemotron-nano-12b,g3,evt-20260716_165803,ed0b1eb9-3439-4848-8a93-38e309715839,fp,81,27,5,276.3,1,95,1,95,DUMPING,0,1,1,A person is seen bending over and depositing material into the existing waste pile. The pile grows visibly larger between the first and last frames.,text,1,5402,211,0,0.00037265,3981,
nemotron-nano-12b:g3,bedrock,nemotron-nano-12b,g3,evt-20260716_170433,ed0b1eb9-3439-4848-8a93-38e309715839,fp,72,27,5,275.3,1,95,1,95,DUMPING,1,1,1,"A person is seen bending over near the waste pile, interacting with the ground. The pile appears larger in the final frame, indicating new material was added.",text,1,5402,212,0,0.00037288,4460,
nemotron-nano-12b:g3,bedrock,nemotron-nano-12b,g3,evt-20260716_170619,9107890c-7b08-43bf-849c-7de1abccef6a,tp,84,27,5,280.1,1,95,1,95,DUMPING,0,1,1,"A man pushes a cart with wooden planks toward the pile, then bends down to unload them. The pile grows visibly larger with new wooden materials.",text,1,5402,219,0,0.00037449,4646,
nemotron-nano-12b:g3,bedrock,nemotron-nano-12b,g3,evt-20260716_170823,9107890c-7b08-43bf-849c-7de1abccef6a,tp,91,27,5,278.3,1,95,1,95,DUMPING,0,1,1,A person is seen carrying a large cardboard box and depositing it into the existing waste pile. The pile grows visibly larger in the final frame.,text,1,5402,207,0,0.00037173,3976,
nemotron-nano-12b:g3,bedrock,nemotron-nano-12b,g3,evt-20260716_175905,f3c41d66-5fcb-444f-adb1-9001a21bb359,fp,107,46,5,206.8,1,95,1,95,DUMPING,0,1,1,"A person is seen carrying and depositing large cardboard boxes onto the existing waste pile, increasing its size. The pile grows visibly from the initial to final frame.",text,1,5402,245,0,0.00038047,3975,
nemotron-nano-12b:g3,bedrock,nemotron-nano-12b,g3,evt-20260716_183233,eea58cf7-35b4-4d76-8211-af741571e5bd,fp,108,44,5,204.6,1,95,1,95,DUMPING,0,1,1,A person is seen carrying a large white object and depositing it onto the existing waste pile. The pile grows visibly larger in the final frame.,text,1,5402,207,0,0.00037173,3160,
nemotron-nano-12b:g3,bedrock,nemotron-nano-12b,g3,evt-20260717_131804,781cd838-85f9-493f-83ad-45c55a6b3d89,fp,53,27,5,278.5,1,95,1,95,DUMPING,0,1,1,"A person is seen carrying a bag and depositing material into the existing waste pile, causing the pile to grow visibly.",text,1,5402,194,0,0.00036874,4143,
nemotron-nano-12b:g3,bedrock,nemotron-nano-12b,g3,evt-20260717_163625,4620bce5-7d28-47e9-9e4b-4bb40c3cc92b,tp,54,26,5,282.5,1,95,1,95,DUMPING,1,1,1,"A silver pickup truck stops at the dumping site, and two men in green shirts unload large bundles of vegetation onto the ground near the existing waste pile.",text,1,5402,228,0,0.00037656,3743,
nemotron-nano-12b:g3,bedrock,nemotron-nano-12b,g3,evt-20260717_154354,99a55c6f-36a5-4a6a-b0f1-c2eb848dc9b9,fp,33,26,5,282.8,1,95,1,95,DUMPING,0,1,1,"A person is seen bending over and interacting with the waste pile, with new material appearing on the ground in the final frame.",text,1,5402,207,0,0.00037173,4653,
nemotron-nano-12b:g3,bedrock,nemotron-nano-12b,g3,evt-20260717_163744,4620bce5-7d28-47e9-9e4b-4bb40c3cc92b,tp,72,26,5,289.9,1,95,1,95,DUMPING,1,1,1,A silver car is parked near a large pile of garbage. Multiple people in green uniforms are unloading materials from the vehicle and depositing them into the existing waste pile. The pile grows visibly larger in the final frame.,text,1,5402,247,0,0.00038093,4391,
nemotron-nano-12b:g3,bedrock,nemotron-nano-12b,g3,evt-20260717_170115,561d3021-99f3-4731-8727-1773c20e0e83,tp,91,26,5,296.3,1,95,1,95,DUMPING,0,1,1,A man is seen unloading boxes from a cart and placing them on the ground near a large pile of trash. The pile grows visibly larger by the final frame.,text,1,5402,247,0,0.00038093,3799,
nemotron-nano-12b:g3,bedrock,nemotron-nano-12b,g3,evt-20260717_171512,78663961-ee5c-45a7-966f-ec34b748dc65,fp,86,26,5,299.8,1,95,1,95,DUMPING,1,1,1,"A person is seen unloading materials from a cart into the existing waste pile, with new items visible on the ground in the final frame.",text,1,5402,219,0,0.00037449,3721,
nemotron-nano-12b:g3,bedrock,nemotron-nano-12b,g3,evt-20260717_170823,561d3021-99f3-4731-8727-1773c20e0e83,tp,101,26,5,299.8,1,95,1,95,DUMPING,1,1,1,"A person is seen unloading materials from a cart into a pile of garbage. The pile grows visibly larger between the initial and final frames, indicating active dumping behavior.",text,1,5402,240,0,0.00037932,4893,
nemotron-nano-12b:g3,bedrock,nemotron-nano-12b,g3,evt-20260717_173848,9865cc4c-2ddd-47bb-b32f-0a82a15a3644,tp,80,32,5,267.5,1,95,1,95,DUMPING,1,1,1,"A white SUV stops at the dumping site, and a person is seen unloading material from the vehicle into the pile. The pile grows visibly larger in the final frame.",text,1,5402,238,0,0.00037886,4057,
nemotron-nano-12b:g3,bedrock,nemotron-nano-12b,g3,evt-20260717_180936,1d04290a-962c-497e-8f0c-a2816ac7be5a,tp,66,45,5,220.0,1,95,1,95,DUMPING,1,1,1,"A vehicle stops near the waste pile, and a person is seen handling and depositing material onto the ground. The pile grows visibly between the first and last frames.",text,1,5402,223,0,0.00037541,3761,
nemotron-nano-12b:g3,bedrock,nemotron-nano-12b,g3,evt-20260717_201306,9a4aef17-b231-46a4-ada9-497e77007fec,fp,62,44,5,235.4,1,98,1,98,DUMPING,1,1,1,"Multiple workers in high-visibility gear are seen actively depositing waste into a large pile near a stationary garbage truck. The pile grows significantly over the sequence, with new materials clearly visible in the final frame.",text,1,5402,237,0,0.00037863,4048,
nemotron-nano-12b:g3,bedrock,nemotron-nano-12b,g3,evt-20260718_074618,635f7de2-0919-4366-8255-d40fcfa791ae,fp,100,24,5,306.6,1,95,1,95,DUMPING,1,1,1,"A person was observed unloading a cart filled with garbage into the existing waste pile. The cart was stationary in multiple frames, and the person was actively handling the material. The waste pile grew significantly between the initial and final frames.",text,1,5402,236,0,0.0003784,3404,
nemotron-nano-12b:g3,bedrock,nemotron-nano-12b,g3,evt-20260718_074821,635f7de2-0919-4366-8255-d40fcfa791ae,fp,16,16,5,306.6,1,95,1,95,DUMPING,1,1,1,A person is seen unloading a cart filled with garbage into the existing pile. The pile grows visibly larger in the final frame.,text,1,5402,206,0,0.0003715,4365,
nemotron-nano-12b:g3,bedrock,nemotron-nano-12b,g3,evt-20260718_120030,015a7bc3-dec0-431c-bf06-3bc5a52f4b1b,tp,18,18,5,268.5,1,95,1,95,DUMPING,0,1,1,A man is seen carrying and depositing items into a large pile of garbage. The pile grows visibly larger by the end of the sequence.,text,1,5402,224,0,0.00037564,3842,
nemotron-nano-12b:g3,bedrock,nemotron-nano-12b,g3,evt-20260718_074955,635f7de2-0919-4366-8255-d40fcfa791ae,fp,94,24,5,303.8,1,95,1,95,DUMPING,0,1,1,"A person in yellow uniform is seen depositing material into the existing waste pile, increasing its size. The pile grows visibly from initial to final frame.",text,1,5402,237,0,0.00037863,4916,
nemotron-nano-12b:g3,bedrock,nemotron-nano-12b,g3,evt-20260718_115346,015a7bc3-dec0-431c-bf06-3bc5a52f4b1b,tp,32,32,5,269.5,1,95,1,95,DUMPING,1,1,1,"A white pickup truck is parked near a large pile of garbage. A person is seen unloading items from the truck bed and placing them on the ground, adding to the existing waste pile.",text,1,5402,227,0,0.00037633,4821,
nemotron-nano-12b:g3,bedrock,nemotron-nano-12b,g3,evt-20260718_190242,617caa9b-706d-4d0b-b597-8489b3cb5949,fp,22,22,5,197.7,1,95,1,95,DUMPING,0,1,1,A person is seen carrying a white bag and depositing its contents into the existing waste pile. The pile grows visibly larger by the final frame.,text,1,5402,213,0,0.00037311,2992,
nemotron-nano-12b:g3,bedrock,nemotron-nano-12b,g3,evt-20260718_212254,81624eeb-20f4-4805-ae4b-9ff61dc44463,tp,32,32,5,168.4,1,95,1,95,DUMPING,1,1,1,A car is parked with its trunk open. Multiple individuals are seen handling large white bags and depositing them onto the ground near the pile of litter. The pile grows visibly larger throughout the sequence.,text,1,5402,260,0,0.00038392,3439,
nemotron-nano-12b:g3,bedrock,nemotron-nano-12b,g3,evt-20260718_212040,81624eeb-20f4-4805-ae4b-9ff61dc44463,tp,32,32,5,172.3,1,95,1,95,DUMPING,1,1,1,Three individuals unloading bags from a car into a large waste pile at night. The pile grows visibly as bags are discarded on the ground.,text,1,5402,227,0,0.00037633,4109,
nemotron-nano-12b:g3,bedrock,nemotron-nano-12b,g3,evt-20260718_215920,8c88aeca-a902-4d39-b872-7c5cdd4cc592,tp,28,28,5,186.6,1,95,1,95,DUMPING,1,1,1,A person unloads items from a car trunk onto the ground near a large waste pile. The pile grows visibly between frames.,text,1,5402,219,0,0.00037449,3861,
nemotron-nano-12b:g3,bedrock,nemotron-nano-12b,g3,evt-20260718_214234,2ec16c89-23e2-43de-af31-a9f7022725c6,tp,32,32,5,170.2,1,95,1,95,DUMPING,1,1,1,Three men unload materials from a truck into a large waste pile. One man carries a long stick while others handle items. The pile grows visibly larger by the final frame.,text,1,5402,214,0,0.00037334,5031,
nemotron-nano-12b:g3,bedrock,nemotron-nano-12b,g3,evt-20260718_220134,8c88aeca-a902-4d39-b872-7c5cdd4cc592,tp,8,8,5,177.0,1,95,1,95,DUMPING,1,1,1,"Two individuals unload materials from a silver car into a large waste pile. The pile grows visibly between frames, with new items appearing on the ground.",text,1,5402,243,0,0.00038001,4671,
nemotron-nano-12b:g3,bedrock,nemotron-nano-12b,g3,evt-20260719_061410,1d022e1e-cc67-4054-8707-80efb834459c,indefinido,7,7,5,277.4,1,95,1,95,DUMPING,0,1,1,A person on a bicycle stops and unloads a white bag onto the ground near a large waste pile. The pile grows visibly between frames.,text,1,5402,234,0,0.00037794,4514,
nemotron-nano-12b:g3,bedrock,nemotron-nano-12b,g3,evt-20260719_181200,50922e6c-4bb4-4906-83ae-89c8cffa6701,indefinido,17,17,5,168.6,1,95,1,95,DUMPING,1,1,1,A person is seen unloading a cart filled with trash and depositing it into a large pile of garbage. The pile grows significantly between the first and last frames.,text,1,5402,244,0,0.00038024,3579,
nemotron-nano-12b:g3,bedrock,nemotron-nano-12b,g3,evt-20260719_081140,280fa5be-76dc-430a-811f-8049b8cf42c1,indefinido,32,32,5,244.0,1,95,1,95,DUMPING,0,1,1,"A man carrying a large white bag approaches the pile, stops, and begins depositing its contents onto the ground. The pile grows visibly larger by the final frame.",text,1,5402,254,0,0.00038254,5018,
nemotron-nano-12b:g3,bedrock,nemotron-nano-12b,g3,evt-20260720_102349,b6b91f37-160f-42b0-9b7e-c63d499fa832,indefinido,32,32,5,245.9,1,95,1,95,DUMPING,1,1,1,"A black pickup truck stops at the waste pile, and a person is seen unloading material from the truck bed onto the ground. The pile grows visibly larger in the final frame.",text,1,5402,237,0,0.00037863,3500,
nemotron-nano-12b:g3,bedrock,nemotron-nano-12b,g3,evt-20260719_221320,003e3ccb-f28b-42ec-93c6-c9e939005417,fp,23,23,5,170.3,1,95,1,95,DUMPING,1,1,1,A black SUV stops at the dumping hotspot. A person exits the vehicle and begins depositing waste into the existing pile. The pile grows visibly larger by the final frame.,text,1,5402,225,0,0.00037587,4247,
nemotron-nano-12b:g3,bedrock,nemotron-nano-12b,g3,evt-20260720_112538,3e066f19-76ff-42c6-86ad-5bd265b96a97,tp,16,16,5,246.2,1,95,1,95,DUMPING,1,1,1,"A person in a red shirt is seen unloading materials from a green truck into a large pile of garbage. The pile grows significantly between the first and last frames, with new items visible in the final image.",text,1,5402,242,0,0.00037978,3396,
nemotron-nano-12b:g3,bedrock,nemotron-nano-12b,g3,evt-20260720_112125,3e066f19-76ff-42c6-86ad-5bd265b96a97,tp,32,32,5,259.9,1,95,1,95,DUMPING,1,1,1,"A man in a red shirt is seen unloading a large white object from a green trailer into the existing waste pile. The trailer is stationary throughout the sequence, and the waste pile grows visibly larger by the end of the sequence.",text,1,5402,253,0,0.00038231,5055,
nemotron-nano-12b:g3,bedrock,nemotron-nano-12b,g3,evt-20260720_111909,3e066f19-76ff-42c6-86ad-5bd265b96a97,tp,32,32,5,246.4,1,95,1,95,DUMPING,1,1,1,A green truck is parked near a large pile of garbage. A person in a yellow shirt is seen handling materials near the truck and depositing them into the garbage pile.,text,1,5402,229,0,0.00037679,5107,
nemotron-nano-12b:g3,bedrock,nemotron-nano-12b,g3,evt-20260720_112330,3e066f19-76ff-42c6-86ad-5bd265b96a97,tp,32,32,5,256.0,1,95,1,95,DUMPING,1,1,1,A man in a red shirt and another in a pink shirt are seen unloading materials from a green trailer into a large pile of garbage. The pile grows visibly larger by the final frame.,text,1,5402,237,0,0.00037863,5329,
nemotron-nano-12b:g3,bedrock,nemotron-nano-12b,g3,evt-20260720_153259,3fbe69f7-6460-4d36-a583-e613dcff98b4,tp,32,32,5,250.5,1,95,1,95,DUMPING,1,1,1,"A silver car with a trailer loaded with tires is parked near a large waste pile. Multiple people are seen handling and unloading tires from the trailer onto the ground, adding to the existing waste.",text,1,5402,270,0,0.00038622,4855,
nemotron-nano-12b:g3,bedrock,nemotron-nano-12b,g3,evt-20260720_153503,3fbe69f7-6460-4d36-a583-e613dcff98b4,tp,32,32,5,255.1,1,95,1,95,DUMPING,1,1,1,A silver car is parked with a trailer loaded with tires. Multiple people are seen handling and unloading tires from the trailer onto the ground. The waste pile grows visibly larger in the final frame.,text,1,5402,232,0,0.00037748,3725,
nemotron-nano-12b:g3,bedrock,nemotron-nano-12b,g3,evt-20260720_182833,ebbf809c-5d5e-4149-a8ce-336b9b97252b,indefinido,23,23,5,179.3,1,95,1,95,DUMPING,0,1,1,"A person carrying a bag approaches the waste pile, stops, and places the bag on the ground. The pile grows visibly larger in the final frame.",text,1,5402,210,0,0.00037242,3757,
nemotron-nano-12b:g3,bedrock,nemotron-nano-12b,g3,evt-20260720_153841,3fbe69f7-6460-4d36-a583-e613dcff98b4,tp,31,31,5,251.5,1,95,1,95,DUMPING,1,1,1,"A vehicle stops at a waste pile, and a person is seen handling and depositing material onto the ground. The pile grows visibly larger between the first and last frames.",text,1,5402,228,0,0.00037656,4743,
nemotron-nano-12b:g3,bedrock,nemotron-nano-12b,g3,evt-20260720_183437,ebbf809c-5d5e-4149-a8ce-336b9b97252b,indefinido,13,13,5,172.3,1,95,1,95,DUMPING,1,1,1,"A person on a motorcycle stops and unloads material near the waste pile, increasing its size.",text,1,5402,194,0,0.00036874,4138,
nemotron-nano-12b:g3,bedrock,nemotron-nano-12b,g3,evt-20260720_193207,95947cb7-11a8-4662-be4e-ed7daec78d65,fp,22,22,5,170.2,1,95,1,95,DUMPING,1,1,1,"A vehicle stops near the waste pile, and a person is seen handling and depositing material onto the ground. The pile grows visibly between frames.",text,1,5402,206,0,0.0003715,3799,
nemotron-nano-12b:g3,bedrock,nemotron-nano-12b,g3,evt-20260721_005751,a7e3011f-d68a-4d6d-a451-c7d1fac89f96,tp,32,32,5,188.3,1,95,1,95,DUMPING,1,1,1,A white SUV is parked near a large pile of garbage. A person is seen unloading materials from a trailer attached to the vehicle and depositing them onto the ground. The pile of garbage grows significantly between the first and last frames.,text,1,5402,264,0,0.00038484,3918,
nemotron-nano-12b:g3,bedrock,nemotron-nano-12b,g3,evt-20260721_073733,cdb6f7c6-f2d5-450d-aeff-81dbf8d059e1,fp,8,8,5,246.4,1,95,1,95,DUMPING,1,1,1,"A white truck with an open bed is parked near the waste pile. A person is seen unloading material from the truck and depositing it onto the ground, increasing the size of the existing waste pile.",text,1,5402,230,0,0.00037702,3937,
nemotron-nano-12b:g3,bedrock,nemotron-nano-12b,g3,evt-20260721_083429,186b4b3a-025a-4d9c-9102-ce0517316da7,tp,17,17,5,247.0,1,95,1,95,DUMPING,1,1,1,"A person unloads items from a black pickup truck into a large waste pile. The pile grows visibly between frames, with new materials appearing on the ground.",text,1,5402,221,0,0.00037495,4256,
nemotron-nano-12b:g3,bedrock,nemotron-nano-12b,g3,evt-20260721_083339,186b4b3a-025a-4d9c-9102-ce0517316da7,tp,13,13,5,245.9,1,95,1,95,DUMPING,1,1,1,"A person unloads a cardboard box from a black pickup truck into the existing waste pile, increasing its size.",text,1,5402,230,0,0.00037702,4475,
nemotron-nano-12b:g3,bedrock,nemotron-nano-12b,g3,evt-20260721_083549,186b4b3a-025a-4d9c-9102-ce0517316da7,tp,6,6,5,249.0,1,95,1,95,DUMPING,1,1,1,A person unloads items from a truck bed onto the ground near a large waste pile. The pile grows visibly between frames.,text,1,5402,229,0,0.00037679,4289,
nemotron-nano-12b:g3,bedrock,nemotron-nano-12b,g3,evt-20260721_104317,f7974b62-c4a4-493a-a861-44c901b9033d,indefinido,19,19,5,270.2,1,95,1,95,DUMPING,1,1,1,"A red truck is parked near a large waste pile. A person is seen pushing a wheelbarrow filled with trash towards the pile, indicating active dumping behavior.",text,1,5402,232,0,0.00037748,4073,
nemotron-nano-12b:g3,bedrock,nemotron-nano-12b,g3,evt-20260721_104455,f7974b62-c4a4-493a-a861-44c901b9033d,indefinido,32,32,5,270.9,1,95,1,95,DUMPING,1,1,1,"A person is seen unloading material from a red truck into a large waste pile. The pile grows visibly larger between frames, with new items appearing on the ground.",text,1,5402,234,0,0.00037794,4835,
nemotron-nano-12b:g3,bedrock,nemotron-nano-12b,g3,evt-20260721_125408,871e3cdd-f2c1-45db-a22c-d09748310639,indefinido,10,10,5,245.7,1,95,1,95,DUMPING,1,1,1,A silver car stops near the waste pile. A person exits the vehicle and begins unloading materials into the pile. The waste pile grows visibly larger by the final frame.,text,1,5402,245,0,0.00038047,4193,
nemotron-nano-12b:g3,bedrock,nemotron-nano-12b,g3,evt-20260721_161751,168c6958-45e6-4f0d-a8bf-2c24672e1e64,fp,11,11,5,240.3,1,95,1,95,DUMPING,0,1,1,A man in white shirt is seen carrying a bag and depositing it into the existing waste pile. The pile grows visibly larger in the final frame.,text,1,5402,225,0,0.00037587,4340,
nemotron-nano-12b:g3,bedrock,nemotron-nano-12b,g3,evt-20260721_104915,f7974b62-c4a4-493a-a861-44c901b9033d,indefinido,22,22,5,275.8,1,95,1,95,DUMPING,1,1,1,"A red truck is parked near a large pile of garbage. A person in a yellow uniform is seen handling waste near the truck, and new litter is visible on the ground in the final frame.",text,1,5402,231,0,0.00037725,4525,
nemotron-nano-12b:g3,bedrock,nemotron-nano-12b,g3,evt-20260722_000031,evt-20260722_000031,baseline,9,9,5,178.3,1,95,1,95,DUMPING,0,1,1,"A person is seen carrying a bag and placing it on the ground near the existing waste pile, increasing the pile's size.",text,1,5402,194,0,0.00036874,4021,
nemotron-nano-12b:g3,bedrock,nemotron-nano-12b,g3,evt-20260722_005727,evt-20260722_005727,baseline,32,32,5,142.7,1,95,1,95,DUMPING,0,1,1,"A person is seen carrying a bag and depositing it into the existing waste pile, increasing its size. The pile grows visibly from the initial to final frame.",text,1,5402,208,0,0.00037196,3334,
nemotron-nano-12b:g3,bedrock,nemotron-nano-12b,g3,evt-20260722_023152,evt-20260722_023152,baseline,7,7,5,197.5,1,95,1,95,DUMPING,0,1,1,"A person is seen carrying a bag and depositing it into the existing waste pile, increasing the pile's size.",text,1,5402,194,0,0.00036874,3734,
nemotron-nano-12b:g3,bedrock,nemotron-nano-12b,g3,evt-20260722_011328,evt-20260722_011328,baseline,6,6,5,194.0,1,95,1,95,DUMPING,0,1,1,"A person carrying a bag approaches the waste pile, stops, and deposits material into it. The pile grows visibly larger in the final frame.",text,1,5402,230,0,0.00037702,4442,
nemotron-nano-12b:g3,bedrock,nemotron-nano-12b,g3,evt-20260722_013921,evt-20260722_013921,baseline,17,17,5,196.7,1,95,1,95,DUMPING,0,1,1,"A person is seen carrying a bag and depositing it into the existing waste pile, increasing the pile's size. The ground material changes as new litter is added.",text,1,5402,207,0,0.00037173,4400,
nemotron-nano-12b:g3,bedrock,nemotron-nano-12b,g3,evt-20260722_040321,evt-20260722_040321,baseline,6,6,5,200.9,1,95,1,95,DUMPING,0,1,1,"A person is seen walking towards the waste pile, bending down, and depositing material into it. The pile appears larger in the final frame.",text,1,5402,200,0,0.00037012,3869,
nemotron-nano-12b:g3,bedrock,nemotron-nano-12b,g3,evt-20260722_051621,evt-20260722_051621,baseline,8,8,5,250.6,1,95,1,95,DUMPING,0,1,1,"A person on a bicycle stops and unloads material at the waste pile, increasing its size. The pile grows visibly between frames.",text,1,5402,210,0,0.00037242,4324,
nemotron-nano-12b:g3,bedrock,nemotron-nano-12b,g3,evt-20260722_055939,evt-20260722_055939,baseline,32,32,5,261.3,1,95,1,95,DUMPING,0,1,1,"A person is seen carrying a bag and depositing it into the existing waste pile, increasing the pile's size. The ground material changes as new litter is added.",text,1,5402,206,0,0.0003715,4111,
nemotron-nano-12b:g3,bedrock,nemotron-nano-12b,g3,evt-20260722_062940,evt-20260722_062940,baseline,13,13,5,253.8,1,95,1,95,DUMPING,0,1,1,"A person carrying a bag approaches the waste pile, stops, and deposits material into it. The pile grows visibly larger in the final frame.",text,1,5402,210,0,0.00037242,4142,
nemotron-nano-12b:g3,bedrock,nemotron-nano-12b,g3,evt-20260722_061645,evt-20260722_061645,baseline,6,6,5,270.5,1,95,1,95,DUMPING,1,1,1,"A motorcycle stopped at the dumping hotspot, and a person unloaded materials from the vehicle, adding to the existing pile of trash.",text,1,5402,217,0,0.00037403,4957,
nemotron-nano-12b:g3,bedrock,nemotron-nano-12b,g3,evt-20260722_064704,evt-20260722_064704,baseline,7,7,5,255.1,1,95,1,95,DUMPING,0,1,1,A person carrying a bicycle with a large bag attached stops and unloads material onto the ground near the existing waste pile. The pile grows visibly larger in the final frame.,text,1,5402,230,0,0.00037702,4116,
nemotron-nano-12b:g3,bedrock,nemotron-nano-12b,g3,evt-20260722_070638,evt-20260722_070638,baseline,7,7,5,253.9,1,95,1,95,DUMPING,0,1,1,A person is seen carrying a bag and depositing it into the existing waste pile. The pile grows visibly larger in the final frame.,text,1,5402,199,0,0.00036989,4508,
nemotron-nano-12b:g3,bedrock,nemotron-nano-12b,g3,evt-20260722_071823,evt-20260722_071823,baseline,12,12,5,255.6,1,95,1,95,DUMPING,0,1,1,"A person carrying a bag approaches the waste pile, stops, and places the bag on the ground, increasing the pile size. No vehicles are present.",text,1,5402,219,0,0.00037449,4054,
nemotron-nano-12b:g3,bedrock,nemotron-nano-12b,g3,evt-20260722_073357,evt-20260722_073357,baseline,16,16,5,262.5,1,95,1,95,DUMPING,0,1,1,"A person carrying a bag approaches the waste pile, stops, and places the bag on the ground, increasing the pile size. No vehicles are present.",text,1,5402,213,0,0.00037311,3788,
nemotron-nano-12b:g3,bedrock,nemotron-nano-12b,g3,evt-20260722_080057,evt-20260722_080057,baseline,8,8,5,255.2,1,95,1,95,DUMPING,0,1,1,A person is seen carrying a bag and depositing it into the existing waste pile. The pile grows visibly larger in the final frame.,text,1,5402,201,0,0.00037035,4269,
nemotron-nano-12b:g3,bedrock,nemotron-nano-12b,g3,evt-20260722_074923,evt-20260722_074923,baseline,6,6,5,264.4,1,95,1,95,DUMPING,0,1,1,"A man carrying a bag approaches the waste pile, stops, and appears to deposit material into it. The pile grows visibly larger in the final frame.",text,1,5402,225,0,0.00037587,4699,
nemotron-nano-12b:g3,bedrock,nemotron-nano-12b,g3,evt-20260722_081207,evt-20260722_081207,baseline,19,19,5,267.6,1,95,1,95,DUMPING,1,1,1,"A red truck with silver barrels unloads material at the dumping site. A person is seen handling the barrels and depositing their contents onto the ground, increasing the size of the existing waste pile.",text,1,5402,241,0,0.00037955,4969,
nemotron-nano-12b:g3,bedrock,nemotron-nano-12b,g3,evt-20260722_082852,evt-20260722_082852,baseline,7,7,5,270.2,1,95,1,95,DUMPING,0,1,1,A person in a red dress is seen walking towards the waste pile and depositing material. The pile grows visibly larger between the initial and final frames.,text,1,5402,224,0,0.00037564,4232,
nemotron-nano-12b:g3,bedrock,nemotron-nano-12b,g3,evt-20260722_084147,evt-20260722_084147,baseline,8,8,5,260.6,1,95,1,95,DUMPING,0,1,1,"A person carrying a bag approaches the waste pile, stops, and deposits material into it. The pile grows visibly larger in the final frame.",text,1,5402,221,0,0.00037495,4260,
nemotron-nano-12b:g3,bedrock,nemotron-nano-12b,g3,evt-20260722_085748,evt-20260722_085748,baseline,15,15,5,255.7,1,95,1,95,DUMPING,1,1,1,"A person on a motorcycle stops and unloads material near the waste pile, adding to the existing litter. The pile grows visibly between frames.",text,1,5402,226,0,0.0003761,4734,
nemotron-nano-12b:g3,bedrock,nemotron-nano-12b,g3,evt-20260722_091141,evt-20260722_091141,baseline,9,9,5,271.2,1,95,1,95,DUMPING,0,1,1,"A person carrying a bag approaches the waste pile, stops, and places the bag on the ground. The pile grows visibly larger in the final frame.",text,1,5402,238,0,0.00037886,5238,
nemotron-nano-12b:g3,bedrock,nemotron-nano-12b,g3,evt-20260722_094347,evt-20260722_094347,baseline,10,10,5,270.2,1,95,1,95,DUMPING,1,1,1,A motorcycle with a sidecar stopped at the dumping pile. A person exited the vehicle and began depositing material into the pile. The pile grew visibly larger in the final frame.,text,1,5402,247,0,0.00038093,4171,
nemotron-nano-12b:g3,bedrock,nemotron-nano-12b,g3,evt-20260722_094905,5dea8a54-bff5-44c8-91d8-72e4ffda296b,tp,32,32,5,272.5,1,95,1,95,DUMPING,1,1,1,"A person in blue is seen unloading items from a cart into the existing waste pile, with new materials visible on the ground in the final frame.",text,1,5402,207,0,0.00037173,3783,
nemotron-nano-12b:g3,bedrock,nemotron-nano-12b,g3,evt-20260722_092651,evt-20260722_092651,baseline,11,11,5,269.4,1,95,1,95,DUMPING,1,1,1,A white Martur bus stops at the dumping hotspot. A person exits the vehicle and begins depositing waste into the existing pile. The pile grows visibly larger by the final frame.,text,1,5402,245,0,0.00038047,4577,
nemotron-nano-12b:g3,bedrock,nemotron-nano-12b,g3,evt-20260722_095851,evt-20260722_095851,baseline,32,32,5,259.2,1,95,1,95,DUMPING,0,1,1,"A shirtless man is seen interacting with a large pile of garbage, bending down to handle materials. The pile appears to have grown between the initial and final frames, indicating new litter has been added.",text,1,5402,246,0,0.0003807,4007,
nemotron-nano-12b:g3,bedrock,nemotron-nano-12b,g3,evt-20260722_101619,evt-20260722_101619,baseline,32,32,5,254.6,1,95,1,95,DUMPING,0,1,1,"A person in red is seen walking towards the waste pile, bending down, and depositing material into it. The pile grows visibly larger in the final frame.",text,1,5402,212,0,0.00037288,4751,
nemotron-nano-12b:g3,bedrock,nemotron-nano-12b,g3,evt-20260722_103645,evt-20260722_103645,baseline,21,21,5,256.5,1,95,1,95,DUMPING,0,1,1,"Two individuals walked towards the waste pile, one of them bent down and added material to the pile. The pile grew visibly larger in the final frame.",text,1,5402,217,0,0.00037403,4061,
nemotron-nano-12b:g3,bedrock,nemotron-nano-12b,g3,evt-20260722_104927,evt-20260722_104927,baseline,10,10,5,255.6,1,95,1,95,DUMPING,0,1,1,"A person carrying a bag approaches the waste pile, stops, and deposits material into it. The pile grows visibly larger in the final frame.",text,1,5402,210,0,0.00037242,3992,
nemotron-nano-12b:g3,bedrock,nemotron-nano-12b,g3,evt-20260722_110128,evt-20260722_110128,baseline,15,15,5,248.5,1,95,1,95,DUMPING,0,1,1,A person on a bicycle stops near the waste pile and appears to be depositing material. The pile grows visibly between frames.,text,1,5402,201,0,0.00037035,4411,
nemotron-nano-12b:g3,bedrock,nemotron-nano-12b,g3,evt-20260722_111451,evt-20260722_111451,baseline,10,10,5,253.6,1,95,1,95,DUMPING,1,1,1,A silver car stops near the waste pile. A person exits the vehicle and begins depositing new materials into the existing pile. The pile grows visibly larger by the final frame.,text,1,5402,229,0,0.00037679,3633,
nemotron-nano-12b:g3,bedrock,nemotron-nano-12b,g3,evt-20260722_112511,evt-20260722_112511,baseline,7,7,5,247.8,1,95,1,95,DUMPING,1,1,1,A person on a motorcycle stops and unloads trash onto the pile. The pile grows visibly larger in the final frame.,text,1,5402,215,0,0.00037357,4354,
nemotron-nano-12b:g3,bedrock,nemotron-nano-12b,g3,evt-20260722_114117,evt-20260722_114117,baseline,9,9,5,255.6,1,95,1,95,DUMPING,0,1,1,"A person is seen carrying and depositing items into the existing waste pile, increasing its size. The pile grows visibly from the initial to final frame.",text,1,5402,219,0,0.00037449,3901,
nemotron-nano-12b:g3,bedrock,nemotron-nano-12b,g3,evt-20260722_115439,evt-20260722_115439,baseline,11,11,5,257.4,1,95,1,95,DUMPING,0,1,1,"A person is seen interacting with the waste pile, adding new materials to it. The pile grows visibly larger between the first and last frames.",text,1,5402,209,0,0.00037219,4249,
nemotron-nano-12b:g3,bedrock,nemotron-nano-12b,g3,evt-20260722_115613,ba60b6fd-21dc-468d-9e7b-9271372f7ea2,fp,12,12,5,256.8,1,95,1,95,DUMPING,0,1,1,"A person is seen bending over and interacting with the waste pile, with new items appearing on the ground in the final frame.",text,1,5402,202,0,0.00037058,4000,
nemotron-nano-12b:g3,bedrock,nemotron-nano-12b,g3,evt-20260722_120856,dc0d4026-4cd8-4622-9e63-914f104275de,fp,32,32,5,261.6,1,95,1,95,DUMPING,0,1,1,"A person carrying a large bag approaches the waste pile, stops, and deposits the bag's contents into the pile. The pile grows visibly larger in the final frame.",text,1,5402,235,0,0.00037817,4130,
nemotron-nano-12b:g3,bedrock,nemotron-nano-12b,g3,evt-20260722_124619,766e75eb-6a4f-4d83-b537-ac59dea45165,tp,12,12,5,250.6,1,95,1,95,DUMPING,0,1,1,A person is seen carrying a large white bag and depositing its contents into the existing waste pile. The pile grows visibly larger in the final frame.,text,1,5402,215,0,0.00037357,3901,
nemotron-nano-12b:g3,bedrock,nemotron-nano-12b,g3,evt-20260722_122927,evt-20260722_122927,baseline,14,14,5,261.6,1,95,1,95,DUMPING,1,1,1,"A person is seen unloading material from a white truck with a yellow container, depositing it into the existing waste pile. The pile grows visibly larger in the final frame.",text,1,5402,226,0,0.0003761,4553,
nemotron-nano-12b:g3,bedrock,nemotron-nano-12b,g3,evt-20260722_121140,evt-20260722_121140,baseline,26,26,5,261.7,1,95,1,95,DUMPING,0,1,1,"A man carrying a bucket approaches the waste pile, bends down, and adds material to the existing pile. The pile grows visibly larger between the first and last frames.",text,1,5402,230,0,0.00037702,5116,
nemotron-nano-12b:g3,bedrock,nemotron-nano-12b,g3,evt-20260722_124935,evt-20260722_124935,baseline,12,12,5,261.7,1,95,1,95,DUMPING,0,1,1,"A person is seen bending over and interacting with the waste pile, with new materials appearing on the ground in the final frame.",text,1,5402,203,0,0.00037081,4567,
nemotron-nano-12b:g3,bedrock,nemotron-nano-12b,g3,evt-20260722_130757,evt-20260722_130757,baseline,16,16,5,251.2,1,95,1,95,DUMPING,1,1,1,"A person on a motorcycle stops near the waste pile and unloads materials, increasing the pile size. The vehicle remains stationary throughout the sequence.",text,1,5402,228,0,0.00037656,4111,
nemotron-nano-12b:g3,bedrock,nemotron-nano-12b,g3,evt-20260722_131914,evt-20260722_131914,baseline,7,7,5,256.8,1,95,1,95,DUMPING,0,1,1,A person is seen carrying a bag and depositing it into the existing waste pile. The pile grows visibly larger in the final frame.,text,1,5402,222,0,0.00037518,3984,
nemotron-nano-12b:g3,bedrock,nemotron-nano-12b,g3,evt-20260722_133402,evt-20260722_133402,baseline,6,6,5,257.3,1,95,1,95,DUMPING,0,1,1,"A person carrying a bag approaches the waste pile, stops, and deposits material into it. The pile grows visibly larger in the final frame.",text,1,5402,216,0,0.0003738,4545,
nemotron-nano-12b:g3,bedrock,nemotron-nano-12b,g3,evt-20260722_134507,evt-20260722_134507,baseline,9,9,5,253.7,1,95,1,95,DUMPING,1,1,1,"A white van stops near the pile, and a person is seen unloading material into the existing waste pile. The pile grows visibly larger in the final frame.",text,1,5402,234,0,0.00037794,4801,
nemotron-nano-12b:g3,bedrock,nemotron-nano-12b,g3,evt-20260722_140141,evt-20260722_140141,baseline,10,10,5,257.2,1,95,1,95,DUMPING,0,1,1,"A person carrying a bag approaches the waste pile, stops, and deposits material into it. The pile grows visibly larger in the final frame.",text,1,5402,223,0,0.00037541,4800,
