arm,provider,model_id,event_id,det_id,category,n_raw,n_window,n_images_sent,img_mode,n_dropped_payload,payload_mb,gate_img,gate_n_images,gate_model,detail_model,prompt,json_mode,json_valid,gate_fire,gate_conf,disposal,detail_conf,waste_type,evidence,tok_in,tok_out,tok_think,cost_usd,latency_ms,error
qwen3-vl-235b:v4_casc_5f,bedrock,qwen.qwen3-vl-235b-a22b,evt-20260714_220153,88f4aa05-bb52-4af9-88a1-b7c4ad21630f,fp,27,27,5,low,0,1.43,low,5,qwen3-vl-235b,qwen3-vl-235b,v4,tool,1,0,95,0,,,A motorcycle with headlight passes through the scene from right to left; no person dismounts or deposits material. The waste pile remains unchanged. No dumping behavior observed.,2773,206,0,0.002018,13208,
qwen3-vl-235b:v4_casc,bedrock,qwen.qwen3-vl-235b-a22b,evt-20260714_220153,88f4aa05-bb52-4af9-88a1-b7c4ad21630f,fp,27,27,15,low,0,1.43,low,15,qwen3-vl-235b,qwen3-vl-235b,v4,tool,1,0,95,0,,,A motorcycle passes through the scene without stopping or depositing material. No person or vehicle interacts with the existing waste pile. The pile remains unchanged.,5323,201,0,0.003356,16338,
qwen3-vl-235b:v4_single,bedrock,qwen.qwen3-vl-235b-a22b,evt-20260714_220153,88f4aa05-bb52-4af9-88a1-b7c4ad21630f,fp,27,27,27,low,0,1.43,,,qwen3-vl-235b,qwen3-vl-235b,v4,tool,1,0,,0,95,Entulho,Pilha de entulho pré-existente permanece inalterada. Pessoas e veículo passam sem interagir com o lixo. Nenhum ato de deposição foi flagrado.,8738,136,0,0.004993,19153,
qwen3-vl-235b:v4_casc,bedrock,qwen.qwen3-vl-235b-a22b,evt-20260715_073056,1fcd4f3e-dc8f-468a-8284-13dd6871d86f,fp,31,22,15,low,0,1.4,low,15,qwen3-vl-235b,qwen3-vl-235b,v4,tool,1,0,95,0,,,"A person is seen walking to the pile, bending over, and rummaging through it, consistent with waste-picking behavior. No new material is deposited; the person appears to be collecting items from the existing pile.",5323,229,0,0.00343,8314,
qwen3-vl-235b:v4_single,bedrock,qwen.qwen3-vl-235b-a22b,evt-20260715_073056,1fcd4f3e-dc8f-468a-8284-13dd6871d86f,fp,31,22,22,low,0,1.4,,,qwen3-vl-235b,qwen3-vl-235b,v4,tool,1,0,,0,95,Lixo domiciliar,"Pessoa identificada como catador aproxima-se da pilha de lixo, agacha-se e manipula os materiais, mas não há evidência visual de deposição de novo material. A ação consiste em remoção/seleção de itens da pilha, caracterizando coleta, não descarte. Pilha pré-existente permanece inalterada em termos d",7463,319,0,0.004804,11460,
qwen3-vl-235b:v4_casc_5f,bedrock,qwen.qwen3-vl-235b-a22b,evt-20260715_073056,1fcd4f3e-dc8f-468a-8284-13dd6871d86f,fp,31,22,5,low,0,1.4,low,5,qwen3-vl-235b,qwen3-vl-235b,v4,tool,1,0,95,0,,,"A person is seen walking toward the pile, bending over, and handling material, consistent with waste-picking behavior. No new material is deposited; the person appears to be collecting from the existing pile.",2774,243,0,0.002117,7443,
qwen3-vl-235b:v4_single,bedrock,qwen.qwen3-vl-235b-a22b,evt-20260715_085108,2a7571b8-d7ed-4e92-94a6-97cc13f2d3f1,tp,18,18,18,low,0,1.08,,,qwen3-vl-235b,qwen3-vl-235b,v4,tool,1,1,,1,95,Entulho,"Pessoa em camisa azul desce de van branca e deposita material diretamente na pilha de entulho ao longo de vários frames. Ação de descarte é flagrante: o indivíduo carrega objetos e os deixa no chão, aumentando a pilha existente. Não há indício de coleta.",6442,349,0,0.004343,13908,
qwen3-vl-235b:v4_casc_5f,bedrock,qwen.qwen3-vl-235b-a22b,evt-20260715_085108,2a7571b8-d7ed-4e92-94a6-97cc13f2d3f1,tp,18,18,18,low,0,1.08,low,5,qwen3-vl-235b,qwen3-vl-235b,v4,tool,1,1,95,1,95,Entulho,"Pessoa em camisa azul desce de van branca e deposita material diretamente na pilha de entulho ao longo da sequencia. Acao de descarte e claramente visivel entre os frames, com o individuo agachando-se e soltando objetos no chao.",9216,565,0,0.006387,13827,
qwen3-vl-235b:v4_casc,bedrock,qwen.qwen3-vl-235b-a22b,evt-20260715_085108,2a7571b8-d7ed-4e92-94a6-97cc13f2d3f1,tp,18,18,18,low,0,1.08,low,15,qwen3-vl-235b,qwen3-vl-235b,v4,tool,1,1,95,1,95,Entulho,"Pessoa em camisa azul desce de van branca e deposita material diretamente na pilha de entulho ao longo de vários frames. Ação de descarte é claramente visível, com o indivíduo agachando-se e colocando objetos no chão, aumentando a pilha existente.",11765,626,0,0.007901,19042,
qwen3-vl-235b:v4_casc,bedrock,qwen.qwen3-vl-235b-a22b,evt-20260715_090236,364e7028-8796-4afb-8baa-867211e2c46e,indefinido,15,15,15,low,0,0.89,low,15,qwen3-vl-235b,qwen3-vl-235b,v4,tool,1,0,95,0,,,No person or vehicle is seen depositing material. The large waste pile is present in both first and last frames with no visible addition. A person walks through the scene but does not interact with the pile. No new material appears on the ground.,5323,221,0,0.003409,5995,
qwen3-vl-235b:v4_casc_5f,bedrock,qwen.qwen3-vl-235b-a22b,evt-20260715_090236,364e7028-8796-4afb-8baa-867211e2c46e,indefinido,15,15,5,low,0,0.89,low,5,qwen3-vl-235b,qwen3-vl-235b,v4,tool,1,0,95,0,,,"A person walks across the scene and briefly interacts with the pile, but no material is seen being deposited; the pile's composition and volume appear unchanged. A white car enters and exits the frame without stopping or unloading.",2773,241,0,0.002111,5861,
qwen3-vl-235b:v4_single,bedrock,qwen.qwen3-vl-235b-a22b,evt-20260715_090236,364e7028-8796-4afb-8baa-867211e2c46e,indefinido,15,15,15,low,0,0.89,,,qwen3-vl-235b,qwen3-vl-235b,v4,tool,1,0,,0,95,Entulho,"Baseline: pilha de entulho e lixo domiciliar já existente na guia. Ator: pessoa com capacete amarelo e roupa escura entra no quadro, caminha até a pilha, agacha-se e manipula material por alguns segundos, depois levanta e sai da área sem carregar nada. Direção do material: indeterminada — não há evi",5678,375,0,0.004007,12066,
qwen3-vl-235b:v4_casc_5f,bedrock,qwen.qwen3-vl-235b-a22b,evt-20260715_090305,364e7028-8796-4afb-8baa-867211e2c46e,indefinido,24,24,5,low,0,1.43,low,5,qwen3-vl-235b,qwen3-vl-235b,v4,tool,1,0,95,0,,,Two vehicles passed through the area; no person stopped to deposit material. A person walked across the scene but did not interact with the pile. No new material was added to the ground during the observed frames.,2774,240,0,0.002109,6000,
qwen3-vl-235b:v4_casc,bedrock,qwen.qwen3-vl-235b-a22b,evt-20260715_090305,364e7028-8796-4afb-8baa-867211e2c46e,indefinido,24,24,15,low,0,1.43,low,15,qwen3-vl-235b,qwen3-vl-235b,v4,tool,1,0,95,0,,,Vehicles passed through the area without stopping or unloading; no person was observed depositing material. A person walked across the scene carrying a bag but did not interact with the pile. The waste pile remained visually unchanged.,5323,252,0,0.003492,9365,
qwen3-vl-235b:v4_single,bedrock,qwen.qwen3-vl-235b-a22b,evt-20260715_090305,364e7028-8796-4afb-8baa-867211e2c46e,indefinido,24,24,24,low,0,1.43,,,qwen3-vl-235b,qwen3-vl-235b,v4,tool,1,0,,0,95,Lixo domiciliar,"Baseline: large pre-existing pile of mixed waste at roadside. No vehicle or person is observed depositing new material. A person appears later carrying a bag, but direction of material is indeterminate; no visible act of disposal. Two cars pass without interaction. No flagrant disposal event capture",7973,180,0,0.004704,12596,
qwen3-vl-235b:v4_casc_5f,bedrock,qwen.qwen3-vl-235b-a22b,evt-20260715_104302,bae1b1c9-b5e4-403d-b776-c9bf1344ebb5,fp,39,24,5,low,0,1.39,low,5,qwen3-vl-235b,qwen3-vl-235b,v4,tool,1,0,95,0,,,A person on a motorcycle and a pedestrian pass through the scene without interacting with the waste pile. No material is deposited or removed; the pile remains unchanged. No vehicle stops or person handles material near the pile.,2773,231,0,0.002084,5975,
qwen3-vl-235b:v4_casc,bedrock,qwen.qwen3-vl-235b-a22b,evt-20260715_104302,bae1b1c9-b5e4-403d-b776-c9bf1344ebb5,fp,39,24,15,low,0,1.39,low,15,qwen3-vl-235b,qwen3-vl-235b,v4,tool,1,0,95,0,,,No deposit act observed. A person on a motorcycle and a pedestrian pass by the pile without interacting with it. The waste pile remains unchanged. No new material is added or removed during the sequence.,5324,223,0,0.003415,8061,
qwen3-vl-235b:v4_single,bedrock,qwen.qwen3-vl-235b-a22b,evt-20260715_111559,62c05db9-808b-4523-8dc1-0091bf3f4e29,indefinido,32,24,24,low,0,1.38,,,qwen3-vl-235b,qwen3-vl-235b,v4,tool,1,0,,0,95,Entulho,"Baseline: pilha de entulho existente na guia e no centro da via. Ator: pessoa caminha da direita para esquerda, passa pela pilha central sem interagir, não carrega material, não deposita nada. Veículo: caminhão verde estacionado à direita, sem atividade de descarga. Nenhum ato de deposição foi flagr",7973,317,0,0.005069,12465,
qwen3-vl-235b:v4_casc,bedrock,qwen.qwen3-vl-235b-a22b,evt-20260715_111559,62c05db9-808b-4523-8dc1-0091bf3f4e29,indefinido,32,24,15,low,0,1.38,low,15,qwen3-vl-235b,qwen3-vl-235b,v4,tool,1,0,95,0,,,A green delivery truck is parked on the right; a person walks across the dirt lot but does not interact with the waste pile. No material is deposited or removed from the pile during the observed frames.,5323,249,0,0.003484,11261,
qwen3-vl-235b:v4_casc_5f,bedrock,qwen.qwen3-vl-235b-a22b,evt-20260715_111559,62c05db9-808b-4523-8dc1-0091bf3f4e29,indefinido,32,24,5,low,0,1.38,low,5,qwen3-vl-235b,qwen3-vl-235b,v4,tool,1,0,95,0,,,A green delivery truck is parked on the right; a person walks across the dirt lot but does not interact with the waste pile. No material is deposited or removed from the pile during the sequence.,2773,241,0,0.002111,10244,
qwen3-vl-235b:v4_casc,bedrock,qwen.qwen3-vl-235b-a22b,evt-20260715_114547,19c03464-1bc3-40f9-a666-bb0597d36d87,indefinido,26,25,15,low,0,1.48,low,15,qwen3-vl-235b,qwen3-vl-235b,v4,tool,1,0,95,0,,,"Two individuals approach a parked green truck, one carrying a handcart. They load the cart with material from the ground near the pile and move away. No new material is deposited; material is removed from the scene.",5324,234,0,0.003444,9132,
qwen3-vl-235b:v4_single,bedrock,qwen.qwen3-vl-235b-a22b,evt-20260715_114547,19c03464-1bc3-40f9-a666-bb0597d36d87,indefinido,26,25,25,low,0,1.48,,,qwen3-vl-235b,qwen3-vl-235b,v4,tool,1,0,,0,95,Entulho,"Baseline: pilha de entulho existente na guia. Dois indivíduos interagem com a pilha: um em vermelho e outro em amarelo. O indivíduo em vermelho é visto agachado e manuseando materiais, depois se afasta carregando um saco. O indivíduo em amarelo também se aproxima e interage. Nenhum frame mostra o at",8227,443,0,0.005539,20246,
qwen3-vl-235b:v4_casc_5f,bedrock,qwen.qwen3-vl-235b-a22b,evt-20260715_114547,19c03464-1bc3-40f9-a666-bb0597d36d87,indefinido,26,25,5,low,0,1.48,low,5,qwen3-vl-235b,qwen3-vl-235b,v4,tool,1,0,95,0,,,"A person is seen approaching the pile, bending over, and leaving with a bag, indicating material removal, not deposit. The green truck remains parked without unloading.",2774,217,0,0.002047,6249,
qwen3-vl-235b:v4_single,bedrock,qwen.qwen3-vl-235b-a22b,evt-20260715_104302,bae1b1c9-b5e4-403d-b776-c9bf1344ebb5,fp,39,24,24,low,0,1.39,,,qwen3-vl-235b,qwen3-vl-235b,v4,tool,1,0,,0,95,Entulho,"Baseline: pilha de lixo existente na guia, solo irregular, muro, vegetação e estrutura metálica. Ator 1 (pedestre) caminha pela área sem interagir com a pilha. Ator 2 (motociclista com passageiro) para, passageiro desce e interage com a pilha, mas não deposita material; ao contrário, parece remover ",7972,352,0,0.005161,48183,
qwen3-vl-235b:v4_single,bedrock,qwen.qwen3-vl-235b-a22b,evt-20260715_120735,5785e3d6-f2ef-4ae5-ad0b-e3a6a8214c74,fp,31,25,25,low,0,1.47,,,qwen3-vl-235b,qwen3-vl-235b,v4,tool,1,0,,0,95,Entulho,"Baseline: pilha de entulho existente na guia. Pessoa em camisa amarela caminha da direita para a esquerda, passando longe da pilha, sem interagir com ela. Caminhão verde estacionado à direita permanece imóvel. Nenhum ato de deposição ou remoção é visível. A pessoa não carrega material, nem o deixa n",8227,272,0,0.005084,10135,
qwen3-vl-235b:v4_casc_5f,bedrock,qwen.qwen3-vl-235b-a22b,evt-20260715_120735,5785e3d6-f2ef-4ae5-ad0b-e3a6a8214c74,fp,31,25,5,low,0,1.47,low,5,qwen3-vl-235b,qwen3-vl-235b,v4,tool,1,0,95,0,,,A person in yellow walks away from the pile toward the street; no material is seen being deposited. The green truck is parked but no unloading is observed. The pile size and composition appear unchanged.,2774,239,0,0.002106,7743,
qwen3-vl-235b:v4_casc,bedrock,qwen.qwen3-vl-235b-a22b,evt-20260715_120735,5785e3d6-f2ef-4ae5-ad0b-e3a6a8214c74,fp,31,25,15,low,0,1.47,low,15,qwen3-vl-235b,qwen3-vl-235b,v4,tool,1,0,95,0,,,A person in yellow walks across the scene without interacting with the pile; a green delivery truck is parked but no material is handled. No deposit or collection activity is visible.,5323,223,0,0.003414,9589,
qwen3-vl-235b:v4_single,bedrock,qwen.qwen3-vl-235b-a22b,evt-20260715_123608,9014a36e-7c1b-460a-8f3a-f07514937914,fp,17,17,17,low,0,0.98,,,qwen3-vl-235b,qwen3-vl-235b,v4,tool,1,0,,0,95,Entulho,"Baseline: pilha de entulho fixa na guia. Um caminhão verde estacionado ao fundo não descarrega. Uma pessoa caminha na área, mas não interage com a pilha. Um motociclista passa sem parar ou descartar. Nenhum ato de deposição foi flagrado.",6188,220,0,0.003865,8822,
qwen3-vl-235b:v4_casc_5f,bedrock,qwen.qwen3-vl-235b-a22b,evt-20260715_123608,9014a36e-7c1b-460a-8f3a-f07514937914,fp,17,17,5,low,0,0.98,low,5,qwen3-vl-235b,qwen3-vl-235b,v4,tool,1,0,95,0,,,A green delivery truck is parked but no person is seen unloading or depositing material. A motorcyclist passes through the scene without interacting with the pile. No new material is visible on the ground compared to the first frame.,2774,236,0,0.002098,9633,
qwen3-vl-235b:v4_casc,bedrock,qwen.qwen3-vl-235b-a22b,evt-20260715_123608,9014a36e-7c1b-460a-8f3a-f07514937914,fp,17,17,15,low,0,0.98,low,15,qwen3-vl-235b,qwen3-vl-235b,v4,tool,1,0,95,0,,,A green delivery truck is parked but no person is seen unloading or depositing material. A person walks across the scene and a motorcycle passes by; no new material is added to the pile.,5323,228,0,0.003428,10920,
qwen3-vl-235b:v4_single,bedrock,qwen.qwen3-vl-235b-a22b,evt-20260715_125447,67dae9c1-1df3-400b-9742-ef02bd812c30,fp,52,25,25,low,0,1.43,,,qwen3-vl-235b,qwen3-vl-235b,v4,tool,1,0,,0,95,Entulho,Baseline: pilha de entulho e lixo domiciliar fixa na guia. Nenhum ator foi observado depositando material. Um pedestre caminhou pela área sem interagir com a pilha. Um veículo branco passou sem parar. Um veículo preto apareceu e saiu sem descarregar. Nenhuma ação de descarte foi flagrada.,8227,247,0,0.005017,12132,
qwen3-vl-235b:v4_casc_5f,bedrock,qwen.qwen3-vl-235b-a22b,evt-20260715_125447,67dae9c1-1df3-400b-9742-ef02bd812c30,fp,52,25,5,low,0,1.43,low,5,qwen3-vl-235b,qwen3-vl-235b,v4,tool,1,0,95,0,,,No person or vehicle is seen depositing material. The large waste pile is present in both first and last frames with no visible addition. A person walks through the scene but does not interact with the pile.,2774,231,0,0.002085,8009,
qwen3-vl-235b:v4_casc,bedrock,qwen.qwen3-vl-235b-a22b,evt-20260715_125447,67dae9c1-1df3-400b-9742-ef02bd812c30,fp,52,25,15,low,0,1.43,low,15,qwen3-vl-235b,qwen3-vl-235b,v4,tool,1,0,95,0,,,Multiple pedestrians walk through the area without interacting with the pile; a vehicle passes by but does not stop or unload. No deposit behavior is observed.,5323,205,0,0.003366,16237,
qwen3-vl-235b:v4_casc,bedrock,qwen.qwen3-vl-235b-a22b,evt-20260715_165230,3da2f5d5-808b-4f99-9ecb-6d3272e918c3,tp,85,26,15,low,0,1.44,low,15,qwen3-vl-235b,qwen3-vl-235b,v4,tool,1,0,95,0,,,"Multiple pedestrians and a pickup truck move through the area; no person is seen depositing material onto the pile. The large waste pile remains unchanged in size and composition across frames. A person in a red shirt walks away from the truck carrying a white bag, suggesting collection, not dumping",5323,240,0,0.00346,10475,
qwen3-vl-235b:v4_single,bedrock,qwen.qwen3-vl-235b-a22b,evt-20260715_165230,3da2f5d5-808b-4f99-9ecb-6d3272e918c3,tp,85,26,26,low,0,1.44,,,qwen3-vl-235b,qwen3-vl-235b,v4,tool,1,0,,0,95,Entulho,"Baseline: grande pilha de entulho e lixo domiciliar já existente na guia. Ator 1 (camisa azul) e ator 2 (camisa vermelha) interagem com a pilha, mas em direção de coleta: ambos remexem, ensacam e saem levando material. Veículo preto estacionado não descarrega; ao contrário, pessoas retiram itens da ",8483,284,0,0.005251,14569,
qwen3-vl-235b:v4_casc_5f,bedrock,qwen.qwen3-vl-235b-a22b,evt-20260715_165230,3da2f5d5-808b-4f99-9ecb-6d3272e918c3,tp,85,26,5,low,0,1.44,low,5,qwen3-vl-235b,qwen3-vl-235b,v4,tool,1,0,95,0,,,Multiple pedestrians and vehicles pass through the area; no person is seen depositing material onto the pile. A black car and white van stop briefly but no unloading or dumping is observed. The large waste pile remains visually unchanged between frames.,2773,270,0,0.002188,7313,
qwen3-vl-235b:v4_casc_5f,bedrock,qwen.qwen3-vl-235b-a22b,evt-20260715_165556,3da2f5d5-808b-4f99-9ecb-6d3272e918c3,tp,86,26,5,low,0,1.42,low,5,qwen3-vl-235b,qwen3-vl-235b,v4,tool,1,0,95,0,,,"A person is seen actively sorting and handling material from the existing pile; no new material is deposited. The pile remains visually unchanged between frames, consistent with waste-picking activity.",2774,241,0,0.002111,8652,
qwen3-vl-235b:v4_single,bedrock,qwen.qwen3-vl-235b-a22b,evt-20260715_165556,3da2f5d5-808b-4f99-9ecb-6d3272e918c3,tp,86,26,26,low,0,1.42,,,qwen3-vl-235b,qwen3-vl-235b,v4,tool,1,0,,0,95,Entulho,"A pilha de lixo permanece inalterada ao longo da sequência. Pessoas e veículos transitam pela área, mas nenhum ato de deposição é flagrado. Indivíduos próximos à pilha estão remexendo ou coletando materiais, caracterizando coleta, não descarte. Nenhum material novo é visto sendo descarregado ou joga",8483,240,0,0.005134,13305,
qwen3-vl-235b:v4_casc,bedrock,qwen.qwen3-vl-235b-a22b,evt-20260715_165556,3da2f5d5-808b-4f99-9ecb-6d3272e918c3,tp,86,26,15,low,0,1.42,low,15,qwen3-vl-235b,qwen3-vl-235b,v4,tool,1,0,95,0,,,"Multiple pedestrians and vehicles pass through the area; no person is observed depositing material onto the pile. One individual is seen carrying a bag away from the pile, consistent with collection behavior. The large waste pile remains visually unchanged between frames.",5323,248,0,0.003481,11780,
qwen3-vl-235b:v4_casc_5f,bedrock,qwen.qwen3-vl-235b-a22b,evt-20260715_181023,21c0edc7-5cc2-4d43-874f-45bae153a088,tp,81,32,5,low,0,1.71,low,5,qwen3-vl-235b,qwen3-vl-235b,v4,tool,1,0,95,0,,,"Two individuals are seen actively sorting and loading material from the existing pile onto a blue handcart; one person bends over the pile while the other stands by the cart, indicating collection behavior, not dumping.",2773,246,0,0.002124,6689,
qwen3-vl-235b:v4_casc,bedrock,qwen.qwen3-vl-235b-a22b,evt-20260715_181023,21c0edc7-5cc2-4d43-874f-45bae153a088,tp,81,32,15,low,0,1.71,low,15,qwen3-vl-235b,qwen3-vl-235b,v4,tool,1,0,95,0,,,"Two individuals are seen actively sorting and loading material from the existing waste pile into a blue handcart; no new material is deposited, and the pile is being reduced.",5323,227,0,0.003425,13362,
qwen3-vl-235b:v4_single,bedrock,qwen.qwen3-vl-235b-a22b,evt-20260715_181023,21c0edc7-5cc2-4d43-874f-45bae153a088,tp,81,32,32,low,0,1.71,,,qwen3-vl-235b,qwen3-vl-235b,v4,tool,1,0,,0,95,Entulho,"Dois indivíduos interagem com uma carroça azul e a pilha de entulho. Um deles, sem camisa, retira materiais da pilha e os coloca na carroça. O outro, de roupa clara, também manipula materiais, aparentemente separando ou carregando. Nenhum dos atos observados indica deposição de novo material; ao con",10013,417,0,0.006416,18468,
qwen3-vl-235b:v4_single,bedrock,qwen.qwen3-vl-235b-a22b,evt-20260715_181251,21c0edc7-5cc2-4d43-874f-45bae153a088,tp,81,32,32,low,0,1.73,,,qwen3-vl-235b,qwen3-vl-235b,v4,tool,1,0,,0,95,Entulho,"Pessoa em branco e outra sem camisa interagem com a pilha de entulho e com uma carroça azul. A pessoa em branco retira materiais da pilha e os coloca na carroça, indicando coleta, não descarte. Nenhum ato de deposição de novo material é observado. A pilha existente permanece como baseline e não cres",10013,377,0,0.00631,14924,
qwen3-vl-235b:v4_casc,bedrock,qwen.qwen3-vl-235b-a22b,evt-20260715_181251,21c0edc7-5cc2-4d43-874f-45bae153a088,tp,81,32,15,low,0,1.73,low,15,qwen3-vl-235b,qwen3-vl-235b,v4,tool,1,0,95,0,,,"Two individuals are seen actively sorting and loading debris from the existing pile into a blue trailer attached to a parked SUV. No new material is deposited; instead, material is removed from the pile and placed into the trailer, consistent with waste collection or maintenance activity.",5324,267,0,0.003532,13554,
qwen3-vl-235b:v4_casc_5f,bedrock,qwen.qwen3-vl-235b-a22b,evt-20260715_181251,21c0edc7-5cc2-4d43-874f-45bae153a088,tp,81,32,5,low,0,1.73,low,5,qwen3-vl-235b,qwen3-vl-235b,v4,tool,1,0,95,0,,,"Person in white shirt loads debris into a blue handcart from the existing pile; material is being removed, not deposited. No new material appears on the ground.",2774,222,0,0.002061,15314,
qwen3-vl-235b:v4_casc,bedrock,qwen.qwen3-vl-235b-a22b,evt-20260715_181611,21c0edc7-5cc2-4d43-874f-45bae153a088,tp,70,32,15,low,0,1.74,low,15,qwen3-vl-235b,qwen3-vl-235b,v4,tool,1,0,95,0,,,"A person in white is seen interacting with the pile and a blue trailer, loading material into it. The vehicle is stopped, but the material direction is AWAY from the pile, indicating collection, not dumping. No new material is deposited on the ground.",5323,249,0,0.003484,13126,
qwen3-vl-235b:v4_single,bedrock,qwen.qwen3-vl-235b-a22b,evt-20260715_181611,21c0edc7-5cc2-4d43-874f-45bae153a088,tp,70,32,32,low,0,1.74,,,qwen3-vl-235b,qwen3-vl-235b,v4,tool,1,0,,0,95,Entulho,"Pessoa em branco interage com a pilha de entulho, mas não há flagrante de deposição. A pessoa está agachada e manipulando materiais, comportamento típico de catador. Nenhum objeto é visto sendo trazido e descartado; ao contrário, há indícios de remoção de itens. Veículo e carroça permanecem estacion",10012,347,0,0.006229,18560,
qwen3-vl-235b:v4_casc_5f,bedrock,qwen.qwen3-vl-235b-a22b,evt-20260715_181611,21c0edc7-5cc2-4d43-874f-45bae153a088,tp,70,32,5,low,0,1.74,low,5,qwen3-vl-235b,qwen3-vl-235b,v4,tool,1,0,95,0,,,"Person in white clothing is seen actively sorting and removing material from the pile, then walking away with items. No deposit behavior observed; consistent with waste-picker (catador) activity.",2774,229,0,0.002079,11780,
qwen3-vl-235b:v4_casc,bedrock,qwen.qwen3-vl-235b-a22b,evt-20260715_191603,bc95bd66-efbb-4ede-8672-7b5459524a34,indefinido,20,20,15,low,0,1.2,low,15,qwen3-vl-235b,qwen3-vl-235b,v4,tool,1,0,95,0,,,A motorcycle and a car pass through the scene without stopping or depositing material. No person is seen handling waste. The large waste pile remains unchanged throughout the frames.,5323,222,0,0.003412,10105,
qwen3-vl-235b:v4_single,bedrock,qwen.qwen3-vl-235b-a22b,evt-20260715_191603,bc95bd66-efbb-4ede-8672-7b5459524a34,indefinido,20,20,20,low,0,1.2,,,qwen3-vl-235b,qwen3-vl-235b,v4,tool,1,0,,0,95,,"Baseline: pilha de entulho fixa na guia. Sequência: motociclista passa sem interação; carro escuro estaciona, pessoa desce e caminha para longe da pilha, sem depositar material. Nenhum ato de deposição observado. Pilha inalterada.",6953,182,0,0.004169,13132,
qwen3-vl-235b:v4_casc_5f,bedrock,qwen.qwen3-vl-235b-a22b,evt-20260715_191603,bc95bd66-efbb-4ede-8672-7b5459524a34,indefinido,20,20,5,low,0,1.2,low,5,qwen3-vl-235b,qwen3-vl-235b,v4,tool,1,0,95,0,,,A dark vehicle drives past the pile with headlights on; no person exits or unloads material. The pile remains visually unchanged. No deposit behavior observed.,2774,215,0,0.002042,9483,
qwen3-vl-235b:v4_casc,bedrock,qwen.qwen3-vl-235b-a22b,evt-20260715_222047,839bee07-649b-427c-9168-ed534d3a67f0,tp,27,27,15,low,0,1.49,low,15,qwen3-vl-235b,qwen3-vl-235b,v4,tool,1,0,95,0,,,"A person is seen rummaging through the existing waste pile, picking up items and placing them into a bag or container, consistent with waste-picking (catador) behavior. No new material was deposited; the person left carrying items removed from the pile.",5323,250,0,0.003486,12027,
qwen3-vl-235b:v4_single,bedrock,qwen.qwen3-vl-235b-a22b,evt-20260715_222047,839bee07-649b-427c-9168-ed534d3a67f0,tp,27,27,27,low,0,1.49,,,qwen3-vl-235b,qwen3-vl-235b,v4,tool,1,0,,0,95,Lixo domiciliar,"Pessoa agacha-se e manipula material na pilha existente, mas não há evidência de deposição de novo material. A ação é consistente com coleta/seleção de recicláveis. Nenhum objeto novo é visto sendo descartado na sequência. Pilha permanece visualmente inalterada após a passagem do indivíduo.",8737,330,0,0.005508,14864,
qwen3-vl-235b:v4_casc_5f,bedrock,qwen.qwen3-vl-235b-a22b,evt-20260715_222047,839bee07-649b-427c-9168-ed534d3a67f0,tp,27,27,5,low,0,1.49,low,5,qwen3-vl-235b,qwen3-vl-235b,v4,tool,1,0,95,0,,,"A person is seen crouching and sorting through the existing waste pile, then leaving with a bag — consistent with waste-picking (catador) behavior, not dumping.",2773,224,0,0.002066,12527,
qwen3-vl-235b:v4_casc_5f,bedrock,qwen.qwen3-vl-235b-a22b,evt-20260716_012139,56e59ca0-63ff-4cae-9f35-c10291ef1055,fp,106,30,5,low,0,1.66,low,5,qwen3-vl-235b,qwen3-vl-235b,v4,tool,1,0,95,0,,,No person or vehicle is visible interacting with the waste pile. The orange handcart (carroça) is stationary and unattended; no material is being deposited or removed. The pile remains unchanged across all frames.,2773,229,0,0.002079,9280,
qwen3-vl-235b:v4_casc,bedrock,qwen.qwen3-vl-235b-a22b,evt-20260716_012139,56e59ca0-63ff-4cae-9f35-c10291ef1055,fp,106,30,15,low,0,1.66,low,15,qwen3-vl-235b,qwen3-vl-235b,v4,tool,1,0,95,0,,,"A person is seen pushing an orange handcart (carroça) and actively rummaging through the existing waste pile, consistent with waste-picking (catador) behavior. No new material is deposited; the person is collecting from the pile.",5323,295,0,0.003606,17390,
qwen3-vl-235b:v4_single,bedrock,qwen.qwen3-vl-235b-a22b,evt-20260716_012139,56e59ca0-63ff-4cae-9f35-c10291ef1055,fp,106,30,30,low,0,1.66,,,qwen3-vl-235b,qwen3-vl-235b,v4,tool,1,0,,0,95,Lixo domiciliar,"Baseline: pilha de lixo existente na guia, solo de terra, muro e vegetação ao fundo. Ator: pessoa com carroça laranja entra no quadro, posiciona-se perto da pilha, agacha e manipula material por vários minutos. Direção do material: a pessoa retira itens da pilha e os coloca na carroça, que sai carre",9502,336,0,0.00593,19129,
qwen3-vl-235b:v4_casc_5f,bedrock,qwen.qwen3-vl-235b-a22b,evt-20260716_094309,05f711f0-da69-4d42-8318-39637baca2b4,fp,21,21,5,low,0,1.22,low,5,qwen3-vl-235b,qwen3-vl-235b,v4,tool,1,0,95,0,,,"A person approached the pile, rummaged through it, and left carrying material — consistent with waste-picking (catador) behavior, not dumping.",2774,220,0,0.002055,8389,
qwen3-vl-235b:v4_single,bedrock,qwen.qwen3-vl-235b-a22b,evt-20260716_094309,05f711f0-da69-4d42-8318-39637baca2b4,fp,21,21,21,low,0,1.22,,,qwen3-vl-235b,qwen3-vl-235b,v4,tool,1,0,,0,95,Lixo domiciliar,"Pessoa sem camisa e de shorts vermelhos é vista se aproximando da pilha de lixo, agachando-se e manipulando materiais na borda da pilha, mas sem depositar novos resíduos. O comportamento é consistente com coleta/seleção de materiais recicláveis, não com descarte. Nenhum novo material é visto sendo a",7208,368,0,0.004799,16834,
qwen3-vl-235b:v4_casc,bedrock,qwen.qwen3-vl-235b-a22b,evt-20260716_094309,05f711f0-da69-4d42-8318-39637baca2b4,fp,21,21,15,low,0,1.22,low,15,qwen3-vl-235b,qwen3-vl-235b,v4,tool,1,0,95,0,,,"A shirtless person is seen rummaging through the existing waste pile, bending over and sorting items, consistent with waste-picking behavior. No new material is deposited; the person leaves the scene without adding to the pile.",5324,252,0,0.003492,13697,
qwen3-vl-235b:v4_casc,bedrock,qwen.qwen3-vl-235b-a22b,evt-20260716_123717,132e7692-e530-44e2-8d52-da564b5c61c8,fp,100,26,15,low,0,1.52,low,15,qwen3-vl-235b,qwen3-vl-235b,v4,tool,1,0,95,0,,,"Multiple pedestrians pass through the area; one person carries greenery away from the pile, indicating collection, not dumping. No vehicle stops or deposits material. The pile remains visually unchanged.",5324,232,0,0.003439,13077,
qwen3-vl-235b:v4_casc_5f,bedrock,qwen.qwen3-vl-235b-a22b,evt-20260716_123717,132e7692-e530-44e2-8d52-da564b5c61c8,fp,100,26,5,low,0,1.52,low,5,qwen3-vl-235b,qwen3-vl-235b,v4,tool,1,0,95,0,,,"A person is seen carrying green vegetation away from the pile, indicating material removal, not deposit. No new material appears on the ground; the pile remains unchanged in structure.",2773,238,0,0.002103,9722,
qwen3-vl-235b:v4_single,bedrock,qwen.qwen3-vl-235b-a22b,evt-20260716_123717,132e7692-e530-44e2-8d52-da564b5c61c8,fp,100,26,26,low,0,1.52,,,qwen3-vl-235b,qwen3-vl-235b,v4,tool,1,0,,0,95,Poda,"Pessoa com carrinho de mão transporta material orgânico (poda) em direção oposta à pilha de lixo, indicando coleta, não descarte. Nenhum ato de deposição foi flagrado.",8482,300,0,0.005293,19449,
qwen3-vl-235b:v4_casc,bedrock,qwen.qwen3-vl-235b-a22b,evt-20260716_123920,132e7692-e530-44e2-8d52-da564b5c61c8,fp,91,26,15,low,0,1.53,low,15,qwen3-vl-235b,qwen3-vl-235b,v4,tool,1,0,95,0,,,"Multiple pedestrians and motorcyclists pass through the area; no person or vehicle is observed depositing material. A person with a handcart appears to be collecting from the pile, consistent with waste-picker activity.",5323,227,0,0.003425,11241,
qwen3-vl-235b:v4_casc_5f,bedrock,qwen.qwen3-vl-235b-a22b,evt-20260716_123920,132e7692-e530-44e2-8d52-da564b5c61c8,fp,91,26,5,low,0,1.53,low,5,qwen3-vl-235b,qwen3-vl-235b,v4,tool,1,0,95,0,,,Person with handcart collected green vegetation from the pile and left the scene; no new material was deposited.,2773,216,0,0.002044,6907,
qwen3-vl-235b:v4_single,bedrock,qwen.qwen3-vl-235b-a22b,evt-20260716_123920,132e7692-e530-44e2-8d52-da564b5c61c8,fp,91,26,26,low,0,1.53,,,qwen3-vl-235b,qwen3-vl-235b,v4,tool,1,0,,0,95,Poda,"Baseline: pilha de lixo existente na guia, solo irregular, caçamba parcialmente visível. Ator 1 (mulher com carrinho de mão) transporta material verde (poda) em direção à pilha, mas não é visto depositando; sai da cena sem o material, sugerindo coleta. Ator 2 (mulher com criança) passa sem interação",8483,285,0,0.005254,18224,
qwen3-vl-235b:v4_casc,bedrock,qwen.qwen3-vl-235b-a22b,evt-20260716_151227,caebb65d-f99b-469f-9067-208285e527df,fp,76,24,15,low,0,1.62,low,15,qwen3-vl-235b,qwen3-vl-235b,v4,tool,1,0,95,0,,,"A person is seen actively sorting and removing items from the existing waste pile, consistent with waste-picker (catador) behavior. No new material was deposited; the pile's composition changed due to removal.",5324,227,0,0.003426,13913,
qwen3-vl-235b:v4_single,bedrock,qwen.qwen3-vl-235b-a22b,evt-20260716_151227,caebb65d-f99b-469f-9067-208285e527df,fp,76,24,24,low,0,1.62,,,qwen3-vl-235b,qwen3-vl-235b,v4,tool,1,0,,0,95,Lixo domiciliar,"Baseline: pilha de lixo residencial e carroça laranja estacionada. Vários pedestres e ciclistas passam sem interagir com a pilha. Um homem em vermelho aproxima-se, agacha e manipula itens na pilha, mas não deposita nada novo; ao contrário, ele retira material e o coloca em um saco, indicando coleta,",7972,251,0,0.004893,16328,
qwen3-vl-235b:v4_casc_5f,bedrock,qwen.qwen3-vl-235b-a22b,evt-20260716_151227,caebb65d-f99b-469f-9067-208285e527df,fp,76,24,5,low,0,1.62,low,5,qwen3-vl-235b,qwen3-vl-235b,v4,tool,1,0,95,0,,,"A person approaches the pile, bends over it, and appears to be sorting or removing items; no new material is deposited. The handcart remains empty and stationary, consistent with waste-picking behavior.",2774,234,0,0.002093,10321,
qwen3-vl-235b:v4_casc_5f,bedrock,qwen.qwen3-vl-235b-a22b,evt-20260716_152303,caebb65d-f99b-469f-9067-208285e527df,fp,86,24,5,low,0,1.64,low,5,qwen3-vl-235b,qwen3-vl-235b,v4,tool,1,0,95,0,,,"Two individuals are seen sorting and loading waste from the existing pile into an orange handcart; no new material is deposited, and both leave carrying more than they arrived with, consistent with waste-picking behavior.",2773,248,0,0.002129,7310,
qwen3-vl-235b:v4_casc,bedrock,qwen.qwen3-vl-235b-a22b,evt-20260716_152303,caebb65d-f99b-469f-9067-208285e527df,fp,86,24,15,low,0,1.64,low,15,qwen3-vl-235b,qwen3-vl-235b,v4,tool,1,0,95,0,,,"Two individuals are actively sorting and removing items from the existing waste pile; one loads a handcart, confirming material is being taken away, not deposited.",5323,247,0,0.003478,13380,
qwen3-vl-235b:v4_single,bedrock,qwen.qwen3-vl-235b-a22b,evt-20260716_152303,caebb65d-f99b-469f-9067-208285e527df,fp,86,24,24,low,0,1.64,,,qwen3-vl-235b,qwen3-vl-235b,v4,tool,1,0,,0,95,Lixo domiciliar,"Pessoas interagem com a pilha de lixo existente, removendo e ensacando materiais. Um indivíduo carrega sacos e coloca itens na carroça laranja, indicando coleta, não descarte. Nenhum ato de deposição de novo material é observado.",7972,292,0,0.005002,16885,
qwen3-vl-235b:v4_single,bedrock,qwen.qwen3-vl-235b-a22b,evt-20260716_153511,caebb65d-f99b-469f-9067-208285e527df,fp,89,24,24,low,0,1.61,,,qwen3-vl-235b,qwen3-vl-235b,v4,tool,1,0,,0,95,Lixo domiciliar,"Dois indivíduos interagem com a pilha de lixo existente. Um deles, com camisa listrada, agacha-se e manipula materiais, enquanto o outro, com camisa vermelha, carrega sacos e os coloca na carroça laranja. Nenhum dos dois deposita material novo no chão; ao contrário, ambos retiram itens da pilha e os",7973,383,0,0.005244,16581,
qwen3-vl-235b:v4_casc,bedrock,qwen.qwen3-vl-235b-a22b,evt-20260716_153511,caebb65d-f99b-469f-9067-208285e527df,fp,89,24,15,low,0,1.61,low,15,qwen3-vl-235b,qwen3-vl-235b,v4,tool,1,0,95,0,,,Two individuals are seen sorting and collecting items from the existing waste pile; one loads material into an orange handcart. No new material is deposited; all activity is consistent with waste-picking (catador) behavior.,5323,300,0,0.003619,13352,
qwen3-vl-235b:v4_casc_5f,bedrock,qwen.qwen3-vl-235b-a22b,evt-20260716_153511,caebb65d-f99b-469f-9067-208285e527df,fp,89,24,5,low,0,1.61,low,5,qwen3-vl-235b,qwen3-vl-235b,v4,tool,1,0,95,0,,,"Two individuals are seen sorting and collecting items from the existing waste pile; one loads a handcart. No new material is deposited; both leave carrying more than they arrived with, consistent with waste-picking behavior.",2773,298,0,0.002262,11581,
qwen3-vl-235b:v4_casc_5f,bedrock,qwen.qwen3-vl-235b-a22b,evt-20260716_161144,caebb65d-f99b-469f-9067-208285e527df,fp,80,25,5,low,0,1.6,low,5,qwen3-vl-235b,qwen3-vl-235b,v4,tool,1,0,95,0,,,"Two individuals are seen actively sorting and loading waste into an orange handcart (carroça). One person carries bags away from the pile, and the cart is later seen with material inside, indicating removal, not deposit.",2774,262,0,0.002167,13096,
qwen3-vl-235b:v4_casc,bedrock,qwen.qwen3-vl-235b-a22b,evt-20260716_161144,caebb65d-f99b-469f-9067-208285e527df,fp,80,25,15,low,0,1.6,low,15,qwen3-vl-235b,qwen3-vl-235b,v4,tool,1,0,95,0,,,"Multiple individuals are seen rummaging through the existing waste pile and loading items into an orange handcart. No new material is deposited; instead, material is removed from the pile and placed into the cart, consistent with waste-picking activity.",5323,293,0,0.003601,14809,
qwen3-vl-235b:v4_single,bedrock,qwen.qwen3-vl-235b-a22b,evt-20260716_161144,caebb65d-f99b-469f-9067-208285e527df,fp,80,25,25,low,0,1.6,,,qwen3-vl-235b,qwen3-vl-235b,v4,tool,1,0,,0,95,Lixo domiciliar,"Vários indivíduos circulam pela área, mas nenhum é visto depositando material na pilha. Um homem em shorts vermelhos e boné interage com a pilha, mas age como catador: ele agacha, seleciona itens e os coloca em uma carroça laranja. A carroça é carregada e posteriormente levada embora, indicando cole",8227,244,0,0.005009,18235,
qwen3-vl-235b:v4_casc_5f,bedrock,qwen.qwen3-vl-235b-a22b,evt-20260716_165803,ed0b1eb9-3439-4848-8a93-38e309715839,fp,81,27,5,low,0,1.53,low,5,qwen3-vl-235b,qwen3-vl-235b,v4,tool,1,0,95,0,,,Two individuals are seen actively sorting and bagging items from the existing waste pile; one person loads a bag into a container. No new material is deposited; all activity is consistent with waste picking (catador) behavior.,2774,254,0,0.002146,7789,
qwen3-vl-235b:v4_casc,bedrock,qwen.qwen3-vl-235b-a22b,evt-20260716_165803,ed0b1eb9-3439-4848-8a93-38e309715839,fp,81,27,15,low,0,1.53,low,15,qwen3-vl-235b,qwen3-vl-235b,v4,tool,1,0,95,0,,,"Multiple individuals are seen sorting and removing items from the existing waste pile; one person loads a bag into a van, consistent with waste-picking activity, not dumping.",5324,221,0,0.00341,12342,
qwen3-vl-235b:v4_single,bedrock,qwen.qwen3-vl-235b-a22b,evt-20260716_165803,ed0b1eb9-3439-4848-8a93-38e309715839,fp,81,27,27,low,0,1.53,,,qwen3-vl-235b,qwen3-vl-235b,v4,tool,1,0,,0,95,Lixo domiciliar,"Vários indivíduos interagem com a pilha de lixo existente, removendo e ensacando materiais. Um homem agacha-se e manipula sacos e objetos na pilha, enquanto outro passa carregando um saco cheio, saindo da área. Nenhum ato de deposição é observado; todos os movimentos indicam coleta/seleção de materi",8738,277,0,0.005368,16299,
qwen3-vl-235b:v4_casc,bedrock,qwen.qwen3-vl-235b-a22b,evt-20260716_170433,ed0b1eb9-3439-4848-8a93-38e309715839,fp,72,27,15,low,0,1.52,low,15,qwen3-vl-235b,qwen3-vl-235b,v4,tool,1,0,95,0,,,Multiple individuals are seen rummaging through and removing items from the existing waste pile; no new material is deposited. A white van remains parked but no unloading occurs.,5323,226,0,0.003422,11709,
qwen3-vl-235b:v4_casc_5f,bedrock,qwen.qwen3-vl-235b-a22b,evt-20260716_170433,ed0b1eb9-3439-4848-8a93-38e309715839,fp,72,27,5,low,0,1.52,low,5,qwen3-vl-235b,qwen3-vl-235b,v4,tool,1,0,95,0,,,"Two individuals interact with the pile: one crouches and sorts items, another walks away carrying material. No deposit behavior observed; consistent with waste-picking activity.",2773,232,0,0.002087,16980,
qwen3-vl-235b:v4_single,bedrock,qwen.qwen3-vl-235b-a22b,evt-20260716_170619,9107890c-7b08-43bf-849c-7de1abccef6a,tp,84,27,27,low,0,1.55,,,qwen3-vl-235b,qwen3-vl-235b,v4,tool,1,1,,1,95,Entulho,"Homem em camiseta cinza e calça escura, utilizando uma carroça, é visto descarregando e depositando materiais (madeira e papelão) diretamente na pilha de lixo existente. O ato de deposição é flagrado entre os frames 2026-07-16_17-06-24-686237-000.jpg e 2026-07-16_17-07-33-648773-003.jpg, com o mater",8738,425,0,0.005762,19006,
qwen3-vl-235b:v4_casc,bedrock,qwen.qwen3-vl-235b-a22b,evt-20260716_170619,9107890c-7b08-43bf-849c-7de1abccef6a,tp,84,27,15,low,0,1.55,low,15,qwen3-vl-235b,qwen3-vl-235b,v4,tool,1,0,95,0,,,"A person is seen loading cardboard and other materials onto a handcart from the existing waste pile, indicating collection activity, not dumping. No new material was deposited; the pile was actively being reduced.",5323,224,0,0.003417,10931,
qwen3-vl-235b:v4_casc_5f,bedrock,qwen.qwen3-vl-235b-a22b,evt-20260716_170619,9107890c-7b08-43bf-849c-7de1abccef6a,tp,84,27,5,low,0,1.55,low,5,qwen3-vl-235b,qwen3-vl-235b,v4,tool,1,0,95,0,,,A person is seen loading cardboard and other materials onto a handcart from the existing pile; no new material is deposited. The white van remains parked without any unloading activity.,2774,240,0,0.002109,7539,
qwen3-vl-235b:v4_single,bedrock,qwen.qwen3-vl-235b-a22b,evt-20260716_170823,9107890c-7b08-43bf-849c-7de1abccef6a,tp,91,27,27,low,0,1.54,,,qwen3-vl-235b,qwen3-vl-235b,v4,tool,1,0,,0,95,Entulho,"Baseline: pilha de lixo existente na guia, solo irregular e poça. Ator 1 (homem com camiseta escura e shorts vermelhos) aparece em 17:06:09 carregando uma estrutura de madeira, mas a direção do material é indeterminada — ele não é visto depositando ou descartando. Veículo branco estacionado não desc",8738,284,0,0.005387,18249,
qwen3-vl-235b:v4_casc,bedrock,qwen.qwen3-vl-235b-a22b,evt-20260716_170823,9107890c-7b08-43bf-849c-7de1abccef6a,tp,91,27,15,low,0,1.54,low,15,qwen3-vl-235b,qwen3-vl-235b,v4,tool,1,0,95,0,,,No deposit act observed. A white van is seen parked briefly but no material is unloaded. Pedestrians walk through the area without interacting with the pile. The waste pile remains visually unchanged between frames.,5324,240,0,0.00346,14984,
qwen3-vl-235b:v4_single,bedrock,qwen.qwen3-vl-235b-a22b,evt-20260716_170433,ed0b1eb9-3439-4848-8a93-38e309715839,fp,72,27,27,low,0,1.52,,,qwen3-vl-235b,qwen3-vl-235b,v4,tool,1,0,,0,95,Lixo domiciliar,Baseline: large pre-existing pile of mixed waste on roadside. Actors: multiple pedestrians and a white van. Trajectory: one person bends near pile but no material is seen being deposited; others walk past or interact with pile without adding material. Van remains parked. No visual evidence of dispos,8738,341,0,0.005538,61198,
qwen3-vl-235b:v4_casc_5f,bedrock,qwen.qwen3-vl-235b-a22b,evt-20260716_170823,9107890c-7b08-43bf-849c-7de1abccef6a,tp,91,27,5,low,0,1.54,low,5,qwen3-vl-235b,qwen3-vl-235b,v4,tool,1,0,95,0,,,"A white van is seen parked briefly then driving away; a person walks past the pile carrying a handcart but does not deposit material. No new material is visible on the ground in the final frame compared to the first. The pile remains unchanged, consistent with normal background state.",2774,252,0,0.002141,11919,
qwen3-vl-235b:v4_casc,bedrock,qwen.qwen3-vl-235b-a22b,evt-20260716_175905,f3c41d66-5fcb-444f-adb1-9001a21bb359,fp,107,46,15,low,0,1.94,low,15,qwen3-vl-235b,qwen3-vl-235b,v4,tool,1,0,95,0,,,"Person with handcart arrives empty, spends time sorting and loading items from the pile, leaves carrying material — consistent with waste-picking (catador) behavior, not dumping.",5323,214,0,0.00339,11094,
qwen3-vl-235b:v4_casc_5f,bedrock,qwen.qwen3-vl-235b-a22b,evt-20260716_175905,f3c41d66-5fcb-444f-adb1-9001a21bb359,fp,107,46,5,low,0,1.94,low,5,qwen3-vl-235b,qwen3-vl-235b,v4,tool,1,0,95,0,,,"Two individuals with a handcart (carroça) are seen collecting and loading material from the existing pile; they leave carrying more than they arrived with, consistent with waste-picking behavior.",2773,226,0,0.002071,9789,
qwen3-vl-235b:v4_single,bedrock,qwen.qwen3-vl-235b-a22b,evt-20260716_175905,f3c41d66-5fcb-444f-adb1-9001a21bb359,fp,107,46,46,low,0,1.94,,,qwen3-vl-235b,qwen3-vl-235b,v4,tool,1,0,,0,95,Lixo domiciliar,"Pessoa identificada como catador, agachada e remexendo na pilha de lixo existente, retirando materiais e colocando em sacos. Posteriormente, carrega sacos e se afasta com uma carroça. Ação consistente com coleta, não com descarte. Nenhum ato de deposição foi flagrado.",13582,326,0,0.008066,24217,
qwen3-vl-235b:v4_casc,bedrock,qwen.qwen3-vl-235b-a22b,evt-20260716_183233,eea58cf7-35b4-4d76-8211-af741571e5bd,fp,108,44,15,low,0,1.86,low,15,qwen3-vl-235b,qwen3-vl-235b,v4,tool,1,0,95,0,,,Multiple pedestrians walk through the scene without interacting with the pile; no vehicle stops or deposits material. The pile remains visually unchanged.,5324,218,0,0.003402,13029,
qwen3-vl-235b:v4_single,bedrock,qwen.qwen3-vl-235b-a22b,evt-20260716_183233,eea58cf7-35b4-4d76-8211-af741571e5bd,fp,108,44,44,low,0,1.86,,,qwen3-vl-235b,qwen3-vl-235b,v4,tool,1,0,,0,95,Entulho,"Pilha de entulho pré-existente visível em todos os frames. Nenhum ator é observado depositando material. Pessoas passam pela área sem interagir com o lixo. Um indivíduo aparece agachado na pilha em frames finais, mas sem evidência de deposição — comportamento consistente com coleta. Nenhum veículo o",13073,325,0,0.007793,24649,
qwen3-vl-235b:v4_single,bedrock,qwen.qwen3-vl-235b-a22b,evt-20260717_131804,781cd838-85f9-493f-83ad-45c55a6b3d89,fp,53,27,27,low,0,1.53,,,qwen3-vl-235b,qwen3-vl-235b,v4,tool,1,0,,0,95,Lixo domiciliar,"Baseline: pilha de lixo crônica na guia, solo irregular, bicicleta abandonada, caminhonete estacionada. Ator 1: homem caminha sem interagir. Ator 2: motociclista passa sem parar. Ator 3: homem agacha na pilha, remexe e retira material, carregando saco — comportamento típico de catador. Nenhum ato de",8738,230,0,0.005243,18969,
qwen3-vl-235b:v4_casc,bedrock,qwen.qwen3-vl-235b-a22b,evt-20260717_131804,781cd838-85f9-493f-83ad-45c55a6b3d89,fp,53,27,15,low,0,1.53,low,15,qwen3-vl-235b,qwen3-vl-235b,v4,tool,1,0,95,0,,,"A person is seen actively rummaging through the existing waste pile, consistent with waste-picking behavior. No new material was deposited; the individual appears to be collecting items from the pile.",5324,232,0,0.003439,12035,
qwen3-vl-235b:v4_casc_5f,bedrock,qwen.qwen3-vl-235b-a22b,evt-20260717_131804,781cd838-85f9-493f-83ad-45c55a6b3d89,fp,53,27,5,low,0,1.53,low,5,qwen3-vl-235b,qwen3-vl-235b,v4,tool,1,0,95,0,,,"A person is seen actively rummaging through and removing material from the existing waste pile, consistent with waste-picking behavior. No new material was deposited; the pile's composition changed due to removal.",2773,233,0,0.002089,7498,
qwen3-vl-235b:v4_single,bedrock,qwen.qwen3-vl-235b-a22b,evt-20260717_154354,99a55c6f-36a5-4a6a-b0f1-c2eb848dc9b9,fp,33,26,26,low,0,1.51,,,qwen3-vl-235b,qwen3-vl-235b,v4,tool,1,0,,0,95,Lixo domiciliar,"Pessoa sem camisa aparece no fundo, agacha-se e manipula saco branco, mas não deposita nada na pilha. Ao contrário, levanta com o saco e caminha para fora da área, indicando coleta, não descarte. Nenhum ato de deposição foi flagrado.",8483,331,0,0.005376,17497,
qwen3-vl-235b:v4_casc,bedrock,qwen.qwen3-vl-235b-a22b,evt-20260717_154354,99a55c6f-36a5-4a6a-b0f1-c2eb848dc9b9,fp,33,26,15,low,0,1.51,low,15,qwen3-vl-235b,qwen3-vl-235b,v4,tool,1,0,95,0,,,"A person is seen rummaging in the waste pile, then walking away carrying a full bag — consistent with waste-picking (catador) behavior, not dumping. No new material was deposited; the pile's state remained unchanged.",5323,242,0,0.003465,12604,
qwen3-vl-235b:v4_casc_5f,bedrock,qwen.qwen3-vl-235b-a22b,evt-20260716_183233,eea58cf7-35b4-4d76-8211-af741571e5bd,fp,108,44,5,low,0,1.86,low,5,qwen3-vl-235b,qwen3-vl-235b,v4,tool,1,0,95,0,,,No person or vehicle is seen depositing material. The pile remains unchanged; no new objects appear on the ground. A person walks through the scene but does not interact with the pile.,2773,217,0,0.002047,55517,
qwen3-vl-235b:v4_casc_5f,bedrock,qwen.qwen3-vl-235b-a22b,evt-20260717_154354,99a55c6f-36a5-4a6a-b0f1-c2eb848dc9b9,fp,33,26,5,low,0,1.51,low,5,qwen3-vl-235b,qwen3-vl-235b,v4,tool,1,0,95,0,,,"A person is seen rummaging in the pile, then walking away carrying bags — consistent with waste-picking (catador) behavior, not dumping.",2774,222,0,0.002061,10978,
qwen3-vl-235b:v4_single,bedrock,qwen.qwen3-vl-235b-a22b,evt-20260717_163625,4620bce5-7d28-47e9-9e4b-4bb40c3cc92b,tp,54,26,26,low,0,1.5,,,qwen3-vl-235b,qwen3-vl-235b,v4,tool,1,0,,0,95,Poda,"A sequência mostra uma pilha de lixo pré-existente na guia. Um veículo (picape prata) chega carregando material orgânico (poda) na caçamba, mas não há qualquer ação de descarte visível. Os ocupantes saem do veículo e permanecem ao lado, sem depositar material no chão. Nenhum ator é visto descartando",8483,357,0,0.005446,18921,
qwen3-vl-235b:v4_casc_5f,bedrock,qwen.qwen3-vl-235b-a22b,evt-20260717_163625,4620bce5-7d28-47e9-9e4b-4bb40c3cc92b,tp,54,26,26,low,0,1.5,low,5,qwen3-vl-235b,qwen3-vl-235b,v4,tool,1,1,95,0,95,Poda,"Baseline: pilha de lixo existente na guia. Ator: caminhonete prata com carga de poda (folhas e galhos) estaciona e dois homens descarregam material. Direção: material é retirado da caminhonete e colocado no chão, mas não na pilha de lixo existente; o material é depositado ao lado da pilha, em área l",11256,653,0,0.007703,23233,
qwen3-vl-235b:v4_casc,bedrock,qwen.qwen3-vl-235b-a22b,evt-20260717_163625,4620bce5-7d28-47e9-9e4b-4bb40c3cc92b,tp,54,26,26,low,0,1.5,low,15,qwen3-vl-235b,qwen3-vl-235b,v4,tool,1,1,95,0,95,Poda,"A sequência mostra uma pilha de lixo pré-existente na guia. Um veículo (picape prata) chega carregando material vegetal (poda) e para. Dois homens descem e removem parte do material da caçamba, mas não há evidência visual de que tenham depositado qualquer material na pilha existente. O material remo",13806,621,0,0.008969,26795,
qwen3-vl-235b:v4_single,bedrock,qwen.qwen3-vl-235b-a22b,evt-20260717_163744,4620bce5-7d28-47e9-9e4b-4bb40c3cc92b,tp,72,26,26,low,0,1.55,,,qwen3-vl-235b,qwen3-vl-235b,v4,tool,1,0,,0,95,Poda,"Equipe de coleta uniformizada em caminhonete prata carrega material da pilha existente para o veículo. Ação consiste em remoção, não deposição. Nenhum ato de descarte foi flagrado.",8483,162,0,0.004927,18376,
qwen3-vl-235b:v4_casc_5f,bedrock,qwen.qwen3-vl-235b-a22b,evt-20260717_163744,4620bce5-7d28-47e9-9e4b-4bb40c3cc92b,tp,72,26,5,low,0,1.55,low,5,qwen3-vl-235b,qwen3-vl-235b,v4,tool,1,0,95,0,,,"Uniformed municipal workers load green plant waste from the pile into a pickup truck; material is being removed, not deposited.",2773,217,0,0.002047,6975,
qwen3-vl-235b:v4_casc,bedrock,qwen.qwen3-vl-235b-a22b,evt-20260717_163744,4620bce5-7d28-47e9-9e4b-4bb40c3cc92b,tp,72,26,15,low,0,1.55,low,15,qwen3-vl-235b,qwen3-vl-235b,v4,tool,1,0,95,0,,,"Uniformed workers in green are actively loading plant debris and bags from the ground into a pickup truck's bed. This is material removal, not depositing. The pile remains large but no new waste is added during the observed frames.",5323,252,0,0.003492,11300,
qwen3-vl-235b:v4_casc_5f,bedrock,qwen.qwen3-vl-235b-a22b,evt-20260717_170115,561d3021-99f3-4731-8727-1773c20e0e83,tp,91,26,5,low,0,1.58,low,5,qwen3-vl-235b,qwen3-vl-235b,v4,tool,1,0,95,0,,,"A person is seen sorting and loading cardboard and bags from the existing pile into a handcart, indicating collection behavior, not dumping.",2773,226,0,0.002071,6518,
qwen3-vl-235b:v4_single,bedrock,qwen.qwen3-vl-235b-a22b,evt-20260717_170115,561d3021-99f3-4731-8727-1773c20e0e83,tp,91,26,26,low,0,1.58,,,qwen3-vl-235b,qwen3-vl-235b,v4,tool,1,0,,0,95,Lixo domiciliar,"Homem manipula materiais ao lado de carroça e saco branco, removendo e ensacando itens da pilha existente. Ação consistente com coleta seletiva, não com descarte. Nenhum material é depositado na pilha; ao contrário, ele retira e organiza itens para transporte. Crianças e pedestres passam sem interag",8482,366,0,0.005469,17512,
qwen3-vl-235b:v4_casc,bedrock,qwen.qwen3-vl-235b-a22b,evt-20260717_170115,561d3021-99f3-4731-8727-1773c20e0e83,tp,91,26,15,low,0,1.58,low,15,qwen3-vl-235b,qwen3-vl-235b,v4,tool,1,0,95,0,,,"A person is seen sorting and placing cardboard into a bag and handcart, indicating collection from the pile, not depositing new waste.",5324,221,0,0.00341,12112,
qwen3-vl-235b:v4_casc_5f,bedrock,qwen.qwen3-vl-235b-a22b,evt-20260717_170823,561d3021-99f3-4731-8727-1773c20e0e83,tp,101,26,5,low,0,1.6,low,5,qwen3-vl-235b,qwen3-vl-235b,v4,tool,1,0,95,0,,,A person is seen sorting and bagging items from the existing waste pile into a handcart; no new material is deposited — this is consistent with waste-picking (catador) behavior.,2773,223,0,0.002063,6980,
qwen3-vl-235b:v4_casc,bedrock,qwen.qwen3-vl-235b-a22b,evt-20260717_170823,561d3021-99f3-4731-8727-1773c20e0e83,tp,101,26,15,low,0,1.6,low,15,qwen3-vl-235b,qwen3-vl-235b,v4,tool,1,0,95,0,,,"A person is seen sorting and bagging items from the existing waste pile into bags and a handcart, consistent with waste-picking (catador) behavior. No new material is deposited; the person is removing and organizing existing waste.",5323,253,0,0.003494,11484,
qwen3-vl-235b:v4_single,bedrock,qwen.qwen3-vl-235b-a22b,evt-20260717_170823,561d3021-99f3-4731-8727-1773c20e0e83,tp,101,26,26,low,0,1.6,,,qwen3-vl-235b,qwen3-vl-235b,v4,tool,1,0,,0,95,Lixo domiciliar,"Pessoa com carroça está coletando e ensacando materiais da pilha existente, não descartando. Ação consistente com catador: remoção de itens, ensacamento e organização para transporte. Nenhum ato de deposição foi observado.",8483,281,0,0.005243,17200,
qwen3-vl-235b:v4_casc_5f,bedrock,qwen.qwen3-vl-235b-a22b,evt-20260717_171512,78663961-ee5c-45a7-966f-ec34b748dc65,fp,86,26,5,low,0,1.6,low,5,qwen3-vl-235b,qwen3-vl-235b,v4,tool,1,0,95,0,,,"A person is seen sorting and placing items into a handcart from the existing waste pile, indicating collection behavior, not dumping. No new material was deposited; the pile's composition remained consistent.",2773,216,0,0.002044,7179,
qwen3-vl-235b:v4_casc,bedrock,qwen.qwen3-vl-235b-a22b,evt-20260717_171512,78663961-ee5c-45a7-966f-ec34b748dc65,fp,86,26,15,low,0,1.6,low,15,qwen3-vl-235b,qwen3-vl-235b,v4,tool,1,0,95,0,,,A person is seen sorting and loading recyclables from the existing pile into a handcart over multiple frames. No new material is deposited; the activity is consistent with waste-picking (catador) behavior.,5323,233,0,0.003441,11020,
qwen3-vl-235b:v4_single,bedrock,qwen.qwen3-vl-235b-a22b,evt-20260717_171512,78663961-ee5c-45a7-966f-ec34b748dc65,fp,86,26,26,low,0,1.6,,,qwen3-vl-235b,qwen3-vl-235b,v4,tool,1,0,,0,95,Lixo domiciliar,"Pessoa com carroça permanece no local por mais de 2 minutos, remexendo e ensacando itens da pilha existente. Nenhum ato de deposição é observado; ao contrário, o material é transferido para a carroça, indicando coleta. Trânsito de pedestres e um caminhão de entrega passam sem interagir com o lixo. P",8483,376,0,0.005496,19111,
qwen3-vl-235b:v4_single,bedrock,qwen.qwen3-vl-235b-a22b,evt-20260717_173848,9865cc4c-2ddd-47bb-b32f-0a82a15a3644,tp,80,32,32,low,0,1.77,,,qwen3-vl-235b,qwen3-vl-235b,v4,tool,1,1,,1,95,Lixo domiciliar,"Veículo branco tipo picape estaciona ao lado da pilha de lixo. Pessoas descarregam sacos e materiais da caçamba diretamente sobre a pilha existente. Ação de deposição é claramente visível entre os frames 17:40:01 e 17:40:44, com múltiplos atores envolvidos e material sendo transferido do veículo par",10013,374,0,0.006302,19258,
qwen3-vl-235b:v4_casc_5f,bedrock,qwen.qwen3-vl-235b-a22b,evt-20260717_173848,9865cc4c-2ddd-47bb-b32f-0a82a15a3644,tp,80,32,32,low,0,1.77,low,5,qwen3-vl-235b,qwen3-vl-235b,v4,tool,1,1,95,1,95,Lixo domiciliar,Veículo branco parado na beira da pilha de lixo. Pessoas descarregam sacos e materiais da caçamba diretamente sobre a pilha existente. Ação de deposição claramente visível entre os frames.,12787,599,0,0.00837,28909,
qwen3-vl-235b:v4_single,bedrock,qwen.qwen3-vl-235b-a22b,evt-20260717_180936,1d04290a-962c-497e-8f0c-a2816ac7be5a,tp,66,45,45,low,0,2.04,,,qwen3-vl-235b,qwen3-vl-235b,v4,tool,1,0,,0,95,Lixo domiciliar,"Baseline: pilha de lixo existente na guia, estado normal. Ator(es): múltiplos pedestres e veículos transitam sem interagir com a pilha. Nenhum ato de deposição foi flagrado; nenhum material foi visto sendo colocado, largado ou jogado na pilha ou no chão. Pessoas passam, param ou caminham ao redor, m",13328,282,0,0.007814,24125,
qwen3-vl-235b:v4_casc,bedrock,qwen.qwen3-vl-235b-a22b,evt-20260717_180936,1d04290a-962c-497e-8f0c-a2816ac7be5a,tp,66,45,15,low,0,2.04,low,15,qwen3-vl-235b,qwen3-vl-235b,v4,tool,1,0,95,0,,,No deposit behavior observed. People and vehicles pass through; one person walks near the pile but does not deposit material. Pile size and composition unchanged.,5323,201,0,0.003356,10982,
qwen3-vl-235b:v4_casc_5f,bedrock,qwen.qwen3-vl-235b-a22b,evt-20260717_180936,1d04290a-962c-497e-8f0c-a2816ac7be5a,tp,66,45,5,low,0,2.04,low,5,qwen3-vl-235b,qwen3-vl-235b,v4,tool,1,0,95,0,,,No deposit act observed. Pedestrians and vehicles passed through without interacting with the pile. No new material appeared on the ground in the final frame compared to the first.,2774,232,0,0.002087,9703,
qwen3-vl-235b:v4_casc,bedrock,qwen.qwen3-vl-235b-a22b,evt-20260717_201306,9a4aef17-b231-46a4-ada9-497e77007fec,fp,62,44,15,low,0,2.11,low,15,qwen3-vl-235b,qwen3-vl-235b,v4,tool,1,0,95,0,,,"Municipal sanitation crew actively loading waste from the pile into a garbage truck; no new material deposited, only removal observed.",5324,222,0,0.003412,12657,
qwen3-vl-235b:v4_single,bedrock,qwen.qwen3-vl-235b-a22b,evt-20260717_201306,9a4aef17-b231-46a4-ada9-497e77007fec,fp,62,44,44,low,0,2.11,,,qwen3-vl-235b,qwen3-vl-235b,v4,tool,1,0,,0,95,Lixo domiciliar,"Equipe de coleta municipal uniformizada operando caminhão de lixo com caçamba aberta, removendo e carregando resíduos da pilha existente. Nenhum ato de descarte foi observado; todos os movimentos indicam coleta e remoção de material.",13072,215,0,0.0075,25024,
qwen3-vl-235b:v4_casc_5f,bedrock,qwen.qwen3-vl-235b-a22b,evt-20260717_201306,9a4aef17-b231-46a4-ada9-497e77007fec,fp,62,44,5,low,0,2.11,low,5,qwen3-vl-235b,qwen3-vl-235b,v4,tool,1,0,95,0,,,"Uniformed municipal workers are actively loading waste from the pile into a garbage truck. Material is being removed from the ground, not deposited. No new litter is added.",2773,225,0,0.002068,8043,
qwen3-vl-235b:v4_casc,bedrock,qwen.qwen3-vl-235b-a22b,evt-20260717_173848,9865cc4c-2ddd-47bb-b32f-0a82a15a3644,tp,80,32,32,low,0,1.77,low,15,qwen3-vl-235b,qwen3-vl-235b,v4,tool,1,1,95,1,95,Lixo domiciliar,"Vários indivíduos descarregam sacos de lixo da caçamba de uma picape branca e os depositam diretamente sobre a pilha existente. O ato de deposição é visível em múltiplos frames, com pessoas agachando, retirando sacos da caçamba e colocando-os no chão ao lado da pilha. A ação é coordenada e intencion",15337,650,0,0.009858,72877,
qwen3-vl-235b:v4_casc_5f,bedrock,qwen.qwen3-vl-235b-a22b,evt-20260718_074618,635f7de2-0919-4366-8255-d40fcfa791ae,fp,100,24,5,low,0,1.5,low,5,qwen3-vl-235b,qwen3-vl-235b,v4,tool,1,0,95,0,,,"A person is seen near a handcart (carroça) at the waste pile, consistent with waste-picking behavior. No deposit action is visible; the person appears to be collecting or sorting material from the pile, not adding to it.",2774,249,0,0.002133,11368,
qwen3-vl-235b:v4_casc,bedrock,qwen.qwen3-vl-235b-a22b,evt-20260718_074618,635f7de2-0919-4366-8255-d40fcfa791ae,fp,100,24,15,low,0,1.5,low,15,qwen3-vl-235b,qwen3-vl-235b,v4,tool,1,0,95,0,,,"A person is seen near a handcart, actively sorting and removing items from the existing waste pile. No new material is deposited; the person leaves carrying items, consistent with waste-picking behavior.",5324,241,0,0.003463,12475,
qwen3-vl-235b:v4_single,bedrock,qwen.qwen3-vl-235b-a22b,evt-20260718_074618,635f7de2-0919-4366-8255-d40fcfa791ae,fp,100,24,24,low,0,1.5,,,qwen3-vl-235b,qwen3-vl-235b,v4,tool,1,0,,0,95,Lixo domiciliar,"Baseline: pilha de lixo residencial existente na guia, solo irregular e carroça estacionada. Ator: homem sem camisa e calça escura, que aparece ao lado da carroça, manipula objetos no chão e depois se afasta. Direção do material: o ator retira itens da pilha e os coloca na carroça, indicando coleta,",7973,352,0,0.005162,16068,
qwen3-vl-235b:v4_casc_5f,bedrock,qwen.qwen3-vl-235b-a22b,evt-20260718_074821,635f7de2-0919-4366-8255-d40fcfa791ae,fp,16,16,5,low,0,1.0,low,5,qwen3-vl-235b,qwen3-vl-235b,v4,tool,1,0,95,0,,,"A person is seen walking away from the pile carrying a bag, indicating collection behavior. No new material was deposited; the pile's state remained unchanged.",2774,219,0,0.002053,6385,
qwen3-vl-235b:v4_casc,bedrock,qwen.qwen3-vl-235b-a22b,evt-20260718_074821,635f7de2-0919-4366-8255-d40fcfa791ae,fp,16,16,15,low,0,1.0,low,15,qwen3-vl-235b,qwen3-vl-235b,v4,tool,1,0,95,0,,,No person or vehicle is seen depositing material. The large waste pile is present in all frames and shows no new additions. A handcart is stationary and no material handling is observed.,5323,201,0,0.003356,12807,
qwen3-vl-235b:v4_single,bedrock,qwen.qwen3-vl-235b-a22b,evt-20260718_074821,635f7de2-0919-4366-8255-d40fcfa791ae,fp,16,16,16,low,0,1.0,,,qwen3-vl-235b,qwen3-vl-235b,v4,tool,1,0,,0,95,Lixo domiciliar,"Baseline: pilha de lixo existente na guia e carroça estacionada. Pessoa em traje rosa caminha pela via sem interagir com a pilha, não carrega material, não deposita nada. Nenhum ato de descarte flagrado. Pilha inalterada entre os frames. Ação consistente com passagem comum, não com descarte.",5932,229,0,0.003753,18412,
qwen3-vl-235b:v4_casc_5f,bedrock,qwen.qwen3-vl-235b-a22b,evt-20260718_074955,635f7de2-0919-4366-8255-d40fcfa791ae,fp,94,24,5,low,0,1.49,low,5,qwen3-vl-235b,qwen3-vl-235b,v4,tool,1,0,95,0,,,"A person in yellow uniform is seen collecting waste into a yellow cart, then leaving with it; another person later approaches the pile but no deposit is observed. All material handling is consistent with collection, not dumping.",2773,239,0,0.002105,6004,
qwen3-vl-235b:v4_casc,bedrock,qwen.qwen3-vl-235b-a22b,evt-20260718_074955,635f7de2-0919-4366-8255-d40fcfa791ae,fp,94,24,15,low,0,1.49,low,15,qwen3-vl-235b,qwen3-vl-235b,v4,tool,1,0,95,0,,,"Multiple individuals, including a person in yellow uniform with a wheeled bin and others carrying bags, are seen removing material from the pile. No deposit behavior is observed; all material handling is consistent with collection or waste-picking.",5323,243,0,0.003468,12613,
qwen3-vl-235b:v4_single,bedrock,qwen.qwen3-vl-235b-a22b,evt-20260718_074955,635f7de2-0919-4366-8255-d40fcfa791ae,fp,94,24,24,low,0,1.49,,,qwen3-vl-235b,qwen3-vl-235b,v4,tool,1,0,,0,95,Lixo domiciliar,"Nenhum ato de descarte foi flagrado. A pilha de lixo permaneceu inalterada. Pessoas passaram pela área, incluindo um trabalhador com carrinho de limpeza e catadores removendo material, caracterizando coleta, não descarte.",7973,201,0,0.00476,19141,
qwen3-vl-235b:v4_single,bedrock,qwen.qwen3-vl-235b-a22b,evt-20260718_115346,015a7bc3-dec0-431c-bf06-3bc5a52f4b1b,tp,32,32,32,low,0,1.76,,,qwen3-vl-235b,qwen3-vl-235b,v4,tool,1,1,,1,95,Entulho,"Dois indivíduos descarregam materiais de uma caminhonete branca e os depositam no chão, próximo a uma pilha existente. O ato de deposição é flagrado: um homem tira uma placa de madeira da caçamba e a deixa no solo; outro retira caixas e um recipiente plástico branco, também os deixando no chão. A di",10012,448,0,0.006498,18567,
qwen3-vl-235b:v4_single,bedrock,qwen.qwen3-vl-235b-a22b,evt-20260718_120030,015a7bc3-dec0-431c-bf06-3bc5a52f4b1b,tp,18,18,18,low,0,0.99,,,qwen3-vl-235b,qwen3-vl-235b,v4,tool,1,0,,0,95,Lixo domiciliar,"Pessoa identificada como catador, interagindo com a pilha de lixo existente: agacha, separa, ensaca e retira materiais. Em nenhum momento é observado o ato de deposição de novo material. A pessoa sai levando sacos e caixas, indicando coleta, não descarte. Veículo e motocicleta passam sem interação c",6442,377,0,0.004417,11408,
qwen3-vl-235b:v4_casc_5f,bedrock,qwen.qwen3-vl-235b-a22b,evt-20260718_115346,015a7bc3-dec0-431c-bf06-3bc5a52f4b1b,tp,32,32,32,low,0,1.76,low,5,qwen3-vl-235b,qwen3-vl-235b,v4,tool,1,1,95,1,95,Entulho,"Pessoa descarrega material da picape branca e deposita no chao ao lado da pilha existente. Acao de deposicao visivel entre os frames, com material sendo movido da carroceria para o solo.",12786,618,0,0.00842,27879,
qwen3-vl-235b:v4_casc,bedrock,qwen.qwen3-vl-235b-a22b,evt-20260718_115346,015a7bc3-dec0-431c-bf06-3bc5a52f4b1b,tp,32,32,32,low,0,1.76,low,15,qwen3-vl-235b,qwen3-vl-235b,v4,tool,1,1,95,1,95,Entulho,"Dois indivíduos descarregam materiais (placas de madeira, caixas de papelão, recipientes plásticos) da caçamba de uma picape branca e os depositam no chão, ao lado de uma pilha pré-existente. O ato de deposição é visível em múltiplos frames, com os materiais sendo retirados do veículo e colocados no",15336,637,0,0.009822,28598,
qwen3-vl-235b:v4_casc_5f,bedrock,qwen.qwen3-vl-235b-a22b,evt-20260718_120030,015a7bc3-dec0-431c-bf06-3bc5a52f4b1b,tp,18,18,5,low,0,0.99,low,5,qwen3-vl-235b,qwen3-vl-235b,v4,tool,1,0,95,0,,,"Person is seen sorting and handling items from the existing pile, consistent with waste-picking behavior. No new material was deposited; the person left carrying items away from the pile.",2774,247,0,0.002127,5337,
qwen3-vl-235b:v4_casc,bedrock,qwen.qwen3-vl-235b-a22b,evt-20260718_120030,015a7bc3-dec0-431c-bf06-3bc5a52f4b1b,tp,18,18,15,low,0,0.99,low,15,qwen3-vl-235b,qwen3-vl-235b,v4,tool,1,0,95,0,,,"Person repeatedly bends over pile, picks up items including cardboard and plastic, and carries them away; no deposit behavior observed.",5324,209,0,0.003378,9137,
qwen3-vl-235b:v4_single,bedrock,qwen.qwen3-vl-235b-a22b,evt-20260718_190242,617caa9b-706d-4d0b-b597-8489b3cb5949,fp,22,22,22,low,0,0.89,,,qwen3-vl-235b,qwen3-vl-235b,v4,tool,1,0,,0,95,Entulho,"Pessoa aparece agachada na pilha de lixo, manipulando materiais e saindo com sacos, indicando coleta, não descarte. Nenhum ato de deposição foi flagrado.",7462,299,0,0.00475,12587,
qwen3-vl-235b:v4_casc_5f,bedrock,qwen.qwen3-vl-235b-a22b,evt-20260718_190242,617caa9b-706d-4d0b-b597-8489b3cb5949,fp,22,22,5,low,0,0.89,low,5,qwen3-vl-235b,qwen3-vl-235b,v4,tool,1,0,95,0,,,"A person is seen bending over and rummaging through the existing waste pile, consistent with waste-picking behavior. No new material is deposited; the person appears to be collecting items from the pile.",2773,217,0,0.002047,5021,
qwen3-vl-235b:v4_casc,bedrock,qwen.qwen3-vl-235b-a22b,evt-20260718_190242,617caa9b-706d-4d0b-b597-8489b3cb5949,fp,22,22,15,low,0,0.89,low,15,qwen3-vl-235b,qwen3-vl-235b,v4,tool,1,0,95,0,,,"A person is seen rummaging through the existing waste pile, picking up items and placing them into a bag. This is consistent with waste-picking (catador) behavior, not dumping. No new material was deposited; the person left carrying items removed from the pile.",5323,249,0,0.003484,9993,
qwen3-vl-235b:v4_single,bedrock,qwen.qwen3-vl-235b-a22b,evt-20260718_212040,81624eeb-20f4-4805-ae4b-9ff61dc44463,tp,32,32,32,low,0,1.13,,,qwen3-vl-235b,qwen3-vl-235b,v4,tool,1,1,,1,95,Lixo domiciliar,"Veículo estacionado com portas abertas. Pessoas descarregam sacos de lixo do porta-malas e os depositam no chão, ao lado da pilha existente. Ação de deposição é claramente visível em múltiplos frames.",10013,383,0,0.006326,14441,
qwen3-vl-235b:v4_casc,bedrock,qwen.qwen3-vl-235b-a22b,evt-20260718_212040,81624eeb-20f4-4805-ae4b-9ff61dc44463,tp,32,32,32,low,0,1.13,low,15,qwen3-vl-235b,qwen3-vl-235b,v4,tool,1,1,95,1,95,Lixo domiciliar,Veículo estacionado com portas abertas. Pessoas descarregam sacos do porta-malas e os depositam no chão ao lado da pilha existente. Ação de deposição claramente visível entre os frames.,15336,588,0,0.009692,20586,
qwen3-vl-235b:v4_single,bedrock,qwen.qwen3-vl-235b-a22b,evt-20260718_212254,81624eeb-20f4-4805-ae4b-9ff61dc44463,tp,32,32,32,low,0,1.1,,,qwen3-vl-235b,qwen3-vl-235b,v4,tool,1,1,,1,95,Lixo domiciliar,"Pessoa em traje claro desce de veículo com saco, caminha até pilha existente e deposita material no chão. Ato de deposição flagrado entre 21:22:48 e 21:23:00. Outra pessoa permanece na pilha, mas sem evidência de deposição.",10013,336,0,0.006201,14090,
qwen3-vl-235b:v4_casc_5f,bedrock,qwen.qwen3-vl-235b-a22b,evt-20260718_212040,81624eeb-20f4-4805-ae4b-9ff61dc44463,tp,32,32,32,low,0,1.13,low,5,qwen3-vl-235b,qwen3-vl-235b,v4,tool,1,1,95,1,95,Lixo domiciliar,"Veículo estacionado com portas abertas. Pessoas descarregam sacos de lixo do porta-malas e os depositam no chão, ao lado da pilha existente. Ação claramente visível entre 21:20:55 e 21:22:30.",12787,622,0,0.008432,27311,
qwen3-vl-235b:v4_casc,bedrock,qwen.qwen3-vl-235b-a22b,evt-20260718_212254,81624eeb-20f4-4805-ae4b-9ff61dc44463,tp,32,32,15,low,0,1.1,low,15,qwen3-vl-235b,qwen3-vl-235b,v4,tool,1,0,95,0,,,Two individuals are seen sorting and bagging material from the existing pile; one loads bags into a parked car. No new material is deposited; all activity is removal or collection from the pile.,5324,229,0,0.003431,10638,
qwen3-vl-235b:v4_casc,bedrock,qwen.qwen3-vl-235b-a22b,evt-20260718_214234,2ec16c89-23e2-43de-af31-a9f7022725c6,tp,32,32,15,low,0,1.11,low,15,qwen3-vl-235b,qwen3-vl-235b,v4,tool,1,0,95,0,,,"Multiple individuals are seen rummaging through and removing items from the existing waste pile; no new material is deposited. One person loads items into a vehicle, consistent with waste-picking activity.",5323,229,0,0.00343,10705,
qwen3-vl-235b:v4_single,bedrock,qwen.qwen3-vl-235b-a22b,evt-20260718_214234,2ec16c89-23e2-43de-af31-a9f7022725c6,tp,32,32,32,low,0,1.11,,,qwen3-vl-235b,qwen3-vl-235b,v4,tool,1,0,,0,95,Lixo domiciliar,"Pessoas circulam e interagem com a pilha de lixo existente, mas nenhum ato de deposição é flagrado. Indivíduos remexem, carregam sacos e se afastam com material, caracterizando coleta, não descarte. A pilha permanece visualmente inalterada em termos de volume e composição ao longo da sequência.",10013,227,0,0.005911,13493,
qwen3-vl-235b:v4_casc_5f,bedrock,qwen.qwen3-vl-235b-a22b,evt-20260718_214234,2ec16c89-23e2-43de-af31-a9f7022725c6,tp,32,32,5,low,0,1.11,low,5,qwen3-vl-235b,qwen3-vl-235b,v4,tool,1,0,95,0,,,Two individuals walk past the pile without depositing or collecting material; no vehicle is stopped; no new objects appear on the ground.,2773,195,0,0.001988,8434,
qwen3-vl-235b:v4_casc_5f,bedrock,qwen.qwen3-vl-235b-a22b,evt-20260718_212254,81624eeb-20f4-4805-ae4b-9ff61dc44463,tp,32,32,32,low,0,1.1,low,5,qwen3-vl-235b,qwen3-vl-235b,v4,tool,1,1,95,1,95,Lixo domiciliar,"Pessoa sai de veículo com saco, caminha até pilha existente e deposita material no chão. Ato de descarte flagrado entre 21:22:48 e 21:23:00. Outra pessoa permanece na pilha, mas sem evidência de deposição.",12786,603,0,0.008381,26083,
qwen3-vl-235b:v4_single,bedrock,qwen.qwen3-vl-235b-a22b,evt-20260718_215920,8c88aeca-a902-4d39-b872-7c5cdd4cc592,tp,28,28,28,low,0,1.01,,,qwen3-vl-235b,qwen3-vl-235b,v4,tool,1,1,,1,95,Lixo domiciliar,"Veículo cinza parou, pessoa saiu, abriu o porta-malas e depositou material na pilha existente. Ação flagrante de descarte.",8993,365,0,0.005737,16033,
qwen3-vl-235b:v4_single,bedrock,qwen.qwen3-vl-235b-a22b,evt-20260718_220134,8c88aeca-a902-4d39-b872-7c5cdd4cc592,tp,8,8,8,low,0,0.29,,,qwen3-vl-235b,qwen3-vl-235b,v4,tool,1,1,,1,95,Lixo domiciliar,"Dois indivíduos descarregam material de um veículo estacionado e o depositam no chão próximo à pilha existente. Um deles carrega um saco volumoso e o deixa no solo; o outro transporta uma placa retangular e a abandona no local. A ação é claramente intencional e direcionada ao descarte, não à coleta.",3893,470,0,0.003313,10206,
qwen3-vl-235b:v4_casc_5f,bedrock,qwen.qwen3-vl-235b-a22b,evt-20260718_215920,8c88aeca-a902-4d39-b872-7c5cdd4cc592,tp,28,28,28,low,0,1.01,low,5,qwen3-vl-235b,qwen3-vl-235b,v4,tool,1,1,95,1,95,Lixo domiciliar,"Veículo prata para, pessoa desce, abre porta traseira e retira sacos de lixo, depositando-os na pilha existente. Ato de descarte flagrado.",11765,585,0,0.007792,23213,
qwen3-vl-235b:v4_casc,bedrock,qwen.qwen3-vl-235b-a22b,evt-20260718_215920,8c88aeca-a902-4d39-b872-7c5cdd4cc592,tp,28,28,28,low,0,1.01,low,15,qwen3-vl-235b,qwen3-vl-235b,v4,tool,1,1,95,1,95,Lixo domiciliar,"Veículo prateado estaciona, pessoa desce, abre porta traseira e deposita material na pilha de lixo existente. Ação de descarte flagrada entre 22:00:54 e 22:00:58.",14317,604,0,0.009195,31785,
qwen3-vl-235b:v4_casc,bedrock,qwen.qwen3-vl-235b-a22b,evt-20260718_220134,8c88aeca-a902-4d39-b872-7c5cdd4cc592,tp,8,8,8,low,0,0.29,low,8,qwen3-vl-235b,qwen3-vl-235b,v4,tool,1,1,95,1,95,Lixo domiciliar,Dois indivíduos descarregam material de um veículo estacionado. Um deles retira um saco volumoso do porta-malas e o deposita no chão próximo à pilha existente. O ato de deposição é visível e direcionado à via pública.,7431,661,0,0.005697,20401,
qwen3-vl-235b:v4_casc_5f,bedrock,qwen.qwen3-vl-235b-a22b,evt-20260718_220134,8c88aeca-a902-4d39-b872-7c5cdd4cc592,tp,8,8,8,low,0,0.29,low,5,qwen3-vl-235b,qwen3-vl-235b,v4,tool,1,1,95,1,95,Entulho,"Dois indivíduos descarregam material de um carro estacionado com portas e porta-malas abertos. Um deles retira um saco volumoso do porta-malas e o deposita no chão, próximo à pilha existente. O outro indivíduo carrega uma placa retangular e também a deixa no solo. A ação de deposição é claramente vi",6667,596,0,0.005119,14303,
qwen3-vl-235b:v4_single,bedrock,qwen.qwen3-vl-235b-a22b,evt-20260719_061410,1d022e1e-cc67-4054-8707-80efb834459c,indefinido,7,7,7,low,0,0.4,,,qwen3-vl-235b,qwen3-vl-235b,v4,tool,1,0,,0,95,Lixo domiciliar,"Pessoa em bicicleta chega com saco branco, para, manipula o saco e sai sem descartar nada na pilha. Ação consistente com coleta ou transporte, não com descarte. Pilha de lixo permanece inalterada visualmente entre os frames.",3638,297,0,0.002718,9133,
qwen3-vl-235b:v4_casc,bedrock,qwen.qwen3-vl-235b-a22b,evt-20260719_061410,1d022e1e-cc67-4054-8707-80efb834459c,indefinido,7,7,7,low,0,0.4,low,7,qwen3-vl-235b,qwen3-vl-235b,v4,tool,1,0,95,0,,,"Person on bicycle arrives with empty bag, stops, and fills it from the existing pile, then departs with a full bag — consistent with waste-picking (catador) behavior, not dumping.",3283,246,0,0.002394,6584,
qwen3-vl-235b:v4_casc_5f,bedrock,qwen.qwen3-vl-235b-a22b,evt-20260719_061410,1d022e1e-cc67-4054-8707-80efb834459c,indefinido,7,7,5,low,0,0.4,low,5,qwen3-vl-235b,qwen3-vl-235b,v4,tool,1,0,95,0,,,"Person on bicycle arrives with a white bag, stops near the pile, and appears to be sorting or removing items from the existing waste pile, consistent with catador behavior. No new material is deposited; the pile remains visually unchanged.",2773,261,0,0.002164,8854,
qwen3-vl-235b:v4_casc,bedrock,qwen.qwen3-vl-235b-a22b,evt-20260719_081140,280fa5be-76dc-430a-811f-8049b8cf42c1,indefinido,32,32,15,low,0,1.6,low,15,qwen3-vl-235b,qwen3-vl-235b,v4,tool,1,0,95,0,,,"A person arrives with an empty bag, sorts and loads material from the existing pile into it, and remains at the pile — consistent with waste-picking (catador) behavior, not dumping.",5323,218,0,0.003401,11450,
qwen3-vl-235b:v4_casc_5f,bedrock,qwen.qwen3-vl-235b-a22b,evt-20260719_081140,280fa5be-76dc-430a-811f-8049b8cf42c1,indefinido,32,32,5,low,0,1.6,low,5,qwen3-vl-235b,qwen3-vl-235b,v4,tool,1,0,95,0,,,"A person is seen arriving with a large white sack, then bending over the existing pile and placing items into the sack — consistent with waste-picking (catador) behavior, not dumping. No new material was added to the ground; material was removed from the pile.",2774,242,0,0.002114,7599,
qwen3-vl-235b:v4_single,bedrock,qwen.qwen3-vl-235b-a22b,evt-20260719_081140,280fa5be-76dc-430a-811f-8049b8cf42c1,indefinido,32,32,32,low,0,1.6,,,qwen3-vl-235b,qwen3-vl-235b,v4,tool,1,0,,0,95,Lixo domiciliar,"Pessoa com saco branco chega e coleta materiais da pilha existente, ensacando e removendo itens. Nenhum ato de deposição foi observado; a ação é consistente com coleta/seleção de recicláveis. Pilha pré-existente permanece inalterada em termos de volume e composição durante a sequência.",10013,338,0,0.006206,20076,
qwen3-vl-235b:v4_single,bedrock,qwen.qwen3-vl-235b-a22b,evt-20260719_181200,50922e6c-4bb4-4906-83ae-89c8cffa6701,indefinido,17,17,17,low,0,0.59,,,qwen3-vl-235b,qwen3-vl-235b,v4,tool,1,0,,0,95,Lixo domiciliar,"Pessoa com carrinho de mão interage com a pilha de lixo existente, removendo materiais e carregando-os para fora da área. Ação consistente com coleta/seleção, não com descarte. Nenhum material é depositado; ao contrário, o volume da pilha aparenta diminuir. Não há flagrante de deposição.",6188,296,0,0.004067,10427,
qwen3-vl-235b:v4_casc_5f,bedrock,qwen.qwen3-vl-235b-a22b,evt-20260719_181200,50922e6c-4bb4-4906-83ae-89c8cffa6701,indefinido,17,17,5,low,0,0.59,low,5,qwen3-vl-235b,qwen3-vl-235b,v4,tool,1,0,95,0,,,"Person is seen loading material into a handcart from the existing pile, then pulling the cart away — consistent with waste-picking (catador) behavior, not dumping.",2773,227,0,0.002074,6084,
qwen3-vl-235b:v4_casc,bedrock,qwen.qwen3-vl-235b-a22b,evt-20260719_181200,50922e6c-4bb4-4906-83ae-89c8cffa6701,indefinido,17,17,15,low,0,0.59,low,15,qwen3-vl-235b,qwen3-vl-235b,v4,tool,1,0,95,0,,,"Person is seen sorting and loading material from the existing pile into a handcart, then departing with the loaded cart — consistent with waste-picking (catador) behavior, not dumping.",5323,239,0,0.003457,10794,
qwen3-vl-235b:v4_casc_5f,bedrock,qwen.qwen3-vl-235b-a22b,evt-20260719_221320,003e3ccb-f28b-42ec-93c6-c9e939005417,fp,23,23,5,low,0,0.85,low,5,qwen3-vl-235b,qwen3-vl-235b,v4,tool,1,0,95,0,,,"A dark SUV enters, stops briefly near the pile, then drives away. No person exits or handles material. The pile remains visually unchanged. No deposit act observed.",2773,204,0,0.002012,7481,
qwen3-vl-235b:v4_casc,bedrock,qwen.qwen3-vl-235b-a22b,evt-20260719_221320,003e3ccb-f28b-42ec-93c6-c9e939005417,fp,23,23,15,low,0,0.85,low,15,qwen3-vl-235b,qwen3-vl-235b,v4,tool,1,0,95,0,,,A vehicle passes through the scene without stopping or unloading; no person is seen depositing material. The waste pile remains unchanged between first and last frames.,5324,216,0,0.003396,10129,
qwen3-vl-235b:v4_single,bedrock,qwen.qwen3-vl-235b-a22b,evt-20260719_221320,003e3ccb-f28b-42ec-93c6-c9e939005417,fp,23,23,23,low,0,0.85,,,qwen3-vl-235b,qwen3-vl-235b,v4,tool,1,0,,0,95,Lixo domiciliar,"Baseline: pilha de lixo existente na guia. Veículos passam e param brevemente, mas nenhum ato de deposição é flagrado. Pessoas caminham ou interagem com a pilha sem deixar material novo. Nenhum objeto é visto sendo descarregado ou jogado na pilha durante a sequência.",7718,235,0,0.004716,13811,
qwen3-vl-235b:v4_casc_5f,bedrock,qwen.qwen3-vl-235b-a22b,evt-20260720_102349,b6b91f37-160f-42b0-9b7e-c63d499fa832,indefinido,32,32,5,low,0,1.61,low,5,qwen3-vl-235b,qwen3-vl-235b,v4,tool,1,0,95,0,,,Black pickup truck is parked near the pile across all frames. No person is seen handling material or depositing waste. A yellow delivery truck passes by but does not stop or unload. No new material appears on the ground.,2774,227,0,0.002074,7894,
qwen3-vl-235b:v4_casc,bedrock,qwen.qwen3-vl-235b-a22b,evt-20260720_102349,b6b91f37-160f-42b0-9b7e-c63d499fa832,indefinido,32,32,15,low,0,1.61,low,15,qwen3-vl-235b,qwen3-vl-235b,v4,tool,1,0,95,0,,,Black pickup truck remains stationary throughout; no person is seen depositing material. A yellow delivery truck passes by without stopping or unloading. No new objects appear on the ground relative to the first frame.,5324,223,0,0.003415,11828,
qwen3-vl-235b:v4_single,bedrock,qwen.qwen3-vl-235b-a22b,evt-20260720_102349,b6b91f37-160f-42b0-9b7e-c63d499fa832,indefinido,32,32,32,low,0,1.61,,,qwen3-vl-235b,qwen3-vl-235b,v4,tool,1,0,,0,95,Lixo domiciliar,"Baseline: pilha de lixo residencial existente na guia. Veículo preto estacionado ao lado, sem ação de descarte. Pessoa caminha ao fundo, sem interação com o lixo. Caminhão amarelo passa sem parar ou descarregar. Nenhum ato de deposição foi flagrado.",10012,214,0,0.005876,18646,
qwen3-vl-235b:v4_casc,bedrock,qwen.qwen3-vl-235b-a22b,evt-20260720_111909,3e066f19-76ff-42c6-86ad-5bd265b96a97,tp,32,32,15,low,0,1.63,low,15,qwen3-vl-235b,qwen3-vl-235b,v4,tool,1,0,95,0,,,"A person is seen interacting with a green trailer and the waste pile, removing items and placing them into the trailer, consistent with waste collection by a catador. No new material is deposited; instead, material is removed from the pile.",5323,228,0,0.003428,11167,
qwen3-vl-235b:v4_casc_5f,bedrock,qwen.qwen3-vl-235b-a22b,evt-20260720_111909,3e066f19-76ff-42c6-86ad-5bd265b96a97,tp,32,32,5,low,0,1.63,low,5,qwen3-vl-235b,qwen3-vl-235b,v4,tool,1,0,95,0,,,"A person is seen near a parked handcart (carroça) and appears to be collecting items from the existing waste pile, consistent with catador behavior. No new material was deposited; the person is removing or sorting waste.",2773,266,0,0.002177,7669,
qwen3-vl-235b:v4_single,bedrock,qwen.qwen3-vl-235b-a22b,evt-20260720_111909,3e066f19-76ff-42c6-86ad-5bd265b96a97,tp,32,32,32,low,0,1.63,,,qwen3-vl-235b,qwen3-vl-235b,v4,tool,1,0,,0,95,Lixo domiciliar,"Veículo com carroça estacionado, pessoas interagem com a carroça e com a pilha de lixo, mas sem evidência visual de deposição de material novo. Pessoas parecem estar coletando ou organizando itens da pilha existente, não descartando. Nenhum ato de descarte flagrado.",10013,237,0,0.005937,18321,
qwen3-vl-235b:v4_casc,bedrock,qwen.qwen3-vl-235b-a22b,evt-20260720_112125,3e066f19-76ff-42c6-86ad-5bd265b96a97,tp,32,32,15,low,0,1.72,low,15,qwen3-vl-235b,qwen3-vl-235b,v4,tool,1,0,95,0,,,"Two men are actively loading bags and items from the existing waste pile into a green trailer. Their actions show material moving away from the pile, consistent with collection by waste pickers (catadores), not dumping.",5324,265,0,0.003527,11363,
qwen3-vl-235b:v4_casc_5f,bedrock,qwen.qwen3-vl-235b-a22b,evt-20260720_112125,3e066f19-76ff-42c6-86ad-5bd265b96a97,tp,32,32,5,low,0,1.72,low,5,qwen3-vl-235b,qwen3-vl-235b,v4,tool,1,0,95,0,,,"Two individuals are actively loading bags and materials from the existing waste pile into a green trailer. One person carries items from the pile to the trailer, while the other loads them. No new material is deposited; instead, material is removed from the pile and placed into the trailer, consiste",2773,264,0,0.002172,9885,
qwen3-vl-235b:v4_single,bedrock,qwen.qwen3-vl-235b-a22b,evt-20260720_112125,3e066f19-76ff-42c6-86ad-5bd265b96a97,tp,32,32,32,low,0,1.72,,,qwen3-vl-235b,qwen3-vl-235b,v4,tool,1,0,,0,95,Lixo domiciliar,"Two individuals are actively loading waste from the ground pile into a green trailer. Their actions are consistent with collection, not disposal: they pick up items from the pile and place them into the trailer. No act of depositing new waste onto the pile is observed. The pile remains largely uncha",10012,370,0,0.006291,19721,
qwen3-vl-235b:v4_casc_5f,bedrock,qwen.qwen3-vl-235b-a22b,evt-20260720_112330,3e066f19-76ff-42c6-86ad-5bd265b96a97,tp,32,32,5,low,0,1.69,low,5,qwen3-vl-235b,qwen3-vl-235b,v4,tool,1,0,95,0,,,"Two individuals are seen loading material from the existing waste pile into a green trailer; one person carries a bag away from the pile, indicating collection, not dumping.",2773,256,0,0.002151,7124,
qwen3-vl-235b:v4_casc,bedrock,qwen.qwen3-vl-235b-a22b,evt-20260720_112330,3e066f19-76ff-42c6-86ad-5bd265b96a97,tp,32,32,15,low,0,1.69,low,15,qwen3-vl-235b,qwen3-vl-235b,v4,tool,1,0,95,0,,,"Two individuals are seen sorting and loading waste from the existing pile into a handcart; one person carries away a full bag, indicating collection, not dumping.",5323,258,0,0.003507,12139,
qwen3-vl-235b:v4_single,bedrock,qwen.qwen3-vl-235b-a22b,evt-20260720_112330,3e066f19-76ff-42c6-86ad-5bd265b96a97,tp,32,32,32,low,0,1.69,,,qwen3-vl-235b,qwen3-vl-235b,v4,tool,1,0,,0,95,Lixo domiciliar,"Dois homens interagem com uma carroça e a pilha de lixo. Um deles, sem camisa e com capacete, é visto agachado e manuseando sacos na pilha, enquanto o outro, de camisa rosa, entra e sai da carroça. Nenhum dos dois é visto depositando material na pilha; ao contrário, o homem de capacete está ensacand",10013,407,0,0.00639,18004,
qwen3-vl-235b:v4_casc_5f,bedrock,qwen.qwen3-vl-235b-a22b,evt-20260720_112538,3e066f19-76ff-42c6-86ad-5bd265b96a97,tp,16,16,5,low,0,0.8,low,5,qwen3-vl-235b,qwen3-vl-235b,v4,tool,1,0,95,0,,,"A person is seen actively removing items from the pile and loading them into a handcart; this is consistent with waste-picking (catador) behavior, not dumping. No new material was deposited.",2774,230,0,0.002082,7634,
qwen3-vl-235b:v4_single,bedrock,qwen.qwen3-vl-235b-a22b,evt-20260720_112538,3e066f19-76ff-42c6-86ad-5bd265b96a97,tp,16,16,16,low,0,0.8,,,qwen3-vl-235b,qwen3-vl-235b,v4,tool,1,0,,0,95,Lixo domiciliar,"Pessoa sem camisa e com boné amarelo é vista agachando-se sobre a pilha de lixo, remexendo e ensacando materiais, e depois levando o saco consigo. Ação consistente com coleta seletiva, não com descarte. Nenhum ato de deposição foi flagrado.",5933,314,0,0.00398,12771,
qwen3-vl-235b:v4_casc,bedrock,qwen.qwen3-vl-235b-a22b,evt-20260720_112538,3e066f19-76ff-42c6-86ad-5bd265b96a97,tp,16,16,15,low,0,0.8,low,15,qwen3-vl-235b,qwen3-vl-235b,v4,tool,1,0,95,0,,,"A person is seen rummaging through the pile and leaving with a bag, indicating collection, not dumping. No new material was deposited; the pile's composition remained consistent.",5324,233,0,0.003442,15389,
qwen3-vl-235b:v4_single,bedrock,qwen.qwen3-vl-235b-a22b,evt-20260720_153259,3fbe69f7-6460-4d36-a583-e613dcff98b4,tp,32,32,32,low,0,1.64,,,qwen3-vl-235b,qwen3-vl-235b,v4,tool,1,0,,0,95,Entulho,"Veículo com reboque carregado de pneus estaciona. Três indivíduos interagem com o reboque, removendo pneus e os colocando no chão ao lado da pilha existente. A ação é de coleta/separação, não de descarte, pois os pneus são retirados do reboque e não adicionados à pilha de lixo. Um dos indivíduos per",10013,389,0,0.006342,20239,
qwen3-vl-235b:v4_casc_5f,bedrock,qwen.qwen3-vl-235b-a22b,evt-20260720_153259,3fbe69f7-6460-4d36-a583-e613dcff98b4,tp,32,32,32,low,0,1.64,low,5,qwen3-vl-235b,qwen3-vl-235b,v4,tool,1,1,95,1,95,Entulho,"Veículo prateado com reboque carregado de pneus. Homens descarregam pneus do reboque e os depositam no chão, próximo à pilha existente. Ação de deposição claramente visível.",12787,556,0,0.008256,23221,
qwen3-vl-235b:v4_casc,bedrock,qwen.qwen3-vl-235b-a22b,evt-20260720_153259,3fbe69f7-6460-4d36-a583-e613dcff98b4,tp,32,32,32,low,0,1.64,low,15,qwen3-vl-235b,qwen3-vl-235b,v4,tool,1,1,95,0,95,Entulho,"Veículo com reboque carregado de pneus estaciona e três indivíduos descarregam os pneus do reboque, depositando-os no chão ao lado da pilha existente. O ato de deposição é visível: os pneus são retirados do reboque e colocados no solo, aumentando o volume de resíduos no local. A ação é intencional e",15335,604,0,0.009734,28260,
qwen3-vl-235b:v4_single,bedrock,qwen.qwen3-vl-235b-a22b,evt-20260720_153503,3fbe69f7-6460-4d36-a583-e613dcff98b4,tp,32,32,32,low,0,1.66,,,qwen3-vl-235b,qwen3-vl-235b,v4,tool,1,0,,0,95,Entulho,"Grupo de pessoas descarregando pneus de uma carroça e depositando-os no chão ao lado da pilha existente. Ação de deposição claramente visível em múltiplos frames, com indivíduos segurando pneus e soltando-os no solo. Não se trata de coleta, pois o material é adicionado ao local, não removido.",10013,387,0,0.006336,19380,
qwen3-vl-235b:v4_casc,bedrock,qwen.qwen3-vl-235b-a22b,evt-20260720_153503,3fbe69f7-6460-4d36-a583-e613dcff98b4,tp,32,32,15,low,0,1.66,low,15,qwen3-vl-235b,qwen3-vl-235b,v4,tool,1,0,95,0,,,"Multiple individuals are seen removing tires from a trailer and placing them on the ground near the existing waste pile. This is consistent with collection or maintenance activity, not dumping. No new litter was deposited; material was transferred from the trailer to the ground.",5324,248,0,0.003481,13248,
qwen3-vl-235b:v4_casc,bedrock,qwen.qwen3-vl-235b-a22b,evt-20260720_153841,3fbe69f7-6460-4d36-a583-e613dcff98b4,tp,31,31,15,low,0,1.6,low,15,qwen3-vl-235b,qwen3-vl-235b,v4,tool,1,0,95,0,,,"Three men are actively loading used tires from the ground onto a trailer; material is moving away from the pile, consistent with collection, not dumping.",5324,221,0,0.00341,11528,
qwen3-vl-235b:v4_casc_5f,bedrock,qwen.qwen3-vl-235b-a22b,evt-20260720_153503,3fbe69f7-6460-4d36-a583-e613dcff98b4,tp,32,32,32,low,0,1.66,low,5,qwen3-vl-235b,qwen3-vl-235b,v4,tool,1,1,95,0,95,Entulho,Grupo de pessoas descarregando pneus de uma carroça e depositando-os no chão ao lado da pilha existente. Ação de descarte flagrante confirmada.,12786,498,0,0.008101,24881,
qwen3-vl-235b:v4_single,bedrock,qwen.qwen3-vl-235b-a22b,evt-20260720_153841,3fbe69f7-6460-4d36-a583-e613dcff98b4,tp,31,31,31,low,0,1.6,,,qwen3-vl-235b,qwen3-vl-235b,v4,tool,1,0,,0,95,Entulho,"Três homens estão carregando pneus de um reboque para uma pilha de pneus já existente ao lado da via. O ato observado é de coleta e organização de resíduos, não de descarte irregular. Nenhum material é depositado na pilha de lixo domiciliar no chão; ao contrário, os pneus são empilhados de forma ord",9757,294,0,0.005953,18172,
qwen3-vl-235b:v4_casc_5f,bedrock,qwen.qwen3-vl-235b-a22b,evt-20260720_153841,3fbe69f7-6460-4d36-a583-e613dcff98b4,tp,31,31,5,low,0,1.6,low,5,qwen3-vl-235b,qwen3-vl-235b,v4,tool,1,0,95,0,,,"Multiple individuals are seen loading used tires from the ground onto a trailer attached to a car. No new material is deposited; instead, material is removed from the pile. This is consistent with waste collection or maintenance activity, not dumping.",2773,238,0,0.002103,7734,
qwen3-vl-235b:v4_single,bedrock,qwen.qwen3-vl-235b-a22b,evt-20260720_182833,ebbf809c-5d5e-4149-a8ce-336b9b97252b,indefinido,23,23,23,low,0,0.84,,,qwen3-vl-235b,qwen3-vl-235b,v4,tool,1,0,,0,95,Entulho,"Baseline: pilha de entulho fixa na guia. Ator 1 (pedestre) passa sem interação. Ator 2 (bicicleta) passa sem interação. Ator 3 (veículo) passa sem parar ou descarregar. Ator 4 (pedestre com saco) caminha até a pilha, agacha e manipula material, mas não deposita nada novo — comportamento típico de ca",7717,272,0,0.004814,14078,
qwen3-vl-235b:v4_casc,bedrock,qwen.qwen3-vl-235b-a22b,evt-20260720_182833,ebbf809c-5d5e-4149-a8ce-336b9b97252b,indefinido,23,23,15,low,0,0.84,low,15,qwen3-vl-235b,qwen3-vl-235b,v4,tool,1,0,95,0,,,Multiple pedestrians and vehicles pass through the scene; no person or vehicle is observed depositing material. The waste pile remains visually unchanged. A person with a dog interacts near the pile but does not add or remove material.,5324,216,0,0.003396,10996,
qwen3-vl-235b:v4_casc_5f,bedrock,qwen.qwen3-vl-235b-a22b,evt-20260720_182833,ebbf809c-5d5e-4149-a8ce-336b9b97252b,indefinido,23,23,5,low,0,0.84,low,5,qwen3-vl-235b,qwen3-vl-235b,v4,tool,1,0,95,0,,,"A person on a bicycle passes through the scene without interacting with the pile. Later, two pedestrians and a dog appear near the pile but do not deposit or remove material; no new objects are visible on the ground.",2773,220,0,0.002055,7728,
qwen3-vl-235b:v4_casc_5f,bedrock,qwen.qwen3-vl-235b-a22b,evt-20260720_183437,ebbf809c-5d5e-4149-a8ce-336b9b97252b,indefinido,13,13,5,low,0,0.47,low,5,qwen3-vl-235b,qwen3-vl-235b,v4,tool,1,0,95,0,,,A person walks through the scene and a vehicle with headlights passes by; no material is deposited or removed from the pile. The pile remains unchanged.,2773,202,0,0.002007,6130,
qwen3-vl-235b:v4_single,bedrock,qwen.qwen3-vl-235b-a22b,evt-20260720_183437,ebbf809c-5d5e-4149-a8ce-336b9b97252b,indefinido,13,13,13,low,0,0.47,,,qwen3-vl-235b,qwen3-vl-235b,v4,tool,1,0,,0,95,Entulho,"Pessoa caminha pela via, passa próximo à pilha de entulho pré-existente, mas não é observado ato de deposição. Veículo com farol aceso transita pela via sem parar ou descarregar material. Nenhum objeto é visto sendo largado, jogado ou colocado na pilha durante a sequência. A pilha permanece inaltera",5168,214,0,0.003308,12090,
qwen3-vl-235b:v4_casc,bedrock,qwen.qwen3-vl-235b-a22b,evt-20260720_183437,ebbf809c-5d5e-4149-a8ce-336b9b97252b,indefinido,13,13,13,low,0,0.47,low,13,qwen3-vl-235b,qwen3-vl-235b,v4,tool,1,0,95,0,,,"A person walks through the scene carrying an object, but no deposit or removal of material from the pile is visible. A motorcycle passes through with headlights on, no stopping or unloading observed. The waste pile remains unchanged.",4813,264,0,0.003253,12122,
qwen3-vl-235b:v4_casc_5f,bedrock,qwen.qwen3-vl-235b-a22b,evt-20260720_193207,95947cb7-11a8-4662-be4e-ed7daec78d65,fp,22,22,5,low,0,0.78,low,5,qwen3-vl-235b,qwen3-vl-235b,v4,tool,1,0,95,0,,,A vehicle passed through the scene with headlights on; no person exited or deposited material. A cyclist later passed through. No material was added to or removed from the pile.,2773,222,0,0.00206,7255,
qwen3-vl-235b:v4_single,bedrock,qwen.qwen3-vl-235b-a22b,evt-20260720_193207,95947cb7-11a8-4662-be4e-ed7daec78d65,fp,22,22,22,low,0,0.78,,,qwen3-vl-235b,qwen3-vl-235b,v4,tool,1,0,,0,95,,"Veículo estacionado com pessoa saindo e caminhando, sem interação com a pilha de entulho. Nenhum ato de deposição foi flagrado. A pilha existente permanece inalterada durante toda a sequência. A pessoa que aparece não carrega, larga ou joga material na pilha.",7463,193,0,0.004469,13656,
qwen3-vl-235b:v4_casc,bedrock,qwen.qwen3-vl-235b-a22b,evt-20260720_193207,95947cb7-11a8-4662-be4e-ed7daec78d65,fp,22,22,15,low,0,0.78,low,15,qwen3-vl-235b,qwen3-vl-235b,v4,tool,1,0,95,0,,,A vehicle is seen driving through the scene without stopping; no person exits or deposits material. A pedestrian and a cyclist pass by without interacting with the pile. No new material is observed on the ground.,5324,219,0,0.003404,11599,
qwen3-vl-235b:v4_casc,bedrock,qwen.qwen3-vl-235b-a22b,evt-20260721_005751,a7e3011f-d68a-4d6d-a451-c7d1fac89f96,tp,32,32,15,low,0,1.21,low,15,qwen3-vl-235b,qwen3-vl-235b,v4,tool,1,0,95,0,,,A person briefly appears near a stopped vehicle but no material is seen being deposited or removed; the waste pile remains visually unchanged across all frames.,5323,208,0,0.003374,13804,
qwen3-vl-235b:v4_single,bedrock,qwen.qwen3-vl-235b-a22b,evt-20260721_005751,a7e3011f-d68a-4d6d-a451-c7d1fac89f96,tp,32,32,32,low,0,1.21,,,qwen3-vl-235b,qwen3-vl-235b,v4,tool,1,0,,0,95,Lixo domiciliar,"Baseline: pilha de lixo existente na guia, veículo branco estacionado e caminhonete com caçamba aberta. Ator humano aparece ao lado da caminhonete, mas não há evidência visual de deposição de material na pilha. O ator entra no veículo branco e ambos os veículos saem da cena. Nenhum objeto é visto se",10013,249,0,0.005969,21117,
qwen3-vl-235b:v4_single,bedrock,qwen.qwen3-vl-235b-a22b,evt-20260721_073733,cdb6f7c6-f2d5-450d-aeff-81dbf8d059e1,fp,8,8,8,low,0,0.4,,,qwen3-vl-235b,qwen3-vl-235b,v4,tool,1,0,,0,95,Lixo domiciliar,"Veículo de coleta municipal (caminhão basculante branco) aparece, posiciona-se e sai sem descarregar material. Pilha de lixo permanece inalterada. Ação consistente com coleta, não descarte.",3893,192,0,0.002574,8505,
qwen3-vl-235b:v4_casc,bedrock,qwen.qwen3-vl-235b-a22b,evt-20260721_073733,cdb6f7c6-f2d5-450d-aeff-81dbf8d059e1,fp,8,8,8,low,0,0.4,low,8,qwen3-vl-235b,qwen3-vl-235b,v4,tool,1,0,95,0,,,"A white flatbed truck entered, stopped briefly with its rear ramp lowered, then drove away. No person was seen depositing material, and no new ground material appeared. The existing waste pile remained unchanged.",3538,232,0,0.002492,7414,
qwen3-vl-235b:v4_casc_5f,bedrock,qwen.qwen3-vl-235b-a22b,evt-20260721_073733,cdb6f7c6-f2d5-450d-aeff-81dbf8d059e1,fp,8,8,5,low,0,0.4,low,5,qwen3-vl-235b,qwen3-vl-235b,v4,tool,1,0,95,0,,,"A white utility truck with a tilted bed appears briefly but is not seen unloading; no person is visible depositing material. The waste pile remains unchanged between frames, indicating no new deposit occurred.",2774,229,0,0.002079,6729,
qwen3-vl-235b:v4_casc_5f,bedrock,qwen.qwen3-vl-235b-a22b,evt-20260721_005751,a7e3011f-d68a-4d6d-a451-c7d1fac89f96,tp,32,32,32,low,0,1.21,low,5,qwen3-vl-235b,qwen3-vl-235b,v4,tool,1,1,95,0,95,Lixo domiciliar,"Baseline: pilha de lixo existente na guia, veículo branco estacionado e caminhonete com caçamba aberta. Ator humano aparece ao lado da caminhonete, mas não há evidência visual de deposição de material na pilha. O ator entra no veículo branco e ambos saem da cena. Nenhum objeto é visto sendo descarre",12786,574,0,0.008303,26845,
qwen3-vl-235b:v4_single,bedrock,qwen.qwen3-vl-235b-a22b,evt-20260721_083339,186b4b3a-025a-4d9c-9102-ce0517316da7,tp,13,13,13,low,0,0.65,,,qwen3-vl-235b,qwen3-vl-235b,v4,tool,1,0,,0,95,Lixo domiciliar,"Baseline: pilha de lixo residencial existente na guia. Ator: homem com camiseta preta e calça cinza, sem saco ou carroça, aproxima-se do veículo preto e agacha-se na traseira, manuseando algo dentro da caçamba. Nenhum material é visto sendo depositado na pilha ou no chão. Ação consistente com carreg",5168,380,0,0.00375,17438,
qwen3-vl-235b:v4_single,bedrock,qwen.qwen3-vl-235b-a22b,evt-20260721_083429,186b4b3a-025a-4d9c-9102-ce0517316da7,tp,17,17,17,low,0,0.86,,,qwen3-vl-235b,qwen3-vl-235b,v4,tool,1,0,,0,95,Lixo domiciliar,"Baseline: pilha de lixo existente na guia, solo irregular, poças d'água, muro ao fundo. Ator: homem em camisa preta e calça cinza, ao lado de caminhonete preta com caçamba aberta. Trajetória: o homem retira caixas e sacos da caçamba e os coloca no chão, próximo à pilha, mas não há evidência visual d",6188,425,0,0.00441,26622,
qwen3-vl-235b:v4_casc,bedrock,qwen.qwen3-vl-235b-a22b,evt-20260721_083339,186b4b3a-025a-4d9c-9102-ce0517316da7,tp,13,13,13,low,0,0.65,low,13,qwen3-vl-235b,qwen3-vl-235b,v4,tool,1,1,95,0,95,Lixo domiciliar,"Baseline: pilha de lixo residencial existente na guia. Ator: homem com camiseta preta e calça cinza, aparece ao lado de caminhonete preta, abre a caçamba e retira uma caixa de papelão. Direção do material: o ator remove material da caçamba e o leva para fora do campo de visão, não deposita na pilha.",9981,599,0,0.006883,62127,
qwen3-vl-235b:v4_casc_5f,bedrock,qwen.qwen3-vl-235b-a22b,evt-20260721_083339,186b4b3a-025a-4d9c-9102-ce0517316da7,tp,13,13,13,low,0,0.65,low,5,qwen3-vl-235b,qwen3-vl-235b,v4,tool,1,1,95,0,95,,"Baseline: pilha de lixo residencial existente na guia. Sequência: pedestre e veículos transitam sem interação com a pilha. Único ator que interage é homem com caminhonete preta, que abre a caçamba e remove material da pilha (coleta), não deposita. Nenhum ato de descarte flagrado.",7941,423,0,0.005334,118448,
qwen3-vl-235b:v4_single,bedrock,qwen.qwen3-vl-235b-a22b,evt-20260721_083549,186b4b3a-025a-4d9c-9102-ce0517316da7,tp,6,6,6,low,0,0.31,,,qwen3-vl-235b,qwen3-vl-235b,v4,tool,1,1,,1,95,Lixo domiciliar,"Homem em caminhonete preta retira saco de lixo da caçamba e o deposita no chão ao lado da pilha existente. Ação ocorre entre 08:35:52 e 08:36:00, com o material sendo claramente lançado em direção ao solo, fora do veículo.",3383,363,0,0.002759,104225,
qwen3-vl-235b:v4_casc,bedrock,qwen.qwen3-vl-235b-a22b,evt-20260721_083429,186b4b3a-025a-4d9c-9102-ce0517316da7,tp,17,17,17,low,0,0.86,low,15,qwen3-vl-235b,qwen3-vl-235b,v4,tool,1,1,95,0,95,Lixo domiciliar,"Baseline: pilha de lixo existente na guia, solo irregular, poças d'água, muros ao fundo. Ator: homem em camisa preta e calça cinza, ao lado de caminhonete preta com caçamba aberta. Trajetória: permanece ao lado do veículo, manipula caixa de papelão e saco plástico, mas NENHUM frame mostra o material",11510,674,0,0.007893,209315,
qwen3-vl-235b:v4_casc_5f,bedrock,qwen.qwen3-vl-235b-a22b,evt-20260721_083429,186b4b3a-025a-4d9c-9102-ce0517316da7,tp,17,17,17,low,0,0.86,low,5,qwen3-vl-235b,qwen3-vl-235b,v4,tool,1,1,95,0,95,Lixo domiciliar,"Baseline: pilha de lixo existente na guia, solo irregular, poças d'água, muro ao fundo. Ator: homem em camisa preta e calça cinza, ao lado de caminhonete preta com caçamba aberta. Trajetória: permanece ao lado do veículo, manipula caixa de papelão e saco plástico, mas NENHUM frame mostra o material ",8960,655,0,0.006491,203328,
qwen3-vl-235b:v4_casc,bedrock,qwen.qwen3-vl-235b-a22b,evt-20260721_083549,186b4b3a-025a-4d9c-9102-ce0517316da7,tp,6,6,6,low,0,0.31,low,6,qwen3-vl-235b,qwen3-vl-235b,v4,tool,1,1,95,1,95,Lixo domiciliar,Homem em caminhonete preta retira saco de lixo da caçamba e o deposita no chão ao lado da pilha existente. Ação de descarte flagrante ocorre entre 08:35:52 e 08:36:00.,6411,618,0,0.005042,56985,
qwen3-vl-235b:v4_casc,bedrock,qwen.qwen3-vl-235b-a22b,evt-20260721_104317,f7974b62-c4a4-493a-a861-44c901b9033d,indefinido,19,19,15,low,0,1.05,low,15,qwen3-vl-235b,qwen3-vl-235b,v4,tool,1,0,95,0,,,"A person is seen using a wheelbarrow to collect items from the existing waste pile and load them into the red truck's bed. No new material is deposited; instead, material is removed from the ground and loaded onto the vehicle.",5323,242,0,0.003465,18176,
qwen3-vl-235b:v4_casc_5f,bedrock,qwen.qwen3-vl-235b-a22b,evt-20260721_083549,186b4b3a-025a-4d9c-9102-ce0517316da7,tp,6,6,6,low,0,0.31,low,5,qwen3-vl-235b,qwen3-vl-235b,v4,tool,1,1,95,0,95,Lixo domiciliar,"Baseline: pilha de lixo existente na guia, solo irregular, veículo preto estacionado. Ator: homem em caminhonete preta, acessa a caçamba, retira sacos e objetos, não deposita nada na pilha. Direção do material: para longe da pilha (coleta). Nenhum ato de descarte flagrado.",6156,553,0,0.004734,239835,
qwen3-vl-235b:v4_casc_5f,bedrock,qwen.qwen3-vl-235b-a22b,evt-20260721_104317,f7974b62-c4a4-493a-a861-44c901b9033d,indefinido,19,19,5,low,0,1.05,low,5,qwen3-vl-235b,qwen3-vl-235b,v4,tool,1,0,95,0,,,"A person is seen collecting items from the existing waste pile and placing them into a handcart, indicating material removal, not deposition. The red truck remains stationary but no unloading or dumping is observed.",2773,231,0,0.002084,196738,
qwen3-vl-235b:v4_casc,bedrock,qwen.qwen3-vl-235b-a22b,evt-20260721_104455,f7974b62-c4a4-493a-a861-44c901b9033d,indefinido,32,32,15,low,0,1.78,low,15,qwen3-vl-235b,qwen3-vl-235b,v4,tool,1,0,95,0,,,"Multiple individuals are seen rummaging through and removing items from the existing waste pile; one person carries a green bag away from the pile, indicating collection, not dumping. The red truck remains stationary but no material is deposited from it.",5323,228,0,0.003428,28468,
qwen3-vl-235b:v4_single,bedrock,qwen.qwen3-vl-235b-a22b,evt-20260721_104317,f7974b62-c4a4-493a-a861-44c901b9033d,indefinido,19,19,19,low,0,1.05,,,qwen3-vl-235b,qwen3-vl-235b,v4,,0,,,,,,,0,0,0,0.0,293771,detail: ServiceUnavailableException: An error occurred (ServiceUnavailableException) when calling the Converse operation (reached max retries: 3): Bedrock is unable to process your request.
qwen3-vl-235b:v4_single,bedrock,qwen.qwen3-vl-235b-a22b,evt-20260721_104455,f7974b62-c4a4-493a-a861-44c901b9033d,indefinido,32,32,32,low,0,1.78,,,qwen3-vl-235b,qwen3-vl-235b,v4,tool,1,0,,0,95,Lixo domiciliar,"Baseline: pilha de lixo residencial existente na guia. Ator 1 (homem com carrinho) passa sem interagir. Ator 2 (mulher com saco verde) chega, agacha e retira itens da pilha, saindo com saco cheio — comportamento típico de catador. Ator 3 (homem com vara) passa sem interação. Caminhão vermelho perman",10013,268,0,0.00602,127013,
qwen3-vl-235b:v4_casc_5f,bedrock,qwen.qwen3-vl-235b-a22b,evt-20260721_104455,f7974b62-c4a4-493a-a861-44c901b9033d,indefinido,32,32,5,low,0,1.78,low,5,qwen3-vl-235b,qwen3-vl-235b,v4,,0,,,,,,,,,,0.0,,gate: ServiceUnavailableException: An error occurred (ServiceUnavailableException) when calling the Converse operation: Bedrock is unable to process your request.
qwen3-vl-235b:v4_casc_5f,bedrock,qwen.qwen3-vl-235b-a22b,evt-20260721_104915,f7974b62-c4a4-493a-a861-44c901b9033d,indefinido,22,22,5,low,0,1.24,low,5,qwen3-vl-235b,qwen3-vl-235b,v4,tool,1,0,95,0,,,"Red truck remains stationary throughout frames; driver visible inside cab, no material handling observed. No new objects appear on ground. Waste pile unchanged.",2774,240,0,0.002109,41640,
qwen3-vl-235b:v4_single,bedrock,qwen.qwen3-vl-235b-a22b,evt-20260721_104915,f7974b62-c4a4-493a-a861-44c901b9033d,indefinido,22,22,22,low,0,1.24,,,qwen3-vl-235b,qwen3-vl-235b,v4,,0,,,,,,,0,0,0,0.0,194953,detail: ServiceUnavailableException: An error occurred (ServiceUnavailableException) when calling the Converse operation: Bedrock is unable to process your request.
qwen3-vl-235b:v4_casc,bedrock,qwen.qwen3-vl-235b-a22b,evt-20260721_104915,f7974b62-c4a4-493a-a861-44c901b9033d,indefinido,22,22,15,low,0,1.24,low,15,qwen3-vl-235b,qwen3-vl-235b,v4,,0,,,,,,,,,,0.0,,gate: ServiceUnavailableException: An error occurred (ServiceUnavailableException) when calling the Converse operation: Bedrock is unable to process your request.
qwen3-vl-235b:v4_casc,bedrock,qwen.qwen3-vl-235b-a22b,evt-20260721_125408,871e3cdd-f2c1-45db-a22c-d09748310639,indefinido,10,10,10,low,0,0.5,low,10,qwen3-vl-235b,qwen3-vl-235b,v4,tool,1,0,95,0,,,"A person is seen pushing a handcart loaded with material away from the pile, indicating collection behavior. No deposit of new material is observed.",4048,226,0,0.002747,43296,
qwen3-vl-235b:v4_single,bedrock,qwen.qwen3-vl-235b-a22b,evt-20260721_125408,871e3cdd-f2c1-45db-a22c-d09748310639,indefinido,10,10,10,low,0,0.5,,,qwen3-vl-235b,qwen3-vl-235b,v4,tool,1,0,,0,95,,"Pessoa com carrinho de mão permanece na área da pilha de lixo, mas não há evidência visual de deposição de material. O carrinho parece ser usado para coleta, não para descarte. Nenhum objeto é visto sendo largado ou jogado na pilha. Trânsito de veículos e pedestres ocorre sem interação com o lixo. P",4403,231,0,0.002948,62211,
qwen3-vl-235b:v4_single,bedrock,qwen.qwen3-vl-235b-a22b,evt-20260721_161751,168c6958-45e6-4f0d-a8bf-2c24672e1e64,fp,11,11,11,low,0,0.54,,,qwen3-vl-235b,qwen3-vl-235b,v4,tool,1,0,,0,95,Lixo domiciliar,"Pessoa aparece, interage com a pilha de lixo existente, ensaca itens e sai levando o saco. Comportamento consistente com coleta seletiva, não com descarte. Nenhum ato de deposição foi observado.",4657,277,0,0.003205,22621,
qwen3-vl-235b:v4_casc_5f,bedrock,qwen.qwen3-vl-235b-a22b,evt-20260721_161751,168c6958-45e6-4f0d-a8bf-2c24672e1e64,fp,11,11,5,low,0,0.54,low,5,qwen3-vl-235b,qwen3-vl-235b,v4,tool,1,0,95,0,,,"A person approached the pile, picked up a bag, and walked away carrying it — consistent with waste-picking (catador) behavior, not dumping.",2774,212,0,0.002034,17884,
qwen3-vl-235b:v4_casc,bedrock,qwen.qwen3-vl-235b-a22b,evt-20260721_161751,168c6958-45e6-4f0d-a8bf-2c24672e1e64,fp,11,11,11,low,0,0.54,low,11,qwen3-vl-235b,qwen3-vl-235b,v4,tool,1,0,95,0,,,"A person arrived empty-handed, spent time at the pile, and left carrying a full bag, indicating material was collected from the pile, not deposited.",4303,213,0,0.002847,44103,
qwen3-vl-235b:v4_single,bedrock,qwen.qwen3-vl-235b-a22b,evt-20260722_000031,evt-20260722_000031,baseline,9,9,9,low,0,0.33,,,qwen3-vl-235b,qwen3-vl-235b,v4,tool,1,0,,0,95,,"Baseline: pilha de lixo existente na guia, sem alteração visível entre os frames. Nenhum ator (pessoa ou veículo) interage com a pilha. Não há flagrante de deposição, apenas trânsito rápido de veículo com farol aceso no frame 00:00:25, sem descarregamento. Pilha permanece inalterada.",4148,174,0,0.002661,10236,
qwen3-vl-235b:v4_casc,bedrock,qwen.qwen3-vl-235b-a22b,evt-20260722_000031,evt-20260722_000031,baseline,9,9,9,low,0,0.33,low,9,qwen3-vl-235b,qwen3-vl-235b,v4,tool,1,0,100,0,,,"No actors, vehicles, or material handling observed. The waste pile remains unchanged between first and last frame. No deposit or collection activity visible.",3793,187,0,0.002508,9199,
qwen3-vl-235b:v4_casc_5f,bedrock,qwen.qwen3-vl-235b-a22b,evt-20260721_125408,871e3cdd-f2c1-45db-a22c-d09748310639,indefinido,10,10,5,low,0,0.5,low,5,qwen3-vl-235b,qwen3-vl-235b,v4,,0,,,,,,,,,,0.0,,gate: ServiceUnavailableException: An error occurred (ServiceUnavailableException) when calling the Converse operation: Bedrock is unable to process your request.
qwen3-vl-235b:v4_casc_5f,bedrock,qwen.qwen3-vl-235b-a22b,evt-20260722_000031,evt-20260722_000031,baseline,9,9,5,low,0,0.33,low,5,qwen3-vl-235b,qwen3-vl-235b,v4,tool,1,0,100,0,,,"No actors, vehicles, or material handling observed in any frame. The waste pile remains unchanged. No deposit or collection activity visible.",2774,187,0,0.001968,20863,
qwen3-vl-235b:v4_casc_5f,bedrock,qwen.qwen3-vl-235b-a22b,evt-20260722_005727,evt-20260722_005727,baseline,32,32,5,low,0,0.91,low,5,qwen3-vl-235b,qwen3-vl-235b,v4,tool,1,0,95,0,,,"No person, vehicle, or handcart is visible in any frame. The pile remains unchanged. Bright streaks are rain or sensor artifacts, not material deposition.",2774,201,0,0.002005,30153,
qwen3-vl-235b:v4_single,bedrock,qwen.qwen3-vl-235b-a22b,evt-20260722_011328,evt-20260722_011328,baseline,6,6,6,low,0,0.24,,,qwen3-vl-235b,qwen3-vl-235b,v4,tool,1,0,,0,95,,"Baseline: pilha de lixo existente na guia, solo irregular e um poste visível. Nenhum ator ou veículo aparece nos primeiros frames. No último frame, uma pessoa caminha pela área, mas não interage com a pilha, não carrega material nem realiza deposição. A pilha permanece inalterada. Sem evidência de a",3383,198,0,0.00232,7086,
qwen3-vl-235b:v4_single,bedrock,qwen.qwen3-vl-235b-a22b,evt-20260722_005727,evt-20260722_005727,baseline,32,32,32,low,0,0.91,,,qwen3-vl-235b,qwen3-vl-235b,v4,tool,1,0,,0,95,Lixo domiciliar,"Nenhum ator humano ou veículo foi observado interagindo com a pilha de lixo. A sequência mostra apenas a pilha estática e rastros de chuva ou detritos em queda, sem evidência de deposição intencional. A pilha existente permanece inalterada em termos de volume e composição visível.",10013,223,0,0.0059,61165,
qwen3-vl-235b:v4_casc_5f,bedrock,qwen.qwen3-vl-235b-a22b,evt-20260722_011328,evt-20260722_011328,baseline,6,6,5,low,0,0.24,low,5,qwen3-vl-235b,qwen3-vl-235b,v4,tool,1,0,100,0,,,No actors or vehicles present in any frame; pile unchanged. No deposit behavior observed.,2773,167,0,0.001914,15280,
qwen3-vl-235b:v4_single,bedrock,qwen.qwen3-vl-235b-a22b,evt-20260722_013921,evt-20260722_013921,baseline,17,17,17,low,0,0.69,,,qwen3-vl-235b,qwen3-vl-235b,v4,tool,1,0,,0,95,,"Nenhum ator humano ou veicular foi observado interagindo com a pilha de lixo. A cena permanece estática ao longo de todos os frames, sem qualquer movimento de deposição ou remoção de material. A pilha existente permanece inalterada, sem crescimento visível ou mudança de composição. Não há flagrante ",6188,196,0,0.003801,63763,
qwen3-vl-235b:v4_casc,bedrock,qwen.qwen3-vl-235b-a22b,evt-20260722_005727,evt-20260722_005727,baseline,32,32,15,low,0,0.91,low,15,qwen3-vl-235b,qwen3-vl-235b,v4,,0,,,,,,,,,,0.0,,gate: ServiceUnavailableException: An error occurred (ServiceUnavailableException) when calling the Converse operation: Bedrock is unable to process your request.
qwen3-vl-235b:v4_casc,bedrock,qwen.qwen3-vl-235b-a22b,evt-20260722_011328,evt-20260722_011328,baseline,6,6,6,low,0,0.24,low,6,qwen3-vl-235b,qwen3-vl-235b,v4,tool,1,0,100,0,,,"No actors, vehicles, or material handling observed in any frame. The waste pile remains unchanged. No deposit or collection activity visible.",3029,215,0,0.002177,112754,
qwen3-vl-235b:v4_single,bedrock,qwen.qwen3-vl-235b-a22b,evt-20260722_023152,evt-20260722_023152,baseline,7,7,7,low,0,0.28,,,qwen3-vl-235b,qwen3-vl-235b,v4,tool,1,0,,0,95,Entulho,Baseline: pilha de entulho fixa na guia. Sequência: um ciclista passa rapidamente pela área sem interagir com a pilha. Nenhum ato de deposição ou coleta é visível. Pilha permanece inalterada. Não há evidência de descarte flagrante.,3638,199,0,0.002457,6418,
qwen3-vl-235b:v4_casc,bedrock,qwen.qwen3-vl-235b-a22b,evt-20260722_023152,evt-20260722_023152,baseline,7,7,7,low,0,0.28,low,7,qwen3-vl-235b,qwen3-vl-235b,v4,tool,1,0,100,0,,,No actors or vehicles present in any frame. The waste pile remains unchanged. No deposit or collection activity observed.,3284,191,0,0.002249,7305,
qwen3-vl-235b:v4_casc,bedrock,qwen.qwen3-vl-235b-a22b,evt-20260722_013921,evt-20260722_013921,baseline,17,17,15,low,0,0.69,low,15,qwen3-vl-235b,qwen3-vl-235b,v4,tool,1,0,100,0,,,"No person, vehicle, or handcart appears in any frame. The waste pile remains unchanged. No material movement or deposit behavior is visible.",5323,191,0,0.003329,48188,
qwen3-vl-235b:v4_casc_5f,bedrock,qwen.qwen3-vl-235b-a22b,evt-20260722_013921,evt-20260722_013921,baseline,17,17,5,low,0,0.69,low,5,qwen3-vl-235b,qwen3-vl-235b,v4,,0,,,,,,,,,,0.0,,gate: ServiceUnavailableException: An error occurred (ServiceUnavailableException) when calling the Converse operation: Bedrock is unable to process your request.
qwen3-vl-235b:v4_casc_5f,bedrock,qwen.qwen3-vl-235b-a22b,evt-20260722_023152,evt-20260722_023152,baseline,7,7,5,low,0,0.28,low,5,qwen3-vl-235b,qwen3-vl-235b,v4,,0,,,,,,,,,,0.0,,gate: ServiceUnavailableException: An error occurred (ServiceUnavailableException) when calling the Converse operation: Bedrock is unable to process your request.
qwen3-vl-235b:v4_single,bedrock,qwen.qwen3-vl-235b-a22b,evt-20260722_040321,evt-20260722_040321,baseline,6,6,6,low,0,0.25,,,qwen3-vl-235b,qwen3-vl-235b,v4,,0,,,,,,,0,0,0,0.0,115944,detail: ServiceUnavailableException: An error occurred (ServiceUnavailableException) when calling the Converse operation: Bedrock is unable to process your request.
qwen3-vl-235b:v4_casc,bedrock,qwen.qwen3-vl-235b-a22b,evt-20260722_040321,evt-20260722_040321,baseline,6,6,6,low,0,0.25,low,6,qwen3-vl-235b,qwen3-vl-235b,v4,tool,1,0,100,0,,,No person or vehicle is visible in any frame. The waste pile remains unchanged. No deposit or collection activity occurred.,3028,183,0,0.002092,121667,
qwen3-vl-235b:v4_single,bedrock,qwen.qwen3-vl-235b-a22b,evt-20260722_051621,evt-20260722_051621,baseline,8,8,8,low,0,0.41,,,qwen3-vl-235b,qwen3-vl-235b,v4,tool,1,0,,0,95,Lixo domiciliar,"Baseline: pilha de lixo residencial existente na guia. Ator: duas pessoas em bicicleta passam pela área sem interagir com a pilha. Nenhum ato de deposição ou remoção foi observado. A pilha permanece inalterada. O movimento é de trânsito comum, não de descarte.",3893,213,0,0.00263,67275,
qwen3-vl-235b:v4_casc_5f,bedrock,qwen.qwen3-vl-235b-a22b,evt-20260722_051621,evt-20260722_051621,baseline,8,8,5,low,0,0.41,low,5,qwen3-vl-235b,qwen3-vl-235b,v4,tool,1,0,95,0,,,A person on a bicycle passes through the scene without stopping or interacting with the waste pile; no material was deposited or removed.,2773,189,0,0.001972,33259,
qwen3-vl-235b:v4_casc_5f,bedrock,qwen.qwen3-vl-235b-a22b,evt-20260722_040321,evt-20260722_040321,baseline,6,6,5,low,0,0.25,low,5,qwen3-vl-235b,qwen3-vl-235b,v4,,0,,,,,,,,,,0.0,,gate: ServiceUnavailableException: An error occurred (ServiceUnavailableException) when calling the Converse operation: Bedrock is unable to process your request.
qwen3-vl-235b:v4_casc,bedrock,qwen.qwen3-vl-235b-a22b,evt-20260722_055939,evt-20260722_055939,baseline,32,32,15,low,0,1.72,low,15,qwen3-vl-235b,qwen3-vl-235b,v4,tool,1,0,100,0,,,No person or vehicle interacted with the waste pile; no new material was deposited or removed. Pedestrians walked past without depositing or collecting waste.,5323,194,0,0.003337,11680,
qwen3-vl-235b:v4_single,bedrock,qwen.qwen3-vl-235b-a22b,evt-20260722_055939,evt-20260722_055939,baseline,32,32,32,low,0,1.72,,,qwen3-vl-235b,qwen3-vl-235b,v4,tool,1,0,,0,95,Lixo domiciliar,"Nenhum ato de descarte foi flagrado. A pilha de lixo existente permaneceu inalterada durante toda a sequência. Pessoas passaram pela área, mas nenhuma interagiu com a pilha ou depositou material. Um homem caminhou e jogou um objeto pequeno (possivelmente papel ou saco plástico) no chão, mas não na p",10013,273,0,0.006033,32672,
qwen3-vl-235b:v4_casc,bedrock,qwen.qwen3-vl-235b-a22b,evt-20260722_051621,evt-20260722_051621,baseline,8,8,8,low,0,0.41,low,8,qwen3-vl-235b,qwen3-vl-235b,v4,tool,1,0,95,0,,,A person on a bicycle with a passenger passes through the scene without stopping or interacting with the waste pile. No material was deposited or removed. The pile remains unchanged.,3538,205,0,0.00242,71830,
qwen3-vl-235b:v4_single,bedrock,qwen.qwen3-vl-235b-a22b,evt-20260722_061645,evt-20260722_061645,baseline,6,6,6,low,0,0.33,,,qwen3-vl-235b,qwen3-vl-235b,v4,,0,,,,,,,0,0,0,0.0,106579,detail: ServiceUnavailableException: An error occurred (ServiceUnavailableException) when calling the Converse operation: Bedrock is unable to process your request.
qwen3-vl-235b:v4_casc_5f,bedrock,qwen.qwen3-vl-235b-a22b,evt-20260722_055939,evt-20260722_055939,baseline,32,32,5,low,0,1.72,low,5,qwen3-vl-235b,qwen3-vl-235b,v4,,0,,,,,,,,,,0.0,,gate: ServiceUnavailableException: An error occurred (ServiceUnavailableException) when calling the Converse operation: Bedrock is unable to process your request.
qwen3-vl-235b:v4_casc,bedrock,qwen.qwen3-vl-235b-a22b,evt-20260722_061645,evt-20260722_061645,baseline,6,6,6,low,0,0.33,low,6,qwen3-vl-235b,qwen3-vl-235b,v4,,0,,,,,,,,,,0.0,,gate: ServiceUnavailableException: An error occurred (ServiceUnavailableException) when calling the Converse operation: Bedrock is unable to process your request.
qwen3-vl-235b:v4_casc,bedrock,qwen.qwen3-vl-235b-a22b,evt-20260722_062940,evt-20260722_062940,baseline,13,13,13,low,0,0.67,low,13,qwen3-vl-235b,qwen3-vl-235b,v4,tool,1,0,100,0,,,No person or vehicle interacted with the pile; a single pedestrian walked across the street without depositing or collecting material. The pile remained unchanged.,4813,192,0,0.003062,10961,
qwen3-vl-235b:v4_casc_5f,bedrock,qwen.qwen3-vl-235b-a22b,evt-20260722_062940,evt-20260722_062940,baseline,13,13,5,low,0,0.67,low,5,qwen3-vl-235b,qwen3-vl-235b,v4,tool,1,0,100,0,,,No person or vehicle is visible interacting with the pile. The waste pile remains unchanged across all frames. No new material is observed on the ground.,2773,198,0,0.001996,60764,
qwen3-vl-235b:v4_casc_5f,bedrock,qwen.qwen3-vl-235b-a22b,evt-20260722_061645,evt-20260722_061645,baseline,6,6,5,low,0,0.33,low,5,qwen3-vl-235b,qwen3-vl-235b,v4,tool,1,0,100,0,,,No actors or vehicles present in any frame; pile unchanged; no material movement observed.,2774,177,0,0.001941,110112,
qwen3-vl-235b:v4_single,bedrock,qwen.qwen3-vl-235b-a22b,evt-20260722_062940,evt-20260722_062940,baseline,13,13,13,low,0,0.67,,,qwen3-vl-235b,qwen3-vl-235b,v4,,0,,,,,,,0,0,0,0.0,128013,detail: ServiceUnavailableException: An error occurred (ServiceUnavailableException) when calling the Converse operation: Bedrock is unable to process your request.
qwen3-vl-235b:v4_casc,bedrock,qwen.qwen3-vl-235b-a22b,evt-20260722_064704,evt-20260722_064704,baseline,7,7,7,low,0,0.37,low,7,qwen3-vl-235b,qwen3-vl-235b,v4,tool,1,0,95,0,,,"A person with a bicycle approaches the pile, appears to rummage or collect items, and leaves with a bag on the rear rack — consistent with waste-picking behavior, not dumping.",3284,237,0,0.002371,34980,
qwen3-vl-235b:v4_casc_5f,bedrock,qwen.qwen3-vl-235b-a22b,evt-20260722_064704,evt-20260722_064704,baseline,7,7,5,low,0,0.37,low,5,qwen3-vl-235b,qwen3-vl-235b,v4,tool,1,0,95,0,,,A person on a bicycle passes through the scene without stopping or depositing material. The waste pile remains unchanged. No dumping behavior observed.,2774,212,0,0.002034,109832,
qwen3-vl-235b:v4_casc,bedrock,qwen.qwen3-vl-235b-a22b,evt-20260722_070638,evt-20260722_070638,baseline,7,7,7,low,0,0.36,low,7,qwen3-vl-235b,qwen3-vl-235b,v4,tool,1,0,95,0,,,A silver car and a cyclist briefly pass through the scene; no person stops or deposits material. The waste pile remains unchanged. No dumping behavior observed.,3283,202,0,0.002277,6962,
qwen3-vl-235b:v4_single,bedrock,qwen.qwen3-vl-235b-a22b,evt-20260722_070638,evt-20260722_070638,baseline,7,7,7,low,0,0.36,,,qwen3-vl-235b,qwen3-vl-235b,v4,,0,,,,,,,0,0,0,0.0,103941,detail: ServiceUnavailableException: An error occurred (ServiceUnavailableException) when calling the Converse operation: Bedrock is unable to process your request.
qwen3-vl-235b:v4_single,bedrock,qwen.qwen3-vl-235b-a22b,evt-20260722_064704,evt-20260722_064704,baseline,7,7,7,low,0,0.37,,,qwen3-vl-235b,qwen3-vl-235b,v4,,0,,,,,,,0,0,0,0.0,144013,detail: ServiceUnavailableException: An error occurred (ServiceUnavailableException) when calling the Converse operation: Bedrock is unable to process your request.
qwen3-vl-235b:v4_casc,bedrock,qwen.qwen3-vl-235b-a22b,evt-20260722_071823,evt-20260722_071823,baseline,12,12,12,low,0,0.63,low,12,qwen3-vl-235b,qwen3-vl-235b,v4,tool,1,0,95,0,,,Multiple pedestrians and a motorized tricycle pass through the scene without interacting with the waste pile; no deposit or collection behavior observed.,4559,244,0,0.003065,26201,
qwen3-vl-235b:v4_casc_5f,bedrock,qwen.qwen3-vl-235b-a22b,evt-20260722_071823,evt-20260722_071823,baseline,12,12,5,low,0,0.63,low,5,qwen3-vl-235b,qwen3-vl-235b,v4,tool,1,0,95,0,,,Multiple pedestrians walked through the area without interacting with the waste pile; no material was deposited or removed from the pile during the observed frames.,2773,210,0,0.002028,9077,
qwen3-vl-235b:v4_single,bedrock,qwen.qwen3-vl-235b-a22b,evt-20260722_071823,evt-20260722_071823,baseline,12,12,12,low,0,0.63,,,qwen3-vl-235b,qwen3-vl-235b,v4,tool,1,0,,0,95,,Nenhum ato de descarte foi flagrado. A pilha de lixo permaneceu inalterada durante toda a sequência. Pessoas e um veículo passaram pela área sem interagir com a pilha. Um homem em triciclo verde passou sem descarregar material. Três indivíduos caminharam ao lado da pilha sem depositar ou retirar res,4913,241,0,0.003245,42282,
qwen3-vl-235b:v4_single,bedrock,qwen.qwen3-vl-235b-a22b,evt-20260722_073357,evt-20260722_073357,baseline,16,16,16,low,0,0.86,,,qwen3-vl-235b,qwen3-vl-235b,v4,tool,1,0,,0,95,Lixo domiciliar,Nenhum ato de descarte foi flagrado. Pessoas passaram pela área sem interagir com a pilha de lixo. Um veículo prateado apareceu e saiu sem descarregar material. A pilha de lixo permaneceu inalterada visualmente entre os frames.,5933,216,0,0.003719,16510,
qwen3-vl-235b:v4_casc,bedrock,qwen.qwen3-vl-235b-a22b,evt-20260722_073357,evt-20260722_073357,baseline,16,16,15,low,0,0.86,low,15,qwen3-vl-235b,qwen3-vl-235b,v4,tool,1,0,95,0,,,Multiple pedestrians walk through the area without interacting with the pile; a silver SUV drives past and exits the frame. No person or vehicle is seen depositing material. The pile remains visually unchanged.,5323,227,0,0.003425,12908,
qwen3-vl-235b:v4_casc_5f,bedrock,qwen.qwen3-vl-235b-a22b,evt-20260722_070638,evt-20260722_070638,baseline,7,7,5,low,0,0.36,low,5,qwen3-vl-235b,qwen3-vl-235b,v4,tool,1,0,100,0,,,"No actors, vehicles, or material handling observed in any frame. The waste pile remains unchanged. No deposit or collection activity visible.",2774,196,0,0.001992,63572,
qwen3-vl-235b:v4_casc_5f,bedrock,qwen.qwen3-vl-235b-a22b,evt-20260722_073357,evt-20260722_073357,baseline,16,16,5,low,0,0.86,low,5,qwen3-vl-235b,qwen3-vl-235b,v4,tool,1,0,95,0,,,A person walks past the pile without interacting with it; no material is deposited or removed. The pile remains visually unchanged across all frames.,2773,203,0,0.00201,8351,
qwen3-vl-235b:v4_single,bedrock,qwen.qwen3-vl-235b-a22b,evt-20260722_074923,evt-20260722_074923,baseline,6,6,6,low,0,0.32,,,qwen3-vl-235b,qwen3-vl-235b,v4,tool,1,0,,0,95,Lixo domiciliar,Baseline: pilha de lixo domiciliar existente na guia. Dois pedestres passam pela área sem interagir com a pilha. Nenhum ato de deposição ou manuseio de material é visível. A pilha permanece inalterada entre os frames. Não há veículos ou catadores atuando. Conclusão: nenhuma infração flagrada.,3383,220,0,0.002378,8813,
qwen3-vl-235b:v4_casc,bedrock,qwen.qwen3-vl-235b-a22b,evt-20260722_074923,evt-20260722_074923,baseline,6,6,6,low,0,0.32,low,6,qwen3-vl-235b,qwen3-vl-235b,v4,tool,1,0,95,0,,,Two pedestrians walked through the scene without interacting with the waste pile; no material was deposited or removed. The pile size and composition remained unchanged.,3028,210,0,0.002163,12877,
qwen3-vl-235b:v4_casc_5f,bedrock,qwen.qwen3-vl-235b-a22b,evt-20260722_074923,evt-20260722_074923,baseline,6,6,5,low,0,0.32,low,5,qwen3-vl-235b,qwen3-vl-235b,v4,tool,1,0,95,0,,,Two pedestrians walk through the scene without interacting with the pile; no material is deposited or removed. The pile remains unchanged.,2774,201,0,0.002005,11050,
qwen3-vl-235b:v4_casc_5f,bedrock,qwen.qwen3-vl-235b-a22b,evt-20260722_080057,evt-20260722_080057,baseline,8,8,5,low,0,0.42,low,5,qwen3-vl-235b,qwen3-vl-235b,v4,tool,1,0,100,0,,,"No actors, vehicles, or material handling observed in any frame. The waste pile remains unchanged. No deposit or collection activity visible.",2774,191,0,0.001978,7037,
qwen3-vl-235b:v4_single,bedrock,qwen.qwen3-vl-235b-a22b,evt-20260722_080057,evt-20260722_080057,baseline,8,8,8,low,0,0.42,,,qwen3-vl-235b,qwen3-vl-235b,v4,tool,1,0,,0,100,Lixo domiciliar,Nenhum ator humano ou veículo foi observado interagindo com a pilha de lixo em nenhum dos frames. A pilha permanece inalterada visualmente ao longo da sequência. Não há evidência de ato de descarte flagrante.,3893,195,0,0.002582,17561,
qwen3-vl-235b:v4_casc,bedrock,qwen.qwen3-vl-235b-a22b,evt-20260722_080057,evt-20260722_080057,baseline,8,8,8,low,0,0.42,low,8,qwen3-vl-235b,qwen3-vl-235b,v4,tool,1,0,100,0,,,"No actors, vehicles, or material handling observed in any frame. The waste pile remains unchanged. No deposit or collection activity visible.",3539,192,0,0.002386,18368,
qwen3-vl-235b:v4_single,bedrock,qwen.qwen3-vl-235b-a22b,evt-20260722_081207,evt-20260722_081207,baseline,19,19,19,low,0,1.03,,,qwen3-vl-235b,qwen3-vl-235b,v4,tool,1,0,,0,95,,"Nenhum ato de descarte foi flagrado. A pilha de lixo existente permaneceu inalterada visualmente. Pessoas e veículos passaram pela área sem interagir com a pilha. Um caminhão vermelho apareceu carregado com tambores, mas não descarregou nada. Nenhum material foi visto sendo depositado no chão ou na ",6697,224,0,0.004145,14849,
qwen3-vl-235b:v4_casc,bedrock,qwen.qwen3-vl-235b-a22b,evt-20260722_081207,evt-20260722_081207,baseline,19,19,15,low,0,1.03,low,15,qwen3-vl-235b,qwen3-vl-235b,v4,tool,1,0,95,0,,,No deposit act observed. Pedestrians and vehicles passed through without interacting with the pile. A red truck drove by loaded with containers but did not unload. No new material appeared on the ground.,5323,235,0,0.003446,15618,
qwen3-vl-235b:v4_casc_5f,bedrock,qwen.qwen3-vl-235b-a22b,evt-20260722_081207,evt-20260722_081207,baseline,19,19,5,low,0,1.03,low,5,qwen3-vl-235b,qwen3-vl-235b,v4,tool,1,0,95,0,,,A red truck loaded with plastic containers passed through the scene but did not stop or unload. No person was observed depositing material. The waste pile remained unchanged.,2773,206,0,0.002018,6870,
qwen3-vl-235b:v4_single,bedrock,qwen.qwen3-vl-235b-a22b,evt-20260722_082852,evt-20260722_082852,baseline,7,7,7,low,0,0.39,,,qwen3-vl-235b,qwen3-vl-235b,v4,tool,1,0,,0,95,Lixo domiciliar,"Baseline: pilha de lixo residencial existente na guia. Ator 1 (camiseta escura) caminha pela área sem interagir com a pilha. Ator 2 (vestido rosa) aparece e caminha na direção oposta, também sem tocar ou depositar material. Nenhum ato de deposição foi flagrado. Pilha permanece inalterada visualmente",3638,226,0,0.002529,8428,
qwen3-vl-235b:v4_casc_5f,bedrock,qwen.qwen3-vl-235b-a22b,evt-20260722_082852,evt-20260722_082852,baseline,7,7,5,low,0,0.39,low,5,qwen3-vl-235b,qwen3-vl-235b,v4,tool,1,0,95,0,,,A person walks past the pile without interacting; no material is deposited or removed. The pile remains unchanged across frames.,2774,205,0,0.002016,7717,
qwen3-vl-235b:v4_casc,bedrock,qwen.qwen3-vl-235b-a22b,evt-20260722_082852,evt-20260722_082852,baseline,7,7,7,low,0,0.39,low,7,qwen3-vl-235b,qwen3-vl-235b,v4,tool,1,0,95,0,,,A person walks across the street away from the pile; no material is carried toward or deposited on the ground. The waste pile remains unchanged.,3284,241,0,0.002382,11698,
qwen3-vl-235b:v4_single,bedrock,qwen.qwen3-vl-235b-a22b,evt-20260722_084147,evt-20260722_084147,baseline,8,8,8,low,0,0.43,,,qwen3-vl-235b,qwen3-vl-235b,v4,tool,1,0,,0,95,Lixo domiciliar,Nenhum ato de descarte foi flagrado. Pessoas caminham pela área e um ciclista passa sem interagir com a pilha de lixo. A pilha existente permanece inalterada em todos os frames. Não há evidência de deposição de material.,3892,298,0,0.002855,7079,
qwen3-vl-235b:v4_casc_5f,bedrock,qwen.qwen3-vl-235b-a22b,evt-20260722_084147,evt-20260722_084147,baseline,8,8,5,low,0,0.43,low,5,qwen3-vl-235b,qwen3-vl-235b,v4,tool,1,0,95,0,,,Two individuals walk across the street away from the pile; no material is carried toward or deposited on the ground. The waste pile remains unchanged.,2773,202,0,0.002007,6024,
qwen3-vl-235b:v4_casc,bedrock,qwen.qwen3-vl-235b-a22b,evt-20260722_084147,evt-20260722_084147,baseline,8,8,8,low,0,0.43,low,8,qwen3-vl-235b,qwen3-vl-235b,v4,tool,1,0,95,0,,,Two pedestrians walk across the street without interacting with the pile; a cyclist passes by with a bag on the rear rack but does not deposit or collect material. No new objects appear on the ground.,3539,222,0,0.002466,11537,
qwen3-vl-235b:v4_single,bedrock,qwen.qwen3-vl-235b-a22b,evt-20260722_085748,evt-20260722_085748,baseline,15,15,15,low,0,0.79,,,qwen3-vl-235b,qwen3-vl-235b,v4,tool,1,0,,0,95,Lixo domiciliar,"Nenhum ato de descarte foi flagrado. A pilha de lixo existente permanece inalterada ao longo da sequência. Pessoas e veículos passam pela área sem interagir com a pilha. Um motociclista e um ciclista atravessam o local, e pedestres caminham ao redor, mas nenhum deposita material. A ausência de ação ",5678,254,0,0.003685,10775,
qwen3-vl-235b:v4_casc_5f,bedrock,qwen.qwen3-vl-235b-a22b,evt-20260722_085748,evt-20260722_085748,baseline,15,15,5,low,0,0.79,low,5,qwen3-vl-235b,qwen3-vl-235b,v4,tool,1,0,95,0,,,A motorcycle and a pedestrian pass through the scene without interacting with the waste pile. No material is deposited or removed; the pile remains unchanged.,2773,231,0,0.002084,6594,
qwen3-vl-235b:v4_casc,bedrock,qwen.qwen3-vl-235b-a22b,evt-20260722_085748,evt-20260722_085748,baseline,15,15,15,low,0,0.79,low,15,qwen3-vl-235b,qwen3-vl-235b,v4,tool,1,0,100,0,,,"No person or vehicle interacted with the waste pile across all frames. The pile remains visually unchanged. All actors (pedestrians, motorcyclists, cyclist) passed through without depositing or removing material.",5323,226,0,0.003422,11234,
qwen3-vl-235b:v4_single,bedrock,qwen.qwen3-vl-235b-a22b,evt-20260722_091141,evt-20260722_091141,baseline,9,9,9,low,0,0.5,,,qwen3-vl-235b,qwen3-vl-235b,v4,tool,1,0,,0,95,,Nenhum ato de descarte foi flagrado. Pessoas passaram pela área sem interagir com a pilha de lixo existente. Um veículo estacionou e saiu sem descarregar material. A pilha permaneceu inalterada visualmente entre os frames.,4147,188,0,0.002698,8230,
qwen3-vl-235b:v4_casc,bedrock,qwen.qwen3-vl-235b-a22b,evt-20260722_091141,evt-20260722_091141,baseline,9,9,9,low,0,0.5,low,9,qwen3-vl-235b,qwen3-vl-235b,v4,tool,1,0,95,0,,,Multiple pedestrians walk past the pile without depositing or collecting material. No vehicle stops or unloads. The pile remains visually unchanged between first and last frame.,3794,209,0,0.002567,8070,
qwen3-vl-235b:v4_casc_5f,bedrock,qwen.qwen3-vl-235b-a22b,evt-20260722_091141,evt-20260722_091141,baseline,9,9,5,low,0,0.5,low,5,qwen3-vl-235b,qwen3-vl-235b,v4,tool,1,0,95,0,,,Multiple pedestrians walk past the pile without interacting; no material is deposited or removed. The pile remains visually unchanged across all frames.,2774,205,0,0.002016,8039,
qwen3-vl-235b:v4_single,bedrock,qwen.qwen3-vl-235b-a22b,evt-20260722_092651,evt-20260722_092651,baseline,11,11,11,low,0,0.61,,,qwen3-vl-235b,qwen3-vl-235b,v4,tool,1,0,,0,95,Lixo domiciliar,Baseline: pilha de lixo domiciliar existente na guia. Nenhum ator humano ou veículo interage com a pilha durante a sequência. Um ônibus branco passa pela via sem parar ou descarregar. Nenhum material é visto sendo depositado. Pilha permanece inalterada visualmente. Ação de descarte não flagrada.,4657,228,0,0.003075,8746,
qwen3-vl-235b:v4_casc,bedrock,qwen.qwen3-vl-235b-a22b,evt-20260722_092651,evt-20260722_092651,baseline,11,11,11,low,0,0.61,low,11,qwen3-vl-235b,qwen3-vl-235b,v4,tool,1,0,100,0,,,No person or vehicle interacted with the pile; no new material appeared on the ground. The pile remained unchanged throughout the frames.,4303,190,0,0.002786,9896,
qwen3-vl-235b:v4_casc,bedrock,qwen.qwen3-vl-235b-a22b,evt-20260722_094347,evt-20260722_094347,baseline,10,10,10,low,0,0.55,low,10,qwen3-vl-235b,qwen3-vl-235b,v4,tool,1,0,95,0,,,No deposit act observed. A cyclist and a motorcyclist passed through the area without interacting with the pile. The waste pile remained unchanged between frames.,4049,229,0,0.002755,7599,
qwen3-vl-235b:v4_casc_5f,bedrock,qwen.qwen3-vl-235b-a22b,evt-20260722_092651,evt-20260722_092651,baseline,11,11,5,low,0,0.61,low,5,qwen3-vl-235b,qwen3-vl-235b,v4,tool,1,0,95,0,,,A white bus briefly appears and drives away; no person is seen depositing material. The waste pile remains unchanged. No dumping behavior observed.,2774,203,0,0.00201,22065,
qwen3-vl-235b:v4_casc_5f,bedrock,qwen.qwen3-vl-235b-a22b,evt-20260722_094347,evt-20260722_094347,baseline,10,10,5,low,0,0.55,low,5,qwen3-vl-235b,qwen3-vl-235b,v4,tool,1,0,95,0,,,A motorcycle with a rear box passes through the scene without stopping or depositing material. No person or vehicle interacted with the waste pile. The pile remains unchanged.,2773,204,0,0.002012,6557,
qwen3-vl-235b:v4_single,bedrock,qwen.qwen3-vl-235b-a22b,evt-20260722_094347,evt-20260722_094347,baseline,10,10,10,low,0,0.55,,,qwen3-vl-235b,qwen3-vl-235b,v4,tool,1,0,,0,95,Lixo domiciliar,Baseline: pilha de lixo domiciliar existente na guia. Ator 1: ciclista com colete verde passa de bicicleta sem interagir com a pilha. Ator 2: motociclista com caixa traseira passa rapidamente sem parar ou descarregar. Nenhum ato de deposição foi flagrado; a pilha permanece inalterada visualmente ent,4403,249,0,0.002996,20103,
qwen3-vl-235b:v4_casc_5f,bedrock,qwen.qwen3-vl-235b-a22b,evt-20260722_094905,5dea8a54-bff5-44c8-91d8-72e4ffda296b,tp,32,32,5,low,0,1.79,low,5,qwen3-vl-235b,qwen3-vl-235b,v4,tool,1,0,95,0,,,"Two individuals are seen loading sorted waste (including pink bags) onto a handcart from the existing pile; no new material is deposited, only material is removed and consolidated.",2774,235,0,0.002095,9393,
qwen3-vl-235b:v4_casc,bedrock,qwen.qwen3-vl-235b-a22b,evt-20260722_094905,5dea8a54-bff5-44c8-91d8-72e4ffda296b,tp,32,32,15,low,0,1.79,low,15,qwen3-vl-235b,qwen3-vl-235b,v4,tool,1,0,95,0,,,"Two individuals are actively sorting and loading waste from the existing pile onto a handcart; no new material is being deposited, consistent with waste-picking activity.",5324,225,0,0.00342,20659,
qwen3-vl-235b:v4_single,bedrock,qwen.qwen3-vl-235b-a22b,evt-20260722_094905,5dea8a54-bff5-44c8-91d8-72e4ffda296b,tp,32,32,32,low,0,1.79,,,qwen3-vl-235b,qwen3-vl-235b,v4,tool,1,0,,0,95,Lixo domiciliar,"Duas pessoas interagem com uma carroça e a pilha de lixo existente. Ambos os indivíduos removem itens da pilha e os colocam na carroça, indicando coleta, não descarte. Nenhum ato de deposição de material novo na pilha foi observado.",10013,284,0,0.006062,21604,
qwen3-vl-235b:v4_casc_5f,bedrock,qwen.qwen3-vl-235b-a22b,evt-20260722_095851,evt-20260722_095851,baseline,32,32,5,low,0,1.69,low,5,qwen3-vl-235b,qwen3-vl-235b,v4,tool,1,0,95,0,,,"A shirtless man is seen actively sorting and picking items from the existing waste pile across multiple frames. He is not depositing new material; instead, he is collecting from the pile, consistent with a waste-picker (catador) behavior.",2774,247,0,0.002127,7512,
qwen3-vl-235b:v4_casc,bedrock,qwen.qwen3-vl-235b-a22b,evt-20260722_095851,evt-20260722_095851,baseline,32,32,15,low,0,1.69,low,15,qwen3-vl-235b,qwen3-vl-235b,v4,tool,1,0,95,0,,,"A shirtless man is seen repeatedly bending over and sorting through the existing waste pile, picking up items and placing them into bags or containers. No new material is deposited; instead, he appears to be collecting recyclables from the pile. A white car passes by but does not stop or unload mate",5323,333,0,0.003707,15019,
qwen3-vl-235b:v4_single,bedrock,qwen.qwen3-vl-235b-a22b,evt-20260722_095851,evt-20260722_095851,baseline,32,32,32,low,0,1.69,,,qwen3-vl-235b,qwen3-vl-235b,v4,tool,1,0,,0,95,Lixo domiciliar,"Homem sem camisa interage com a pilha de lixo existente, agachando-se e remexendo os materiais por vários minutos. Em nenhum frame ele é visto depositando novos itens; ao contrário, ele seleciona e manipula o que já está no chão, comportamento típico de catador. Um carro branco passa e estaciona ao ",10013,420,0,0.006424,23514,
qwen3-vl-235b:v4_casc_5f,bedrock,qwen.qwen3-vl-235b-a22b,evt-20260722_101619,evt-20260722_101619,baseline,32,32,5,low,0,1.67,low,5,qwen3-vl-235b,qwen3-vl-235b,v4,tool,1,0,100,0,,,No person or vehicle interacted with the pile; no new material was deposited. A child walked through the scene but did not handle waste. The pile remained unchanged.,2774,226,0,0.002071,5822,
qwen3-vl-235b:v4_casc,bedrock,qwen.qwen3-vl-235b-a22b,evt-20260722_101619,evt-20260722_101619,baseline,32,32,15,low,0,1.67,low,15,qwen3-vl-235b,qwen3-vl-235b,v4,tool,1,0,95,0,,,No deposit act observed. A white pickup truck and a motorcycle pass through the scene; no person is seen unloading or depositing material. The waste pile remains visually unchanged between frames.,5324,223,0,0.003415,10257,
qwen3-vl-235b:v4_single,bedrock,qwen.qwen3-vl-235b-a22b,evt-20260722_101619,evt-20260722_101619,baseline,32,32,32,low,0,1.67,,,qwen3-vl-235b,qwen3-vl-235b,v4,tool,1,0,,0,95,Lixo domiciliar,"Nenhum ato de descarte foi flagrado. A pilha de lixo permaneceu inalterada durante toda a sequência. Pessoas e veículos passaram pela área sem interagir com o lixo. Um pedestre em vermelho e uma moto apareceram, mas não depositaram material. Um carro branco estacionou e saiu sem descarregar. A pilha",10013,256,0,0.005988,24181,
qwen3-vl-235b:v4_single,bedrock,qwen.qwen3-vl-235b-a22b,evt-20260722_103645,evt-20260722_103645,baseline,21,21,21,low,0,1.1,,,qwen3-vl-235b,qwen3-vl-235b,v4,tool,1,0,,0,95,Lixo domiciliar,Baseline: pilha de lixo residencial existente na guia. Ator 1: dois homens caminham pela via sem interagir com a pilha. Ator 2: um homem em camiseta amarela passa pela área sem tocar o lixo. Nenhum ator deposita material; todos apenas transitam. Pilha permanece inalterada visualmente. Nenhum veículo,7207,238,0,0.004453,14736,
qwen3-vl-235b:v4_casc,bedrock,qwen.qwen3-vl-235b-a22b,evt-20260722_103645,evt-20260722_103645,baseline,21,21,15,low,0,1.1,low,15,qwen3-vl-235b,qwen3-vl-235b,v4,tool,1,0,95,0,,,Multiple pedestrians walk past the pile without interacting; no person or vehicle is seen depositing material. The pile remains visually unchanged across all frames.,5324,212,0,0.003386,11164,
qwen3-vl-235b:v4_casc_5f,bedrock,qwen.qwen3-vl-235b-a22b,evt-20260722_103645,evt-20260722_103645,baseline,21,21,5,low,0,1.1,low,5,qwen3-vl-235b,qwen3-vl-235b,v4,tool,1,0,95,0,,,Two individuals walked past the pile without interacting with it; no material was deposited or removed. The pile remained unchanged across all frames.,2774,193,0,0.001984,5464,
qwen3-vl-235b:v4_single,bedrock,qwen.qwen3-vl-235b-a22b,evt-20260722_104927,evt-20260722_104927,baseline,10,10,10,low,0,0.52,,,qwen3-vl-235b,qwen3-vl-235b,v4,tool,1,0,,0,95,,"Pilha de lixo pré-existente visível em todos os frames. Um indivíduo aparece empurrando uma carroça com material, mas não há evidência visual de deposição; ao contrário, o movimento sugere coleta ou transporte. Nenhum ato de descarte foi flagrado.",4403,188,0,0.002834,7126,
qwen3-vl-235b:v4_casc,bedrock,qwen.qwen3-vl-235b-a22b,evt-20260722_104927,evt-20260722_104927,baseline,10,10,10,low,0,0.52,low,10,qwen3-vl-235b,qwen3-vl-235b,v4,tool,1,0,95,0,,,"A person with a handcart (carroça) is seen moving material away from the pile, consistent with waste-picking (catador) behavior. No depositing action observed.",4048,219,0,0.002728,7641,
qwen3-vl-235b:v4_casc_5f,bedrock,qwen.qwen3-vl-235b-a22b,evt-20260722_104927,evt-20260722_104927,baseline,10,10,5,low,0,0.52,low,5,qwen3-vl-235b,qwen3-vl-235b,v4,tool,1,0,100,0,,,No person or vehicle interacted with the pile; a pedestrian passed by without depositing or collecting material. The pile remains unchanged.,2774,212,0,0.002034,6936,
qwen3-vl-235b:v4_casc_5f,bedrock,qwen.qwen3-vl-235b-a22b,evt-20260722_110128,evt-20260722_110128,baseline,15,15,5,low,0,0.77,low,5,qwen3-vl-235b,qwen3-vl-235b,v4,tool,1,0,95,0,,,A red car and two pedestrians pass through the scene; no person or vehicle is seen depositing material. The waste pile remains visually unchanged between frames.,2774,210,0,0.002029,9916,
qwen3-vl-235b:v4_casc,bedrock,qwen.qwen3-vl-235b-a22b,evt-20260722_110128,evt-20260722_110128,baseline,15,15,15,low,0,0.77,low,15,qwen3-vl-235b,qwen3-vl-235b,v4,tool,1,0,95,0,,,No deposit act observed. A person on a bicycle and a pedestrian pass through the scene; a red car stops briefly but no material is unloaded. The waste pile remains visually unchanged.,5324,237,0,0.003452,11910,
qwen3-vl-235b:v4_single,bedrock,qwen.qwen3-vl-235b-a22b,evt-20260722_110128,evt-20260722_110128,baseline,15,15,15,low,0,0.77,,,qwen3-vl-235b,qwen3-vl-235b,v4,tool,1,0,,0,95,Lixo domiciliar,"Nenhum ato de descarte foi flagrado. A pilha de lixo permaneceu inalterada durante toda a sequência. Pessoas e veículos passaram pela área sem interagir com a pilha. Um ciclista e um pedestre caminharam ao lado, e um carro vermelho passou sem parar. Nenhum material foi visto sendo depositado no chão",5678,253,0,0.003682,14395,
qwen3-vl-235b:v4_casc,bedrock,qwen.qwen3-vl-235b-a22b,evt-20260722_111451,evt-20260722_111451,baseline,10,10,10,low,0,0.52,low,10,qwen3-vl-235b,qwen3-vl-235b,v4,tool,1,0,100,0,,,No person or vehicle interacted with the pile; no new material appeared on the ground. The pile remained unchanged across all frames.,4048,205,0,0.002691,8860,
qwen3-vl-235b:v4_casc_5f,bedrock,qwen.qwen3-vl-235b-a22b,evt-20260722_111451,evt-20260722_111451,baseline,10,10,5,low,0,0.52,low,5,qwen3-vl-235b,qwen3-vl-235b,v4,tool,1,0,100,0,,,No person or vehicle is present in any frame. The waste pile remains unchanged. No deposit or collection activity is visible.,2773,182,0,0.001954,8586,
qwen3-vl-235b:v4_single,bedrock,qwen.qwen3-vl-235b-a22b,evt-20260722_111451,evt-20260722_111451,baseline,10,10,10,low,0,0.52,,,qwen3-vl-235b,qwen3-vl-235b,v4,tool,1,0,,0,95,Lixo domiciliar,"Baseline: pilha de lixo domiciliar existente na guia. Ator humano aparece brevemente, mas sem interação com o lixo. Veículo (moto com caixas) e carro passam sem descarregar. Nenhum ato de deposição foi flagrado. Pilha permanece inalterada visualmente entre os frames.",4403,220,0,0.002919,12223,
qwen3-vl-235b:v4_single,bedrock,qwen.qwen3-vl-235b-a22b,evt-20260722_112511,evt-20260722_112511,baseline,7,7,7,low,0,0.36,,,qwen3-vl-235b,qwen3-vl-235b,v4,tool,1,0,,0,95,Lixo domiciliar,Baseline: pilha de lixo residencial existente na guia. Sequência: motociclista passa sem interação; carro branco estaciona e sai sem descarregar; nenhum ator é visto depositando material. Pilha permanece inalterada visualmente. Nenhum ato de descarte flagrado.,3637,208,0,0.002481,5688,
qwen3-vl-235b:v4_casc,bedrock,qwen.qwen3-vl-235b-a22b,evt-20260722_112511,evt-20260722_112511,baseline,7,7,7,low,0,0.36,low,7,qwen3-vl-235b,qwen3-vl-235b,v4,tool,1,0,95,0,,,A motorcycle and a white car passed through the scene; no person stopped to deposit material. The waste pile remained unchanged. No dumping behavior observed.,3283,212,0,0.002304,6868,
qwen3-vl-235b:v4_casc_5f,bedrock,qwen.qwen3-vl-235b-a22b,evt-20260722_112511,evt-20260722_112511,baseline,7,7,5,low,0,0.36,low,5,qwen3-vl-235b,qwen3-vl-235b,v4,tool,1,0,95,0,,,A motorcycle passes through the scene without stopping or interacting with the pile. No person or vehicle deposits material. The waste pile remains unchanged between frames.,2774,216,0,0.002045,7706,
qwen3-vl-235b:v4_single,bedrock,qwen.qwen3-vl-235b-a22b,evt-20260722_114117,evt-20260722_114117,baseline,9,9,9,low,0,0.47,,,qwen3-vl-235b,qwen3-vl-235b,v4,tool,1,0,,0,95,Lixo domiciliar,"No disposal action observed. Initial frame shows individuals with a cart near existing waste pile, consistent with collection activity. Subsequent frames show people walking away, no new material deposited. Waste pile unchanged. Vehicle present is parked, no unloading observed.",4148,191,0,0.002706,6416,
qwen3-vl-235b:v4_casc_5f,bedrock,qwen.qwen3-vl-235b-a22b,evt-20260722_114117,evt-20260722_114117,baseline,9,9,5,low,0,0.47,low,5,qwen3-vl-235b,qwen3-vl-235b,v4,tool,1,0,95,0,,,"Three individuals are seen loading sorted recyclables from the existing pile into a handcart; they leave carrying more material than they arrived with, consistent with waste-picking (catador) activity, not dumping.",2774,250,0,0.002135,7589,
qwen3-vl-235b:v4_casc,bedrock,qwen.qwen3-vl-235b-a22b,evt-20260722_114117,evt-20260722_114117,baseline,9,9,9,low,0,0.47,low,9,qwen3-vl-235b,qwen3-vl-235b,v4,tool,1,0,95,0,,,"Three individuals are seen actively sorting and loading waste into a handcart; one person leaves carrying a bag, indicating material removal, not deposition. No new material is added to the pile during the observed frames.",3794,243,0,0.002657,11329,
qwen3-vl-235b:v4_single,bedrock,qwen.qwen3-vl-235b-a22b,evt-20260722_115439,evt-20260722_115439,baseline,11,11,11,low,0,0.58,,,qwen3-vl-235b,qwen3-vl-235b,v4,tool,1,0,,0,95,Lixo domiciliar,"Pessoa sem camisa e de boné interage com a pilha de lixo existente, removendo itens e colocando-os em um saco branco. A ação é de coleta, não de descarte, pois o indivíduo sai levando material. Nenhum ato de deposição foi flagrado.",4657,310,0,0.003293,9359,
qwen3-vl-235b:v4_casc_5f,bedrock,qwen.qwen3-vl-235b-a22b,evt-20260722_115439,evt-20260722_115439,baseline,11,11,5,low,0,0.58,low,5,qwen3-vl-235b,qwen3-vl-235b,v4,tool,1,0,95,0,,,"A person is seen sorting and collecting items from the existing waste pile, placing them into a large white sack. No new material is deposited; the person leaves carrying more than they arrived with, consistent with waste-picking behavior.",2773,257,0,0.002153,7898,
qwen3-vl-235b:v4_single,bedrock,qwen.qwen3-vl-235b-a22b,evt-20260722_115613,ba60b6fd-21dc-468d-9e7b-9271372f7ea2,fp,12,12,12,low,0,0.63,,,qwen3-vl-235b,qwen3-vl-235b,v4,tool,1,0,,0,95,Lixo domiciliar,"Pessoa interage com a pilha de lixo existente, removendo itens e carregando sacos, caracterizando coleta, não descarte. Nenhum ato de deposição foi observado.",4913,264,0,0.003306,10070,
qwen3-vl-235b:v4_casc,bedrock,qwen.qwen3-vl-235b-a22b,evt-20260722_115439,evt-20260722_115439,baseline,11,11,11,low,0,0.58,low,11,qwen3-vl-235b,qwen3-vl-235b,v4,tool,1,0,95,0,,,"A person is seen sorting and collecting items from the existing waste pile, placing them into a large white bag. No new material is deposited; the person is removing items, consistent with waste-picking behavior.",4304,244,0,0.00293,14648,
qwen3-vl-235b:v4_casc_5f,bedrock,qwen.qwen3-vl-235b-a22b,evt-20260722_115613,ba60b6fd-21dc-468d-9e7b-9271372f7ea2,fp,12,12,5,low,0,0.63,low,5,qwen3-vl-235b,qwen3-vl-235b,v4,tool,1,0,95,0,,,"A person is seen rummaging in the pile, then carrying away a bag of material, indicating collection, not dumping. No new material was deposited; the pile's composition remained unchanged.",2773,220,0,0.002055,6765,
qwen3-vl-235b:v4_casc,bedrock,qwen.qwen3-vl-235b-a22b,evt-20260722_115613,ba60b6fd-21dc-468d-9e7b-9271372f7ea2,fp,12,12,12,low,0,0.63,low,12,qwen3-vl-235b,qwen3-vl-235b,v4,tool,1,0,95,0,,,"A person is seen sorting and removing items from the existing waste pile, carrying away a bag and a box, consistent with waste-picking behavior. No new material was deposited; the pile's composition remained unchanged.",4559,237,0,0.003047,14553,
qwen3-vl-235b:v4_single,bedrock,qwen.qwen3-vl-235b-a22b,evt-20260722_120856,dc0d4026-4cd8-4622-9e63-914f104275de,fp,32,32,32,low,0,1.71,,,qwen3-vl-235b,qwen3-vl-235b,v4,tool,1,0,,0,95,,"Pessoa identificada como catador interage com a pilha de lixo existente, removendo itens e carregando sacos. Nenhum ato de deposição foi observado; a direção do material é para longe da pilha, caracterizando coleta, não descarte. Veículos e pedestres passam sem interação com o lixo.",10013,209,0,0.005863,18336,
qwen3-vl-235b:v4_casc_5f,bedrock,qwen.qwen3-vl-235b-a22b,evt-20260722_120856,dc0d4026-4cd8-4622-9e63-914f104275de,fp,32,32,5,low,0,1.71,low,5,qwen3-vl-235b,qwen3-vl-235b,v4,tool,1,0,95,0,,,"Person seen carrying items away from the pile, consistent with waste-picking behavior; no deposit observed.",2773,203,0,0.00201,10678,
qwen3-vl-235b:v4_casc,bedrock,qwen.qwen3-vl-235b-a22b,evt-20260722_120856,dc0d4026-4cd8-4622-9e63-914f104275de,fp,32,32,15,low,0,1.71,low,15,qwen3-vl-235b,qwen3-vl-235b,v4,tool,1,0,95,0,,,"Multiple pedestrians and vehicles pass through the scene; no person or vehicle is observed depositing material. One person is seen rummaging in the pile, consistent with waste-picking behavior. The pile's composition and extent remain visually unchanged between first and last frames.",5324,238,0,0.003455,20263,
qwen3-vl-235b:v4_casc_5f,bedrock,qwen.qwen3-vl-235b-a22b,evt-20260722_121140,evt-20260722_121140,baseline,26,26,5,low,0,1.39,low,5,qwen3-vl-235b,qwen3-vl-235b,v4,tool,1,0,95,0,,,"A person is seen actively sorting and collecting items from the existing waste pile, placing them into a bucket and bag. No new material was deposited; the person left carrying more than they arrived with, consistent with waste-picking behavior.",2773,224,0,0.002066,8071,
qwen3-vl-235b:v4_single,bedrock,qwen.qwen3-vl-235b-a22b,evt-20260722_121140,evt-20260722_121140,baseline,26,26,26,low,0,1.39,,,qwen3-vl-235b,qwen3-vl-235b,v4,tool,1,0,,0,95,Lixo domiciliar,"Homem idoso com balde e roda de carroça interage com a pilha de lixo, removendo itens e ensacando-os, caracterizando coleta, não descarte. Nenhum ato de deposição foi flagrado. Outros pedestres e ciclistas passam sem interagir com o lixo.",8483,332,0,0.005379,16382,
qwen3-vl-235b:v4_casc,bedrock,qwen.qwen3-vl-235b-a22b,evt-20260722_121140,evt-20260722_121140,baseline,26,26,15,low,0,1.39,low,15,qwen3-vl-235b,qwen3-vl-235b,v4,tool,1,0,95,0,,,"A person arrives carrying a bucket and a tire, sorts through the pile, and leaves carrying both items plus a cardboard box — clear evidence of collection, not dumping.",5323,221,0,0.003409,17100,
qwen3-vl-235b:v4_casc_5f,bedrock,qwen.qwen3-vl-235b-a22b,evt-20260722_122927,evt-20260722_122927,baseline,14,14,5,low,0,0.75,low,5,qwen3-vl-235b,qwen3-vl-235b,v4,tool,1,0,95,0,,,"A person is seen rummaging through the pile and leaving with a bag, indicating collection behavior. No deposit of new material is observed.",2774,221,0,0.002058,7823,
qwen3-vl-235b:v4_single,bedrock,qwen.qwen3-vl-235b-a22b,evt-20260722_122927,evt-20260722_122927,baseline,14,14,14,low,0,0.75,,,qwen3-vl-235b,qwen3-vl-235b,v4,tool,1,0,,0,95,Lixo domiciliar,"Baseline: pilha de lixo residencial existente na guia. Ator 1 (pessoa com saco) caminha pela área sem interagir com a pilha. Ator 2 (caminhão vermelho) passa sem descarregar. Ator 3 (caminhão branco) estaciona, mas nenhum ato de descarte é visível; pessoa desce e caminha, sem depositar material. Nen",5423,299,0,0.00367,10937,
qwen3-vl-235b:v4_casc,bedrock,qwen.qwen3-vl-235b-a22b,evt-20260722_122927,evt-20260722_122927,baseline,14,14,14,low,0,0.75,low,14,qwen3-vl-235b,qwen3-vl-235b,v4,tool,1,0,95,0,,,"No deposit act observed. A red truck passes through, followed by a white van that stops briefly; no material is unloaded. Pedestrians walk past the pile without depositing or collecting material. The pile remains visually unchanged.",5069,245,0,0.003338,14596,
qwen3-vl-235b:v4_casc_5f,bedrock,qwen.qwen3-vl-235b-a22b,evt-20260722_124619,766e75eb-6a4f-4d83-b537-ac59dea45165,tp,12,12,5,low,0,0.62,low,5,qwen3-vl-235b,qwen3-vl-235b,v4,tool,1,0,95,0,,,"A person is seen rummaging through the pile and carrying away a large bag, indicating collection behavior, not dumping. No new material was deposited; the pile's composition remained consistent.",2773,213,0,0.002036,6653,
qwen3-vl-235b:v4_single,bedrock,qwen.qwen3-vl-235b-a22b,evt-20260722_124619,766e75eb-6a4f-4d83-b537-ac59dea45165,tp,12,12,12,low,0,0.62,,,qwen3-vl-235b,qwen3-vl-235b,v4,tool,1,0,,0,95,Lixo domiciliar,"Pessoa aparece carregando saco branco, se agacha sobre a pilha existente e manipula o material, mas não há evidência visual de deposição. Ao contrário, a pessoa retira itens da pilha e sai caminhando com material nas mãos, indicando coleta, não descarte. A pilha pré-existente permanece inalterada em",4913,323,0,0.003463,11949,
qwen3-vl-235b:v4_casc,bedrock,qwen.qwen3-vl-235b-a22b,evt-20260722_124619,766e75eb-6a4f-4d83-b537-ac59dea45165,tp,12,12,12,low,0,0.62,low,12,qwen3-vl-235b,qwen3-vl-235b,v4,tool,1,0,95,0,,,"A person arrived empty-handed, rummaged through the pile, filled a large white bag with material from the pile, and walked away carrying it — consistent with waste-picking (catador) behavior, not dumping.",4559,224,0,0.003012,12046,
qwen3-vl-235b:v4_casc_5f,bedrock,qwen.qwen3-vl-235b-a22b,evt-20260722_124935,evt-20260722_124935,baseline,12,12,5,low,0,0.64,low,5,qwen3-vl-235b,qwen3-vl-235b,v4,tool,1,0,95,0,,,"Two individuals are seen sorting and loading waste into an orange handcart; one bends to pick items from the pile, the other stands nearby. No new material is deposited; instead, material is removed from the pile and placed into the cart. A cyclist and pedestrian pass through without interacting wit",2773,273,0,0.002196,7588,
qwen3-vl-235b:v4_single,bedrock,qwen.qwen3-vl-235b-a22b,evt-20260722_124935,evt-20260722_124935,baseline,12,12,12,low,0,0.64,,,qwen3-vl-235b,qwen3-vl-235b,v4,tool,1,0,,0,95,Lixo domiciliar,"Dois indivíduos interagem com a pilha de lixo existente, coletando materiais e colocando-os em uma carroça laranja. Nenhum ato de descarte foi observado; ao contrário, há clara remoção de itens da pilha. Um ciclista e uma pedestre passam sem interagir. A pilha permanece inalterada em termos de depos",4913,220,0,0.003189,10453,
qwen3-vl-235b:v4_casc,bedrock,qwen.qwen3-vl-235b-a22b,evt-20260722_124935,evt-20260722_124935,baseline,12,12,12,low,0,0.64,low,12,qwen3-vl-235b,qwen3-vl-235b,v4,tool,1,0,95,0,,,"Two individuals are actively sorting and loading recyclables from the existing pile into an orange handcart. No new material is deposited; instead, material is removed from the pile and placed into the cart, consistent with waste-picking behavior.",4558,235,0,0.003041,12982,
qwen3-vl-235b:v4_casc,bedrock,qwen.qwen3-vl-235b-a22b,evt-20260722_130757,evt-20260722_130757,baseline,16,16,15,low,0,0.82,low,15,qwen3-vl-235b,qwen3-vl-235b,v4,tool,1,0,95,0,,,A white van is parked throughout; a motorcyclist and a pedestrian pass through without interacting with the pile. No material was deposited or removed from the pile during the observed frames.,5323,212,0,0.003385,12119,
qwen3-vl-235b:v4_single,bedrock,qwen.qwen3-vl-235b-a22b,evt-20260722_130757,evt-20260722_130757,baseline,16,16,16,low,0,0.82,,,qwen3-vl-235b,qwen3-vl-235b,v4,tool,1,0,,0,95,,"Nenhum ato de descarte foi flagrado. A pilha de lixo permanece inalterada em todos os frames. Um motociclista passa sem interagir. Um pedestre caminha pela área, mas não deposita material. Um veículo branco permanece estacionado sem descarregar. Não há evidência de deposição de resíduos.",5933,218,0,0.003724,16021,
qwen3-vl-235b:v4_casc_5f,bedrock,qwen.qwen3-vl-235b-a22b,evt-20260722_130757,evt-20260722_130757,baseline,16,16,5,low,0,0.82,low,5,qwen3-vl-235b,qwen3-vl-235b,v4,tool,1,0,95,0,,,A motorcycle passes through the scene; a person walks past the pile without interacting with it. No material was deposited or removed from the pile. The white van remained stationary but no unloading or loading was observed.,2773,242,0,0.002113,11280,
qwen3-vl-235b:v4_single,bedrock,qwen.qwen3-vl-235b-a22b,evt-20260722_131914,evt-20260722_131914,baseline,7,7,7,low,0,0.37,,,qwen3-vl-235b,qwen3-vl-235b,v4,tool,1,0,,0,95,Lixo domiciliar,"Baseline: pilha de lixo domiciliar existente na guia. Um carro vermelho passa pela via sem parar, sem interação com a pilha. Nenhum ator é visto depositando material. Pilha permanece inalterada visualmente entre os frames. Não há flagrante de descarte.",3637,208,0,0.002481,6944,
qwen3-vl-235b:v4_casc_5f,bedrock,qwen.qwen3-vl-235b-a22b,evt-20260722_131914,evt-20260722_131914,baseline,7,7,5,low,0,0.37,low,5,qwen3-vl-235b,qwen3-vl-235b,v4,tool,1,0,100,0,,,"No person, vehicle, or handcart is visible in any frame. The waste pile remains unchanged. No deposit or collection activity occurred.",2773,204,0,0.002012,7778,
qwen3-vl-235b:v4_casc,bedrock,qwen.qwen3-vl-235b-a22b,evt-20260722_131914,evt-20260722_131914,baseline,7,7,7,low,0,0.37,low,7,qwen3-vl-235b,qwen3-vl-235b,v4,tool,1,0,95,0,,,A red car briefly appears and drives away; no person exits or handles material. The waste pile remains unchanged. No deposit behavior observed.,3284,198,0,0.002267,9589,
qwen3-vl-235b:v4_single,bedrock,qwen.qwen3-vl-235b-a22b,evt-20260722_133402,evt-20260722_133402,baseline,6,6,6,low,0,0.32,,,qwen3-vl-235b,qwen3-vl-235b,v4,tool,1,0,,0,95,,"Baseline: pilha de lixo residencial existente na guia, solo enlameado, sem veículos ou pessoas no primeiro frame. Ator: homem com mochila aparece no último frame, caminhando ao lado da pilha sem interagir com ela. Nenhum ato de deposição ou remoção foi observado. Pilha permanece inalterada ao longo ",3383,229,0,0.002402,9605,
qwen3-vl-235b:v4_casc,bedrock,qwen.qwen3-vl-235b-a22b,evt-20260722_133402,evt-20260722_133402,baseline,6,6,6,low,0,0.32,low,6,qwen3-vl-235b,qwen3-vl-235b,v4,tool,1,0,100,0,,,No person or vehicle is seen interacting with the pile. The waste pile remains unchanged across all frames. A pedestrian appears briefly but does not handle any material.,3029,197,0,0.002129,7713,
qwen3-vl-235b:v4_casc_5f,bedrock,qwen.qwen3-vl-235b-a22b,evt-20260722_133402,evt-20260722_133402,baseline,6,6,5,low,0,0.32,low,5,qwen3-vl-235b,qwen3-vl-235b,v4,tool,1,0,100,0,,,No person or vehicle interacted with the pile across all frames. The waste pile remains unchanged. A pedestrian briefly appears but does not deposit or collect material.,2774,190,0,0.001976,6665,
qwen3-vl-235b:v4_single,bedrock,qwen.qwen3-vl-235b-a22b,evt-20260722_134507,evt-20260722_134507,baseline,9,9,9,low,0,0.47,,,qwen3-vl-235b,qwen3-vl-235b,v4,tool,1,0,,0,95,,Nenhum ato de descarte foi flagrado. A pilha de lixo permaneceu inalterada durante toda a sequência. Um pedestre e um veículo passaram sem interagir com o lixo. Um motociclista transitou pela área sem descarregar material. Não há evidência visual de deposição.,4148,192,0,0.002709,8128,
qwen3-vl-235b:v4_casc_5f,bedrock,qwen.qwen3-vl-235b-a22b,evt-20260722_134507,evt-20260722_134507,baseline,9,9,5,low,0,0.47,low,5,qwen3-vl-235b,qwen3-vl-235b,v4,tool,1,0,95,0,,,A person walks past the pile without interacting; a white van enters and exits the frame without stopping or unloading. No material was deposited or removed from the pile during the observed frames.,2773,246,0,0.002124,8009,
qwen3-vl-235b:v4_casc,bedrock,qwen.qwen3-vl-235b-a22b,evt-20260722_134507,evt-20260722_134507,baseline,9,9,9,low,0,0.47,low,9,qwen3-vl-235b,qwen3-vl-235b,v4,tool,1,0,95,0,,,No person or vehicle is seen depositing material. A white van and a motorcycle pass through the scene without stopping or unloading. The waste pile remains visually unchanged between frames.,3793,226,0,0.002611,8451,
qwen3-vl-235b:v4_single,bedrock,qwen.qwen3-vl-235b-a22b,evt-20260722_140141,evt-20260722_140141,baseline,10,10,10,low,0,0.53,,,qwen3-vl-235b,qwen3-vl-235b,v4,tool,1,0,,0,95,Lixo domiciliar,"Baseline: pilha extensa de lixo domiciliar na guia, estado normal. Ator 1 (preto, mochila) caminha pela via sem interagir com a pilha. Ator 2 (boné rosa, shorts) atravessa a via, também sem tocar o lixo. Nenhum ato de deposição ou manuseio de material foi observado. Pilha inalterada entre os frames.",4403,257,0,0.003017,8587,
qwen3-vl-235b:v4_casc,bedrock,qwen.qwen3-vl-235b-a22b,evt-20260722_140141,evt-20260722_140141,baseline,10,10,10,low,0,0.53,low,10,qwen3-vl-235b,qwen3-vl-235b,v4,tool,1,0,95,0,,,Two individuals walk through the scene without interacting with the waste pile; no material is deposited or removed. The pile remains visually unchanged.,4049,247,0,0.002803,8666,
qwen3-vl-235b:v4_casc_5f,bedrock,qwen.qwen3-vl-235b-a22b,evt-20260722_140141,evt-20260722_140141,baseline,10,10,5,low,0,0.53,low,5,qwen3-vl-235b,qwen3-vl-235b,v4,tool,1,0,95,0,,,Two pedestrians walked through the scene without interacting with the pile; no material was deposited or removed. The pile remained unchanged.,2774,221,0,0.002058,11287,
