request_id,day,first,last,window_size,n_found,label,det_id8,brt,agent1_conf,agent1_litter,comment
7a763ded-5a2f-4e1d-bae9-d460dddd29e7,09,2026-07-09_00-29-14.jpg,2026-07-09_00-32-14.jpg,37,37,NEG,,,0,False,
9eca5d46-42da-41be-924d-1566dae7f656,09,2026-07-09_00-41-59.jpg,2026-07-09_00-45-04.jpg,38,38,NEG,,,0,False,
f13a0b5c-ca54-48e5-99cc-6ad7011daf62,09,2026-07-09_00-45-09.jpg,2026-07-09_00-48-34.jpg,42,42,NEG,,,0,False,
1fccaf9c-9aad-471a-aed8-e492b798f1b5,09,2026-07-09_03-33-04.jpg,2026-07-09_03-36-09.jpg,38,38,NEG,,,0,False,
b4167c4c-a54d-415b-938d-7d1a8ab78ccb,09,2026-07-09_03-43-19.jpg,2026-07-09_03-46-20.jpg,37,37,NEG,,,0,False,
373a63b1-ef99-407a-99b9-223234bfea6a,09,2026-07-09_05-11-14.jpg,2026-07-09_05-14-39.jpg,42,42,NEG,,,0,False,
5eb31f72-1828-4922-8d91-4afc94d194e5,09,2026-07-09_05-14-44.jpg,2026-07-09_05-18-34.jpg,47,47,TRIG_NOLABEL,,,90,True,
d54c12fc-c641-4353-93b5-1270c8fdd7f4,09,2026-07-09_05-18-39.jpg,2026-07-09_05-22-34.jpg,48,48,NEG,,,0,False,
ba4460f0-4583-4ce1-aae6-644e4f442042,09,2026-07-09_05-22-39.jpg,2026-07-09_05-26-34.jpg,48,48,NEG,,,50,False,
83073ab6-00c4-465f-ad90-7deaaf589861,09,2026-07-09_05-40-40.jpg,2026-07-09_05-43-44.jpg,38,38,TRIG_NOLABEL,,,90,True,
3309a392-3904-4a70-8662-5dac4e588819,09,2026-07-09_05-43-50.jpg,2026-07-09_05-47-24.jpg,44,44,NEG,,,0,False,
b3ff1296-0e17-4d0c-bd2b-ef1743a09828,09,2026-07-09_05-54-10.jpg,2026-07-09_05-57-20.jpg,39,39,TRIG_NOLABEL,,,90,True,
7582cedf-cd6b-470f-8dc1-2f3c9c63390b,09,2026-07-09_05-57-25.jpg,2026-07-09_06-01-19.jpg,48,48,NEG,,,40,False,
8287af92-1a70-44fc-9b87-3564df219b4b,09,2026-07-09_06-22-34.jpg,2026-07-09_06-26-04.jpg,43,43,TRIG_NOLABEL,,,90,True,
09ea7633-4563-48e5-858a-5036a8305405,09,2026-07-09_06-26-10.jpg,2026-07-09_06-29-54.jpg,46,46,NEG,,,50,False,
5bce60e1-513f-4073-a4cd-1621e7612b92,09,2026-07-09_06-52-10.jpg,2026-07-09_06-55-35.jpg,42,42,NEG,,,0,False,
48204e76-1b17-411e-8f33-4cb3ff4fd959,09,2026-07-09_07-25-30.jpg,2026-07-09_07-28-35.jpg,38,38,TRIG_NOLABEL,,,90,True,
08a8220c-a534-45e7-b511-9119ffcab2b8,09,2026-07-09_07-35-45.jpg,2026-07-09_07-39-05.jpg,41,41,NEG,,,50,False,
a6f06649-5cec-47f0-a5d1-24595430df07,09,2026-07-09_08-07-10.jpg,2026-07-09_08-10-25.jpg,40,40,NEG,,,0,False,
25375a83-ae37-43dd-ad54-74ac0ba7bc08,09,2026-07-09_08-14-30.jpg,2026-07-09_08-17-40.jpg,39,39,NEG,,,0,False,
1e5dcb35-fc65-4e15-9aa6-9103e8a59f1e,09,2026-07-09_08-40-30.jpg,2026-07-09_08-44-20.jpg,47,47,TRIG_NOLABEL,,,85,True,
bd28c40b-46b1-40c3-a1cf-23730b5634b3,09,2026-07-09_08-44-25.jpg,2026-07-09_08-48-19.jpg,48,48,NEG,,,0,False,
a7752cfb-989b-422e-84ed-400b4f7a5a33,09,2026-07-09_08-48-24.jpg,2026-07-09_08-52-20.jpg,48,48,TRIG_NOLABEL,,,90,True,
81a034c5-5989-465b-b69c-1f3bd31a465d,09,2026-07-09_08-52-25.jpg,2026-07-09_08-56-20.jpg,48,48,NEG,,,50,False,
9144190e-c1b7-4383-a7c5-e70a00a42c32,09,2026-07-09_09-07-16.jpg,2026-07-09_09-10-15.jpg,38,38,TRIG_NOLABEL,,,90,True,
580f79ff-3e7a-4866-855a-395098596974,09,2026-07-09_09-10-20.jpg,2026-07-09_09-13-55.jpg,44,44,NEG,,,0,False,
565298f6-09cf-411b-bd1a-9978aeca7d17,09,2026-07-09_09-30-42.jpg,2026-07-09_09-34-37.jpg,48,48,NEG,,,50,False,
f4914168-99f8-47b8-8595-980cbd677900,09,2026-07-09_09-34-43.jpg,2026-07-09_09-38-37.jpg,48,48,NEG,,,50,False,
2668a321-79e9-4f2e-9162-205c22c03976,09,2026-07-09_09-38-42.jpg,2026-07-09_09-40-52.jpg,27,27,NEG,,,30,False,
58304f8e-d452-4c3f-a974-6c9b5739898d,09,2026-07-09_09-40-57.jpg,2026-07-09_09-44-52.jpg,48,48,NEG,,,60,False,
0f4b08d4-de31-4e48-832f-220d28ef1cbe,09,2026-07-09_09-44-57.jpg,2026-07-09_09-48-53.jpg,48,48,NEG,,,0,False,
62cdc9d8-2c8f-4053-bf4d-39fe1ad1b289,09,2026-07-09_10-03-52.jpg,2026-07-09_10-07-37.jpg,46,46,NEG,,,0,False,
c9442795-f753-4388-93a0-13180a05cea3,09,2026-07-09_10-11-42.jpg,2026-07-09_10-14-47.jpg,38,38,NEG,,,50,False,
7ebaa738-9391-476d-9516-0a0d2e02374c,09,2026-07-09_10-14-52.jpg,2026-07-09_10-18-33.jpg,45,45,REJ,867c199c,2026-07-09 10:19:33.752302,0,False,Sem descartes.
7575aa11-c71b-4651-bb45-9104178ef651,09,2026-07-09_10-18-37.jpg,2026-07-09_10-22-33.jpg,48,48,TRIG_NOLABEL,,,90,True,
01ff958f-995f-4943-aeaa-003906a38001,09,2026-07-09_10-22-38.jpg,2026-07-09_10-26-32.jpg,48,48,NEG,,,0,False,
a1fb5e8c-e86a-4174-bbed-2534e6b0a393,09,2026-07-09_10-26-38.jpg,2026-07-09_10-30-12.jpg,44,44,TRIG_NOLABEL,,,90,True,
9f377aab-e2b9-4872-8875-5eab05ddb0eb,09,2026-07-09_10-30-17.jpg,2026-07-09_10-34-03.jpg,46,46,TRIG_NOLABEL,,,90,True,
9323fe85-2d7b-467a-a962-aca592558786,09,2026-07-09_10-34-08.jpg,2026-07-09_10-38-03.jpg,48,48,NEG,,,0,False,
fdedf36f-b276-4c69-8b6b-097f79f6b3e3,09,2026-07-09_10-48-52.jpg,2026-07-09_10-52-22.jpg,43,43,NEG,,,60,False,
f8ee3236-cbbe-4fa3-a8a2-107873d1b368,09,2026-07-09_10-56-27.jpg,2026-07-09_10-59-57.jpg,43,43,NEG,,,0,False,
8478afa8-16fd-43f3-af6f-9005df6262fd,09,2026-07-09_11-00-02.jpg,2026-07-09_11-03-52.jpg,47,47,NEG,,,0,False,
830830c5-eb3a-42e9-bce3-300e3d31438e,09,2026-07-09_11-03-57.jpg,2026-07-09_11-07-27.jpg,43,43,NEG,,,50,False,
7250557f-b3f5-40d8-9719-80fd92b10988,09,2026-07-09_11-07-32.jpg,2026-07-09_11-10-52.jpg,41,41,NEG,,,0,False,
c9b6c42f-d62a-4736-9207-61d91acbb58b,09,2026-07-09_11-10-57.jpg,2026-07-09_11-14-22.jpg,42,42,NEG,,,50,False,
b2a47ffe-d0ce-4580-92aa-2788ddfdad5c,09,2026-07-09_11-14-27.jpg,2026-07-09_11-17-43.jpg,40,40,NEG,,,0,False,
3f6f320e-6b30-45bf-a09c-a54894aa473b,09,2026-07-09_11-17-47.jpg,2026-07-09_11-21-42.jpg,48,48,NEG,,,50,False,
b9163358-4be3-4758-b853-332366a1f9e5,09,2026-07-09_11-21-47.jpg,2026-07-09_11-25-37.jpg,47,47,NEG,,,50,False,
6ad7357a-6c7d-4383-ad39-0cd9a30fba2c,09,2026-07-09_11-25-42.jpg,2026-07-09_11-29-12.jpg,43,43,NEG,,,0,False,
cd4892ea-b58d-43ed-9abf-3e207a2cbd8e,09,2026-07-09_11-29-17.jpg,2026-07-09_11-33-02.jpg,46,46,NEG,,,60,False,
454655fc-aea6-4952-99ab-7658a6e5d683,09,2026-07-09_11-33-07.jpg,2026-07-09_11-36-47.jpg,45,45,NEG,,,0,False,
cee74e8c-cd4e-42a2-af73-b2be5c9c59cb,09,2026-07-09_11-36-52.jpg,2026-07-09_11-40-12.jpg,41,41,NEG,,,0,False,
36761931-22b0-41e6-9799-cb633afaba5f,09,2026-07-09_11-40-17.jpg,2026-07-09_11-43-42.jpg,42,42,NEG,,,0,False,
cd071146-e072-40da-86f0-c02564ee993d,09,2026-07-09_11-43-47.jpg,2026-07-09_11-47-07.jpg,41,41,NEG,,,0,False,
735bb87b-efac-465e-94f7-9194090999df,09,2026-07-09_11-47-12.jpg,2026-07-09_11-50-37.jpg,42,42,NEG,,,50,False,
4e58fd07-9d43-4436-9956-efca6fdae41d,09,2026-07-09_11-50-42.jpg,2026-07-09_11-54-22.jpg,45,45,NEG,,,50,False,
1821b34a-9635-48f6-a6ea-e31c92e28ce0,09,2026-07-09_11-54-27.jpg,2026-07-09_11-57-57.jpg,43,43,NEG,,,50,False,
24d38bcb-e855-4716-a4a5-53ae008d4ce6,09,2026-07-09_11-58-02.jpg,2026-07-09_12-01-17.jpg,40,40,TRIG_NOLABEL,,,90,True,
93bba66b-4212-4f42-8fca-d984b8b2fec7,09,2026-07-09_12-01-22.jpg,2026-07-09_12-05-17.jpg,48,48,TRIG_NOLABEL,,,85,True,
b3f3771c-ea4c-4af6-b62e-e4560c610dab,09,2026-07-09_12-05-22.jpg,2026-07-09_12-09-17.jpg,48,48,NEG,,,0,False,
df5a2502-7602-4ffc-a98e-7f272989b8f3,09,2026-07-09_12-09-22.jpg,2026-07-09_12-13-17.jpg,48,48,TRIG_NOLABEL,,,90,True,
d9345778-f5de-483e-9c5d-78443b27aab9,09,2026-07-09_12-13-22.jpg,2026-07-09_12-17-17.jpg,48,48,NEG,,,30,False,
2e3bdad0-8f0e-46ed-a6ef-46bcfa0741f4,09,2026-07-09_12-17-22.jpg,2026-07-09_12-18-27.jpg,14,14,REJ,e43c904b,2026-07-09 12:19:12.693993,85,True,"Nessas imagens, não conseguimos constatar o descarte irregular."
8177b6f9-a4bd-49d7-bce9-3a129203d66b,09,2026-07-09_12-18-32.jpg,2026-07-09_12-22-27.jpg,48,48,NEG,,,50,False,
4812792c-3dfa-42d5-9710-52a9bb02891d,09,2026-07-09_12-22-32.jpg,2026-07-09_12-26-28.jpg,48,48,NEG,,,50,False,
6809bb80-a66f-4e07-bd74-1510c8145357,09,2026-07-09_12-26-33.jpg,2026-07-09_12-29-57.jpg,42,42,NEG,,,50,False,
216daa70-39a8-47c7-bf6e-16ad903b4b68,09,2026-07-09_12-30-02.jpg,2026-07-09_12-33-57.jpg,48,48,NEG,,,50,False,
c521edaa-a70f-434f-9a79-fdc43d6ceab4,09,2026-07-09_12-34-02.jpg,2026-07-09_12-37-51.jpg,47,47,NEG,,,0,False,
7be893f8-637b-40ba-b311-9b1a3e4396b1,09,2026-07-09_12-37-57.jpg,2026-07-09_12-41-47.jpg,47,47,NEG,,,50,False,
7b4ccb2a-61ab-400e-a169-b3817df9d54c,09,2026-07-09_12-41-52.jpg,2026-07-09_12-45-12.jpg,41,41,REJ,635dc767,2026-07-09 12:45:42.188977,90,True,"Nessas imagens, não conseguimos constatar o descarte irregular."
1f2b7ced-317d-454d-9188-7e25e91d1e6c,09,2026-07-09_12-45-17.jpg,2026-07-09_12-49-01.jpg,46,46,NEG,,,0,False,
20ed9544-5313-4e51-8037-a21216bff49b,09,2026-07-09_12-49-07.jpg,2026-07-09_12-52-37.jpg,43,43,NEG,,,0,False,
ea7fb310-57a6-49c2-a851-f4329975c2ef,09,2026-07-09_12-52-43.jpg,2026-07-09_12-56-02.jpg,41,41,NEG,,,50,False,
fe463ce5-027c-476e-b9ae-ff21f47d9440,09,2026-07-09_12-56-07.jpg,2026-07-09_13-00-02.jpg,48,48,NEG,,,0,False,
cbe57b53-94f7-48f4-a10b-806c35600e12,09,2026-07-09_13-00-07.jpg,2026-07-09_13-03-52.jpg,46,46,NEG,,,50,False,
f2eb2280-7eed-4de0-a593-8addcb391349,09,2026-07-09_13-03-57.jpg,2026-07-09_13-07-28.jpg,43,43,NEG,,,0,False,
e17715b0-5d93-4c9a-8b2e-3ce0d8e12cec,09,2026-07-09_13-07-33.jpg,2026-07-09_13-11-17.jpg,46,46,NEG,,,0,False,
e152cb9b-a5cb-49fb-800a-aa77890e43f8,09,2026-07-09_13-11-22.jpg,2026-07-09_13-15-17.jpg,48,48,NEG,,,50,False,
ff313683-e620-42f8-a112-2eb2557bbe5e,09,2026-07-09_13-15-22.jpg,2026-07-09_13-19-07.jpg,46,46,TRIG_NOLABEL,,,90,True,
d504458e-52d7-4b4e-b8af-95467356a6c9,09,2026-07-09_13-19-12.jpg,2026-07-09_13-22-49.jpg,44,44,NEG,,,50,False,
8323083a-5455-4114-80d6-b3152906ea19,09,2026-07-09_13-22-54.jpg,2026-07-09_13-26-37.jpg,46,46,TRIG_NOLABEL,,,90,True,
1100f02c-59c7-474a-bda5-65f5fbb61a2f,09,2026-07-09_13-26-42.jpg,2026-07-09_13-30-17.jpg,44,44,NEG,,,60,False,
ef37862b-c811-43f3-ad2f-3e017ef596ec,09,2026-07-09_13-30-22.jpg,2026-07-09_13-33-57.jpg,44,44,NEG,,,50,False,
fab40a64-8aab-4038-9bf2-79ada94e400e,09,2026-07-09_13-34-02.jpg,2026-07-09_13-37-32.jpg,43,43,TRIG_NOLABEL,,,90,True,
d6e16a23-405e-45d1-8474-425b4bd732bd,09,2026-07-09_13-37-37.jpg,2026-07-09_13-41-12.jpg,44,44,NEG,,,0,False,
248be8b3-7391-486c-a75f-175913b6beb9,09,2026-07-09_13-41-17.jpg,2026-07-09_13-44-57.jpg,45,45,NEG,,,30,False,
b28e2e2d-de14-4087-9979-467082da3d5d,09,2026-07-09_13-45-02.jpg,2026-07-09_13-48-57.jpg,48,48,TRIG_NOLABEL,,,90,True,
73856db9-7423-4972-9a40-246971ac2a64,09,2026-07-09_13-49-02.jpg,2026-07-09_13-52-27.jpg,42,42,NEG,,,0,False,
db9979b0-6c80-4b93-ad9f-c5ac7f025231,09,2026-07-09_13-52-32.jpg,2026-07-09_13-56-02.jpg,43,43,NEG,,,55,False,
77955a2d-3b23-4023-a49f-fe64364b3ab3,09,2026-07-09_13-56-07.jpg,2026-07-09_13-59-47.jpg,45,45,NEG,,,50,False,
cc4d4999-a1bd-41cf-b106-e6dd8ca91698,09,2026-07-09_13-59-52.jpg,2026-07-09_14-03-22.jpg,43,43,NEG,,,30,False,
e4a2a381-8533-42c1-875b-11457f71bf04,09,2026-07-09_14-03-27.jpg,2026-07-09_14-07-22.jpg,48,48,NEG,,,0,False,
27a1531f-7a92-4587-ad98-759fce853db5,09,2026-07-09_14-07-27.jpg,2026-07-09_14-11-22.jpg,48,48,NEG,,,50,False,
8ca03bae-79c6-4298-9da6-3d3f7ae33a9a,09,2026-07-09_14-11-27.jpg,2026-07-09_14-15-22.jpg,48,48,NEG,,,0,False,
b5fa81c8-393f-47b8-b346-4fa9f37c004c,09,2026-07-09_14-15-27.jpg,2026-07-09_14-19-23.jpg,48,48,REJ,c4a988f8,2026-07-09 14:22:58.806879,85,True,
c30ecb59-23bb-4eff-9861-b1ce47564c6a,09,2026-07-09_14-19-27.jpg,2026-07-09_14-23-22.jpg,48,48,NEG,,,0,False,
ca95d329-7b3a-4c22-b134-99b8878dcbd5,09,2026-07-09_14-23-27.jpg,2026-07-09_14-27-24.jpg,48,48,NEG,,,50,False,
269c0818-130f-4cf2-bd1a-37dab0bac250,09,2026-07-09_14-27-29.jpg,2026-07-09_14-31-23.jpg,48,48,NEG,,,0,False,
d4d1673a-ee36-453f-b12e-728d85778427,09,2026-07-09_14-31-28.jpg,2026-07-09_14-35-22.jpg,48,48,NEG,,,0,False,
e4d01fb7-049b-453b-9486-b67cc1c067a0,09,2026-07-09_14-35-27.jpg,2026-07-09_14-39-22.jpg,48,48,NEG,,,50,False,
80e14380-2000-4f33-9b11-831f46d04602,09,2026-07-09_14-39-27.jpg,2026-07-09_14-42-52.jpg,42,42,NEG,,,0,False,
c92e5a7d-191f-4538-933d-ff3d013933f5,09,2026-07-09_14-42-57.jpg,2026-07-09_14-46-37.jpg,45,45,REJ,52cd3e39,2026-07-09 14:47:07.241301,85,True,"Analisando as imagens, não foi possível identificar flagrante de descarte."
1010317d-d30e-4a6c-961e-1ce1c5ba3f1d,09,2026-07-09_14-46-42.jpg,2026-07-09_14-50-17.jpg,44,44,NEG,,,50,False,
6d2ce235-39b0-40b3-aa8e-52618b782f63,09,2026-07-09_14-50-22.jpg,2026-07-09_14-53-57.jpg,44,44,NEG,,,50,False,
e11ff2c5-e2da-4c22-bd57-79b462afa7ca,09,2026-07-09_14-54-02.jpg,2026-07-09_14-57-47.jpg,46,46,NEG,,,0,False,
c2c02d6f-77ee-4b13-8680-3c75f9ac9691,09,2026-07-09_14-57-52.jpg,2026-07-09_15-01-32.jpg,45,45,NEG,,,0,False,
bdb0a42a-68fe-47a7-a2de-12b98c842e86,09,2026-07-09_15-01-37.jpg,2026-07-09_15-05-02.jpg,42,42,NEG,,,0,False,
2afc611a-5a67-4869-9fb1-519e6114fd85,09,2026-07-09_15-05-07.jpg,2026-07-09_15-08-47.jpg,45,45,NEG,,,50,False,
be09a839-11ce-469c-925f-486268abcaba,09,2026-07-09_15-08-52.jpg,2026-07-09_15-12-42.jpg,47,47,NEG,,,60,False,
9872f6ae-31a3-4c83-bf0b-7bd5ce8bbb15,09,2026-07-09_15-12-47.jpg,2026-07-09_15-16-27.jpg,45,45,NEG,,,0,False,
874efb89-65e7-4afa-b88b-ed004f6e2caa,09,2026-07-09_15-16-32.jpg,2026-07-09_15-20-07.jpg,44,44,NEG,,,0,False,
3bae382a-d178-4da1-90d7-0badc5838a5f,09,2026-07-09_15-20-12.jpg,2026-07-09_15-23-37.jpg,42,42,NEG,,,50,False,
c693ec7b-d6d9-4749-b1dc-8421f235a550,09,2026-07-09_15-23-42.jpg,2026-07-09_15-26-59.jpg,40,40,NEG,,,60,False,
c4e3ffb8-4ac1-46a0-96c4-137aaa72cb02,09,2026-07-09_15-27-04.jpg,2026-07-09_15-30-32.jpg,43,43,NEG,,,50,False,
443939ff-d4fd-4bd7-bbec-b29cb424adc6,09,2026-07-09_15-30-37.jpg,2026-07-09_15-34-02.jpg,42,42,NEG,,,50,False,
940d6246-4f7c-43db-9df9-1dffba8ff122,09,2026-07-09_15-34-07.jpg,2026-07-09_15-37-47.jpg,45,45,NEG,,,40,False,
1b882faa-dd5f-4339-973a-7169cd9ec8e2,09,2026-07-09_15-37-52.jpg,2026-07-09_15-41-12.jpg,41,41,NEG,,,50,False,
c9e2c4e6-1f06-4b24-8bb3-beb457f523bb,09,2026-07-09_15-41-17.jpg,2026-07-09_15-44-42.jpg,42,42,CONF,cc77ca9d,2026-07-09 15:45:22.909534,90,True,Descarte confirmado.
ea88447d-b3d5-4e81-94d8-1d62aaa7db4d,09,2026-07-09_15-44-48.jpg,2026-07-09_15-48-32.jpg,46,46,NEG,,,50,False,
0ee04ebb-881c-4d31-9c4f-a18dcbee5179,09,2026-07-09_15-48-37.jpg,2026-07-09_15-52-04.jpg,42,42,TRIG_NOLABEL,,,90,True,
4da64aff-892e-4e0e-b85a-b05476e7cab4,09,2026-07-09_15-52-08.jpg,2026-07-09_15-55-47.jpg,45,45,TRIG_NOLABEL,,,90,True,
403ce088-399c-459e-98d1-7ef4b6ec8356,09,2026-07-09_15-55-52.jpg,2026-07-09_15-59-27.jpg,44,44,CONF,e27740cb,2026-07-09 16:00:06.797877,90,True,Descarte confirmado.
2a066678-bdc0-4f4d-ad16-d3cb97adce69,09,2026-07-09_15-59-32.jpg,2026-07-09_16-03-22.jpg,47,47,CONF,e27740cb,2026-07-09 16:00:06.797877,85,True,Descarte confirmado.
e86905af-ac42-455f-850d-bcdd10e0f140,09,2026-07-09_16-03-27.jpg,2026-07-09_16-07-17.jpg,47,47,NEG,,,0,False,
a40d1f13-e66e-4863-a291-e8457e1e0f3f,09,2026-07-09_16-07-22.jpg,2026-07-09_16-11-02.jpg,45,45,REJ,480546f1,2026-07-09 16:11:37.034693,90,True,Notamos que o individuo retirou residuos da localidades.
92be45e4-08f1-44d9-8ac6-a2de9ff62404,09,2026-07-09_16-11-07.jpg,2026-07-09_16-15-03.jpg,48,48,REJ,480546f1,2026-07-09 16:11:37.034693,85,True,Notamos que o individuo retirou residuos da localidades.
dd979aed-9cb4-4012-adb8-8d4ec4e32b64,09,2026-07-09_16-15-07.jpg,2026-07-09_16-19-02.jpg,48,48,NEG,,,0,False,
98059e12-55fc-4f54-a938-92cc706b812d,09,2026-07-09_16-19-07.jpg,2026-07-09_16-23-02.jpg,48,48,NEG,,,55,False,
10d2a9b6-27eb-4982-bcde-8105b41a33f1,09,2026-07-09_16-23-07.jpg,2026-07-09_16-26-57.jpg,47,47,NEG,,,50,False,
fbf270d9-0475-43bf-b064-c6823c8b2221,09,2026-07-09_16-27-02.jpg,2026-07-09_16-30-47.jpg,46,46,TRIG_NOLABEL,,,85,True,
75617a17-54bc-4020-bec4-bd5a6b822447,09,2026-07-09_16-30-52.jpg,2026-07-09_16-34-37.jpg,46,46,NEG,,,50,False,
0da1161f-7a20-4481-8809-fac6fe5cedd8,09,2026-07-09_16-34-42.jpg,2026-07-09_16-38-37.jpg,48,48,NEG,,,50,False,
98da74f6-f147-42ca-aa19-8e51179df344,09,2026-07-09_16-38-42.jpg,2026-07-09_16-42-17.jpg,44,44,NEG,,,60,False,
1a46e9f3-364e-4973-b093-707594ea28ff,09,2026-07-09_16-42-22.jpg,2026-07-09_16-46-02.jpg,45,45,NEG,,,50,False,
a144e50f-efdf-428d-84be-c116d7d35684,09,2026-07-09_16-46-08.jpg,2026-07-09_16-49-40.jpg,43,43,NEG,,,0,False,
1e88fa67-a095-491a-8e46-61d2e1f172c6,09,2026-07-09_16-49-44.jpg,2026-07-09_16-53-17.jpg,44,44,NEG,,,50,False,
2d4b78a7-6e58-40e5-abeb-5349a28dec83,09,2026-07-09_16-53-22.jpg,2026-07-09_16-56-52.jpg,43,43,NEG,,,50,False,
3f77a7ac-f43d-43b9-98cb-c1949af4ecf1,09,2026-07-09_16-56-57.jpg,2026-07-09_17-00-52.jpg,48,48,NEG,,,0,False,
36fd2667-0fc8-4cc9-8158-c988a9a20c96,09,2026-07-09_17-00-57.jpg,2026-07-09_17-04-23.jpg,42,42,NEG,,,60,False,
0abd3923-81a3-4bc4-9205-1cd4fd9ef60e,09,2026-07-09_17-04-28.jpg,2026-07-09_17-08-07.jpg,45,45,NEG,,,50,False,
bdbc4b6c-bf8e-4c08-b6de-0f7d77a6ea14,09,2026-07-09_17-08-12.jpg,2026-07-09_17-11-37.jpg,41,41,NEG,,,0,False,
ac375b67-5336-43ce-8119-98364535a890,09,2026-07-09_17-11-42.jpg,2026-07-09_17-15-18.jpg,45,45,TRIG_NOLABEL,,,85,True,
d01b69d8-1439-46d1-901f-73ba6b2312cb,09,2026-07-09_17-15-23.jpg,2026-07-09_17-18-57.jpg,44,44,NEG,,,50,False,
66a0d674-1974-4bc2-9d48-38e6b1c3e50d,09,2026-07-09_17-19-02.jpg,2026-07-09_17-22-52.jpg,47,47,NEG,,,50,False,
d428d4cd-09d0-4b6c-9aba-0361be2e1cde,09,2026-07-09_17-22-57.jpg,2026-07-09_17-26-52.jpg,48,48,NEG,,,0,False,
159001d4-f8f2-48f2-90e3-1e8f12971afd,09,2026-07-09_17-26-57.jpg,2026-07-09_17-30-46.jpg,47,47,NEG,,,50,False,
24bbac87-47c2-4144-b923-fcd89d1943b4,09,2026-07-09_17-30-52.jpg,2026-07-09_17-34-46.jpg,48,48,NEG,,,50,False,
8156010a-a6e7-42cc-a025-7c7572b17dec,09,2026-07-09_17-34-51.jpg,2026-07-09_17-38-42.jpg,47,47,NEG,,,50,False,
fd207db7-bbfe-4a2b-8546-3e28c69aa847,09,2026-07-09_17-38-47.jpg,2026-07-09_17-42-41.jpg,48,48,NEG,,,40,False,
a38f0fc8-f93a-4cd5-b4af-59a491505c82,09,2026-07-09_17-42-47.jpg,2026-07-09_17-46-41.jpg,48,48,NEG,,,50,False,
689aef3f-ab66-4c53-b157-fd8daa32f43f,09,2026-07-09_17-46-46.jpg,2026-07-09_17-50-42.jpg,48,48,NEG,,,50,False,
e6bdb639-89ff-477f-8980-147e9f0b6aca,09,2026-07-09_17-50-47.jpg,2026-07-09_17-54-42.jpg,48,48,NEG,,,0,False,
8ac188d5-a65c-4256-90c8-03157f522cd7,09,2026-07-09_17-54-47.jpg,2026-07-09_17-58-27.jpg,45,45,TRIG_NOLABEL,,,90,True,
b375d619-67bd-4f62-8c99-4f35cc522a6e,09,2026-07-09_17-58-31.jpg,2026-07-09_18-02-22.jpg,47,47,NEG,,,50,False,
21915400-bbe9-4401-bfea-e1ddbc15f230,09,2026-07-09_18-02-26.jpg,2026-07-09_18-05-51.jpg,42,42,REJ,dff6c72a,2026-07-09 18:06:17.584392,85,True,Não houve descarte.
f536f7f7-78ef-4a8e-9710-8499c5375ec7,09,2026-07-09_18-05-56.jpg,2026-07-09_18-09-22.jpg,42,42,NEG,,,50,False,
ead79949-5203-4f80-83f4-e7e3373f3078,09,2026-07-09_18-09-26.jpg,2026-07-09_18-12-52.jpg,42,42,NEG,,,50,False,
05a2055d-23c6-422e-ab60-cd697abaec4d,09,2026-07-09_18-12-57.jpg,2026-07-09_18-16-12.jpg,40,40,NEG,,,50,False,
19c3128b-f2d8-4a02-83b1-b57e0397021e,09,2026-07-09_18-16-17.jpg,2026-07-09_18-19-36.jpg,41,41,NEG,,,0,False,
b6ccc757-26ef-42b9-8dd7-22bd14a499eb,09,2026-07-09_18-19-42.jpg,2026-07-09_18-22-57.jpg,40,40,NEG,,,50,False,
37161c07-8589-42d4-8944-90ab6d710275,09,2026-07-09_18-23-02.jpg,2026-07-09_18-26-47.jpg,46,46,NEG,,,0,False,
f37c2000-107f-46be-9e4a-f895a587c9e0,09,2026-07-09_18-26-52.jpg,2026-07-09_18-30-06.jpg,40,40,NEG,,,30,False,
dba523f1-7d19-4abb-8255-322b74f5f3b6,09,2026-07-09_18-30-11.jpg,2026-07-09_18-34-01.jpg,47,47,NEG,,,50,False,
68e18c11-3bab-4346-9189-8e512ed2f035,09,2026-07-09_18-34-06.jpg,2026-07-09_18-37-22.jpg,40,40,TRIG_NOLABEL,,,90,True,
6f7ce400-81ea-43a1-a93e-9f4d108d7231,09,2026-07-09_18-37-27.jpg,2026-07-09_18-40-52.jpg,42,42,NEG,,,0,False,
840b49be-06d7-4a89-9b87-b0256ad5c188,09,2026-07-09_18-40-57.jpg,2026-07-09_18-44-41.jpg,46,46,NEG,,,40,False,
3c8a71c7-0876-4804-b9b2-68a8a25797a1,09,2026-07-09_18-44-47.jpg,2026-07-09_18-48-01.jpg,40,40,NEG,,,50,False,
4ada52f6-28ee-44c0-b8a4-e83daeeba0bc,09,2026-07-09_18-48-06.jpg,2026-07-09_18-51-32.jpg,42,42,NEG,,,0,False,
7331d67a-9bc6-4aa2-a8c4-2ab82cca3b54,09,2026-07-09_18-51-37.jpg,2026-07-09_18-54-52.jpg,40,40,REJ,b19b9562,2026-07-09 18:55:17.27328,90,True,Não flagramos descarte.
c80ae089-30b0-497b-8490-6391beedaaa0,09,2026-07-09_18-54-57.jpg,2026-07-09_18-58-22.jpg,42,42,NEG,,,40,False,
1570d864-6b13-409b-975c-6b21e81da2e0,09,2026-07-09_18-58-26.jpg,2026-07-09_19-01-51.jpg,42,42,NEG,,,0,False,
bab00b86-b3e0-4ee0-a93a-eab3dd15e261,09,2026-07-09_19-01-56.jpg,2026-07-09_19-05-16.jpg,41,41,NEG,,,50,False,
3ec295cd-3f1e-4a79-a799-960c5ccb87ad,09,2026-07-09_19-05-21.jpg,2026-07-09_19-08-48.jpg,42,42,TRIG_NOLABEL,,,85,True,
1705cd60-56e7-4dae-b5ce-1e9091c45ad8,09,2026-07-09_19-08-52.jpg,2026-07-09_19-12-16.jpg,42,42,NEG,,,50,False,
92484768-c559-40e9-b156-395732728889,09,2026-07-09_19-12-22.jpg,2026-07-09_19-15-46.jpg,42,42,NEG,,,50,False,
0c943d5f-030d-42b3-a2d9-49339fc8fff9,09,2026-07-09_19-15-52.jpg,2026-07-09_19-19-17.jpg,42,42,NEG,,,50,False,
b79196c9-3e6e-4384-afdf-23b278e22f67,09,2026-07-09_19-19-22.jpg,2026-07-09_19-22-36.jpg,40,40,NEG,,,50,False,
72c931e3-880a-46c1-9f5f-5c3106d7637c,09,2026-07-09_19-22-41.jpg,2026-07-09_19-26-06.jpg,42,42,NEG,,,0,False,
e536886e-dd0b-4542-be9b-273fcd42b767,09,2026-07-09_19-26-11.jpg,2026-07-09_19-29-24.jpg,39,39,TRIG_NOLABEL,,,90,True,
2cead4ee-6d24-455c-b334-bc6b6c77a279,09,2026-07-09_19-29-28.jpg,2026-07-09_19-32-57.jpg,43,43,NEG,,,0,False,
67933d98-bbcc-4916-8e04-756f1f59b388,09,2026-07-09_19-33-02.jpg,2026-07-09_19-36-36.jpg,44,44,NEG,,,0,False,
76852472-b1d7-45b4-a7f1-fd5001dc6e42,09,2026-07-09_19-36-41.jpg,2026-07-09_19-39-56.jpg,40,40,NEG,,,50,False,
f11dec21-c43b-4f11-a6b7-a950e47cc042,09,2026-07-09_19-40-01.jpg,2026-07-09_19-43-26.jpg,42,42,NEG,,,0,False,
d70a6b4d-92d7-410d-9ce0-34c8a83bb596,09,2026-07-09_19-43-32.jpg,2026-07-09_19-46-46.jpg,40,40,NEG,,,50,False,
c7502538-f3bc-4d11-8aff-522e9edd5699,09,2026-07-09_19-46-51.jpg,2026-07-09_19-50-12.jpg,41,41,NEG,,,50,False,
98e0621e-8beb-44b9-bdba-497e17cae8c5,09,2026-07-09_19-50-17.jpg,2026-07-09_19-53-31.jpg,40,40,NEG,,,50,False,
dcffc4f3-a519-45f0-b07c-0859e576e8e9,09,2026-07-09_19-53-36.jpg,2026-07-09_19-57-02.jpg,42,42,NEG,,,0,False,
ddbbe572-dd32-4360-b2fe-ba32f2438a07,09,2026-07-09_19-57-06.jpg,2026-07-09_20-00-17.jpg,39,39,NEG,,,50,False,
71fb6873-1c12-41c3-a5fc-7c77053f9319,09,2026-07-09_20-00-22.jpg,2026-07-09_20-03-47.jpg,42,42,NEG,,,0,False,
353e75be-4284-48b4-a394-10198d2e3bfd,09,2026-07-09_20-03-52.jpg,2026-07-09_20-07-06.jpg,40,40,NEG,,,50,False,
59d9359f-92cf-4d81-bdba-e14d29b1b163,09,2026-07-09_20-07-11.jpg,2026-07-09_20-10-32.jpg,41,41,REJ,0bf2b261,2026-07-09 20:11:10.057414,85,True,Não flagramos descarte.
59c2d6b4-7cc1-49fd-b1e1-be0dc8cf422c,09,2026-07-09_20-10-37.jpg,2026-07-09_20-14-32.jpg,48,48,NEG,,,0,False,
ee048b5f-4c05-4b5d-a409-054b3126a4e9,09,2026-07-09_20-14-37.jpg,2026-07-09_20-17-52.jpg,40,40,NEG,,,0,False,
e8c436d4-e3d6-4989-b673-eda175a5abf4,09,2026-07-09_20-17-56.jpg,2026-07-09_20-21-42.jpg,46,46,NEG,,,0,False,
c06d02ea-08ca-45d8-9b69-3f5f2ce2b5a2,09,2026-07-09_20-21-46.jpg,2026-07-09_20-25-02.jpg,40,40,TRIG_NOLABEL,,,90,True,
d50d8cc5-8eeb-4dc8-890a-6553c32dff48,09,2026-07-09_20-25-07.jpg,2026-07-09_20-28-27.jpg,41,41,NEG,,,50,False,
59ebc146-c32d-4705-addc-b1a8087fbb5c,09,2026-07-09_20-28-31.jpg,2026-07-09_20-32-07.jpg,44,44,NEG,,,0,False,
bbea102e-32e5-48c2-9e85-efd9aa7444bb,09,2026-07-09_20-32-11.jpg,2026-07-09_20-35-27.jpg,40,40,NEG,,,50,False,
26a58bc3-0f7e-4fa9-bdab-fd17cce8b86f,09,2026-07-09_20-35-31.jpg,2026-07-09_20-38-56.jpg,42,42,NEG,,,0,False,
3bb9ad37-e5e9-47c2-9596-b921c2571d52,09,2026-07-09_20-39-01.jpg,2026-07-09_20-42-17.jpg,40,40,NEG,,,0,False,
8fff8942-20be-4366-95a1-e61ac372b3c0,09,2026-07-09_20-42-21.jpg,2026-07-09_20-45-42.jpg,41,41,REJ,d73bfc58,2026-07-09 20:46:12.634085,90,True,Presença de catadores.
0e19c77a-66fb-42aa-a194-dbae351eeb53,09,2026-07-09_20-45-47.jpg,2026-07-09_20-49-16.jpg,43,43,NEG,,,0,False,
6ebbafa7-298f-4772-bb79-6f41d1ddf6b9,09,2026-07-09_20-49-21.jpg,2026-07-09_20-52-36.jpg,40,40,NEG,,,50,False,
5c44c2a6-7a04-44ce-b413-6ef12791e127,09,2026-07-09_20-52-42.jpg,2026-07-09_20-56-07.jpg,42,42,NEG,,,0,False,
ff00648c-9283-4f1f-a29d-29524cbc7a97,09,2026-07-09_20-56-11.jpg,2026-07-09_20-59-46.jpg,44,44,NEG,,,0,False,
88520674-5739-44f9-8b34-8c70cf532f41,09,2026-07-09_20-59-51.jpg,2026-07-09_21-03-26.jpg,44,44,NEG,,,0,False,
74c55178-4d2a-49cc-a9d8-80eeef6e43b4,09,2026-07-09_21-03-32.jpg,2026-07-09_21-06-47.jpg,40,40,NEG,,,60,False,
8e373a20-ba1c-4084-9e98-18e6eae752eb,09,2026-07-09_21-06-51.jpg,2026-07-09_21-10-17.jpg,42,42,NEG,,,0,False,
269118e1-a960-43e8-b193-ac96af6beaf7,09,2026-07-09_21-10-22.jpg,2026-07-09_21-13-36.jpg,40,40,NEG,,,50,False,
35280e01-8705-436b-8b3e-dc5cede75be7,09,2026-07-09_21-13-42.jpg,2026-07-09_21-17-17.jpg,44,44,TRIG_NOLABEL,,,85,True,
dd3a5772-85e1-485b-91f5-5fffccfb6b04,09,2026-07-09_21-17-22.jpg,2026-07-09_21-20-52.jpg,43,43,NEG,,,0,False,
297205d2-dce0-4327-849f-19f7c97d81de,09,2026-07-09_21-20-56.jpg,2026-07-09_21-24-11.jpg,40,40,NEG,,,50,False,
811c3fd8-cc1e-42c8-9d7e-c3f04e7904d2,09,2026-07-09_21-24-18.jpg,2026-07-09_21-27-41.jpg,42,42,NEG,,,50,False,
1907aec7-1d5e-49f8-8f29-522cff9e7950,09,2026-07-09_21-27-47.jpg,2026-07-09_21-31-06.jpg,41,41,NEG,,,0,False,
8bac8257-3075-4132-91e1-0dd0f962c995,09,2026-07-09_21-31-12.jpg,2026-07-09_21-34-32.jpg,41,41,NEG,,,0,False,
12b68dcc-0a63-4d2e-b44e-1d5ae5e0429f,09,2026-07-09_21-34-37.jpg,2026-07-09_21-37-52.jpg,40,40,NEG,,,50,False,
2946c75b-0a3e-4ac6-bfbd-944fad286731,09,2026-07-09_21-37-57.jpg,2026-07-09_21-41-16.jpg,41,41,REJ,98c180c8,2026-07-09 21:41:47.016445,85,True,Sem descarte.
eca11f90-f4b8-4daf-8f13-9aa6d82fec0b,09,2026-07-09_21-41-21.jpg,2026-07-09_21-44-51.jpg,43,43,NEG,,,50,False,
8d77da9d-0749-474a-b20a-b903d5c068a0,09,2026-07-09_21-44-56.jpg,2026-07-09_21-48-11.jpg,40,40,NEG,,,40,False,
a5fe828e-00a7-4666-8a96-1a3f017c2147,09,2026-07-09_21-48-16.jpg,2026-07-09_21-52-06.jpg,47,47,NEG,,,50,False,
89606c44-e111-44f5-a53f-bc14033d1c3b,09,2026-07-09_21-52-11.jpg,2026-07-09_21-55-51.jpg,45,45,NEG,,,50,False,
ba02ba32-39c2-4873-b0a1-5969588336c0,09,2026-07-09_21-55-57.jpg,2026-07-09_21-59-16.jpg,41,41,TRIG_NOLABEL,,,90,True,
69b5f193-26de-4c05-9b15-00efe02ce322,09,2026-07-09_21-59-21.jpg,2026-07-09_22-03-01.jpg,45,45,NEG,,,50,False,
58fe164a-6bed-4840-b791-cd0a5262cdca,09,2026-07-09_22-03-06.jpg,2026-07-09_22-06-26.jpg,41,41,NEG,,,60,False,
c668b205-310a-410e-b56a-7383f293b307,09,2026-07-09_22-06-31.jpg,2026-07-09_22-09-51.jpg,41,41,NEG,,,50,False,
9d459e60-1a8f-4bff-ad00-f4f73d311bf8,09,2026-07-09_22-09-56.jpg,2026-07-09_22-13-11.jpg,40,40,NEG,,,0,False,
0dcbd6b5-8b0f-4aff-80ef-37fe91a4f3e6,09,2026-07-09_22-13-16.jpg,2026-07-09_22-16-36.jpg,41,41,TRIG_NOLABEL,,,90,True,
244fb3f3-4e58-4324-9e92-c74df436823c,09,2026-07-09_22-16-41.jpg,2026-07-09_22-20-07.jpg,42,42,NEG,,,50,False,
1ab45cf7-ca2b-4282-9a94-cc5f034e1701,09,2026-07-09_22-20-11.jpg,2026-07-09_22-23-26.jpg,40,40,NEG,,,50,False,
4846b2d0-7c3b-442c-a4c5-8f2bc4b49a7d,09,2026-07-09_22-23-31.jpg,2026-07-09_22-27-16.jpg,46,46,NEG,,,0,False,
cbed8cdb-c0f3-4f52-935d-8110c99b140f,09,2026-07-09_22-27-21.jpg,2026-07-09_22-30-36.jpg,40,40,TRIG_NOLABEL,,,90,True,
bb1df358-391f-4ea4-b815-a24515545198,09,2026-07-09_22-30-41.jpg,2026-07-09_22-34-07.jpg,42,42,NEG,,,50,False,
63ac2639-6fc3-47cd-81e4-5137b310d080,09,2026-07-09_22-34-11.jpg,2026-07-09_22-37-31.jpg,41,41,NEG,,,50,False,
45ba20e7-f825-4a7f-9624-7edfec3a9536,09,2026-07-09_22-37-36.jpg,2026-07-09_22-40-51.jpg,40,40,NEG,,,50,False,
d619c7f5-26ff-4e9a-8476-d41f9194cbe6,09,2026-07-09_22-40-57.jpg,2026-07-09_22-44-21.jpg,42,42,NEG,,,50,False,
4174ed2b-661b-4491-8f2e-d06da86d23ba,09,2026-07-09_22-44-26.jpg,2026-07-09_22-47-41.jpg,40,40,NEG,,,60,False,
e3895981-4bf0-4bf9-97f0-28b4416d3aa9,09,2026-07-09_22-47-46.jpg,2026-07-09_22-51-11.jpg,42,42,NEG,,,50,False,
78df4fce-748d-4332-8f2f-5821efc07345,09,2026-07-09_22-51-16.jpg,2026-07-09_22-54-31.jpg,40,40,NEG,,,50,False,
c228e921-b4ca-4404-a457-9ec29d229efa,09,2026-07-09_22-54-36.jpg,2026-07-09_22-58-11.jpg,44,44,NEG,,,50,False,
463441a2-516b-4284-9298-75f118e2c1e4,09,2026-07-09_22-58-16.jpg,2026-07-09_23-01-31.jpg,40,40,NEG,,,30,False,
4576b0b2-4f03-48c1-843a-a2b76db0f25d,09,2026-07-09_23-01-36.jpg,2026-07-09_23-04-56.jpg,41,41,NEG,,,30,False,
9e7e8a79-fe0a-430f-b43a-6242ca8be748,09,2026-07-09_23-05-01.jpg,2026-07-09_23-08-16.jpg,40,40,NEG,,,0,False,
aa2f6d09-0e1b-40bd-bf84-c497161dd50b,09,2026-07-09_23-08-21.jpg,2026-07-09_23-12-01.jpg,45,45,NEG,,,0,False,
2cd2cebb-4050-4ab2-bc4a-80b138b33ab9,09,2026-07-09_23-12-06.jpg,2026-07-09_23-15-21.jpg,40,40,NEG,,,50,False,
a0cd065e-4840-490b-8068-1463fabd9313,09,2026-07-09_23-15-26.jpg,2026-07-09_23-18-46.jpg,41,41,NEG,,,55,False,
8de3926e-bcf3-43bd-9107-2a9debb03384,09,2026-07-09_23-18-51.jpg,2026-07-09_23-22-06.jpg,40,40,NEG,,,50,False,
0c5c646d-c1d6-410f-b87e-5631f8656cff,09,2026-07-09_23-22-11.jpg,2026-07-09_23-25-31.jpg,41,41,NEG,,,50,False,
d63ad490-e86a-4eec-a17f-9b01725c9258,09,2026-07-09_23-25-36.jpg,2026-07-09_23-28-56.jpg,41,41,NEG,,,50,False,
0c27b6b0-7c01-429a-97b1-a6c4d9dc52da,09,2026-07-09_23-29-01.jpg,2026-07-09_23-32-22.jpg,41,41,NEG,,,30,False,
9b381aab-b584-4e9a-89cd-616319529140,09,2026-07-09_23-32-26.jpg,2026-07-09_23-35-41.jpg,40,40,NEG,,,50,False,
7ab4527c-7199-49cd-8d53-a32962411fff,09,2026-07-09_23-35-46.jpg,2026-07-09_23-39-06.jpg,41,41,NEG,,,50,False,
431e9913-b16a-4a37-b415-f96c66cb2fad,09,2026-07-09_23-39-11.jpg,2026-07-09_23-42-26.jpg,40,40,NEG,,,40,False,
b828334d-4dcc-4849-87e0-667e489f960a,09,2026-07-09_23-42-31.jpg,2026-07-09_23-46-16.jpg,46,46,NEG,,,40,False,
1a174ec5-bfdb-427f-b9f2-204c45a60bbc,09,2026-07-09_23-46-21.jpg,2026-07-09_23-49-36.jpg,40,40,NEG,,,50,False,
bb695177-017e-4372-bad9-0501a97227bd,09,2026-07-09_23-49-41.jpg,2026-07-09_23-53-21.jpg,45,45,TRIG_NOLABEL,,,90,True,
3833b62f-8901-4ff3-a229-6c90c368e8ee,09,2026-07-09_23-53-26.jpg,2026-07-09_23-56-46.jpg,41,41,TRIG_NOLABEL,,,90,True,
8c5ad8ae-e825-46b1-846e-b53d01b321bf,10,2026-07-09_23-56-51.jpg,2026-07-10_00-00-21.jpg,43,43,CONF,06ebe145,2026-07-10 00:00:50.687576,90,True,Descarte de lixo domiciliar.
d26a32bf-cffd-4b0e-a700-5d791f3b67c8,10,2026-07-10_00-00-26.jpg,2026-07-10_00-03-56.jpg,43,43,NEG,,,50,False,
d2ef1f79-7cc8-4d78-8f33-d1b498521df6,10,2026-07-10_00-04-01.jpg,2026-07-10_00-07-16.jpg,40,40,NEG,,,0,False,
6d5cc680-c8ed-4d8a-96a9-1ea19c883745,10,2026-07-10_00-07-22.jpg,2026-07-10_00-10-46.jpg,42,42,NEG,,,0,False,
96b664d8-72c1-48dd-ae40-47ddf28531e3,10,2026-07-10_00-10-51.jpg,2026-07-10_00-14-06.jpg,40,40,NEG,,,0,False,
f61989be-8952-4c6b-9b5d-1d52712ef339,10,2026-07-10_00-14-11.jpg,2026-07-10_00-17-31.jpg,41,41,NEG,,,0,False,
292e31bb-d901-4c5b-b711-0e26e51d7125,10,2026-07-10_00-17-36.jpg,2026-07-10_00-20-51.jpg,40,40,TRIG_NOLABEL,,,90,True,
6a588a40-cfb3-4ef1-a6e5-2285024ec169,10,2026-07-10_00-20-56.jpg,2026-07-10_00-24-27.jpg,43,43,NEG,,,50,False,
6f545edc-4a3a-424d-b8b2-e1f64e2c19b3,10,2026-07-10_00-24-31.jpg,2026-07-10_00-27-57.jpg,42,42,NEG,,,50,False,
8b3e4217-da0e-45fc-8f13-6f2ada8bd8b8,10,2026-07-10_00-28-01.jpg,2026-07-10_00-31-46.jpg,46,46,NEG,,,0,False,
a515c469-3f70-4b7a-ac8a-f4b98970430a,10,2026-07-10_00-31-51.jpg,2026-07-10_00-35-36.jpg,46,46,NEG,,,0,False,
9780b436-f3b1-4de4-a781-b94f5e3a7921,10,2026-07-10_00-35-41.jpg,2026-07-10_00-38-56.jpg,40,40,NEG,,,50,False,
a1a5873a-15b9-4782-ac46-fb070e32f8b2,10,2026-07-10_00-39-01.jpg,2026-07-10_00-42-41.jpg,45,45,NEG,,,0,False,
df30e2c6-032c-4ca4-a200-2da9128a6b23,10,2026-07-10_00-42-47.jpg,2026-07-10_00-46-01.jpg,40,40,NEG,,,10,False,
a2ebffc7-d1fe-4c5a-ac19-4bf054a4a400,10,2026-07-10_00-46-07.jpg,2026-07-10_00-49-51.jpg,46,46,NEG,,,50,False,
c86e6fdd-e7d5-47f8-be10-8eba90a3b0b3,10,2026-07-10_00-49-56.jpg,2026-07-10_00-53-26.jpg,43,43,NEG,,,0,False,
061d56a8-9e5d-4b94-b692-6dbd7f7c5cf5,10,2026-07-10_00-53-31.jpg,2026-07-10_00-56-57.jpg,42,42,NEG,,,0,False,
9eaf81e9-0104-475a-bb3e-98ae2075abba,10,2026-07-10_00-57-02.jpg,2026-07-10_01-00-16.jpg,40,40,NEG,,,0,False,
ee65ab84-99b3-41d3-9f14-b0094796c846,10,2026-07-10_01-00-21.jpg,2026-07-10_01-03-46.jpg,42,42,NEG,,,50,False,
b9f7d5c5-3199-4991-8157-ab863a29c283,10,2026-07-10_01-03-51.jpg,2026-07-10_01-07-06.jpg,40,40,NEG,,,0,False,
d203b028-c590-414b-9693-81a4dea4100f,10,2026-07-10_01-07-11.jpg,2026-07-10_01-10-31.jpg,41,41,NEG,,,0,False,
5bca09e4-0ed6-4359-ad3b-c6dd17e336ae,10,2026-07-10_01-10-36.jpg,2026-07-10_01-13-51.jpg,40,40,REJ,25d678fc,2026-07-10 01:14:18.350017,90,True,Sem descarte.
5de7f455-61d0-41b6-9d44-ba836b0d2d43,10,2026-07-10_01-13-56.jpg,2026-07-10_01-17-26.jpg,43,43,NEG,,,30,False,
8a4f3cf1-647b-4516-b3c8-a2ad5a6dab2e,10,2026-07-10_01-17-31.jpg,2026-07-10_01-20-51.jpg,41,41,NEG,,,50,False,
93e2b98d-c2d3-4294-bbf5-cc7f3d8bf0f9,10,2026-07-10_01-20-56.jpg,2026-07-10_01-24-11.jpg,40,40,TRIG_NOLABEL,,,90,True,
629b721a-2a4e-4c50-827e-ad049d507782,10,2026-07-10_01-24-16.jpg,2026-07-10_01-27-41.jpg,42,42,NEG,,,50,False,
bd75d9e7-86af-4397-9ce2-5a1e82f4d48c,10,2026-07-10_01-27-46.jpg,2026-07-10_01-30-51.jpg,38,38,NEG,,,0,False,
65e72e99-9c96-429e-b597-a814d20ced1a,10,2026-07-10_01-30-56.jpg,2026-07-10_01-34-21.jpg,42,42,NEG,,,50,False,
9f861628-353e-4a80-bef8-bb3da0e8ebde,10,2026-07-10_01-34-26.jpg,2026-07-10_01-38-21.jpg,48,48,NEG,,,50,False,
713b36b3-fcd9-4f6f-b76b-5facb4b20288,10,2026-07-10_01-38-26.jpg,2026-07-10_01-42-16.jpg,47,47,NEG,,,50,False,
0f16d58f-4363-4a35-a731-3c5efa995bf1,10,2026-07-10_01-42-21.jpg,2026-07-10_01-46-11.jpg,47,47,NEG,,,40,False,
d76bb9a3-f6f8-4475-b84e-b6686375a058,10,2026-07-10_01-46-16.jpg,2026-07-10_01-49-56.jpg,45,45,NEG,,,0,False,
6fb40bf7-7788-4688-9b6c-9c120b7642a3,10,2026-07-10_01-50-01.jpg,2026-07-10_01-53-26.jpg,42,42,NEG,,,0,False,
881cef98-b17c-430f-84db-5d8ee092df4c,10,2026-07-10_01-53-31.jpg,2026-07-10_01-56-46.jpg,40,40,NEG,,,60,False,
805222be-d6bb-4fa0-a38e-2a9138eece60,10,2026-07-10_01-56-51.jpg,2026-07-10_02-00-26.jpg,44,44,NEG,,,50,False,
ec689615-2de0-4d54-bf53-0dcae9b92e85,10,2026-07-10_02-00-31.jpg,2026-07-10_02-03-46.jpg,40,40,NEG,,,50,False,
f94e67ae-9a76-44a8-a5a2-8ea03fe40a12,10,2026-07-10_02-03-51.jpg,2026-07-10_02-07-41.jpg,47,47,NEG,,,0,False,
d27e2a76-5451-4138-a3a4-0b17f454020d,10,2026-07-10_02-07-46.jpg,2026-07-10_02-11-21.jpg,44,44,NEG,,,50,False,
56763a43-30fb-4cbe-9e6e-27f82ac60d58,10,2026-07-10_02-11-26.jpg,2026-07-10_02-15-01.jpg,44,44,NEG,,,50,False,
3cf320e8-d3bb-4905-a47f-6bd37bf280b5,10,2026-07-10_02-15-06.jpg,2026-07-10_02-18-22.jpg,40,40,NEG,,,0,False,
1a55a9a0-273a-49f7-aa07-8fc4587f67ab,10,2026-07-10_02-18-27.jpg,2026-07-10_02-21-46.jpg,41,41,NEG,,,50,False,
03f2086d-e0e6-4eab-a96b-a9319a44cc1e,10,2026-07-10_02-21-51.jpg,2026-07-10_02-25-06.jpg,40,40,NEG,,,50,False,
3ebf43b9-f578-4404-9572-54bde7a00808,10,2026-07-10_02-25-11.jpg,2026-07-10_02-28-36.jpg,42,42,NEG,,,50,False,
0596bdcd-0666-43e7-8db2-660f1ced66b4,10,2026-07-10_02-28-41.jpg,2026-07-10_02-31-56.jpg,40,40,NEG,,,30,False,
50adea13-c20c-4896-8717-0fa2fedfb749,10,2026-07-10_02-32-01.jpg,2026-07-10_02-35-26.jpg,42,42,NEG,,,0,False,
6f04cd49-4ad4-448f-8507-78eb2b1599b8,10,2026-07-10_02-35-31.jpg,2026-07-10_02-38-46.jpg,40,40,NEG,,,0,False,
c6489c5e-4acd-445e-9dcf-19f6f204f292,10,2026-07-10_02-38-51.jpg,2026-07-10_02-42-11.jpg,41,41,NEG,,,0,False,
4f5f18ff-6b1b-40b1-9917-5b8319c27c4e,10,2026-07-10_02-42-16.jpg,2026-07-10_02-45-31.jpg,40,40,TRIG_NOLABEL,,,90,True,
2a296042-5f44-4fa9-818c-bc8ef569f9be,10,2026-07-10_02-45-36.jpg,2026-07-10_02-49-27.jpg,47,47,NEG,,,0,False,
54eb89ee-0cc8-4e9c-a912-13df74b16d7f,10,2026-07-10_02-49-31.jpg,2026-07-10_02-52-51.jpg,41,41,NEG,,,50,False,
9aefcbcf-1d77-45bd-8f88-63bfc9c4c2af,10,2026-07-10_02-52-56.jpg,2026-07-10_02-56-11.jpg,40,40,NEG,,,50,False,
7894bdea-ae63-4ce9-910a-e00cbb8386ee,10,2026-07-10_02-56-16.jpg,2026-07-10_02-59-41.jpg,42,42,NEG,,,50,False,
326094ec-94a2-489d-84c8-bcdb73fae73b,10,2026-07-10_02-59-46.jpg,2026-07-10_03-02-56.jpg,39,39,NEG,,,0,False,
27000319-e9de-4133-8948-f15973500d68,10,2026-07-10_03-03-01.jpg,2026-07-10_03-06-56.jpg,48,48,NEG,,,0,False,
3557a2d5-7233-4c43-9ce9-66cbdeb7a92c,10,2026-07-10_03-07-01.jpg,2026-07-10_03-10-56.jpg,48,48,NEG,,,50,False,
a043d6e5-6b03-435c-aa15-870b9605f680,10,2026-07-10_03-11-01.jpg,2026-07-10_03-14-56.jpg,48,48,NEG,,,50,False,
4694602d-1d0b-495f-a981-eaa795e38d09,10,2026-07-10_03-15-01.jpg,2026-07-10_03-18-56.jpg,48,48,NEG,,,40,False,
f3a48e16-d30a-4267-9b3b-6362f5323424,10,2026-07-10_03-19-01.jpg,2026-07-10_03-22-01.jpg,37,37,NEG,,,0,False,
61b27b7d-aa90-41da-9735-b821672ca772,10,2026-07-10_03-22-06.jpg,2026-07-10_03-26-01.jpg,48,48,NEG,,,50,False,
e62b2c02-436a-4856-9f09-8ed21d0cad27,10,2026-07-10_03-26-06.jpg,2026-07-10_03-27-16.jpg,15,15,NEG,,,50,False,
d127c3b9-7afd-4f03-b58d-af979a36b61b,10,2026-07-10_03-27-21.jpg,2026-07-10_03-30-56.jpg,44,44,NEG,,,0,False,
c318536b-4375-49ac-9efa-60536460cfad,10,2026-07-10_03-31-01.jpg,2026-07-10_03-34-21.jpg,41,41,NEG,,,0,False,
80e5b035-13b4-4706-9ba5-8b3cc7c09e3b,10,2026-07-10_03-34-26.jpg,2026-07-10_03-38-11.jpg,46,46,NEG,,,0,False,
c0dd9516-b9b8-46ad-ade4-35a987e549eb,10,2026-07-10_03-38-16.jpg,2026-07-10_03-42-06.jpg,47,47,NEG,,,50,False,
b806b5bc-0299-49cc-85c0-8af5014d5772,10,2026-07-10_03-42-11.jpg,2026-07-10_03-46-01.jpg,47,47,NEG,,,0,False,
bc250c96-8d17-43d3-9a4a-d0cf9f5e0b2b,10,2026-07-10_03-46-07.jpg,2026-07-10_03-49-56.jpg,47,47,NEG,,,0,False,
b8fe2d5b-971d-4caa-9136-1be721cb4470,10,2026-07-10_03-50-01.jpg,2026-07-10_03-53-36.jpg,44,44,NEG,,,0,False,
60ea6d29-6589-4c2e-8cd2-8e5a1522401b,10,2026-07-10_03-53-41.jpg,2026-07-10_03-57-26.jpg,46,46,NEG,,,0,False,
5bc156b0-fd1c-4478-8754-acd837ec674f,10,2026-07-10_03-57-31.jpg,2026-07-10_04-00-46.jpg,40,40,NEG,,,50,False,
125c9117-0afb-4999-b88a-d0dd5345ec83,10,2026-07-10_04-00-51.jpg,2026-07-10_04-04-16.jpg,42,42,NEG,,,0,False,
14af3bdd-60cd-43c1-9d27-c4fc602c608d,10,2026-07-10_04-04-21.jpg,2026-07-10_04-07-36.jpg,40,40,NEG,,,0,False,
30b32601-d8ba-4ebe-a760-56878fb2685c,10,2026-07-10_04-07-41.jpg,2026-07-10_04-11-01.jpg,41,41,NEG,,,0,False,
8cd8bba9-2955-4d37-b35f-4865c8d4dc3e,10,2026-07-10_04-11-06.jpg,2026-07-10_04-14-22.jpg,40,40,NEG,,,50,False,
d6692712-9888-4b8b-b391-de2dfde8f163,10,2026-07-10_04-14-27.jpg,2026-07-10_04-18-01.jpg,44,44,NEG,,,0,False,
1d4c2336-8cd2-4b97-8a09-28db01496f3f,10,2026-07-10_04-18-06.jpg,2026-07-10_04-21-21.jpg,40,40,NEG,,,0,False,
673b8a95-9ca6-44e4-aa50-a742ecc4e038,10,2026-07-10_04-21-26.jpg,2026-07-10_04-25-06.jpg,45,45,NEG,,,50,False,
bce53339-f5cf-4d24-8c9c-137285e4f589,10,2026-07-10_04-25-11.jpg,2026-07-10_04-28-26.jpg,40,40,NEG,,,0,False,
1638da4a-6c7a-412a-99ca-6b5c3430f91c,10,2026-07-10_04-28-31.jpg,2026-07-10_04-31-56.jpg,42,42,TRIG_NOLABEL,,,90,True,
8fc2508f-a531-46a2-96cd-b7b53ef2239a,10,2026-07-10_04-32-01.jpg,2026-07-10_04-35-51.jpg,47,47,NEG,,,0,False,
a33647b0-efec-47f5-bbf7-71eb522cfc35,10,2026-07-10_04-35-56.jpg,2026-07-10_04-39-22.jpg,42,42,NEG,,,50,False,
c48a25cf-0c79-407e-829f-c729ae6f38bd,10,2026-07-10_04-39-26.jpg,2026-07-10_04-42-51.jpg,42,42,NEG,,,0,False,
4a849432-a4cb-4ecb-bcc4-9187cc433e66,10,2026-07-10_04-42-56.jpg,2026-07-10_04-46-07.jpg,39,39,TRIG_NOLABEL,,,90,True,
7ed6fb91-c6d5-4f5e-893b-afba1aa03661,10,2026-07-10_04-46-11.jpg,2026-07-10_04-49-46.jpg,44,44,NEG,,,50,False,
cdb7bef5-ea27-4d57-a1b2-37736b1dc3e5,10,2026-07-10_04-49-51.jpg,2026-07-10_04-53-16.jpg,42,42,NEG,,,0,False,
b897470f-ab92-4839-9101-7e5796b787ac,10,2026-07-10_04-53-21.jpg,2026-07-10_04-56-56.jpg,44,44,NEG,,,50,False,
cd4dcda2-3298-4b8f-af2e-146f10682359,10,2026-07-10_04-57-01.jpg,2026-07-10_05-00-21.jpg,41,41,NEG,,,50,False,
4cd92ed6-6bb3-4b79-9de7-7567827fbce9,10,2026-07-10_05-00-26.jpg,2026-07-10_05-03-41.jpg,40,40,NEG,,,50,False,
ec7a2806-2d20-4e7d-96e5-5c792b18ca6f,10,2026-07-10_05-03-46.jpg,2026-07-10_05-07-26.jpg,45,45,CONF,67ca58f5,2026-07-10 05:07:55.360821,90,True,Descarte confirmado.
d8ac1226-8bc4-420e-bbd1-e6738b5edde8,10,2026-07-10_05-07-31.jpg,2026-07-10_05-11-21.jpg,47,47,TRIG_NOLABEL,,,90,True,
6ceec979-e4a0-4888-99cc-bd11544ba389,10,2026-07-10_05-11-26.jpg,2026-07-10_05-15-06.jpg,45,45,NEG,,,60,False,
ebeb5b58-5355-4ca4-b615-77dc6c17a88a,10,2026-07-10_05-15-11.jpg,2026-07-10_05-18-51.jpg,45,45,NEG,,,0,False,
d45edd3d-15f1-419f-aaca-cce92f52602c,10,2026-07-10_05-18-57.jpg,2026-07-10_05-22-31.jpg,44,44,NEG,,,0,False,
e335d604-476a-4e3b-bf28-a81c6d5f944c,10,2026-07-10_05-22-36.jpg,2026-07-10_05-26-17.jpg,45,45,NEG,,,0,False,
2f844809-2587-4e8f-8ee7-799159157575,10,2026-07-10_05-26-22.jpg,2026-07-10_05-30-16.jpg,48,48,TRIG_NOLABEL,,,85,True,
72fd6d1d-3af9-4607-a15c-75d66ef21fe8,10,2026-07-10_05-30-21.jpg,2026-07-10_05-34-01.jpg,45,45,NEG,,,50,False,
52b8e97f-7342-4424-b931-3768e52365b3,10,2026-07-10_05-34-07.jpg,2026-07-10_05-37-42.jpg,44,44,TRIG_NOLABEL,,,90,True,
040a98fd-4a9a-48de-b076-5e5fa287608b,10,2026-07-10_05-37-47.jpg,2026-07-10_05-41-07.jpg,41,41,TRIG_NOLABEL,,,90,True,
721fcbc2-7a16-4df6-b15b-340b4bd5c5f4,10,2026-07-10_05-41-12.jpg,2026-07-10_05-44-47.jpg,44,44,NEG,,,0,False,
a7ef29e1-892f-4d00-b4cc-13208a85fd61,10,2026-07-10_05-44-52.jpg,2026-07-10_05-48-17.jpg,42,42,NEG,,,0,False,
c438871d-1464-4950-ba04-c5b1ace019e4,10,2026-07-10_05-48-22.jpg,2026-07-10_05-51-47.jpg,42,42,NEG,,,0,False,
c0d72ecb-613d-48e9-8a8c-90d5f01ebbec,10,2026-07-10_05-51-52.jpg,2026-07-10_05-55-47.jpg,48,48,NEG,,,60,False,
d2861346-007f-47c9-b354-890f81b74263,10,2026-07-10_05-55-52.jpg,2026-07-10_05-59-22.jpg,43,43,NEG,,,50,False,
4e871f8c-9ff6-44eb-953d-7fc9c52b2f9f,10,2026-07-10_05-59-27.jpg,2026-07-10_06-03-22.jpg,48,48,NEG,,,50,False,
f81b491b-51a1-42e7-8e49-0013720e2de8,10,2026-07-10_06-03-27.jpg,2026-07-10_06-07-22.jpg,48,48,NEG,,,0,False,
f8dfde7e-ad0c-4222-ac74-0bc853378350,10,2026-07-10_06-07-27.jpg,2026-07-10_06-11-12.jpg,46,46,NEG,,,0,False,
e9c6be9b-0f11-44d1-acc5-6b42352f5ac9,10,2026-07-10_06-11-17.jpg,2026-07-10_06-14-47.jpg,43,43,INDETERMINADO,683efa0b,2026-07-10 06:15:22.658277,90,True,Não foi possivel idintificarmos se houve descarte.
77d43f70-4c0c-43a9-a780-fd885635b991,10,2026-07-10_06-14-52.jpg,2026-07-10_06-18-42.jpg,47,47,NEG,,,50,False,
e084b145-e65a-4ef2-95ab-e16a46d01925,10,2026-07-10_06-18-47.jpg,2026-07-10_06-22-27.jpg,45,45,TRIG_NOLABEL,,,90,True,
e90ffb8c-26cd-4a7e-9060-a0a3577d544c,10,2026-07-10_06-22-32.jpg,2026-07-10_06-26-07.jpg,44,44,NEG,,,50,False,
148de1e5-0c41-4f7f-9805-c40dd2361cef,10,2026-07-10_06-26-12.jpg,2026-07-10_06-30-02.jpg,47,47,NEG,,,50,False,
8ad6d9d7-2499-4d79-91ec-e100e892a84b,10,2026-07-10_06-30-07.jpg,2026-07-10_06-33-52.jpg,46,46,NEG,,,0,False,
663dcaac-73b7-44a7-b377-b578451e59d8,10,2026-07-10_06-33-57.jpg,2026-07-10_06-37-22.jpg,42,42,NEG,,,0,False,
032b0074-8ddf-4941-9a45-0581849a07bb,10,2026-07-10_06-37-27.jpg,2026-07-10_06-41-02.jpg,44,44,NEG,,,0,False,
b7d2aba9-f844-48ee-84af-69dedb1ce1df,10,2026-07-10_06-41-07.jpg,2026-07-10_06-44-32.jpg,42,42,NEG,,,60,False,
b3cb4265-a4c8-4239-adba-f9755ab34421,10,2026-07-10_06-44-37.jpg,2026-07-10_06-48-17.jpg,45,45,NEG,,,50,False,
353cb5dd-4f95-41dd-8fde-8c07c7da1d1a,10,2026-07-10_06-48-22.jpg,2026-07-10_06-51-42.jpg,41,41,NEG,,,0,False,
db5eb1aa-00e8-4113-a671-37e5937b135d,10,2026-07-10_06-51-47.jpg,2026-07-10_06-55-08.jpg,41,41,NEG,,,50,False,
8bd31fd3-487b-49c7-9bef-6b1b67eb7280,10,2026-07-10_06-55-12.jpg,2026-07-10_06-58-54.jpg,45,45,NEG,,,50,False,
b98b01cb-5dca-459d-9bc8-a5acb0266da7,10,2026-07-10_06-58-59.jpg,2026-07-10_07-02-33.jpg,44,44,TRIG_NOLABEL,,,90,True,
dd95d817-c5a4-4bde-82d2-48c4ef4be1b0,10,2026-07-10_07-02-38.jpg,2026-07-10_07-06-23.jpg,46,46,NEG,,,0,False,
9028daaf-1759-427e-85fe-af9ade48e66a,10,2026-07-10_07-06-28.jpg,2026-07-10_07-09-58.jpg,43,43,NEG,,,60,False,
70a79347-e40a-451b-aa67-4a577cfad8ab,10,2026-07-10_07-10-03.jpg,2026-07-10_07-13-43.jpg,45,45,NEG,,,50,False,
9f7614c3-748f-4400-a0a0-656b20740a8e,10,2026-07-10_07-13-48.jpg,2026-07-10_07-17-33.jpg,46,46,TRIG_NOLABEL,,,90,True,
f4c1579e-385c-445b-907b-66a3d5b53077,10,2026-07-10_07-17-38.jpg,2026-07-10_07-21-18.jpg,45,45,NEG,,,0,False,
61b7d248-ef8d-4398-8a56-36d736903fdb,10,2026-07-10_07-21-22.jpg,2026-07-10_07-24-58.jpg,44,44,NEG,,,50,False,
e7e7adba-5325-4390-8de2-63b86899b82d,10,2026-07-10_07-25-02.jpg,2026-07-10_07-28-29.jpg,42,42,NEG,,,60,False,
bd2f55e6-4541-4057-8186-b0a58f663fd8,10,2026-07-10_07-28-33.jpg,2026-07-10_07-32-27.jpg,48,48,NEG,,,50,False,
590c51f5-007b-46d2-a45b-c64b7f5bee5c,10,2026-07-10_07-32-33.jpg,2026-07-10_07-35-59.jpg,42,42,NEG,,,60,False,
8e08f4ad-188f-4ea5-9dd9-2574b1ede94f,10,2026-07-10_07-36-04.jpg,2026-07-10_07-39-28.jpg,42,42,NEG,,,0,False,
5cc2b424-59f0-4487-86fa-7394602558af,10,2026-07-10_07-39-33.jpg,2026-07-10_07-43-13.jpg,45,45,NEG,,,60,False,
df95e852-bb62-4d25-89f7-b53dcb99b42d,10,2026-07-10_07-43-18.jpg,2026-07-10_07-46-43.jpg,42,42,NEG,,,50,False,
343be39f-b68c-4407-b525-2b24f060c1e6,10,2026-07-10_07-46-48.jpg,2026-07-10_07-50-18.jpg,43,43,TRIG_NOLABEL,,,85,True,
c27a98dd-e8f4-4e1b-8d33-af8c36f36b04,10,2026-07-10_07-50-23.jpg,2026-07-10_07-53-58.jpg,44,44,NEG,,,50,False,
a02e5d16-d17d-4923-a3a6-5018dcbfd905,10,2026-07-10_07-54-03.jpg,2026-07-10_07-57-48.jpg,46,46,NEG,,,0,False,
e506dd49-8484-478a-b63b-6c594306b223,10,2026-07-10_07-57-53.jpg,2026-07-10_08-01-23.jpg,43,43,NEG,,,0,False,
22f52080-ef93-4fc8-ace7-50ec02ad40b6,10,2026-07-10_08-01-28.jpg,2026-07-10_08-04-55.jpg,42,42,TRIG_NOLABEL,,,90,True,
b7c8522b-3226-418c-9125-f6979ec9fa06,10,2026-07-10_08-05-01.jpg,2026-07-10_08-08-28.jpg,43,43,REJ,9cbc8fc3,2026-07-10 08:08:57.61524,90,True,Limpesa urbana.
b5b79546-dac7-49e6-8efa-8995c5ded21e,10,2026-07-10_08-08-33.jpg,2026-07-10_08-12-25.jpg,47,47,NEG,,,0,False,
9ca3978f-4aa6-4b5f-87e7-142ea9a4af0c,10,2026-07-10_08-12-30.jpg,2026-07-10_08-15-49.jpg,41,41,REJ,9cbc8fc3,2026-07-10 08:08:57.61524,90,True,Limpesa urbana.
9c24911c-1914-414c-9a80-0426a6934b45,10,2026-07-10_08-15-54.jpg,2026-07-10_08-19-44.jpg,47,47,NEG,,,50,False,
ce977ed8-8081-4f54-aa26-7157360436a8,10,2026-07-10_08-19-49.jpg,2026-07-10_08-23-43.jpg,48,48,CONF,1e0b1bb5,2026-07-10 08:24:33.085083,90,True,Descarte confirmado.
04c7ec82-e73d-47e8-b72d-cf10d2cd83b7,10,2026-07-10_08-23-47.jpg,2026-07-10_08-27-44.jpg,48,48,TRIG_NOLABEL,,,90,True,
f944a140-4d49-4d42-a626-95651f803085,10,2026-07-10_08-27-49.jpg,2026-07-10_08-31-28.jpg,44,44,CONF,1e0b1bb5,2026-07-10 08:24:33.085083,85,True,Descarte confirmado.
2367bcc9-b508-462f-bb19-df14920fc40e,10,2026-07-10_08-31-33.jpg,2026-07-10_08-35-14.jpg,45,45,NEG,,,50,False,
efc5d4fa-ba65-4d93-bb04-ea566c00c162,10,2026-07-10_08-35-19.jpg,2026-07-10_08-38-38.jpg,41,41,NEG,,,50,False,
3103bce6-eaf2-454c-80a7-0fff6759927f,10,2026-07-10_08-38-43.jpg,2026-07-10_08-42-10.jpg,42,42,NEG,,,0,False,
1090a436-3617-4590-b75c-a2b9b5f0945a,10,2026-07-10_08-42-15.jpg,2026-07-10_08-45-40.jpg,42,42,NEG,,,50,False,
366ae0a4-97af-4eff-a398-64a5b21151a5,10,2026-07-10_08-45-45.jpg,2026-07-10_08-49-18.jpg,44,44,NEG,,,50,False,
2848f00d-ab49-4deb-8052-9e4435edc6b4,10,2026-07-10_08-49-23.jpg,2026-07-10_08-52-55.jpg,44,44,NEG,,,50,False,
a0c9c167-9fd5-43fa-9012-3276b0ff0238,10,2026-07-10_08-53-00.jpg,2026-07-10_08-56-28.jpg,43,43,NEG,,,50,False,
8503a0aa-6214-45a7-93b9-d3cfc91d3c38,10,2026-07-10_08-56-33.jpg,2026-07-10_08-59-47.jpg,40,40,TRIG_NOLABEL,,,85,True,
8c3e0901-6ff6-4e9b-89d7-50515307ae82,10,2026-07-10_08-59-53.jpg,2026-07-10_09-03-48.jpg,48,48,NEG,,,50,False,
1e06a6ff-0e91-4ffa-9013-db4cf83066fb,10,2026-07-10_09-03-53.jpg,2026-07-10_09-07-43.jpg,47,47,NEG,,,60,False,
9795a152-c4d2-4620-951c-c1f01cc978c1,10,2026-07-10_09-07-48.jpg,2026-07-10_09-11-07.jpg,41,41,NEG,,,0,False,
0339d5e2-8a87-4850-8d1e-25569df0b8c4,10,2026-07-10_09-11-12.jpg,2026-07-10_09-14-47.jpg,44,44,NEG,,,60,False,
d1c81ecf-78ea-40be-9447-393c02ea6e77,10,2026-07-10_09-14-52.jpg,2026-07-10_09-18-23.jpg,43,43,NEG,,,50,False,
2122617e-fc97-4f9b-b18b-cccec9e6ff07,10,2026-07-10_09-18-28.jpg,2026-07-10_09-21-52.jpg,42,42,TRIG_NOLABEL,,,90,True,
4001e0ea-53cf-4634-a3a7-42d14a2716e2,10,2026-07-10_09-21-57.jpg,2026-07-10_09-25-52.jpg,48,48,TRIG_NOLABEL,,,90,True,
c0ea9724-c9fe-4334-8505-16ec9ab488bc,10,2026-07-10_09-25-57.jpg,2026-07-10_09-29-53.jpg,48,48,NEG,,,50,False,
42108f31-16cd-4e52-9185-e554bf809922,10,2026-07-10_09-29-58.jpg,2026-07-10_09-33-53.jpg,48,48,NEG,,,50,False,
12f3639a-0936-446d-9e17-52420873ee2d,10,2026-07-10_09-33-57.jpg,2026-07-10_09-37-52.jpg,48,48,NEG,,,50,False,
cbf02e17-d58e-4bdb-96bf-d0a3cf14b5c4,10,2026-07-10_09-37-57.jpg,2026-07-10_09-41-52.jpg,48,48,NEG,,,50,False,
36107ba7-751c-4531-8eb2-f2470175a3c9,10,2026-07-10_09-41-57.jpg,2026-07-10_09-45-42.jpg,46,46,NEG,,,0,False,
c4cdb02c-384a-40cd-afa3-e51ab5a206ce,10,2026-07-10_09-45-47.jpg,2026-07-10_09-49-18.jpg,43,43,NEG,,,50,False,
22827e87-fc7b-4de2-8271-9a007b5461d8,10,2026-07-10_09-49-22.jpg,2026-07-10_09-52-38.jpg,40,40,NEG,,,60,False,
42fc25a1-de79-4b72-bfcc-81f3f03d6bbf,10,2026-07-10_09-52-43.jpg,2026-07-10_09-56-32.jpg,47,47,NEG,,,50,False,
63fe1508-4b27-45cc-8f7d-bc3ad799a0ed,10,2026-07-10_09-56-37.jpg,2026-07-10_09-59-57.jpg,41,41,NEG,,,50,False,
a14abff2-8466-403b-9b93-26022e83fa8e,10,2026-07-10_10-00-02.jpg,2026-07-10_10-03-28.jpg,42,42,NEG,,,50,False,
aa14bafc-f11f-48df-b0ec-68fcf43b2272,10,2026-07-10_10-03-33.jpg,2026-07-10_10-06-47.jpg,40,40,NEG,,,50,False,
3942af88-8875-4abc-9c20-d7c64086a079,10,2026-07-10_10-06-52.jpg,2026-07-10_10-10-32.jpg,45,45,NEG,,,50,False,
3a98eead-b8b2-472e-b385-e81e14066785,10,2026-07-10_10-10-38.jpg,2026-07-10_10-13-58.jpg,41,41,REJ,8f072f41,2026-07-10 10:14:38.555854,90,True,"Precebemos o aumento volumétrico. Porém, não conseguimos flagrar o momento do descarte."
45f5731f-913c-4fec-812d-0b383789f8e0,10,2026-07-10_10-14-03.jpg,2026-07-10_10-17-43.jpg,45,45,NEG,,,50,False,
14a7107c-4940-4535-b523-92d96982336f,10,2026-07-10_10-17-48.jpg,2026-07-10_10-21-17.jpg,43,43,NEG,,,60,False,
9324570c-4cf8-4cba-89b2-d4111baa77f3,10,2026-07-10_10-21-22.jpg,2026-07-10_10-25-07.jpg,46,46,NEG,,,50,False,
034c794c-d2c1-4bb1-9bdb-5e0780d61970,10,2026-07-10_10-25-12.jpg,2026-07-10_10-29-05.jpg,47,47,NEG,,,60,False,
c705dafe-5711-48c0-810e-03f746aa2d11,10,2026-07-10_10-29-10.jpg,2026-07-10_10-32-28.jpg,41,41,NEG,,,50,False,
e5380245-c3ee-4947-9626-04975d324060,10,2026-07-10_10-32-33.jpg,2026-07-10_10-36-02.jpg,43,43,NEG,,,50,False,
12c6b6b4-cc10-416f-b87a-09d143f56531,10,2026-07-10_10-36-07.jpg,2026-07-10_10-39-52.jpg,46,46,NEG,,,0,False,
e61c91ed-1f79-42c1-a48d-643097d2084c,10,2026-07-10_10-39-57.jpg,2026-07-10_10-43-37.jpg,45,45,NEG,,,0,False,
34d153eb-7629-4d90-b3a2-88cdc4e532a7,10,2026-07-10_10-43-42.jpg,2026-07-10_10-47-22.jpg,45,45,NEG,,,50,False,
660da67e-5e8a-4f8f-9a96-7f2fb784d5c7,10,2026-07-10_10-47-27.jpg,2026-07-10_10-50-53.jpg,42,42,NEG,,,50,False,
507a05af-09ac-482d-9aa0-dbf78d227259,10,2026-07-10_10-50-58.jpg,2026-07-10_10-54-23.jpg,42,42,NEG,,,0,False,
ccd90564-7410-4bde-8048-649084becbc8,10,2026-07-10_10-54-27.jpg,2026-07-10_10-58-12.jpg,46,46,NEG,,,50,False,
5477dade-af92-4cc7-95d7-de88979302b9,10,2026-07-10_10-58-17.jpg,2026-07-10_11-01-38.jpg,41,41,NEG,,,90,False,
597692ec-42a5-46c2-95f3-e55362aed9de,10,2026-07-10_11-01-42.jpg,2026-07-10_11-05-23.jpg,45,45,NEG,,,0,False,
990841ae-73a1-4fef-b2fd-ecb3db77fa06,10,2026-07-10_11-05-27.jpg,2026-07-10_11-08-48.jpg,41,41,TRIG_NOLABEL,,,85,True,
585b822c-4e91-459e-8246-1f6ac94ae2cd,10,2026-07-10_11-08-53.jpg,2026-07-10_11-12-23.jpg,43,43,NEG,,,0,False,
dc91361c-aea8-4df7-80ab-4549178a5418,10,2026-07-10_11-12-28.jpg,2026-07-10_11-16-17.jpg,47,47,NEG,,,50,False,
a192c210-ac74-4a10-a5b9-f3f260d80a09,10,2026-07-10_11-16-22.jpg,2026-07-10_11-19-43.jpg,41,41,NEG,,,50,False,
4b779f8b-7ec5-44ee-98a2-0b838ace7d29,10,2026-07-10_11-19-48.jpg,2026-07-10_11-23-13.jpg,42,42,NEG,,,50,False,
4b08641a-bb60-406b-811d-471a988a0b88,10,2026-07-10_11-23-18.jpg,2026-07-10_11-26-57.jpg,45,45,REJ,45bba848,2026-07-10 11:27:39.060562,85,True,Não flragramos o ato do descarte.
e611668a-1547-4d39-9b36-11e8744e3957,10,2026-07-10_11-27-02.jpg,2026-07-10_11-30-58.jpg,48,48,NEG,,,0,False,
c25b59be-bdbc-4d83-9040-5b4135c26fc5,10,2026-07-10_11-31-04.jpg,2026-07-10_11-31-58.jpg,12,12,NEG,,,0,False,
c2f04c04-5156-4e3d-93fb-5dedb52038ab,10,2026-07-10_11-32-03.jpg,2026-07-10_11-35-58.jpg,48,48,NEG,,,0,False,
cc2b2e13-bc76-43b1-8fde-84a37a432234,10,2026-07-10_11-36-02.jpg,2026-07-10_11-39-57.jpg,48,48,NEG,,,50,False,
eb25aa51-2245-4350-b626-bb7d54f86e49,10,2026-07-10_11-40-02.jpg,2026-07-10_11-43-57.jpg,48,48,NEG,,,60,False,
7318e1c1-6b10-435c-9cee-ab562e878bd9,10,2026-07-10_11-44-02.jpg,2026-07-10_11-47-58.jpg,48,48,NEG,,,50,False,
5f7c2ca8-544f-4f70-8d20-2d616ede98df,10,2026-07-10_11-48-03.jpg,2026-07-10_11-51-57.jpg,48,48,TRIG_NOLABEL,,,90,True,
e8831dc6-efa5-41a7-be2d-d8a8a9e21099,10,2026-07-10_11-52-03.jpg,2026-07-10_11-55-57.jpg,48,48,REJ,edc4c69d,2026-07-10 11:56:44.160112,90,True,Sem descarte.
c8519457-3a4f-47e0-98dc-fe4c24afd99c,10,2026-07-10_11-56-03.jpg,2026-07-10_11-59-58.jpg,48,48,NEG,,,30,False,
1b4dbc60-e8e0-4dd8-ab6d-2ae0f251383f,10,2026-07-10_12-00-03.jpg,2026-07-10_12-03-42.jpg,45,45,NEG,,,0,False,
e977359a-4bd0-4b68-87ed-f952426897d9,10,2026-07-10_12-03-47.jpg,2026-07-10_12-07-33.jpg,46,46,NEG,,,0,False,
360dab8e-feb9-4a3b-b529-67a423d726d2,10,2026-07-10_12-07-38.jpg,2026-07-10_12-11-08.jpg,43,43,NEG,,,0,False,
11b09741-531d-4173-a1b7-82e94c80a098,10,2026-07-10_12-11-13.jpg,2026-07-10_12-15-03.jpg,47,47,NEG,,,30,False,
2f440fe9-fca3-4e4b-beb1-45155abe4c49,10,2026-07-10_12-15-08.jpg,2026-07-10_12-18-33.jpg,42,42,NEG,,,0,False,
05b07e41-ab48-43d7-aabc-08698a4db319,10,2026-07-10_12-18-38.jpg,2026-07-10_12-22-08.jpg,43,43,NEG,,,0,False,
ce32c75d-3c72-41a9-a794-03efa8ffefb7,10,2026-07-10_12-22-13.jpg,2026-07-10_12-26-07.jpg,48,48,NEG,,,0,False,
61d41028-2f04-41f6-8b87-b5835ea29831,10,2026-07-10_12-26-12.jpg,2026-07-10_12-29-32.jpg,41,41,NEG,,,0,False,
7b6b1bd4-9c53-4bc1-85e6-6cebfadd62f8,10,2026-07-10_12-29-38.jpg,2026-07-10_12-33-03.jpg,42,42,NEG,,,0,False,
11d299e3-1ca9-4235-963e-9344a19bb3c1,10,2026-07-10_12-33-08.jpg,2026-07-10_12-36-28.jpg,41,41,NEG,,,50,False,
58050db3-87d5-487d-a1b5-d2bbe14e3cc7,10,2026-07-10_12-36-33.jpg,2026-07-10_12-39-58.jpg,42,42,NEG,,,0,False,
71a056fd-0d6e-495b-b942-721045e0d474,10,2026-07-10_12-40-03.jpg,2026-07-10_12-43-24.jpg,41,41,NEG,,,60,False,
92bd49e3-2cf2-4689-9d6e-2cac50e6d4a4,10,2026-07-10_12-43-28.jpg,2026-07-10_12-46-52.jpg,42,42,INDETERMINADO,f45650cf,2026-07-10 12:47:32.966222,90,True,Não ficou claro se houve descarte ou coleta de resíduos.
ed681bd1-c5a3-44a9-b585-be1178876e16,10,2026-07-10_12-46-58.jpg,2026-07-10_12-50-42.jpg,46,46,NEG,,,50,False,
01c7a1d2-63fd-4b3c-b4b9-8e3447b70ae4,10,2026-07-10_12-50-48.jpg,2026-07-10_12-54-03.jpg,40,40,NEG,,,0,False,
38147289-56bf-41c8-922c-ab6593712aec,10,2026-07-10_12-54-08.jpg,2026-07-10_12-57-43.jpg,44,44,REJ,88b73187,2026-07-10 12:58:20.419064,90,True,Sem descarte.
93993866-655c-4706-adc6-ad531544bf13,10,2026-07-10_12-57-48.jpg,2026-07-10_13-01-28.jpg,45,45,NEG,,,0,False,
31290a40-8d5d-417d-bdfb-f1c227b4afc3,10,2026-07-10_13-01-32.jpg,2026-07-10_13-05-13.jpg,45,45,NEG,,,0,False,
55554603-2b90-44b1-94f2-417215d1f0ed,10,2026-07-10_13-05-17.jpg,2026-07-10_13-08-53.jpg,44,44,NEG,,,0,False,
6776fff3-35a2-441a-a2ae-c1520347ca1a,10,2026-07-10_13-08-58.jpg,2026-07-10_13-12-12.jpg,40,40,NEG,,,0,False,
12164b12-4d06-43e2-8873-eb536380b33a,10,2026-07-10_13-12-18.jpg,2026-07-10_13-15-43.jpg,42,42,NEG,,,50,False,
a99c5abf-cde4-41f8-a104-7829e4a731e9,10,2026-07-10_13-15-48.jpg,2026-07-10_13-19-07.jpg,41,41,NEG,,,50,False,
0f3cce80-b1fb-4619-a5bf-08ce6d97d656,10,2026-07-10_13-19-13.jpg,2026-07-10_13-22-38.jpg,42,42,TRIG_NOLABEL,,,90,True,
0331c19d-d9d0-4860-a787-5d0cdc7bfa7d,10,2026-07-10_13-22-43.jpg,2026-07-10_13-26-38.jpg,48,48,NEG,,,0,False,
8eb8151f-9c14-45db-8fe9-184dcf3d8fd6,10,2026-07-10_13-26-43.jpg,2026-07-10_13-30-17.jpg,44,44,NEG,,,50,False,
eb3861e2-8991-4a3f-98d1-3ccd9dc4ca26,10,2026-07-10_13-30-24.jpg,2026-07-10_13-33-53.jpg,43,43,REJ,6ca35f6f,2026-07-10 13:34:24.12057,90,True,Sem descarte.
02032a03-762f-46e1-9e9b-6d6168c5ead3,10,2026-07-10_13-33-58.jpg,2026-07-10_13-37-32.jpg,44,44,TRIG_NOLABEL,,,90,True,
2ea27e1f-4917-4c69-8269-4d6732c5e26e,10,2026-07-10_13-37-38.jpg,2026-07-10_13-41-03.jpg,42,42,NEG,,,0,False,
a4d13463-164b-4ff0-986d-13af15074972,10,2026-07-10_13-41-07.jpg,2026-07-10_13-44-52.jpg,46,46,TRIG_NOLABEL,,,90,True,
ea45cf85-4df3-4db8-807f-9653677d6290,10,2026-07-10_13-44-58.jpg,2026-07-10_13-48-38.jpg,45,45,REJ,729916ab,2026-07-10 13:49:10.447286,90,True,Não identificamos descarte.
2246dbe7-291b-4565-93aa-03e4e74466a3,10,2026-07-10_13-48-43.jpg,2026-07-10_13-52-34.jpg,47,47,NEG,,,50,False,
c44f6efb-37d0-4ba1-b67e-aefcbe27b424,10,2026-07-10_13-52-39.jpg,2026-07-10_13-56-07.jpg,43,43,NEG,,,0,False,
3845db0f-f7d1-40e1-bed8-73df7a729132,10,2026-07-10_13-56-13.jpg,2026-07-10_13-59-28.jpg,40,40,NEG,,,0,False,
bd35875e-4e2c-4c4b-9878-0827a356bb60,10,2026-07-10_13-59-33.jpg,2026-07-10_14-03-03.jpg,43,43,REJ,b9228c43,2026-07-10 14:03:33.019007,90,True,Não identificamos o ato do descarte.
7c28f34b-24a3-4ecd-8643-efac994b73b1,10,2026-07-10_14-03-07.jpg,2026-07-10_14-07-03.jpg,48,48,NEG,,,60,False,
1aac70cd-3262-4838-abb0-cff0b393d8b2,10,2026-07-10_14-07-07.jpg,2026-07-10_14-10-27.jpg,41,41,NEG,,,50,False,
ac52913d-5686-4373-8adc-79dd4764fe13,10,2026-07-10_14-10-32.jpg,2026-07-10_14-13-57.jpg,42,42,NEG,,,0,False,
81afd705-ad00-4be8-b3c7-b3587e30f82f,10,2026-07-10_14-14-02.jpg,2026-07-10_14-17-33.jpg,43,43,NEG,,,0,False,
f130de50-1365-48b3-8c10-49bb58c2c864,10,2026-07-10_14-17-38.jpg,2026-07-10_14-21-07.jpg,43,43,NEG,,,30,False,
8c093662-d5f5-4268-a304-0c693bd2ac0a,10,2026-07-10_14-21-12.jpg,2026-07-10_14-24-28.jpg,40,40,NEG,,,0,False,
c77d756d-55eb-4b04-872c-5e45e32c2402,10,2026-07-10_14-24-33.jpg,2026-07-10_14-28-02.jpg,43,43,NEG,,,0,False,
f67f0a26-1864-45df-a841-7e7163a6aa43,10,2026-07-10_14-28-08.jpg,2026-07-10_14-31-24.jpg,40,40,NEG,,,0,False,
cbdd803a-0116-48ae-8936-7ac13029ebc7,10,2026-07-10_14-31-33.jpg,2026-07-10_14-34-53.jpg,42,42,NEG,,,50,False,
17d2ffa0-9a34-4323-97ec-5b45a0459918,10,2026-07-10_14-34-58.jpg,2026-07-10_14-38-18.jpg,41,41,NEG,,,0,False,
afd25341-4378-4904-a6b4-51979fafe8de,10,2026-07-10_14-38-23.jpg,2026-07-10_14-41-48.jpg,42,42,TRIG_NOLABEL,,,90,True,
d4bcb90f-f560-4473-a131-cfd800b50a57,10,2026-07-10_14-41-53.jpg,2026-07-10_14-45-48.jpg,48,48,NEG,,,50,False,
ba66a659-6483-4d12-ad07-6904515cc86f,10,2026-07-10_14-45-53.jpg,2026-07-10_14-49-12.jpg,41,41,NEG,,,0,False,
5ef2731f-7654-49dc-b155-c2b80e0b879c,10,2026-07-10_14-49-17.jpg,2026-07-10_14-53-07.jpg,47,47,NEG,,,0,False,
87021198-0190-412d-97f8-6d5487d94890,10,2026-07-10_14-53-12.jpg,2026-07-10_14-56-42.jpg,43,43,NEG,,,0,False,
b6b835ba-93e9-48d2-a9a7-7269a6010ac6,10,2026-07-10_14-56-47.jpg,2026-07-10_15-00-32.jpg,46,46,REJ,401ecbd7,2026-07-10 15:01:11.603777,90,True,Sem descarte.
4d80ff9b-5566-4dce-a6e1-b08358205606,10,2026-07-10_15-00-37.jpg,2026-07-10_15-04-33.jpg,48,48,TRIG_NOLABEL,,,90,True,
09ee3b9b-69a2-47fe-b204-7789c56524dd,10,2026-07-10_15-04-38.jpg,2026-07-10_15-08-33.jpg,48,48,NEG,,,50,False,
b4467da0-bf38-44bf-ac90-c351bb2a7652,10,2026-07-10_15-08-38.jpg,2026-07-10_15-11-58.jpg,41,41,NEG,,,0,False,
0a0b55a3-f407-41ed-bc71-8a249c75f5d7,10,2026-07-10_15-12-03.jpg,2026-07-10_15-15-53.jpg,47,47,NEG,,,0,False,
5cdd4483-22b3-4a0f-bd5d-009588b2b0e9,10,2026-07-10_15-15-58.jpg,2026-07-10_15-19-38.jpg,45,45,TRIG_NOLABEL,,,90,True,
edadde93-3996-4a11-b248-f2103fda0ec3,10,2026-07-10_15-19-43.jpg,2026-07-10_15-23-13.jpg,43,43,NEG,,,50,False,
2a955c49-7642-4111-8e8d-0277a47ae6b6,10,2026-07-10_15-23-18.jpg,2026-07-10_15-26-43.jpg,42,42,NEG,,,0,False,
b3fc7631-0bbe-4caa-b7d6-afeec54fcb92,10,2026-07-10_15-26-47.jpg,2026-07-10_15-30-18.jpg,43,43,NEG,,,30,False,
b536b12a-41d2-45bf-be14-3cdb243adf5e,10,2026-07-10_15-30-23.jpg,2026-07-10_15-33-48.jpg,42,42,NEG,,,50,False,
60f0ef86-3808-4e7d-9656-5645bbba2629,10,2026-07-10_15-33-53.jpg,2026-07-10_15-37-47.jpg,48,48,NEG,,,50,False,
2ea73a7b-16b9-4228-b065-4cb590e51896,10,2026-07-10_15-37-52.jpg,2026-07-10_15-41-38.jpg,46,46,REJ,1a6745ae,2026-07-10 15:42:03.457985,85,True,Sem descarte.
edb39760-12fe-4604-9d2a-71b082b8775b,10,2026-07-10_15-41-43.jpg,2026-07-10_15-45-13.jpg,43,43,TRIG_NOLABEL,,,85,True,
abb4fcd2-d2c4-4e23-bdb8-2c7662c66535,10,2026-07-10_15-45-18.jpg,2026-07-10_15-48-43.jpg,42,42,NEG,,,0,False,
8bf354f3-7d3e-4dcf-84fe-46953ae486c5,10,2026-07-10_15-48-48.jpg,2026-07-10_15-52-43.jpg,48,48,NEG,,,0,False,
919f6aa9-f199-4426-a04e-17f8fa221366,10,2026-07-10_15-52-48.jpg,2026-07-10_15-56-13.jpg,42,42,NEG,,,0,False,
a99431d5-087d-4228-90e4-42f1232c5809,10,2026-07-10_15-56-18.jpg,2026-07-10_15-59-48.jpg,43,43,NEG,,,30,False,
a262358c-71bd-4fb1-b7b0-71163e7c4def,10,2026-07-10_15-59-53.jpg,2026-07-10_16-03-42.jpg,47,47,NEG,,,0,False,
81c438f7-3cdb-462a-8db0-c1874fd0572e,10,2026-07-10_16-03-47.jpg,2026-07-10_16-07-08.jpg,41,41,NEG,,,0,False,
02adb256-cfeb-4175-b1da-068ad6a8e0c6,10,2026-07-10_16-07-13.jpg,2026-07-10_16-10-39.jpg,42,42,NEG,,,30,False,
24a26c9d-f0d2-476e-93bc-7d2470bcf8f4,10,2026-07-10_16-10-44.jpg,2026-07-10_16-14-38.jpg,48,48,REJ,0cd4deb3,2026-07-10 16:15:16.073443,90,True,não ocorreu descarte irregular
8f337486-232a-40d5-aee2-79ba07f3bd08,10,2026-07-10_16-14-43.jpg,2026-07-10_16-18-23.jpg,45,45,NEG,,,50,False,
d829a3c3-6287-4e7b-9285-98c498307489,10,2026-07-10_16-18-27.jpg,2026-07-10_16-21-57.jpg,43,43,NEG,,,50,False,
9b4f1bf3-6d3e-4807-974c-b7f3c6d6edae,10,2026-07-10_16-22-03.jpg,2026-07-10_16-25-17.jpg,40,40,NEG,,,50,False,
5a413f75-4e60-47eb-ae0f-241cdde32494,10,2026-07-10_16-25-22.jpg,2026-07-10_16-29-18.jpg,48,48,NEG,,,50,False,
3ecca898-df27-4f11-857f-c7793b9a3d24,10,2026-07-10_16-29-23.jpg,2026-07-10_16-32-43.jpg,41,41,NEG,,,0,False,
4773c71a-59f4-4b6b-847c-95fdc82d69bc,10,2026-07-10_16-32-48.jpg,2026-07-10_16-36-28.jpg,45,45,NEG,,,60,False,
49eaaf22-ff38-4c28-98a5-067a00c4d9cc,10,2026-07-10_16-36-33.jpg,2026-07-10_16-39-48.jpg,40,40,NEG,,,0,False,
595a9c67-a070-419d-82f8-537b106b6698,10,2026-07-10_16-39-53.jpg,2026-07-10_16-43-23.jpg,43,43,NEG,,,0,False,
6d57d5c3-ee79-4020-8f6f-096e2e6f86df,10,2026-07-10_16-43-28.jpg,2026-07-10_16-46-49.jpg,41,41,NEG,,,0,False,
4e29ab6b-fb45-41de-909d-a099c6c6447a,10,2026-07-10_16-46-54.jpg,2026-07-10_16-50-23.jpg,43,43,NEG,,,0,False,
84e1e800-e9e3-47d9-b2da-fd03d627ced5,10,2026-07-10_16-50-28.jpg,2026-07-10_16-53-57.jpg,43,43,NEG,,,0,False,
52b55e4c-06a8-4544-9ccf-929574cc84a0,10,2026-07-10_16-54-03.jpg,2026-07-10_16-57-28.jpg,42,42,NEG,,,0,False,
fcb0d996-0fc1-41e7-8a6b-58b7b999a867,10,2026-07-10_16-57-34.jpg,2026-07-10_17-00-50.jpg,40,40,NEG,,,0,False,
f3de1863-3278-4c9a-961b-2932eb406af2,10,2026-07-10_17-00-55.jpg,2026-07-10_17-04-18.jpg,42,42,NEG,,,50,False,
bcb0b219-441d-4024-9f44-c8cba51ea84c,10,2026-07-10_17-04-23.jpg,2026-07-10_17-07-43.jpg,41,41,NEG,,,0,False,
5da95776-bdc3-448b-85f4-62931beb0b0b,10,2026-07-10_17-07-48.jpg,2026-07-10_17-11-14.jpg,42,42,NEG,,,0,False,
86ad41a8-a3a2-49f3-b89b-93979190f6a0,10,2026-07-10_17-11-19.jpg,2026-07-10_17-14-35.jpg,40,40,NEG,,,0,False,
1e4d89d7-7886-4de7-b999-3d48812872dd,10,2026-07-10_17-14-40.jpg,2026-07-10_17-18-28.jpg,47,47,NEG,,,0,False,
2c3b8bf1-ce1c-4ef1-8668-e5823c8de5d1,10,2026-07-10_17-18-33.jpg,2026-07-10_17-21-47.jpg,40,40,NEG,,,50,False,
22ea374b-e0f1-4bb1-9c1c-29c96849834d,10,2026-07-10_17-21-52.jpg,2026-07-10_17-25-42.jpg,47,47,NEG,,,0,False,
b16c9743-b44f-4210-9487-39998e169230,10,2026-07-10_17-25-47.jpg,2026-07-10_17-29-22.jpg,44,44,NEG,,,0,False,
814f63e9-93b1-42cc-9c95-de0cd9983931,10,2026-07-10_17-29-27.jpg,2026-07-10_17-33-22.jpg,48,48,NEG,,,50,False,
501939e1-2ca8-40eb-89ee-c806f0f5fd79,10,2026-07-10_17-33-27.jpg,2026-07-10_17-37-22.jpg,48,48,NEG,,,50,False,
9a2aa879-326a-4872-90bf-5d3909ba0d51,10,2026-07-10_17-37-28.jpg,2026-07-10_17-41-22.jpg,48,48,NEG,,,60,False,
6d380886-6aa6-4231-a73b-56e51bdd6e71,10,2026-07-10_17-41-27.jpg,2026-07-10_17-45-22.jpg,48,48,NEG,,,50,False,
f786e649-d949-41f5-98c4-5c002b302434,10,2026-07-10_17-45-27.jpg,2026-07-10_17-49-22.jpg,48,48,NEG,,,0,False,
657ae716-5736-4c94-8679-b3d83c9e83c8,10,2026-07-10_17-49-27.jpg,2026-07-10_17-53-12.jpg,46,46,NEG,,,30,False,
d6c39980-9e4a-40e5-ab34-dedbdbe42a98,10,2026-07-10_17-53-17.jpg,2026-07-10_17-57-12.jpg,48,48,NEG,,,0,False,
1bbda578-52be-419c-9262-51b03001b79d,10,2026-07-10_17-57-17.jpg,2026-07-10_18-00-37.jpg,41,41,NEG,,,50,False,
b95c4e13-e8d9-4cc5-a30f-fe5c71d3bcb1,10,2026-07-10_18-00-42.jpg,2026-07-10_18-04-02.jpg,41,41,NEG,,,0,False,
a7f051b0-0cee-4bdd-a64d-1664b2bc7bb6,10,2026-07-10_18-04-07.jpg,2026-07-10_18-07-22.jpg,40,40,NEG,,,30,False,
f4907270-eecb-4d6a-b59c-94d2ad812f2d,10,2026-07-10_18-07-27.jpg,2026-07-10_18-11-07.jpg,45,45,NEG,,,60,False,
243353a4-f738-48fd-bfd0-086d5a8be7d8,10,2026-07-10_18-11-12.jpg,2026-07-10_18-14-37.jpg,42,42,NEG,,,30,False,
9b0b0430-2888-44a2-a345-4b3aa1603c45,10,2026-07-10_18-14-42.jpg,2026-07-10_18-18-07.jpg,42,42,NEG,,,60,False,
1d3d1706-6162-40d7-a273-152f7b21c0ab,10,2026-07-10_18-18-12.jpg,2026-07-10_18-21-22.jpg,39,39,PENDENTE,f05e09a8,2026-07-10 18:21:54.084557,85,True,
e6d8fc5c-d5b9-4f14-967f-88b5fc3268d6,10,2026-07-10_18-21-27.jpg,2026-07-10_18-24-57.jpg,43,43,NEG,,,0,False,
4355735d-f07b-4b3d-a36e-a46925f8badc,10,2026-07-10_18-25-02.jpg,2026-07-10_18-28-27.jpg,42,42,NEG,,,50,False,
9891d245-60b0-4540-9110-743d18a03e5f,10,2026-07-10_18-28-32.jpg,2026-07-10_18-31-47.jpg,40,40,NEG,,,30,False,
841fe0fc-2e02-4c92-867b-f5ef6cfb3ef8,10,2026-07-10_18-31-52.jpg,2026-07-10_18-35-12.jpg,41,41,NEG,,,50,False,
b2b35b84-bb0a-46f4-baf1-b362e07aca38,10,2026-07-10_18-35-17.jpg,2026-07-10_18-38-32.jpg,40,40,NEG,,,50,False,
bde16c15-88d8-4d53-b5f9-9d1a8d86eab0,10,2026-07-10_18-38-37.jpg,2026-07-10_18-42-12.jpg,44,44,PENDENTE,32836a8d,2026-07-10 18:42:37.902438,90,True,
96324b97-e013-4188-8914-fe86fe0c82f2,10,2026-07-10_18-42-17.jpg,2026-07-10_18-45-42.jpg,42,42,NEG,,,60,False,
e1fc7e70-63ce-459b-b022-8e4c1d28b734,10,2026-07-10_18-45-47.jpg,2026-07-10_18-49-32.jpg,46,46,NEG,,,0,False,
7f0f7de3-9770-4773-89b6-96c4f2d7c5a5,10,2026-07-10_18-49-37.jpg,2026-07-10_18-53-21.jpg,46,46,NEG,,,50,False,
a178a8f6-37ea-465b-a9e1-949734f83c7d,10,2026-07-10_18-53-27.jpg,2026-07-10_18-56-42.jpg,40,40,NEG,,,50,False,
69e8adca-7381-4907-9dbf-b19d18da07a0,10,2026-07-10_18-56-47.jpg,2026-07-10_19-00-12.jpg,42,42,NEG,,,0,False,
098cdacb-c794-4145-8f61-1109395fab54,10,2026-07-10_19-00-17.jpg,2026-07-10_19-03-32.jpg,40,40,NEG,,,50,False,
8ad8cfc5-efd3-4a0c-864f-9447b2b2808d,10,2026-07-10_19-03-37.jpg,2026-07-10_19-07-02.jpg,42,42,NEG,,,0,False,
d2c8263d-4f0a-4cc2-a9c6-d48b1dbfbffb,10,2026-07-10_19-07-07.jpg,2026-07-10_19-10-32.jpg,42,42,NEG,,,0,False,
fa69e34d-1529-4d7c-80e0-60f3f0854a60,10,2026-07-10_19-10-37.jpg,2026-07-10_19-14-12.jpg,44,44,NEG,,,0,False,
bc66fb41-a6b5-4704-bc8e-7fdd0d309564,10,2026-07-10_19-14-17.jpg,2026-07-10_19-17-32.jpg,40,40,NEG,,,50,False,
f5f0b2d3-bee0-490d-b97c-09e48a1e126a,10,2026-07-10_19-17-37.jpg,2026-07-10_19-20-57.jpg,41,41,NEG,,,50,False,
ff8bdac0-6305-4b3d-b954-c853257ebdad,10,2026-07-10_19-21-02.jpg,2026-07-10_19-24-37.jpg,44,44,NEG,,,50,False,
0358c8bc-031c-4b87-883b-a96834f678e3,10,2026-07-10_19-24-42.jpg,2026-07-10_19-28-02.jpg,41,41,NEG,,,0,False,
2bbeb9c7-9a53-4ed2-aaf1-8283a4b99403,10,2026-07-10_19-28-07.jpg,2026-07-10_19-31-21.jpg,40,40,NEG,,,50,False,
d27e1b2e-44ea-452b-9f42-ae1806de1e3b,10,2026-07-10_19-31-27.jpg,2026-07-10_19-34-47.jpg,41,41,NEG,,,50,False,
51d0f8de-0fd8-46a6-8642-763a29e6250e,10,2026-07-10_19-34-52.jpg,2026-07-10_19-38-07.jpg,40,40,NEG,,,0,False,
76c16089-d156-4b0a-80a8-2ae9ce2c10c4,10,2026-07-10_19-38-12.jpg,2026-07-10_19-41-37.jpg,42,42,NEG,,,0,False,
139355a6-12fe-420f-a165-ff78d9a89618,10,2026-07-10_19-41-42.jpg,2026-07-10_19-44-57.jpg,40,40,NEG,,,0,False,
3b292693-07dd-4d42-99ae-c963bdbb61a0,10,2026-07-10_19-45-02.jpg,2026-07-10_19-48-32.jpg,43,43,NEG,,,50,False,
f34fb392-f24a-4562-8d0a-90021bd1cff8,10,2026-07-10_19-48-37.jpg,2026-07-10_19-51-52.jpg,40,40,NEG,,,0,False,
971832bc-e5c9-4d15-8e37-3f5b43988ea0,10,2026-07-10_19-51-57.jpg,2026-07-10_19-55-17.jpg,41,41,TRIG_NOLABEL,,,90,True,
8c6e8dbe-693c-4aa0-be05-990fe2c31e1c,10,2026-07-10_19-55-22.jpg,2026-07-10_19-59-12.jpg,47,47,NEG,,,50,False,
0165bf3b-5a32-4273-b757-d9b05f397ed3,10,2026-07-10_19-59-17.jpg,2026-07-10_20-02-32.jpg,40,40,TRIG_NOLABEL,,,90,True,
5f252181-268c-4b2d-a442-20f282fb84eb,10,2026-07-10_20-02-37.jpg,2026-07-10_20-06-12.jpg,44,44,NEG,,,50,False,
ca78bb2f-8836-420f-84bf-32635edcc1ad,10,2026-07-10_20-06-17.jpg,2026-07-10_20-09-52.jpg,44,44,NEG,,,60,False,
06a2ae88-b54c-4069-8802-24f257804c6d,10,2026-07-10_20-09-57.jpg,2026-07-10_20-13-27.jpg,43,43,NEG,,,50,False,
c76649b6-d654-4618-a649-c1944fb4e211,10,2026-07-10_20-13-32.jpg,2026-07-10_20-16-52.jpg,41,41,NEG,,,30,False,
bb071491-efdb-4569-a013-eb42a08ab183,10,2026-07-10_20-16-57.jpg,2026-07-10_20-20-47.jpg,47,47,NEG,,,0,False,
0264d69d-f160-4fc7-ad3b-e1f2a8e5b00c,10,2026-07-10_20-20-52.jpg,2026-07-10_20-24-32.jpg,45,45,NEG,,,40,False,
e06521b0-229c-4c69-929a-e78578e74f91,10,2026-07-10_20-24-37.jpg,2026-07-10_20-27-52.jpg,40,40,NEG,,,50,False,
ad565769-a905-4e91-92a8-3911ce80e9b5,10,2026-07-10_20-27-57.jpg,2026-07-10_20-31-17.jpg,41,41,REJ,f2bcb913,2026-07-10 20:31:48.549206,85,True,Não identificamos o atodo descarte.
35dd42e5-898f-46eb-9f5f-709a8f3faa58,10,2026-07-10_20-31-22.jpg,2026-07-10_20-34-52.jpg,43,43,NEG,,,0,False,
446638f4-e72e-4d45-943b-acf1d202c36c,10,2026-07-10_20-34-57.jpg,2026-07-10_20-38-12.jpg,40,40,NEG,,,50,False,
414c8527-c1f3-46b9-b02b-4fc7b6ac6041,10,2026-07-10_20-38-17.jpg,2026-07-10_20-41-42.jpg,42,42,NEG,,,0,False,
90f56001-034f-4367-9969-aaf7cc462c46,10,2026-07-10_20-41-47.jpg,2026-07-10_20-44-57.jpg,39,39,NEG,,,60,False,
71a64297-1a12-4a79-9263-a38168221f16,10,2026-07-10_20-45-02.jpg,2026-07-10_20-48-27.jpg,42,42,REJ,18a0e61a,2026-07-10 20:48:57.78497,90,True,Não identificamos o ato do descarte.
9139fe52-555a-465f-b6a5-d598152617f6,10,2026-07-10_20-48-32.jpg,2026-07-10_20-52-02.jpg,43,43,NEG,,,50,False,
da95f7ce-fcd3-4496-af8e-e7c77fda9050,10,2026-07-10_20-52-07.jpg,2026-07-10_20-55-22.jpg,40,40,NEG,,,0,False,
4ec25c92-8280-4543-a612-3cc1251af3b5,10,2026-07-10_20-55-27.jpg,2026-07-10_20-58-47.jpg,41,41,NEG,,,30,False,
5148efd6-20ea-4114-959c-1403c2c2a1ff,10,2026-07-10_20-58-52.jpg,2026-07-10_21-02-07.jpg,40,40,TRIG_NOLABEL,,,90,True,
64aea22d-9a9b-4cad-8b3e-d02bdbadb821,10,2026-07-10_21-02-12.jpg,2026-07-10_21-05-52.jpg,45,45,NEG,,,0,False,
a974f9c7-f701-4255-aae4-f60bf388703e,10,2026-07-10_21-05-57.jpg,2026-07-10_21-09-37.jpg,45,45,NEG,,,30,False,
8ad199d7-d500-48fa-869d-f5d4b8c41e90,10,2026-07-10_21-09-42.jpg,2026-07-10_21-13-17.jpg,44,44,NEG,,,0,False,
9ccdeb89-afa5-4cc2-8bc6-8110af351e47,10,2026-07-10_21-13-22.jpg,2026-07-10_21-16-57.jpg,44,44,NEG,,,0,False,
0737bc64-7548-4a62-b842-120b264fc057,10,2026-07-10_21-17-02.jpg,2026-07-10_21-20-17.jpg,40,40,NEG,,,50,False,
e70fe511-f81c-4989-9e98-1337a03bab79,10,2026-07-10_21-20-22.jpg,2026-07-10_21-23-42.jpg,41,41,NEG,,,60,False,
e2e94e2c-b04b-41ed-b637-a701258c4335,10,2026-07-10_21-23-47.jpg,2026-07-10_21-27-02.jpg,40,40,NEG,,,50,False,
e07e0a21-3730-42ab-b9e3-48eff92c7d51,10,2026-07-10_21-27-07.jpg,2026-07-10_21-30-27.jpg,41,41,NEG,,,0,False,
19a3b998-ae83-44b6-8fa5-26c9dc4f82af,10,2026-07-10_21-30-32.jpg,2026-07-10_21-33-47.jpg,40,40,NEG,,,0,False,
312897b0-7251-44f2-8fe0-b5cc493c8ffa,10,2026-07-10_21-33-52.jpg,2026-07-10_21-37-22.jpg,43,43,NEG,,,50,False,
c8ab43c3-5175-4e25-b94d-8dcb752b47fd,10,2026-07-10_21-37-27.jpg,2026-07-10_21-40-42.jpg,40,40,NEG,,,50,False,
9a81fc97-07e8-4e3f-a5a0-073d50d21e37,10,2026-07-10_21-40-47.jpg,2026-07-10_21-44-27.jpg,45,45,NEG,,,0,False,
4bf3a078-dd95-4a04-9b18-3d0e2fafcaa1,10,2026-07-10_21-44-32.jpg,2026-07-10_21-47-47.jpg,40,40,NEG,,,50,False,
198e5c3d-2564-4ab3-bc78-ad9207f67963,10,2026-07-10_21-47-52.jpg,2026-07-10_21-51-12.jpg,41,41,NEG,,,50,False,
2f23ac16-7683-4ad2-b58d-857b54630014,10,2026-07-10_21-51-17.jpg,2026-07-10_21-54-32.jpg,40,40,NEG,,,50,False,
e8bab6a2-ec31-4fc5-afba-00c334ab369b,10,2026-07-10_21-54-37.jpg,2026-07-10_21-58-02.jpg,42,42,INDETERMINADO,2ff0c55a,2026-07-10 21:58:26.703743,90,True,"Não identificamos o ato do descarte, apenas o trânsito de pessoas e catadores."
c224d5a3-8816-4630-b5c4-e5e0f204c0c7,10,2026-07-10_21-58-07.jpg,2026-07-10_22-01-32.jpg,42,42,INDETERMINADO,2ff0c55a,2026-07-10 21:58:26.703743,90,True,"Não identificamos o ato do descarte, apenas o trânsito de pessoas e catadores."
7241b0b7-a653-4ad1-86e8-cb30c60ffc52,10,2026-07-10_22-01-37.jpg,2026-07-10_22-05-07.jpg,43,43,NEG,,,50,False,
1ee38b7d-332c-42c9-b949-3f271a9e2eac,10,2026-07-10_22-05-12.jpg,2026-07-10_22-08-27.jpg,40,40,NEG,,,0,False,
31216dd3-857a-42ae-ac3e-d94f9929b64b,10,2026-07-10_22-08-32.jpg,2026-07-10_22-12-12.jpg,45,45,NEG,,,50,False,
478f6cf6-0e19-4256-8330-61a4045ee6f6,10,2026-07-10_22-12-17.jpg,2026-07-10_22-15-47.jpg,43,43,NEG,,,50,False,
14937884-f48d-47b4-8474-bb8af5f0c7fa,10,2026-07-10_22-15-52.jpg,2026-07-10_22-19-22.jpg,43,43,NEG,,,50,False,
136df1f8-a6de-46ee-b2d7-db3e4fe5d7b4,10,2026-07-10_22-19-27.jpg,2026-07-10_22-22-52.jpg,42,42,NEG,,,50,False,
a3ccd70d-ea10-44b7-ba27-5185abe1c3d4,10,2026-07-10_22-22-57.jpg,2026-07-10_22-26-27.jpg,43,43,NEG,,,50,False,
b961a561-93da-432e-b755-49d638e2b456,10,2026-07-10_22-26-32.jpg,2026-07-10_22-29-47.jpg,40,40,NEG,,,50,False,
37d3bd03-3db7-419b-bd31-8ed2c46a5796,10,2026-07-10_22-29-52.jpg,2026-07-10_22-33-17.jpg,42,42,INDETERMINADO,f53c86b1,2026-07-10 22:33:40.426486,90,True,"Não flagramos o ato do descarte, apenas o trânsito de catadores de recicláveis."
21b72309-2ebb-45fa-b218-6fcfe487abfb,10,2026-07-10_22-33-22.jpg,2026-07-10_22-36-47.jpg,42,42,INDETERMINADO,f53c86b1,2026-07-10 22:33:40.426486,90,True,"Não flagramos o ato do descarte, apenas o trânsito de catadores de recicláveis."
20297577-1483-476e-add2-1e65d8a7a740,10,2026-07-10_22-36-52.jpg,2026-07-10_22-40-32.jpg,45,45,NEG,,,0,False,
11ef607e-8d1a-457a-9af4-1618f93d3d92,10,2026-07-10_22-40-37.jpg,2026-07-10_22-43-52.jpg,40,40,NEG,,,60,False,
f9ea4cd9-6129-416a-a0ed-496144d9e413,10,2026-07-10_22-43-57.jpg,2026-07-10_22-47-17.jpg,41,41,REJ,eb796e5e,2026-07-10 22:47:41.897624,90,True,Sem descartes.
bbc6e256-74c6-4ec1-a74b-03c20dc9a201,10,2026-07-10_22-47-22.jpg,2026-07-10_22-50-47.jpg,42,42,NEG,,,50,False,
51f225dc-fc7a-48a4-9d76-55ce23c1d1e9,10,2026-07-10_22-50-52.jpg,2026-07-10_22-54-07.jpg,40,40,TRIG_NOLABEL,,,90,True,
8b256e40-fadd-4324-a3eb-cc8e13bb1aea,10,2026-07-10_22-54-12.jpg,2026-07-10_22-57-42.jpg,43,43,NEG,,,50,False,
017f35a7-04c9-4af5-b5f0-b76a5957411a,10,2026-07-10_22-57-47.jpg,2026-07-10_23-01-12.jpg,42,42,NEG,,,50,False,
ca3ca1fe-11e1-460b-bc57-5323543db78d,10,2026-07-10_23-01-17.jpg,2026-07-10_23-04-32.jpg,40,40,NEG,,,0,False,
16cd1de5-b720-4700-b9d8-95e8a3bbff99,10,2026-07-10_23-04-37.jpg,2026-07-10_23-07-57.jpg,41,41,NEG,,,0,False,
d2e06981-3058-438a-9bd8-55b1c8e02ed3,10,2026-07-10_23-08-02.jpg,2026-07-10_23-11-17.jpg,40,40,NEG,,,0,False,
3db057a6-2cac-4405-ae47-1bf494c62153,10,2026-07-10_23-11-22.jpg,2026-07-10_23-14-42.jpg,41,41,NEG,,,50,False,
5d0f199c-5139-4f31-b2f1-ef9eb67ee94d,10,2026-07-10_23-14-47.jpg,2026-07-10_23-18-02.jpg,40,40,NEG,,,50,False,
84303099-5124-4555-bac4-34e901730167,10,2026-07-10_23-18-07.jpg,2026-07-10_23-21-32.jpg,42,42,NEG,,,50,False,
83504125-6c5c-4b4b-8fac-7a6e703677c7,10,2026-07-10_23-21-37.jpg,2026-07-10_23-24-47.jpg,39,39,TRIG_NOLABEL,,,90,True,
0a9c98f2-a8c3-45bb-b44f-0b95963afc26,10,2026-07-10_23-24-52.jpg,2026-07-10_23-28-12.jpg,41,41,NEG,,,50,False,
37c6bec6-f322-4f50-a952-cfef075bf4d6,10,2026-07-10_23-28-17.jpg,2026-07-10_23-31-42.jpg,42,42,NEG,,,50,False,
e2f00896-1499-44e5-a3ed-2dc33371088d,10,2026-07-10_23-31-47.jpg,2026-07-10_23-34-56.jpg,39,39,NEG,,,50,False,
4f510472-b326-458b-a76d-aa7b330010d0,10,2026-07-10_23-35-02.jpg,2026-07-10_23-38-27.jpg,42,42,NEG,,,0,False,
fe5ebc84-470b-45a3-8308-7f2bd57152c4,10,2026-07-10_23-38-32.jpg,2026-07-10_23-41-47.jpg,40,40,NEG,,,0,False,
f2b6578a-bab1-4cf1-b754-ed91a353836f,10,2026-07-10_23-41-52.jpg,2026-07-10_23-45-12.jpg,41,41,NEG,,,50,False,
0dd6b02c-e953-4aaa-8102-f8cea7a8f5bd,10,2026-07-10_23-45-17.jpg,2026-07-10_23-48-32.jpg,40,40,NEG,,,0,False,
1436cca1-17ab-47e1-afd4-b9c71a64f51d,10,2026-07-10_23-48-37.jpg,2026-07-10_23-51-57.jpg,41,41,NEG,,,50,False,
6e9266f4-af47-4dba-a559-f23cc2f9794d,10,2026-07-10_23-52-02.jpg,2026-07-10_23-55-12.jpg,39,39,NEG,,,0,False,
e622d3cd-9822-457e-b3a6-0abf79a0af5c,10,2026-07-10_23-55-17.jpg,2026-07-10_23-58-42.jpg,42,42,NEG,,,0,False,
da6c279d-e07c-4833-b114-66925b55d0ca,11,2026-07-10_23-58-47.jpg,2026-07-11_00-01-57.jpg,39,39,NEG,,,0,False,
47097e15-5e00-487d-a252-e29e5def7406,11,2026-07-11_00-02-03.jpg,2026-07-11_00-05-27.jpg,42,42,NEG,,,0,False,
9c3d4f3f-f17b-4a3f-a634-77e097e32b39,11,2026-07-11_00-05-32.jpg,2026-07-11_00-08-42.jpg,39,39,NEG,,,50,False,
02e3150a-f9f5-4f92-a032-552f754204c8,11,2026-07-11_00-08-46.jpg,2026-07-11_00-12-12.jpg,42,42,NEG,,,0,False,
13ab72bb-1fa1-41b0-956a-ad190bea0270,11,2026-07-11_00-12-17.jpg,2026-07-11_00-15-32.jpg,40,40,NEG,,,30,False,
7c2dba43-430c-4e84-a399-c4369dbe5a81,11,2026-07-11_00-15-37.jpg,2026-07-11_00-18-57.jpg,41,41,NEG,,,50,False,
ccd366da-5bd5-4419-8384-d68de83e8f69,11,2026-07-11_00-19-02.jpg,2026-07-11_00-22-17.jpg,40,40,NEG,,,0,False,
301870c5-e3c9-49fe-a2f1-d6a85e51d5fe,11,2026-07-11_00-22-22.jpg,2026-07-11_00-25-42.jpg,41,41,NEG,,,50,False,
561aa614-7290-44b0-8b41-bf629c0590f6,11,2026-07-11_00-25-47.jpg,2026-07-11_00-29-02.jpg,40,40,CONF,fec7d216,2026-07-11 00:29:28.811831,90,True,Descarte confirmado.
9e586a03-703d-4865-9a34-d5801a2651c8,11,2026-07-11_00-29-07.jpg,2026-07-11_00-32-32.jpg,42,42,NEG,,,0,False,
ff091002-4f26-4f02-bb73-2348aea85efd,11,2026-07-11_00-32-37.jpg,2026-07-11_00-36-02.jpg,42,42,NEG,,,0,False,
449327a7-2168-470f-8b8b-137ac9933058,11,2026-07-11_00-36-07.jpg,2026-07-11_00-39-22.jpg,40,40,NEG,,,50,False,
bd05aa8d-c5c7-4df5-b7b2-77e570b5e3a7,11,2026-07-11_00-39-27.jpg,2026-07-11_00-42-47.jpg,41,41,NEG,,,50,False,
536fc8e1-b128-483e-b023-aacf598dced9,11,2026-07-11_00-42-52.jpg,2026-07-11_00-46-07.jpg,40,40,TRIG_NOLABEL,,,85,True,
8bd67c99-b7c8-4bc5-b58b-31cdaa9a835d,11,2026-07-11_00-46-12.jpg,2026-07-11_00-49-37.jpg,42,42,NEG,,,0,False,
be1cc6a4-0e28-4d2b-8157-c306e1a3d98b,11,2026-07-11_00-49-42.jpg,2026-07-11_00-53-07.jpg,42,42,NEG,,,50,False,
e2cc4591-4287-41e7-bbba-5cc05f818b3d,11,2026-07-11_00-53-12.jpg,2026-07-11_00-56-22.jpg,39,39,TRIG_NOLABEL,,,90,True,
b5b69a41-7cfb-4106-82de-a31af39ce84a,11,2026-07-11_00-56-27.jpg,2026-07-11_00-59-47.jpg,41,41,NEG,,,50,False,
ecb4a85b-b826-41aa-ae31-1bc6f8b2de89,11,2026-07-11_00-59-51.jpg,2026-07-11_01-03-12.jpg,41,41,NEG,,,0,False,
9066eb81-216d-455e-b71a-caff534b4043,11,2026-07-11_01-03-17.jpg,2026-07-11_01-06-32.jpg,40,40,NEG,,,0,False,
d2a95ff1-2e80-4c99-87a8-aae6067e7b84,11,2026-07-11_01-06-37.jpg,2026-07-11_01-10-02.jpg,42,42,NEG,,,0,False,
aab812f2-a081-486d-a8d5-392dea97dd46,11,2026-07-11_01-10-07.jpg,2026-07-11_01-13-17.jpg,39,39,NEG,,,0,False,
a837fb2f-abb3-4c35-90c4-a1d473640126,11,2026-07-11_01-13-22.jpg,2026-07-11_01-16-47.jpg,42,42,NEG,,,0,False,
a6b034b1-52ab-4d90-8035-6703fb947313,11,2026-07-11_01-16-52.jpg,2026-07-11_01-20-07.jpg,40,40,NEG,,,60,False,
6f5b7aba-5608-4c6b-9109-b8f8fa709a59,11,2026-07-11_01-20-12.jpg,2026-07-11_01-23-52.jpg,45,45,NEG,,,60,False,
9209cf5a-80dc-4092-afd9-274288c9640e,11,2026-07-11_01-23-57.jpg,2026-07-11_01-27-07.jpg,39,39,NEG,,,0,False,
341ddd9f-7ff9-4f09-99ac-4de80c2df8f3,11,2026-07-11_01-27-12.jpg,2026-07-11_01-30-37.jpg,42,42,NEG,,,0,False,
13dc5e48-77f6-4b4d-877c-1770225ee802,11,2026-07-11_01-30-42.jpg,2026-07-11_01-34-17.jpg,44,44,NEG,,,0,False,
55a2449d-eeca-44c4-9225-28127e3eab6c,11,2026-07-11_01-34-22.jpg,2026-07-11_01-37-46.jpg,42,42,NEG,,,60,False,
f9fd9411-f3c0-43fa-90ab-1847649deee0,11,2026-07-11_01-37-52.jpg,2026-07-11_01-41-07.jpg,40,40,NEG,,,60,False,
b22c1255-7f20-43bf-ae73-e5c18107a699,11,2026-07-11_01-41-12.jpg,2026-07-11_01-44-37.jpg,42,42,NEG,,,0,False,
5c0e0b05-af3a-49c1-bfb3-93b04a44352f,11,2026-07-11_01-44-42.jpg,2026-07-11_01-47-52.jpg,39,39,NEG,,,50,False,
ece1cc08-92ec-40c5-a450-c4828006e60c,11,2026-07-11_01-47-57.jpg,2026-07-11_01-51-22.jpg,42,42,NEG,,,60,False,
1509d1b3-8eed-4b2c-9d01-a011dcc28474,11,2026-07-11_01-51-27.jpg,2026-07-11_01-54-42.jpg,40,40,NEG,,,50,False,
2a0b7e55-8d61-4a6d-8820-63bd1708e307,11,2026-07-11_01-54-47.jpg,2026-07-11_01-58-11.jpg,42,42,NEG,,,0,False,
8ab870e7-a59c-42d3-be32-714942584478,11,2026-07-11_01-58-16.jpg,2026-07-11_02-01-41.jpg,42,42,NEG,,,60,False,
7053a2de-35c5-4c43-ae8c-9313f706c832,11,2026-07-11_02-01-47.jpg,2026-07-11_02-05-12.jpg,42,42,NEG,,,0,False,
4be2a209-ea1f-4d7a-bd29-96c5f8802968,11,2026-07-11_02-05-17.jpg,2026-07-11_02-08-32.jpg,40,40,NEG,,,50,False,
ca51c4c8-2f7b-4d34-aa96-7f629b51c259,11,2026-07-11_02-08-37.jpg,2026-07-11_02-12-02.jpg,42,42,NEG,,,40,False,
882d31ff-3eb1-4f32-be39-1f57a92cdd60,11,2026-07-11_02-12-07.jpg,2026-07-11_02-15-22.jpg,40,40,NEG,,,0,False,
a5ff1c32-3263-47c4-9217-684f359c2239,11,2026-07-11_02-15-27.jpg,2026-07-11_02-18-47.jpg,41,41,NEG,,,30,False,
e9254c3b-a4d9-4a77-88fa-a25e5f649f78,11,2026-07-11_02-18-52.jpg,2026-07-11_02-22-27.jpg,44,44,NEG,,,50,False,
58e43b2d-9018-4e7a-924d-1df7f5871504,11,2026-07-11_02-22-32.jpg,2026-07-11_02-25-56.jpg,42,42,NEG,,,0,False,
195ba4c4-b330-41df-8b63-98956691afec,11,2026-07-11_02-26-02.jpg,2026-07-11_02-29-17.jpg,40,40,NEG,,,0,False,
0f7aa63a-0ede-468f-8a81-6738ae982106,11,2026-07-11_02-29-22.jpg,2026-07-11_02-32-47.jpg,42,42,NEG,,,0,False,
b8e9b031-fcda-4509-812c-6b398d942340,11,2026-07-11_02-32-52.jpg,2026-07-11_02-36-07.jpg,40,40,NEG,,,0,False,
d8771114-89f2-44e5-ac14-e89b9f954a84,11,2026-07-11_02-36-12.jpg,2026-07-11_02-39-32.jpg,41,41,NEG,,,0,False,
b933ccbb-465a-43eb-997a-468888502338,11,2026-07-11_02-39-37.jpg,2026-07-11_02-42-51.jpg,40,40,NEG,,,0,False,
4e39e5be-9b77-473e-9f07-f23b99c33153,11,2026-07-11_02-42-57.jpg,2026-07-11_02-46-22.jpg,42,42,NEG,,,30,False,
f9ddc071-f926-4050-97c2-a1d2becd0170,11,2026-07-11_02-46-27.jpg,2026-07-11_02-49-42.jpg,40,40,NEG,,,50,False,
41ebc2d2-dda4-473b-8743-dbfafe692f6a,11,2026-07-11_02-49-47.jpg,2026-07-11_02-53-07.jpg,41,41,NEG,,,30,False,
a47a9c0c-6e55-4e1e-96d6-0e5bc9112519,11,2026-07-11_02-53-12.jpg,2026-07-11_02-56-27.jpg,40,40,NEG,,,50,False,
f10bc273-a5fb-45e9-9d58-4305edbaebb1,11,2026-07-11_02-56-32.jpg,2026-07-11_02-59-52.jpg,41,41,NEG,,,0,False,
ae18ef8f-3b22-446c-bac0-4d2ad5d38eb4,11,2026-07-11_02-59-57.jpg,2026-07-11_03-03-51.jpg,48,48,TRIG_NOLABEL,,,90,True,
7f55524d-a2f3-4854-8661-a4aea4b56070,11,2026-07-11_03-03-57.jpg,2026-07-11_03-07-52.jpg,48,48,NEG,,,50,False,
a2bcce68-402e-449d-90e2-b4787d358f6d,11,2026-07-11_03-07-57.jpg,2026-07-11_03-11-52.jpg,48,48,NEG,,,0,False,
cf807f1e-2161-4f7b-9790-412abadc0fe6,11,2026-07-11_03-11-57.jpg,2026-07-11_03-15-52.jpg,48,48,NEG,,,0,False,
0e1bac2c-23e6-47bd-b8b0-d39c941f67d0,11,2026-07-11_03-15-57.jpg,2026-07-11_03-19-52.jpg,48,48,NEG,,,0,False,
3bab9270-122f-4e9d-9815-82443d2ef225,11,2026-07-11_03-19-56.jpg,2026-07-11_03-23-52.jpg,48,48,NEG,,,0,False,
15ea48d6-e24c-4879-9198-76e278e64f05,11,2026-07-11_03-23-57.jpg,2026-07-11_03-27-07.jpg,39,39,NEG,,,50,False,
997b5812-bedd-49f2-a2a4-a37b00af0951,11,2026-07-11_03-27-12.jpg,2026-07-11_03-31-07.jpg,48,48,REJ,05d899a7,2026-07-11 03:33:16.734486,90,True,Sem descarte.
50d44d95-bffe-45df-be55-bf8de8b728f6,11,2026-07-11_03-31-12.jpg,2026-07-11_03-32-52.jpg,21,21,NEG,,,50,False,
ecb1fa89-7055-487a-b867-5dc3c0ea0bb2,11,2026-07-11_03-32-57.jpg,2026-07-11_03-36-42.jpg,46,46,NEG,,,50,False,
317daed3-af0f-4753-ac29-b203e9e08e27,11,2026-07-11_03-36-47.jpg,2026-07-11_03-40-02.jpg,40,40,NEG,,,0,False,
8d4ee947-1a3d-4699-9626-f6867a9784d5,11,2026-07-11_03-40-07.jpg,2026-07-11_03-43-27.jpg,41,41,NEG,,,0,False,
3c9f4b63-6ee4-4a9a-a54d-84beb8346ed1,11,2026-07-11_03-43-32.jpg,2026-07-11_03-46-47.jpg,40,40,NEG,,,0,False,
f1411d0f-2656-46fa-a4c7-4dde9bd18658,11,2026-07-11_03-46-52.jpg,2026-07-11_03-50-12.jpg,41,41,NEG,,,40,False,
0a0c04bf-1796-4487-b41c-f3ba401f81f9,11,2026-07-11_03-50-17.jpg,2026-07-11_03-53-32.jpg,40,40,NEG,,,0,False,
95002168-4c20-4a0a-a7c5-9603d6628489,11,2026-07-11_03-53-37.jpg,2026-07-11_03-56-57.jpg,41,41,NEG,,,0,False,
a56927a6-7557-4827-b689-3c2e6c92a782,11,2026-07-11_03-57-02.jpg,2026-07-11_04-00-17.jpg,40,40,REJ,4cf6179d,2026-07-11 04:00:41.174355,90,True,Sem descarte.
80bcab81-176a-4c2c-b498-e2adfa64e2a2,11,2026-07-11_04-00-22.jpg,2026-07-11_04-03-47.jpg,42,42,NEG,,,0,False,
66f3ab94-95db-49ae-8c4b-96d77671fce2,11,2026-07-11_04-03-52.jpg,2026-07-11_04-07-16.jpg,42,42,NEG,,,50,False,
a99f0a60-bf7e-4025-a89a-75e0845cde71,11,2026-07-11_04-07-22.jpg,2026-07-11_04-10-37.jpg,40,40,NEG,,,50,False,
7de0dc7d-5cc1-4610-b333-fa7c34cf1f0f,11,2026-07-11_04-10-42.jpg,2026-07-11_04-14-17.jpg,44,44,NEG,,,0,False,
429f6a2f-b94d-4792-b71a-0b3427dcadb0,11,2026-07-11_04-14-21.jpg,2026-07-11_04-17-32.jpg,39,39,NEG,,,0,False,
759d5b3c-9c6a-47a5-b598-e6230c3f3acd,11,2026-07-11_04-17-37.jpg,2026-07-11_04-21-02.jpg,42,42,NEG,,,0,False,
5a2bd46c-a265-4b3d-b158-290a3fea67de,11,2026-07-11_04-21-06.jpg,2026-07-11_04-24-17.jpg,39,39,NEG,,,0,False,
bb556feb-b8c6-4be3-923d-a7a603268492,11,2026-07-11_04-24-22.jpg,2026-07-11_04-27-46.jpg,42,42,NEG,,,50,False,
3d1dfbc7-9b51-42f5-a864-b9151d4e33ff,11,2026-07-11_04-27-52.jpg,2026-07-11_04-31-02.jpg,39,39,NEG,,,0,False,
f8450677-cd54-4995-b140-ba3cfc5096e2,11,2026-07-11_04-31-07.jpg,2026-07-11_04-34-52.jpg,46,46,NEG,,,50,False,
875f6e0e-6924-4947-b950-0c5f66ea2195,11,2026-07-11_04-34-57.jpg,2026-07-11_04-38-12.jpg,40,40,NEG,,,0,False,
b91dc8e5-e54d-4d64-8d5c-491df669fc50,11,2026-07-11_04-38-17.jpg,2026-07-11_04-42-07.jpg,47,47,NEG,,,0,False,
eab431a2-d0c6-46ee-a673-8605cce324ce,11,2026-07-11_04-42-12.jpg,2026-07-11_04-45-56.jpg,46,46,NEG,,,50,False,
c5762ae7-a92b-4b8c-9d6a-63c871ed2d83,11,2026-07-11_04-46-02.jpg,2026-07-11_04-49-42.jpg,45,45,NEG,,,0,False,
6773130b-437d-4792-ae2a-241020c02040,11,2026-07-11_04-49-47.jpg,2026-07-11_04-53-02.jpg,40,40,NEG,,,50,False,
de14d464-def0-4964-8d34-1f41e2291386,11,2026-07-11_04-53-07.jpg,2026-07-11_04-56-32.jpg,42,42,NEG,,,60,False,
f6a7e457-0eb1-44f0-9817-bc43cd608d21,11,2026-07-11_04-56-37.jpg,2026-07-11_05-00-07.jpg,43,43,NEG,,,50,False,
dae04bbe-be3f-44e4-b241-8e088ca37c62,11,2026-07-11_05-00-12.jpg,2026-07-11_05-03-37.jpg,42,42,NEG,,,0,False,
14446e3c-56b4-44ea-a80d-0a902ccd4d1d,11,2026-07-11_05-03-42.jpg,2026-07-11_05-07-12.jpg,43,43,TRIG_NOLABEL,,,90,True,
d63996e4-c011-47ed-98bc-07ebeeb5cd6a,11,2026-07-11_05-07-17.jpg,2026-07-11_05-11-02.jpg,46,46,NEG,,,0,False,
9bd4fa37-1dda-4f7b-b583-f076fd0929d9,11,2026-07-11_05-11-07.jpg,2026-07-11_05-14-52.jpg,46,46,TRIG_NOLABEL,,,90,True,
726523b3-74d4-453b-96b2-16746ae44542,11,2026-07-11_05-14-57.jpg,2026-07-11_05-18-32.jpg,44,44,NEG,,,0,False,
59ddac71-ad36-4423-97bf-ac9582185eb9,11,2026-07-11_05-18-37.jpg,2026-07-11_05-22-17.jpg,45,45,NEG,,,50,False,
6c7b5437-3ed5-440a-bf43-7257eb8f827c,11,2026-07-11_05-22-22.jpg,2026-07-11_05-26-17.jpg,48,48,NEG,,,50,False,
6e91dc32-c577-44a2-a3ef-37e78825852b,11,2026-07-11_05-26-22.jpg,2026-07-11_05-29-47.jpg,42,42,NEG,,,30,False,
f4b78874-858b-4f64-a171-c14810564cf0,11,2026-07-11_05-29-52.jpg,2026-07-11_05-33-47.jpg,48,48,NEG,,,0,False,
a69acb53-3529-4ea7-8604-ddbdd202137b,11,2026-07-11_05-33-52.jpg,2026-07-11_05-37-22.jpg,43,43,NEG,,,50,False,
fb674186-5391-4cd9-841e-79689a27cfe3,11,2026-07-11_05-37-28.jpg,2026-07-11_05-41-17.jpg,47,47,NEG,,,0,False,
e3599724-0d36-4563-9924-d103e6cc154d,11,2026-07-11_05-41-22.jpg,2026-07-11_05-44-47.jpg,42,42,NEG,,,50,False,
d2514a7d-fc5a-4829-bf2e-10b6852d2d94,11,2026-07-11_05-44-52.jpg,2026-07-11_05-48-47.jpg,48,48,TRIG_NOLABEL,,,90,True,
410a70be-0995-4214-b418-96da13b4d5e6,11,2026-07-11_05-48-52.jpg,2026-07-11_05-52-47.jpg,48,48,NEG,,,50,False,
2b629ae3-d03e-4e26-b2cd-2313ec4e4ab6,11,2026-07-11_05-52-52.jpg,2026-07-11_05-56-27.jpg,44,44,NEG,,,50,False,
f7aff753-2bdb-4983-98d4-2bc52ef14ca9,11,2026-07-11_05-56-32.jpg,2026-07-11_06-00-27.jpg,48,48,NEG,,,60,False,
6d1d5668-c238-48d2-83f6-95519b7816d3,11,2026-07-11_06-00-32.jpg,2026-07-11_06-04-02.jpg,43,43,NEG,,,0,False,
acc6ac8c-2690-4c51-b514-59371f40bc16,11,2026-07-11_06-04-07.jpg,2026-07-11_06-07-52.jpg,46,46,NEG,,,0,False,
2d160993-31d2-4101-9ec4-15aafcb29d99,11,2026-07-11_06-07-58.jpg,2026-07-11_06-11-27.jpg,43,43,TRIG_NOLABEL,,,90,True,
2eaa6670-340a-4de6-9c2d-87bd1dd388a4,11,2026-07-11_06-11-33.jpg,2026-07-11_06-15-17.jpg,46,46,NEG,,,50,False,
131af02e-f071-4b0b-b02a-207b7ae21811,11,2026-07-11_06-15-23.jpg,2026-07-11_06-18-57.jpg,44,44,NEG,,,60,False,
ba42073e-97eb-409a-9921-b3fd63c2157a,11,2026-07-11_06-19-02.jpg,2026-07-11_06-22-32.jpg,43,43,REJ,8dbb6f24,2026-07-11 06:23:01.131952,90,True,"Sem descarte, apenas a presença de catadores."
1f99313e-2a03-4353-94aa-3888254f3ed8,11,2026-07-11_06-22-38.jpg,2026-07-11_06-26-17.jpg,45,45,TRIG_NOLABEL,,,90,True,
e63d2f24-07f0-43b1-8789-b0cd10ca75d8,11,2026-07-11_06-26-22.jpg,2026-07-11_06-30-02.jpg,45,45,NEG,,,0,False,
075482b5-7c74-487c-a52b-d08345586ace,11,2026-07-11_06-30-07.jpg,2026-07-11_06-33-42.jpg,44,44,NEG,,,50,False,
29f0dfb2-bded-4e24-bf64-5ebf161ed0ce,11,2026-07-11_06-33-47.jpg,2026-07-11_06-37-13.jpg,42,42,NEG,,,50,False,
915b4ea1-9ba3-40da-9746-e0f084bba449,11,2026-07-11_06-37-18.jpg,2026-07-11_06-41-13.jpg,48,48,NEG,,,50,False,
078efc8e-a722-422a-ba35-05d703cbf8e3,11,2026-07-11_06-41-18.jpg,2026-07-11_06-45-03.jpg,46,46,TRIG_NOLABEL,,,90,True,
e8aca197-b86b-403c-9b11-32d897723519,11,2026-07-11_06-45-08.jpg,2026-07-11_06-48-45.jpg,44,44,NEG,,,50,False,
5d0a3f5a-bbe9-4652-a8f1-684a06551874,11,2026-07-11_06-48-50.jpg,2026-07-11_06-52-27.jpg,45,45,NEG,,,50,False,
35194285-0468-4bda-86b0-0a1ccdfd335b,11,2026-07-11_06-52-33.jpg,2026-07-11_06-55-57.jpg,42,42,NEG,,,50,False,
35f32255-f528-492b-9c09-2c188f9cb8cd,11,2026-07-11_06-56-02.jpg,2026-07-11_06-59-57.jpg,48,48,NEG,,,50,False,
14fc2acb-72e0-492f-9afb-eefe40b0fe55,11,2026-07-11_07-00-02.jpg,2026-07-11_07-03-58.jpg,48,48,NEG,,,50,False,
94e17c8a-94ea-4bdb-9ee9-d2365bdf200d,11,2026-07-11_07-04-03.jpg,2026-07-11_07-07-57.jpg,48,48,NEG,,,50,False,
7f26813d-61ea-472e-9fd6-bbff25245a2e,11,2026-07-11_07-08-03.jpg,2026-07-11_07-11-58.jpg,48,48,NEG,,,0,False,
46bd4e90-49c1-4908-849c-347b253554c9,11,2026-07-11_07-12-03.jpg,2026-07-11_07-15-58.jpg,48,48,NEG,,,50,False,
636077be-362c-407e-917a-110f2f8ad759,11,2026-07-11_07-16-03.jpg,2026-07-11_07-19-31.jpg,42,42,NEG,,,50,False,
3a5ef8c8-d1b5-46c1-8236-4ebc9735238a,11,2026-07-11_07-19-35.jpg,2026-07-11_07-23-09.jpg,44,44,NEG,,,50,False,
1f31abfe-6703-42b0-ac46-6d73dcceb92c,11,2026-07-11_07-23-14.jpg,2026-07-11_07-26-33.jpg,41,41,REJ,d1ce1047,2026-07-11 07:26:59.903439,90,True,Não identificamos descarte.
ce683001-59bc-45ba-a8ab-f1975ff4fa12,11,2026-07-11_07-26-38.jpg,2026-07-11_07-30-27.jpg,47,47,NEG,,,30,False,
e8ea691e-5302-4aa1-901d-edccd9222512,11,2026-07-11_07-30-33.jpg,2026-07-11_07-34-13.jpg,45,45,NEG,,,0,False,
af3db60d-c7b5-49ec-ab5b-74cb817915f1,11,2026-07-11_07-34-18.jpg,2026-07-11_07-37-38.jpg,41,41,NEG,,,0,False,
32ec5e8c-51d2-45e6-b62e-1161193ee25e,11,2026-07-11_07-37-43.jpg,2026-07-11_07-41-08.jpg,42,42,NEG,,,30,False,
3a7460ac-e755-4524-87e3-a681f37a1586,11,2026-07-11_07-41-13.jpg,2026-07-11_07-44-23.jpg,39,39,NEG,,,50,False,
2813d605-3bb0-44c9-b2c0-20423be7b083,11,2026-07-11_07-44-28.jpg,2026-07-11_07-47-53.jpg,42,42,NEG,,,0,False,
28c16a2c-6ebb-4fc1-aedc-df21944d6eef,11,2026-07-11_07-47-58.jpg,2026-07-11_07-51-14.jpg,40,40,TRIG_NOLABEL,,,85,True,
b904b3d2-a7d7-4217-8ac1-2cee7ae2d1db,11,2026-07-11_07-51-19.jpg,2026-07-11_07-54-55.jpg,44,44,NEG,,,50,False,
1aa323f8-bd8e-450d-b9da-82c931e50453,11,2026-07-11_07-55-00.jpg,2026-07-11_07-58-35.jpg,44,44,NEG,,,0,False,
316cf6c4-30ae-4b3e-8be1-d6c3fececf76,11,2026-07-11_07-58-40.jpg,2026-07-11_08-02-28.jpg,46,46,NEG,,,50,False,
5a206a2f-1033-466d-85ea-e64e98321cd1,11,2026-07-11_08-02-32.jpg,2026-07-11_08-06-23.jpg,47,47,NEG,,,0,False,
8ac1b4ca-5cc6-4870-a621-c223fcec5d89,11,2026-07-11_08-06-28.jpg,2026-07-11_08-09-44.jpg,40,40,NEG,,,50,False,
471d1318-5f1b-4524-aec3-3eafdb28a834,11,2026-07-11_08-09-49.jpg,2026-07-11_08-13-42.jpg,48,48,NEG,,,0,False,
a4de89cd-f1bb-42bc-9d00-ae854aedf868,11,2026-07-11_08-13-47.jpg,2026-07-11_08-17-38.jpg,48,48,NEG,,,0,False,
ee36dfaa-1254-4281-9ad7-b1793c14a589,11,2026-07-11_08-17-43.jpg,2026-07-11_08-21-18.jpg,44,44,NEG,,,0,False,
23449f3d-5221-4420-b9a1-76b65c62ad81,11,2026-07-11_08-21-23.jpg,2026-07-11_08-24-55.jpg,42,42,NEG,,,50,False,
d897476d-d279-4494-934b-a592ee378362,11,2026-07-11_08-24-59.jpg,2026-07-11_08-28-41.jpg,46,46,NEG,,,50,False,
d478ba6a-be98-431a-9481-5d1381fbeb62,11,2026-07-11_08-28-45.jpg,2026-07-11_08-32-03.jpg,41,41,NEG,,,50,False,
62222560-3812-4cf1-ba5c-15db50c231ef,11,2026-07-11_08-32-08.jpg,2026-07-11_08-35-43.jpg,44,44,NEG,,,30,False,
31041a14-ef15-4861-808c-f0a2f16eb873,11,2026-07-11_08-35-48.jpg,2026-07-11_08-39-08.jpg,41,41,NEG,,,0,False,
5aa21565-6c22-4a48-a338-fae631c3111f,11,2026-07-11_08-39-14.jpg,2026-07-11_08-42-50.jpg,44,44,NEG,,,50,False,
e536322b-9808-438b-8a49-ca2a1fd17a6e,11,2026-07-11_08-42-56.jpg,2026-07-11_08-46-43.jpg,47,47,NEG,,,50,False,
bd2ec7bf-0355-49be-a79b-15a5a5d7d474,11,2026-07-11_08-46-48.jpg,2026-07-11_08-50-28.jpg,45,45,NEG,,,50,False,
6cffb964-b609-487e-9891-6d9780aef79c,11,2026-07-11_08-50-33.jpg,2026-07-11_08-53-48.jpg,40,40,NEG,,,0,False,
6bc1210e-7bb1-4e2b-bedb-da4ad95b72b0,11,2026-07-11_08-53-53.jpg,2026-07-11_08-57-38.jpg,46,46,NEG,,,50,False,
a9830d3b-db32-4b54-a6a4-8bf8d1036073,11,2026-07-11_08-57-43.jpg,2026-07-11_09-00-58.jpg,40,40,NEG,,,50,False,
12ad16df-f02f-4973-81ec-036fa2e0e3c7,11,2026-07-11_09-01-03.jpg,2026-07-11_09-04-53.jpg,47,47,NEG,,,0,False,
596f35d2-3b9c-4e07-904e-54b99af028e2,11,2026-07-11_09-04-58.jpg,2026-07-11_09-08-48.jpg,47,47,NEG,,,60,False,
d0f8ef15-3f24-484a-90f6-332e932dd675,11,2026-07-11_09-08-54.jpg,2026-07-11_09-12-48.jpg,48,48,NEG,,,0,False,
613030ca-037c-409e-b7ed-62e73e5e3d8b,11,2026-07-11_09-12-53.jpg,2026-07-11_09-16-23.jpg,43,43,NEG,,,50,False,
b579ebd8-a8f1-4576-8f64-fb2ea384845a,11,2026-07-11_09-16-28.jpg,2026-07-11_09-20-08.jpg,45,45,NEG,,,50,False,
9d1ea315-d648-4c18-811f-4a2de40a7dab,11,2026-07-11_09-20-13.jpg,2026-07-11_09-23-28.jpg,40,40,NEG,,,0,False,
6a35ce02-8b4f-478f-8095-d618fe6e0a54,11,2026-07-11_09-23-32.jpg,2026-07-11_09-26-58.jpg,42,42,NEG,,,50,False,
be71c629-5355-495f-8dd5-a8b8dd93213a,11,2026-07-11_09-27-03.jpg,2026-07-11_09-30-58.jpg,48,48,TRIG_NOLABEL,,,90,True,
d2a5e1bd-3929-406d-a3fe-a2590c37011f,11,2026-07-11_09-31-03.jpg,2026-07-11_09-34-58.jpg,48,48,NEG,,,50,False,
3a6d5c84-e55e-4817-bab3-e16bd538a354,11,2026-07-11_09-35-03.jpg,2026-07-11_09-38-53.jpg,47,47,NEG,,,50,False,
92c3c74a-88e6-4084-b52e-44765aba8bdc,11,2026-07-11_09-38-58.jpg,2026-07-11_09-42-50.jpg,47,47,NEG,,,0,False,
eef68b42-43e8-4dd5-9f44-c79126de77c6,11,2026-07-11_09-42-55.jpg,2026-07-11_09-46-13.jpg,41,41,NEG,,,0,False,
2efe7442-b15f-4768-9fa9-9369f9c31e31,11,2026-07-11_09-46-18.jpg,2026-07-11_09-49-59.jpg,45,45,NEG,,,0,False,
10da4e30-2ea7-4555-b7e7-8f1d09696310,11,2026-07-11_09-50-03.jpg,2026-07-11_09-53-23.jpg,41,41,NEG,,,60,False,
c7375139-fe75-4571-9692-9e0641f69ff3,11,2026-07-11_09-53-28.jpg,2026-07-11_09-57-13.jpg,46,46,NEG,,,30,False,
c4745523-a367-4f6a-adfe-444ecf3eaa08,11,2026-07-11_09-57-18.jpg,2026-07-11_10-00-38.jpg,41,41,NEG,,,50,False,
1e844f57-dd84-4c15-9b85-774dd116e55c,11,2026-07-11_10-00-43.jpg,2026-07-11_10-04-08.jpg,42,42,NEG,,,30,False,
9bb2a1ca-034c-4058-b3b3-ed85e3fca4de,11,2026-07-11_10-04-13.jpg,2026-07-11_10-07-48.jpg,44,44,NEG,,,0,False,
15c2e9fd-8eaa-479c-a2c2-946990ba95af,11,2026-07-11_10-07-53.jpg,2026-07-11_10-11-23.jpg,43,43,REJ,6e374456,2026-07-11 10:11:54.857873,90,True,Não flagramos o ato do descarte.
3fef317d-cf1a-457c-8cb2-f7c19035f84c,11,2026-07-11_10-11-28.jpg,2026-07-11_10-15-03.jpg,44,44,NEG,,,50,False,
e4ceb9ac-d0b8-4ef1-9a3e-15531b364a7f,11,2026-07-11_10-15-08.jpg,2026-07-11_10-18-38.jpg,43,43,NEG,,,50,False,
6a14929a-7ff6-43bf-82a2-6616b04a6165,11,2026-07-11_10-18-43.jpg,2026-07-11_10-22-08.jpg,42,42,NEG,,,0,False,
97c8d846-fa9b-4800-9681-c75118e49f11,11,2026-07-11_10-22-13.jpg,2026-07-11_10-25-28.jpg,40,40,NEG,,,50,False,
3fc8c14d-0659-4888-af5e-8532da54c5e9,11,2026-07-11_10-25-33.jpg,2026-07-11_10-29-18.jpg,46,46,NEG,,,0,False,
76e9b28e-2de6-45fc-a495-c18c9e1c99de,11,2026-07-11_10-29-24.jpg,2026-07-11_10-32-43.jpg,41,41,NEG,,,0,False,
9dd99932-4039-4d7f-bcf1-b5739715d3b9,11,2026-07-11_10-32-48.jpg,2026-07-11_10-36-12.jpg,42,42,NEG,,,0,False,
dfdffb82-74b8-4f04-95ca-5d90c4d6ddbc,11,2026-07-11_10-36-17.jpg,2026-07-11_10-39-58.jpg,45,45,NEG,,,0,False,
b52aa89a-a07d-4596-a455-d2eba8dc2ea5,11,2026-07-11_10-40-03.jpg,2026-07-11_10-43-28.jpg,42,42,NEG,,,60,False,
19096259-6e44-4f81-91ad-d75e550af606,11,2026-07-11_10-43-33.jpg,2026-07-11_10-46-48.jpg,40,40,NEG,,,60,False,
ee73f786-add7-43ec-a935-351949beb412,11,2026-07-11_10-46-53.jpg,2026-07-11_10-50-43.jpg,47,47,REJ,ccbf3500,2026-07-11 10:51:23.359412,90,True,"Sem descarte, apenas a presença de catadores."
d9039820-8a07-4a96-bebb-10aa9a9d8f54,11,2026-07-11_10-50-48.jpg,2026-07-11_10-54-38.jpg,47,47,REJ,ccbf3500,2026-07-11 10:51:23.359412,90,True,"Sem descarte, apenas a presença de catadores."
46f5e47a-ef4c-4dfa-b19a-492e652bc6d6,11,2026-07-11_10-54-44.jpg,2026-07-11_10-58-38.jpg,48,48,NEG,,,30,False,
74ba678c-68ad-420e-bf86-6cc4b4f78c75,11,2026-07-11_10-58-43.jpg,2026-07-11_11-02-07.jpg,42,42,NEG,,,50,False,
75329222-8f76-4873-b8c1-714802c570b1,11,2026-07-11_11-02-12.jpg,2026-07-11_11-05-38.jpg,42,42,NEG,,,0,False,
65e8fbdd-3881-42ad-aad0-ce2b3757539e,11,2026-07-11_11-05-43.jpg,2026-07-11_11-08-58.jpg,40,40,NEG,,,0,False,
3e817688-0b20-4986-89e3-e7a5a77d5367,11,2026-07-11_11-09-03.jpg,2026-07-11_11-12-48.jpg,46,46,NEG,,,50,False,
fdbabb71-b50c-4c2b-ae43-5d2fcdeb1b08,11,2026-07-11_11-12-53.jpg,2026-07-11_11-16-23.jpg,43,43,REJ,f84e6bf5,2026-07-11 11:17:02.191988,90,True,Sem flagrante de descarte.
491ef75b-2c02-46a0-8d90-8064fc550e93,11,2026-07-11_11-16-27.jpg,2026-07-11_11-20-08.jpg,45,45,NEG,,,50,False,
bd3f8da6-2858-458a-ad99-3a903cd2ec57,11,2026-07-11_11-20-13.jpg,2026-07-11_11-23-38.jpg,42,42,NEG,,,50,False,
86495e4c-24c4-4c89-a994-399005236ea8,11,2026-07-11_11-23-43.jpg,2026-07-11_11-27-23.jpg,45,45,CONF,090dbbcc,2026-07-11 11:27:49.363448,90,True,Descarte confirmado.
2e7dd2ab-ae0f-4024-84eb-9eb34fea2ec7,11,2026-07-11_11-27-28.jpg,2026-07-11_11-31-08.jpg,45,45,NEG,,,0,False,
fbb5ba6e-2ed8-464a-b858-41622b9161f2,11,2026-07-11_11-31-13.jpg,2026-07-11_11-35-03.jpg,47,47,NEG,,,50,False,
047adccb-0e4c-4ab8-b37b-e598eb4910ee,11,2026-07-11_11-35-08.jpg,2026-07-11_11-38-53.jpg,46,46,NEG,,,60,False,
555279c9-ea76-43b1-9148-bbd33b9a9ac6,11,2026-07-11_11-38-58.jpg,2026-07-11_11-42-38.jpg,45,45,NEG,,,50,False,
05dacb52-9d3a-42cb-b682-da3aba638381,11,2026-07-11_11-42-43.jpg,2026-07-11_11-45-58.jpg,40,40,NEG,,,0,False,
7c65748b-471d-4e3c-a210-2be1ef63cb29,11,2026-07-11_11-46-03.jpg,2026-07-11_11-49-28.jpg,42,42,NEG,,,0,False,
7f3ca29b-ce87-4533-b960-6c711ec82199,11,2026-07-11_11-49-33.jpg,2026-07-11_11-53-13.jpg,45,45,NEG,,,0,False,
91ffa0bb-9994-49f3-a843-230dc20dfb7e,11,2026-07-11_11-53-18.jpg,2026-07-11_11-56-43.jpg,42,42,NEG,,,30,False,
63b6f2f3-1a9f-4c7a-b5ae-9cb925e9b3ea,11,2026-07-11_11-56-48.jpg,2026-07-11_12-00-03.jpg,40,40,NEG,,,50,False,
3495aba2-9f73-43e7-8e9f-0e4db4b6cf92,11,2026-07-11_12-00-08.jpg,2026-07-11_12-03-33.jpg,42,42,NEG,,,0,False,
b7c21efc-102d-4784-b0db-256dc95b96ec,11,2026-07-11_12-03-38.jpg,2026-07-11_12-07-16.jpg,44,44,CONF,ef69c6e4,2026-07-11 12:07:42.814347,85,True,Descarte confirmado.
2fac329b-ffec-4f8c-8241-49933a1aa676,11,2026-07-11_12-07-21.jpg,2026-07-11_12-11-03.jpg,46,46,NEG,,,0,False,
061dc0a9-56b8-4269-9a4e-406e40160655,11,2026-07-11_12-11-08.jpg,2026-07-11_12-14-33.jpg,42,42,NEG,,,0,False,
9cf0523e-02d0-4f1a-b9bb-7ac5d071a171,11,2026-07-11_12-14-38.jpg,2026-07-11_12-18-18.jpg,45,45,NEG,,,0,False,
47ee348a-3ffe-4bd6-9a0c-f461c8846107,11,2026-07-11_12-18-23.jpg,2026-07-11_12-21-48.jpg,42,42,NEG,,,50,False,
be68561b-8125-41e6-9010-80065f7471a0,11,2026-07-11_12-21-53.jpg,2026-07-11_12-25-13.jpg,41,41,NEG,,,50,False,
e36ce5e8-cd03-481d-b73c-713da0352ab3,11,2026-07-11_12-25-18.jpg,2026-07-11_12-29-08.jpg,47,47,NEG,,,0,False,
fac5ca23-ddb6-465c-bf97-f2e3e4e9d224,11,2026-07-11_12-29-13.jpg,2026-07-11_12-32-47.jpg,44,44,NEG,,,50,False,
3bd4aee2-b8a0-47d0-b4e1-097dfb2b92ea,11,2026-07-11_12-32-53.jpg,2026-07-11_12-36-18.jpg,42,42,NEG,,,50,False,
e30bf947-e785-4a7c-a4c0-02289eeeabc5,11,2026-07-11_12-36-23.jpg,2026-07-11_12-39-38.jpg,40,40,NEG,,,50,False,
b24cdd90-6e98-4ae3-a4b8-b3538066e5ae,11,2026-07-11_12-39-43.jpg,2026-07-11_12-43-33.jpg,47,47,NEG,,,0,False,
534399c8-2b2b-4aae-8b85-8ce9fb62236d,11,2026-07-11_12-43-38.jpg,2026-07-11_12-46-53.jpg,40,40,NEG,,,40,False,
0c326511-d1a0-4a01-acf4-086129d09690,11,2026-07-11_12-46-58.jpg,2026-07-11_12-50-23.jpg,42,42,NEG,,,30,False,
3cff8db7-cb3b-4993-9347-ab59966c573d,11,2026-07-11_12-50-28.jpg,2026-07-11_12-53-43.jpg,40,40,NEG,,,0,False,
f0a984e6-4013-4eac-ac1e-bf84f51c8e9d,11,2026-07-11_12-53-48.jpg,2026-07-11_12-57-23.jpg,44,44,NEG,,,60,False,
41ddf083-5168-40f9-9078-1d76a31db051,11,2026-07-11_12-57-28.jpg,2026-07-11_13-01-08.jpg,45,45,NEG,,,0,False,
5f8aa491-5ba7-4d67-98cc-41e02df169e4,11,2026-07-11_13-01-13.jpg,2026-07-11_13-04-43.jpg,43,43,NEG,,,40,False,
89b6fdd9-bb61-49bc-94a6-4c9379c03df3,11,2026-07-11_13-04-48.jpg,2026-07-11_13-08-04.jpg,40,40,NEG,,,0,False,
0de83a0e-a2b2-4403-b05a-d03f824c8861,11,2026-07-11_13-08-08.jpg,2026-07-11_13-11-33.jpg,42,42,NEG,,,50,False,
930ef3d2-172d-42c8-bf78-45f10331729c,11,2026-07-11_13-11-38.jpg,2026-07-11_13-14-53.jpg,40,40,NEG,,,50,False,
814e91ce-dc5a-4364-9888-0c9aa5b958d3,11,2026-07-11_13-14-58.jpg,2026-07-11_13-18-23.jpg,42,42,TRIG_NOLABEL,,,90,True,
ba34e7e4-b7a7-4ccf-85ee-d715073f5649,11,2026-07-11_13-18-28.jpg,2026-07-11_13-22-08.jpg,45,45,NEG,,,50,False,
09f62199-5c2b-4fa7-8d53-689133879480,11,2026-07-11_13-22-13.jpg,2026-07-11_13-25-28.jpg,40,40,NEG,,,30,False,
4e7a1802-bf6a-414d-9a79-712d829998f5,11,2026-07-11_13-25-33.jpg,2026-07-11_13-28-58.jpg,42,42,NEG,,,0,False,
47fe6668-0e9b-4464-aeb6-084ff88138be,11,2026-07-11_13-29-03.jpg,2026-07-11_13-32-53.jpg,47,47,NEG,,,60,False,
dcd429a7-73c3-4012-874a-b5cbd6f28801,11,2026-07-11_13-32-58.jpg,2026-07-11_13-36-23.jpg,42,42,NEG,,,0,False,
60f55feb-3253-4ace-bf31-af1f1b05d305,11,2026-07-11_13-36-28.jpg,2026-07-11_13-39-48.jpg,41,41,NEG,,,0,False,
e6d07acb-f585-43d1-ac59-17bb051d106e,11,2026-07-11_13-39-53.jpg,2026-07-11_13-43-18.jpg,42,42,NEG,,,50,False,
346c0fe3-3b41-42e3-9aa8-6cd5db96305c,11,2026-07-11_13-43-23.jpg,2026-07-11_13-46-38.jpg,40,40,NEG,,,30,False,
cdc2335d-85d1-4efc-9b83-e540d3e5803e,11,2026-07-11_13-46-43.jpg,2026-07-11_13-50-23.jpg,45,45,NEG,,,0,False,
a146ebc0-d136-4b84-b08f-dc2f17fb4cc6,11,2026-07-11_13-50-28.jpg,2026-07-11_13-53-48.jpg,41,41,NEG,,,50,False,
748b1db5-51f9-4cbc-8ae1-7d7d0e921d7b,11,2026-07-11_13-53-53.jpg,2026-07-11_13-57-18.jpg,42,42,NEG,,,60,False,
83a6d684-8b9b-4607-961b-8223b3df92ad,11,2026-07-11_13-57-24.jpg,2026-07-11_14-00-38.jpg,40,40,NEG,,,50,False,
f1a287c3-e6f6-4f0b-a32c-18afcf374087,11,2026-07-11_14-00-43.jpg,2026-07-11_14-04-38.jpg,48,48,NEG,,,50,False,
5f8b03b9-b438-4fa9-a327-a205961f9539,11,2026-07-11_14-04-43.jpg,2026-07-11_14-08-03.jpg,41,41,NEG,,,50,False,
253b2ed6-ea1d-411c-b75b-596f1e2f07a5,11,2026-07-11_14-08-08.jpg,2026-07-11_14-11-53.jpg,46,46,NEG,,,60,False,
d603147b-9861-49ac-99d4-f199466269cf,11,2026-07-11_14-11-58.jpg,2026-07-11_14-15-28.jpg,43,43,REJ,b4e761d8,2026-07-11 14:16:03.662747,90,True,Sem descartes.
15ed3912-2696-4fda-906d-57b74bd20172,11,2026-07-11_14-15-33.jpg,2026-07-11_14-19-13.jpg,45,45,TRIG_NOLABEL,,,90,True,
b64726b9-72d2-4e89-b2bd-0b00713a038f,11,2026-07-11_14-19-18.jpg,2026-07-11_14-22-38.jpg,41,41,REJ,b4e761d8,2026-07-11 14:16:03.662747,90,True,Sem descartes.
f15c1ce4-e1a4-4009-ba48-b7e73582a21c,11,2026-07-11_14-22-43.jpg,2026-07-11_14-26-08.jpg,42,42,NEG,,,30,False,
bb900248-a547-4e70-8d51-be8a83da802c,11,2026-07-11_14-26-13.jpg,2026-07-11_14-29-43.jpg,43,43,NEG,,,0,False,
13794336-9cde-429c-be83-41c453636841,11,2026-07-11_14-29-48.jpg,2026-07-11_14-33-23.jpg,44,44,NEG,,,50,False,
07c55e0f-eb6f-464e-a21e-bebacc5fe134,11,2026-07-11_14-33-28.jpg,2026-07-11_14-36-53.jpg,42,42,TRIG_NOLABEL,,,90,True,
97b251c2-b171-41bf-96ed-5a142f570677,11,2026-07-11_14-36-58.jpg,2026-07-11_14-40-23.jpg,42,42,NEG,,,50,False,
142696e9-acef-42cb-80ea-9c260f4d15ab,11,2026-07-11_14-40-28.jpg,2026-07-11_14-43-48.jpg,41,41,NEG,,,50,False,
811733b3-181c-43f2-8288-dfc11f50c5e4,11,2026-07-11_14-43-53.jpg,2026-07-11_14-47-18.jpg,42,42,NEG,,,0,False,
2bab175e-a84a-4858-9b91-5a526dcd8c4e,11,2026-07-11_14-47-23.jpg,2026-07-11_14-50-38.jpg,40,40,NEG,,,0,False,
96579a37-249f-4bb9-a60a-aae77b452f3a,11,2026-07-11_14-50-44.jpg,2026-07-11_14-54-18.jpg,44,44,NEG,,,50,False,
b2dcdcdf-987d-4432-ad95-5680c542e144,11,2026-07-11_14-54-23.jpg,2026-07-11_14-57-42.jpg,41,41,NEG,,,60,False,
3c897a17-c25a-43c8-b8d4-a118971ad084,11,2026-07-11_14-57-47.jpg,2026-07-11_15-01-12.jpg,42,42,NEG,,,50,False,
57179a55-ed19-46e6-8bb0-5947b15d3259,11,2026-07-11_15-01-18.jpg,2026-07-11_15-04-33.jpg,40,40,NEG,,,50,False,
be9561ee-5248-471e-bd6e-2bcb9a824087,11,2026-07-11_15-04-38.jpg,2026-07-11_15-08-28.jpg,47,47,NEG,,,50,False,
30869c39-55ac-43fe-b007-5c1fbd78b34e,11,2026-07-11_15-08-33.jpg,2026-07-11_15-12-02.jpg,43,43,NEG,,,0,False,
1f91ffb9-b433-4a78-97ef-ba7133c6cdca,11,2026-07-11_15-12-08.jpg,2026-07-11_15-15-53.jpg,46,46,NEG,,,0,False,
6e554fac-6d85-4fc0-aee2-1bfde0277e8c,11,2026-07-11_15-15-58.jpg,2026-07-11_15-19-18.jpg,41,41,NEG,,,50,False,
43e5f722-201a-4a12-98f1-06000faed5a0,11,2026-07-11_15-19-23.jpg,2026-07-11_15-22-48.jpg,42,42,NEG,,,50,False,
c973832d-399d-4fac-8e5f-4edb90dce53c,11,2026-07-11_15-22-53.jpg,2026-07-11_15-26-08.jpg,40,40,NEG,,,50,False,
12bb3cdf-c10b-4932-9bca-c0e9484f758f,11,2026-07-11_15-26-13.jpg,2026-07-11_15-29-38.jpg,42,42,NEG,,,50,False,
ae73d0d4-9c66-491f-b9fc-8f1801b4c711,11,2026-07-11_15-29-43.jpg,2026-07-11_15-32-58.jpg,40,40,NEG,,,60,False,
71097033-0cbd-4e93-aa9f-1eb6575c84fe,11,2026-07-11_15-33-04.jpg,2026-07-11_15-36-58.jpg,48,48,NEG,,,0,False,
653d5336-6dfe-4a60-a34f-2b4d1e584d36,11,2026-07-11_15-37-03.jpg,2026-07-11_15-40-33.jpg,43,43,NEG,,,0,False,
226f157b-9747-40e7-9924-59f95298605d,11,2026-07-11_15-40-38.jpg,2026-07-11_15-44-18.jpg,45,45,NEG,,,0,False,
c9726a84-a045-4f40-a685-ed6a3a24cf08,11,2026-07-11_15-44-23.jpg,2026-07-11_15-48-03.jpg,45,45,NEG,,,0,False,
639410ca-30b2-4f54-b9bf-21480afb433c,11,2026-07-11_15-48-08.jpg,2026-07-11_15-51-48.jpg,45,45,NEG,,,50,False,
dd0e5a54-7882-480b-8763-bfbc2874eb4f,11,2026-07-11_15-51-53.jpg,2026-07-11_15-55-08.jpg,40,40,NEG,,,0,False,
b2cb38a7-533a-4e7e-babb-5775adfc672b,11,2026-07-11_15-55-13.jpg,2026-07-11_15-58-38.jpg,42,42,NEG,,,0,False,
f1b21df4-8a4e-4bef-9c79-193115fc7b85,11,2026-07-11_15-58-43.jpg,2026-07-11_16-02-23.jpg,45,45,NEG,,,50,False,
9017a212-bd58-4a61-bb73-588c031b9607,11,2026-07-11_16-02-28.jpg,2026-07-11_16-06-13.jpg,46,46,NEG,,,60,False,
d9f08449-09db-4fec-b8c8-100fdfc5652c,11,2026-07-11_16-06-18.jpg,2026-07-11_16-09-58.jpg,45,45,NEG,,,50,False,
e3a9462f-d4ff-4bfe-8767-e2eeb5e45355,11,2026-07-11_16-10-03.jpg,2026-07-11_16-13-28.jpg,42,42,NEG,,,50,False,
1abb7114-e1ea-4ef3-a411-b3291f4d38e8,11,2026-07-11_16-13-33.jpg,2026-07-11_16-16-53.jpg,41,41,NEG,,,60,False,
b6371baf-0274-4bfb-bf15-0611702b018d,11,2026-07-11_16-16-58.jpg,2026-07-11_16-20-33.jpg,44,44,NEG,,,50,False,
9c96c2a3-e301-4218-a9c8-478fff788a47,11,2026-07-11_16-20-38.jpg,2026-07-11_16-23-53.jpg,40,40,NEG,,,0,False,
c81199bd-b786-4a23-8530-0a3a12e44cd4,11,2026-07-11_16-23-58.jpg,2026-07-11_16-27-53.jpg,48,48,NEG,,,50,False,
42cb7301-54b4-4bd0-9977-8894734857ad,11,2026-07-11_16-27-58.jpg,2026-07-11_16-31-33.jpg,44,44,NEG,,,50,False,
589bba5c-936a-47dd-aa73-5e9a0c0a1510,11,2026-07-11_16-31-38.jpg,2026-07-11_16-35-13.jpg,44,44,NEG,,,0,False,
f57f97cf-19de-4857-825f-0fc8b77b6c98,11,2026-07-11_16-35-18.jpg,2026-07-11_16-38-43.jpg,42,42,NEG,,,0,False,
fa3dcc83-b1f7-4fb3-b066-1d71f811bf8c,11,2026-07-11_16-38-48.jpg,2026-07-11_16-42-23.jpg,44,44,NEG,,,50,False,
ce36b79e-457a-4dc7-aebf-843f48bc3f53,11,2026-07-11_16-42-28.jpg,2026-07-11_16-45-53.jpg,42,42,NEG,,,50,False,
63ecbb6a-1669-4191-8890-6b90bf09ce92,11,2026-07-11_16-45-58.jpg,2026-07-11_16-49-38.jpg,45,45,NEG,,,0,False,
3d0021d3-327e-4d20-9d0d-4770a233177a,11,2026-07-11_16-49-43.jpg,2026-07-11_16-53-33.jpg,47,47,NEG,,,30,False,
47db9f95-0903-45b4-90ea-6620c893a96b,11,2026-07-11_16-53-38.jpg,2026-07-11_16-57-03.jpg,42,42,NEG,,,40,False,
86405984-a588-4690-afc5-b6734dfc3cb2,11,2026-07-11_16-57-08.jpg,2026-07-11_17-00-23.jpg,40,40,NEG,,,50,False,
32c8fc49-2716-40b9-ad22-8effad2d5120,11,2026-07-11_17-00-28.jpg,2026-07-11_17-04-18.jpg,47,47,NEG,,,50,False,
bd4f2294-1e04-4e97-bcdf-bc6ebc65ee32,11,2026-07-11_17-04-23.jpg,2026-07-11_17-07-38.jpg,40,40,NEG,,,50,False,
b73c66d9-51ca-453b-b1ca-d4291b8859ee,11,2026-07-11_17-07-43.jpg,2026-07-11_17-11-18.jpg,44,44,NEG,,,50,False,
d1e9ad7e-6c0d-4749-9f85-7e1cae8cf75f,11,2026-07-11_17-11-23.jpg,2026-07-11_17-14-43.jpg,41,41,NEG,,,0,False,
2f76764c-d0b5-4d1b-b18f-8cac15c6609e,11,2026-07-11_17-14-48.jpg,2026-07-11_17-18-32.jpg,46,46,NEG,,,50,False,
1cb373cf-a0e3-4e80-951c-2a201e002c89,11,2026-07-11_17-18-37.jpg,2026-07-11_17-22-07.jpg,43,43,NEG,,,50,False,
8a5a267f-09d7-4903-9aa9-445120645b66,11,2026-07-11_17-22-12.jpg,2026-07-11_17-25-32.jpg,41,41,NEG,,,0,False,
fed1729c-73d4-4ff0-bce3-64b6ada9dd5c,11,2026-07-11_17-25-37.jpg,2026-07-11_17-29-17.jpg,45,45,NEG,,,0,False,
fbdf577f-21dc-4915-8142-33a2ec7fe2a5,11,2026-07-11_17-29-22.jpg,2026-07-11_17-33-07.jpg,46,46,NEG,,,60,False,
47eeb761-659c-45c4-90be-57de3103a2c7,11,2026-07-11_17-33-12.jpg,2026-07-11_17-36-42.jpg,43,43,NEG,,,50,False,
3b2af425-d022-4cf7-a47c-4c54014eb54e,11,2026-07-11_17-36-48.jpg,2026-07-11_17-40-42.jpg,48,48,NEG,,,0,False,
aeba5a64-b9fc-4899-bade-83af234daaeb,11,2026-07-11_17-40-47.jpg,2026-07-11_17-44-42.jpg,48,48,NEG,,,0,False,
3ffa5e12-c671-4100-ae97-36e0172331b1,11,2026-07-11_17-44-47.jpg,2026-07-11_17-48-42.jpg,48,48,NEG,,,30,False,
a692e12a-349e-4351-bd6b-ad714aefcaba,11,2026-07-11_17-48-47.jpg,2026-07-11_17-52-27.jpg,45,45,NEG,,,50,False,
29d65e3e-e1e2-4946-b295-7b0240d58e41,11,2026-07-11_17-52-32.jpg,2026-07-11_17-56-07.jpg,44,44,NEG,,,50,False,
4d0a5b58-2a9e-419c-a643-6a8db6b774c6,11,2026-07-11_17-56-15.jpg,2026-07-11_17-59-47.jpg,44,44,NEG,,,50,False,
830ee882-6321-46ee-ab27-7accd33e1cb9,11,2026-07-11_17-59-52.jpg,2026-07-11_18-03-17.jpg,42,42,NEG,,,50,False,
0d2e6294-a5b8-4c11-9e21-9a1f95ce4285,11,2026-07-11_18-03-22.jpg,2026-07-11_18-06-32.jpg,39,39,NEG,,,0,False,
59ba4a1a-c968-4c89-aa07-f56e4c393414,11,2026-07-11_18-06-37.jpg,2026-07-11_18-10-02.jpg,42,42,NEG,,,50,False,
72f56573-b5db-432e-a912-09c5cd37a479,11,2026-07-11_18-10-07.jpg,2026-07-11_18-13-42.jpg,44,44,NEG,,,50,False,
7840975a-f899-40be-a826-bb527eb9de7d,11,2026-07-11_18-13-47.jpg,2026-07-11_18-17-12.jpg,42,42,NEG,,,50,False,
519d8be7-1473-4900-bf80-910c6e6b078b,11,2026-07-11_18-17-17.jpg,2026-07-11_18-20-27.jpg,39,39,NEG,,,50,False,
28572574-96c1-4214-b861-8d58a75dcb50,11,2026-07-11_18-20-32.jpg,2026-07-11_18-23-52.jpg,41,41,NEG,,,0,False,
2342c55f-0d51-4f0b-ae16-d98dc52e8e15,11,2026-07-11_18-23-57.jpg,2026-07-11_18-27-12.jpg,40,40,NEG,,,0,False,
990f1a13-cea0-40ce-bf20-5357b480eb95,11,2026-07-11_18-27-17.jpg,2026-07-11_18-30-37.jpg,41,41,NEG,,,0,False,
bd064505-5ec7-472c-bbdd-aecbfe6a0759,11,2026-07-11_18-30-42.jpg,2026-07-11_18-34-07.jpg,42,42,NEG,,,55,False,
c750d1ea-a9db-4bc8-8be3-06c0e79ac776,11,2026-07-11_18-34-12.jpg,2026-07-11_18-37-52.jpg,45,45,NEG,,,0,False,
5eeb6496-0e5f-4259-b96a-997da3e7776a,11,2026-07-11_18-37-57.jpg,2026-07-11_18-41-12.jpg,40,40,NEG,,,0,False,
dfba13ae-b05a-497d-b11c-eee503122a49,11,2026-07-11_18-41-17.jpg,2026-07-11_18-44-37.jpg,41,41,NEG,,,0,False,
29e04479-9315-40f6-b17b-3a7310f9086b,11,2026-07-11_18-44-43.jpg,2026-07-11_18-48-07.jpg,42,42,NEG,,,50,False,
3039a7ea-818d-4a0f-979d-0e85897f4779,11,2026-07-11_18-48-12.jpg,2026-07-11_18-51-52.jpg,45,45,NEG,,,0,False,
19922198-ba5b-49e4-bc14-5610271b414f,11,2026-07-11_18-51-57.jpg,2026-07-11_18-55-22.jpg,42,42,NEG,,,50,False,
ee4194f1-8b5a-42c7-ad12-d8c2a574423e,11,2026-07-11_18-55-27.jpg,2026-07-11_18-58-52.jpg,42,42,NEG,,,50,False,
c65232af-a9eb-4d5e-8d0a-0cfde7d07f4c,11,2026-07-11_18-58-57.jpg,2026-07-11_19-02-32.jpg,44,44,PENDENTE,b34f91b2,2026-07-11 19:03:02.811766,90,True,
b52d4655-c3eb-4340-bafe-58e48d1c8672,11,2026-07-11_19-02-37.jpg,2026-07-11_19-06-07.jpg,43,43,NEG,,,50,False,
5cedcfa6-fcb5-4d87-be4d-ee778944f54a,11,2026-07-11_19-06-12.jpg,2026-07-11_19-09-37.jpg,42,42,NEG,,,0,False,
3b85fbc5-3c1f-42c0-97fa-79484c60eca3,11,2026-07-11_19-09-42.jpg,2026-07-11_19-12-52.jpg,39,39,NEG,,,0,False,
528dfb2d-968c-49bb-a50e-cb50826ff3ee,11,2026-07-11_19-12-57.jpg,2026-07-11_19-16-17.jpg,41,41,NEG,,,0,False,
389bdf23-7e77-479f-8dec-71c5762729d8,11,2026-07-11_19-16-22.jpg,2026-07-11_19-19-37.jpg,40,40,NEG,,,0,False,
52f7c885-77ed-4170-b3f1-f42d0a128d55,11,2026-07-11_19-19-42.jpg,2026-07-11_19-23-07.jpg,42,42,NEG,,,0,False,
ee3b6a1d-294f-4ff2-910b-7e123587e7db,11,2026-07-11_19-23-12.jpg,2026-07-11_19-26-22.jpg,39,39,TRIG_NOLABEL,,,90,True,
35830d96-6713-4a7b-a184-7bd2f2113f28,11,2026-07-11_19-26-27.jpg,2026-07-11_19-29-47.jpg,41,41,NEG,,,50,False,
d27f1248-1396-4d6c-b84d-93e380d4df6a,11,2026-07-11_19-29-52.jpg,2026-07-11_19-33-17.jpg,42,42,NEG,,,50,False,
dd5f2c12-4df5-4aed-afb3-d2d81ca937b5,11,2026-07-11_19-33-22.jpg,2026-07-11_19-36-37.jpg,40,40,NEG,,,50,False,
62a4312f-9bf4-4908-8803-92f20081e944,11,2026-07-11_19-36-42.jpg,2026-07-11_19-40-03.jpg,41,41,NEG,,,50,False,
d954903a-da84-4fe5-8956-75d6eeb7740e,11,2026-07-11_19-40-07.jpg,2026-07-11_19-43-17.jpg,39,39,NEG,,,50,False,
3fbffaff-72ef-4d08-91c6-850ed73d7f6b,11,2026-07-11_19-43-22.jpg,2026-07-11_19-46-57.jpg,44,44,TRIG_NOLABEL,,,90,True,
b0dce1e9-c06e-496a-a4cc-4efef4ce7087,11,2026-07-11_19-47-02.jpg,2026-07-11_19-50-27.jpg,42,42,REJ,d67cc66f,2026-07-11 19:50:52.478327,90,True,"Notamos o aumento volumétrico, mas não flagramos o ato do descarte."
306a458f-2b85-4931-a6c4-9f93fd92b01e,11,2026-07-11_19-50-32.jpg,2026-07-11_19-53-57.jpg,42,42,NEG,,,0,False,
aeb53d67-2248-44d8-b4e4-ec0d4eaceda7,11,2026-07-11_19-54-02.jpg,2026-07-11_19-57-12.jpg,39,39,NEG,,,0,False,
fe60f63b-9d6d-41ea-b619-4cd8e3c47263,11,2026-07-11_19-57-17.jpg,2026-07-11_20-00-42.jpg,42,42,NEG,,,0,False,
afeffc66-eca6-42bb-abb2-732c29194015,11,2026-07-11_20-00-47.jpg,2026-07-11_20-03-57.jpg,39,39,NEG,,,50,False,
80d420b0-2810-4a03-b054-41cb2dd578d3,11,2026-07-11_20-04-02.jpg,2026-07-11_20-07-27.jpg,42,42,NEG,,,50,False,
9b7efb9e-00a9-4f26-9f26-48224beb2b98,11,2026-07-11_20-07-32.jpg,2026-07-11_20-11-02.jpg,43,43,NEG,,,50,False,
0a728ce0-5140-4d01-bbac-b2c480cc6da0,11,2026-07-11_20-11-07.jpg,2026-07-11_20-14-32.jpg,42,42,NEG,,,50,False,
c1f3e1d7-8c62-4905-b69a-da8ef011f21d,11,2026-07-11_20-14-37.jpg,2026-07-11_20-17-52.jpg,40,40,NEG,,,50,False,
f49e03e0-fb3d-4708-984c-9f1afad154de,11,2026-07-11_20-17-57.jpg,2026-07-11_20-21-17.jpg,41,41,NEG,,,50,False,
03b2667a-98e1-450e-9fdf-01eafaed7c0a,11,2026-07-11_20-21-22.jpg,2026-07-11_20-24-37.jpg,40,40,NEG,,,0,False,
ced217c0-d5e1-4138-8cc3-8763c2ab7360,11,2026-07-11_20-24-42.jpg,2026-07-11_20-28-02.jpg,41,41,NEG,,,0,False,
419491d3-8c4a-42e0-ba4b-0b6a046b5181,11,2026-07-11_20-28-07.jpg,2026-07-11_20-31-22.jpg,40,40,NEG,,,0,False,
020f9c0a-872a-4800-889d-141cf7875f07,11,2026-07-11_20-31-28.jpg,2026-07-11_20-34-48.jpg,41,41,NEG,,,50,False,
2301b530-85c5-463e-b4e9-90dca30e1665,11,2026-07-11_20-34-53.jpg,2026-07-11_20-38-08.jpg,40,40,NEG,,,0,False,
08235e8d-9378-4df3-b71c-217eb39f8281,11,2026-07-11_20-38-12.jpg,2026-07-11_20-41-32.jpg,41,41,NEG,,,50,False,
6c405f04-4bb5-4abe-afdd-56ad6b5214dd,11,2026-07-11_20-41-37.jpg,2026-07-11_20-44-52.jpg,40,40,NEG,,,0,False,
2efca86f-4125-45fd-9b85-07220f5f7a07,11,2026-07-11_20-44-57.jpg,2026-07-11_20-48-17.jpg,41,41,NEG,,,0,False,
f9390c7c-96b9-4782-85ef-715ea2e26634,11,2026-07-11_20-48-23.jpg,2026-07-11_20-51-38.jpg,40,40,REJ,dc40fc06,2026-07-11 20:52:05.333006,90,True,Não identificamos o ato do descarte.
7fb1131d-d52b-4381-b096-ba85807a47c5,11,2026-07-11_20-51-42.jpg,2026-07-11_20-55-07.jpg,42,42,NEG,,,0,False,
353d336c-85d6-42ab-b0ab-fe61deed959d,11,2026-07-11_20-55-12.jpg,2026-07-11_20-58-37.jpg,42,42,NEG,,,0,False,
a0c84599-da02-41df-ad4a-0630d687572e,11,2026-07-11_20-58-44.jpg,2026-07-11_21-02-12.jpg,43,43,NEG,,,0,False,
65206fbb-6c6d-4810-84dd-964d7683d0ed,11,2026-07-11_21-02-17.jpg,2026-07-11_21-05-42.jpg,42,42,NEG,,,0,False,
0be4a9d6-dc43-464f-9b9a-00391a89572f,11,2026-07-11_21-05-47.jpg,2026-07-11_21-09-22.jpg,44,44,NEG,,,50,False,
df394828-72da-40cc-9893-1b46c87db166,11,2026-07-11_21-09-27.jpg,2026-07-11_21-13-07.jpg,45,45,NEG,,,0,False,
8d3c98a6-6bc8-41da-a047-3bd32946fc85,11,2026-07-11_21-13-12.jpg,2026-07-11_21-16-42.jpg,43,43,NEG,,,50,False,
0edd0d11-aec4-49ab-995a-8251be7346c1,11,2026-07-11_21-16-47.jpg,2026-07-11_21-20-33.jpg,46,46,NEG,,,50,False,
57c446e0-bb8a-47fb-83ae-b263c02b3e6d,11,2026-07-11_21-20-38.jpg,2026-07-11_21-23-52.jpg,40,40,TRIG_NOLABEL,,,90,True,
6bfd97e6-d627-4039-bf4b-aef3cd461424,11,2026-07-11_21-23-57.jpg,2026-07-11_21-27-37.jpg,45,45,NEG,,,60,False,
35e9d725-c87d-4414-9491-75d40ea969e5,11,2026-07-11_21-27-42.jpg,2026-07-11_21-31-07.jpg,42,42,NEG,,,50,False,
5adee46e-55b0-4045-b9c1-e1b7586bce33,11,2026-07-11_21-31-12.jpg,2026-07-11_21-34-47.jpg,44,44,REJ,dc9180a8,2026-07-11 21:35:14.201396,85,True,Não identificamos o ato do descarte.
2b3258ca-c4f2-4749-8544-56ae360845ca,11,2026-07-11_21-34-52.jpg,2026-07-11_21-38-17.jpg,42,42,NEG,,,50,False,
40121676-4105-4f04-924f-e6296f5f14af,11,2026-07-11_21-38-22.jpg,2026-07-11_21-41-57.jpg,44,44,NEG,,,50,False,
4e626c4f-b186-4da7-b481-ea0667bc81cd,11,2026-07-11_21-42-02.jpg,2026-07-11_21-45-17.jpg,40,40,NEG,,,55,False,
71b078c9-fffb-447d-a7d7-5bc3b810a2df,11,2026-07-11_21-45-22.jpg,2026-07-11_21-48-47.jpg,42,42,NEG,,,0,False,
8ee9086f-af0b-4ed2-9373-94703dbbcb1a,11,2026-07-11_21-48-52.jpg,2026-07-11_21-52-22.jpg,43,43,REJ,0bfedc17,2026-07-11 21:53:02.07083,85,True,Não identificamos o ato do descarte.
00887a30-bb2e-46d4-8f2b-45abb3d15654,11,2026-07-11_21-52-27.jpg,2026-07-11_21-56-07.jpg,45,45,NEG,,,0,False,
c5d50fcd-6298-467c-80e6-90c8a656e0f4,11,2026-07-11_21-56-12.jpg,2026-07-11_21-59-32.jpg,41,41,NEG,,,0,False,
4b126e9e-e40c-4122-949b-7b04d49cda72,11,2026-07-11_21-59-37.jpg,2026-07-11_22-02-52.jpg,40,40,NEG,,,30,False,
c21b72f2-176b-4d28-8027-82623434ecf8,11,2026-07-11_22-02-57.jpg,2026-07-11_22-06-17.jpg,41,41,NEG,,,0,False,
3fb0da0b-2622-458f-bd43-3f17b85e68aa,11,2026-07-11_22-06-22.jpg,2026-07-11_22-09-37.jpg,40,40,NEG,,,0,False,
180ce2ed-5bac-4589-a3bb-14b86ed6072b,11,2026-07-11_22-09-42.jpg,2026-07-11_22-13-07.jpg,42,42,NEG,,,0,False,
23630058-454f-489c-8b84-9ad114439747,11,2026-07-11_22-13-12.jpg,2026-07-11_22-16-22.jpg,39,39,NEG,,,50,False,
f7ddee97-5443-4374-9364-6f71b46fc0a3,11,2026-07-11_22-16-27.jpg,2026-07-11_22-19-52.jpg,42,42,REJ,3df84b88,2026-07-11 22:20:18.09057,90,True,Não identificamos o ato do descarte.
2a0c77e5-3f67-4e0f-90b9-9eccd8ece419,11,2026-07-11_22-19-57.jpg,2026-07-11_22-23-22.jpg,42,42,NEG,,,60,False,
50390e1c-9746-4bea-b3a1-b8da0f46f5ee,11,2026-07-11_22-23-27.jpg,2026-07-11_22-26-37.jpg,39,39,NEG,,,0,False,
566e4054-8761-4d38-bb72-b4a24a36c880,11,2026-07-11_22-26-42.jpg,2026-07-11_22-30-02.jpg,41,41,REJ,a90e4d7b,2026-07-11 22:30:32.088791,90,True,Não identificamos o ato do descarte.
7e1dbdc8-cc73-4b0e-b78a-ac8fc45f5f29,11,2026-07-11_22-30-07.jpg,2026-07-11_22-33-37.jpg,43,43,REJ,a90e4d7b,2026-07-11 22:30:32.088791,90,True,Não identificamos o ato do descarte.
a1519c2a-abf3-4b0a-9cbe-1756da9b245c,11,2026-07-11_22-33-42.jpg,2026-07-11_22-37-07.jpg,42,42,NEG,,,50,False,
63a47068-544f-493c-9e2c-f712b3a8a3b0,11,2026-07-11_22-37-12.jpg,2026-07-11_22-40-22.jpg,39,39,NEG,,,50,False,
4490f7b9-cc82-48e2-b4a2-4c49b0d3147d,11,2026-07-11_22-40-27.jpg,2026-07-11_22-43-47.jpg,41,41,NEG,,,0,False,
88a5bcb8-6fcc-4926-912f-eeb269b3a241,11,2026-07-11_22-43-52.jpg,2026-07-11_22-47-07.jpg,40,40,NEG,,,50,False,
38c1d2a6-7cdd-46e4-898e-a9fa83dbf115,11,2026-07-11_22-47-12.jpg,2026-07-11_22-50-27.jpg,40,40,NEG,,,0,False,
9d9453a2-66b9-44c2-b38a-30d374d6429c,11,2026-07-11_22-50-32.jpg,2026-07-11_22-53-57.jpg,42,42,NEG,,,0,False,
3f2abb26-8835-4912-bc35-d8f7c331c3da,11,2026-07-11_22-54-02.jpg,2026-07-11_22-57-22.jpg,41,41,NEG,,,50,False,
d5a1ba3f-2a07-4828-9780-c55dea190c0a,11,2026-07-11_22-57-27.jpg,2026-07-11_23-00-37.jpg,39,39,NEG,,,0,False,
f1276f52-79b6-4be9-aee8-1ebe85440a10,11,2026-07-11_23-00-42.jpg,2026-07-11_23-04-02.jpg,41,41,NEG,,,50,False,
e66bb9ba-7c15-4cdc-9704-1aa657337398,11,2026-07-11_23-04-07.jpg,2026-07-11_23-07-22.jpg,40,40,NEG,,,0,False,
c1cba9f8-3a27-4a6e-8f4e-0e4abc41ac4c,11,2026-07-11_23-07-27.jpg,2026-07-11_23-10-47.jpg,41,41,NEG,,,0,False,
28432c3f-cbc3-45ed-a941-1b636acf7882,11,2026-07-11_23-10-52.jpg,2026-07-11_23-14-02.jpg,39,39,NEG,,,50,False,
604c011d-9ddb-461e-af05-d0539f76eed2,11,2026-07-11_23-14-07.jpg,2026-07-11_23-17-27.jpg,41,41,NEG,,,0,False,
4ec22cad-6425-415a-a06e-529e9b713311,11,2026-07-11_23-17-32.jpg,2026-07-11_23-20-42.jpg,39,39,NEG,,,50,False,
c202b24d-d559-48e6-839d-22a381938b9d,11,2026-07-11_23-20-47.jpg,2026-07-11_23-24-07.jpg,41,41,NEG,,,0,False,
a047d919-2dbf-45cb-a42b-48fb4e7ad6c2,11,2026-07-11_23-24-12.jpg,2026-07-11_23-27-27.jpg,40,40,NEG,,,0,False,
7bc917d5-9cbf-4599-b9a2-d9ac9079d219,11,2026-07-11_23-27-32.jpg,2026-07-11_23-30-52.jpg,41,41,NEG,,,0,False,
520924ba-4420-49eb-b1fd-942b140e3f07,11,2026-07-11_23-30-57.jpg,2026-07-11_23-34-07.jpg,39,39,NEG,,,0,False,
c84ab649-5d2c-4783-a506-5564bea48343,11,2026-07-11_23-34-12.jpg,2026-07-11_23-37-32.jpg,41,41,NEG,,,30,False,
c4ee5885-3a4e-4056-bcb7-ad1976723162,11,2026-07-11_23-37-37.jpg,2026-07-11_23-40-47.jpg,39,39,NEG,,,50,False,
9da0f847-96c6-4f3a-a97c-5cd9fefc1e13,11,2026-07-11_23-40-52.jpg,2026-07-11_23-44-17.jpg,42,42,NEG,,,0,False,
5156062a-0286-4b4e-acd4-4289ee7af29d,11,2026-07-11_23-44-22.jpg,2026-07-11_23-47-32.jpg,39,39,NEG,,,50,False,
018e1beb-536b-493c-900c-849a910ea555,11,2026-07-11_23-47-37.jpg,2026-07-11_23-50-57.jpg,41,41,NEG,,,50,False,
b6ba031c-ca3d-4d9e-aca4-e120a5507732,11,2026-07-11_23-51-03.jpg,2026-07-11_23-54-12.jpg,39,39,NEG,,,0,False,
b71c06b1-4a2d-4e58-91bb-1eb555464fa6,11,2026-07-11_23-54-17.jpg,2026-07-11_23-57-37.jpg,41,41,NEG,,,0,False,
63cf43c0-6598-4574-bef9-62e816975846,12,2026-07-11_23-57-42.jpg,2026-07-12_00-00-52.jpg,39,39,NEG,,,0,False,
7f323e0d-1937-458f-941f-97dd8d56781f,12,2026-07-12_00-00-57.jpg,2026-07-12_00-04-17.jpg,41,41,NEG,,,50,False,
2fb23b79-fbe9-42de-9138-1f19ae388731,12,2026-07-12_00-04-22.jpg,2026-07-12_00-07-37.jpg,40,40,NEG,,,50,False,
721aa09a-6499-4e15-952d-a81210431dc4,12,2026-07-12_00-07-42.jpg,2026-07-12_00-10-57.jpg,40,40,NEG,,,0,False,
3ef8663c-f70c-4ecf-9947-e451a77256f7,12,2026-07-12_00-11-02.jpg,2026-07-12_00-14-17.jpg,40,40,NEG,,,50,False,
eb2a0f38-ddaf-4c7d-a441-dacbef341724,12,2026-07-12_00-14-22.jpg,2026-07-12_00-17-37.jpg,40,40,NEG,,,0,False,
4ca53af3-1d04-4b74-b8cf-5de75a4859c4,12,2026-07-12_00-17-42.jpg,2026-07-12_00-20-52.jpg,39,39,NEG,,,0,False,
f903689e-c775-4233-becf-3016375972c8,12,2026-07-12_00-20-57.jpg,2026-07-12_00-24-17.jpg,41,41,NEG,,,60,False,
85e5568b-fec3-47c6-bdf6-fc74fa1a5bb8,12,2026-07-12_00-24-22.jpg,2026-07-12_00-27-32.jpg,39,39,NEG,,,50,False,
7362d04d-02b5-46af-a7a9-41ff258806a6,12,2026-07-12_00-27-37.jpg,2026-07-12_00-30-57.jpg,41,41,NEG,,,0,False,
6eb8b8df-59dd-4b98-9edf-aef0aac2e31e,12,2026-07-12_00-31-02.jpg,2026-07-12_00-34-17.jpg,40,40,NEG,,,0,False,
2673cb84-48a7-49b4-9a8c-af96ce2513a7,12,2026-07-12_00-34-22.jpg,2026-07-12_00-37-42.jpg,41,41,NEG,,,50,False,
6b8fcef9-5934-4307-bceb-bb9afe039dc3,12,2026-07-12_00-37-47.jpg,2026-07-12_00-40-57.jpg,39,39,NEG,,,50,False,
7f98359f-68c3-40fa-94d7-7b14532654f6,12,2026-07-12_00-41-03.jpg,2026-07-12_00-44-22.jpg,41,41,NEG,,,0,False,
43de8f9e-a8d1-4fc9-80fe-789ef90e2e63,12,2026-07-12_00-44-27.jpg,2026-07-12_00-48-02.jpg,44,44,NEG,,,50,False,
8762e46d-418c-43f6-997a-6ef4cb0ab2c9,12,2026-07-12_00-48-07.jpg,2026-07-12_00-51-27.jpg,41,41,NEG,,,0,False,
8f2c1ba1-da86-483b-bcaf-0ee5b10169a6,12,2026-07-12_00-51-32.jpg,2026-07-12_00-54-42.jpg,39,39,NEG,,,50,False,
48ab01c1-94e1-4812-b780-1be17320bb7e,12,2026-07-12_00-54-47.jpg,2026-07-12_00-58-07.jpg,41,41,NEG,,,0,False,
485494d7-e6b5-4e25-a50a-018aa0edb9b5,12,2026-07-12_00-58-12.jpg,2026-07-12_01-01-42.jpg,43,43,NEG,,,50,False,
116d2080-f388-4a03-9b32-7e465c30c87a,12,2026-07-12_01-01-47.jpg,2026-07-12_01-05-07.jpg,41,41,NEG,,,50,False,
079fe5f4-ebb3-45ec-ab63-c632c303f326,12,2026-07-12_01-05-13.jpg,2026-07-12_01-08-42.jpg,43,43,NEG,,,50,False,
be8fd0ea-5d99-4dd9-986c-d1a9ea096d19,12,2026-07-12_01-08-47.jpg,2026-07-12_01-12-17.jpg,43,43,NEG,,,60,False,
71e0ffa1-fd36-49cf-80e0-06663c74988c,12,2026-07-12_01-12-22.jpg,2026-07-12_01-15-37.jpg,40,40,REJ,19b16334,2026-07-12 01:15:59.715057,90,True,Não identificamos o ato do descarte.
2dfdbda4-8f04-4e03-b868-2b27020be007,12,2026-07-12_01-15-42.jpg,2026-07-12_01-19-02.jpg,41,41,NEG,,,50,False,
e07abf17-1260-42b8-95a3-470cd9069264,12,2026-07-12_01-19-07.jpg,2026-07-12_01-22-42.jpg,44,44,NEG,,,0,False,
a3f6426a-f1aa-4e88-a457-8117a481edfb,12,2026-07-12_01-22-47.jpg,2026-07-12_01-26-12.jpg,42,42,NEG,,,55,False,
8dcfb4a3-e989-4be7-8f49-60df0f781c7b,12,2026-07-12_01-26-17.jpg,2026-07-12_01-29-47.jpg,43,43,NEG,,,0,False,
7142b271-af14-4feb-acb4-c49249096f23,12,2026-07-12_01-29-52.jpg,2026-07-12_01-33-37.jpg,46,46,NEG,,,0,False,
fee8537d-cf75-49a6-8bd0-9f257c68ba6e,12,2026-07-12_01-33-42.jpg,2026-07-12_01-37-17.jpg,44,44,NEG,,,50,False,
ce643803-d1a2-41bd-a865-6b2063286057,12,2026-07-12_01-37-22.jpg,2026-07-12_01-40-47.jpg,42,42,REJ,e401b05d,2026-07-12 01:41:16.48215,90,True,Presença de catador remexendo o lixo.
dcc8b299-a4b0-4f74-a942-d778d0cc46ab,12,2026-07-12_01-40-52.jpg,2026-07-12_01-44-22.jpg,43,43,NEG,,,0,False,
4092ff90-e6d7-4f43-ace4-fc06b6f8fedf,12,2026-07-12_01-44-27.jpg,2026-07-12_01-47-42.jpg,40,40,NEG,,,0,False,
124a0967-f711-4b2d-a497-4a7d378c51e1,12,2026-07-12_01-47-47.jpg,2026-07-12_01-51-12.jpg,42,42,NEG,,,0,False,
c0200b38-58d4-447b-9920-a9c16a8a515e,12,2026-07-12_01-51-17.jpg,2026-07-12_01-54-32.jpg,40,40,NEG,,,0,False,
1f67eea6-c795-4c12-8d56-254ebd47d5c1,12,2026-07-12_01-54-37.jpg,2026-07-12_01-57-57.jpg,41,41,NEG,,,50,False,
4160e302-b88b-4d00-bc41-a46f506b9c89,12,2026-07-12_01-58-02.jpg,2026-07-12_02-01-17.jpg,40,40,NEG,,,50,False,
6feb23d9-60e0-492f-9739-79c509f3f09c,12,2026-07-12_02-01-22.jpg,2026-07-12_02-04-47.jpg,42,42,NEG,,,30,False,
b7860bfb-8668-4f76-98db-09ea8c38801c,12,2026-07-12_02-04-52.jpg,2026-07-12_02-08-07.jpg,40,40,NEG,,,0,False,
aeee5836-f3e2-4dad-a04f-676647435f03,12,2026-07-12_02-08-12.jpg,2026-07-12_02-11-37.jpg,42,42,NEG,,,60,False,
a24ba521-0eae-406a-a7d5-0d09b31e59ff,12,2026-07-12_02-11-42.jpg,2026-07-12_02-14-57.jpg,40,40,NEG,,,50,False,
34cbf9a6-27ec-48f1-a996-85871a2e3e8d,12,2026-07-12_02-15-02.jpg,2026-07-12_02-18-22.jpg,41,41,NEG,,,50,False,
6c2dc17b-fb56-450d-99c0-8644103e6f37,12,2026-07-12_02-18-27.jpg,2026-07-12_02-21-42.jpg,40,40,NEG,,,50,False,
cdf37db7-1b6f-439b-a0cd-c673f0fa79ff,12,2026-07-12_02-21-47.jpg,2026-07-12_02-25-12.jpg,42,42,NEG,,,60,False,
83f85e07-ed5b-4614-b957-a226898438b5,12,2026-07-12_02-25-17.jpg,2026-07-12_02-28-32.jpg,40,40,NEG,,,0,False,
254c80e3-5215-4110-b6f7-bb8ccd4db1b6,12,2026-07-12_02-28-37.jpg,2026-07-12_02-31-57.jpg,41,41,NEG,,,50,False,
1d360863-0944-4b68-b372-1337e1376f6f,12,2026-07-12_02-32-02.jpg,2026-07-12_02-35-17.jpg,40,40,NEG,,,0,False,
6cc91486-5197-4273-a17b-f2170163dfb8,12,2026-07-12_02-35-22.jpg,2026-07-12_02-38-47.jpg,42,42,NEG,,,0,False,
6cf80785-e935-47a4-8242-08b7c53718ce,12,2026-07-12_02-38-52.jpg,2026-07-12_02-42-07.jpg,40,40,NEG,,,30,False,
9811950c-8203-4e96-a677-72ff32f92c81,12,2026-07-12_02-42-12.jpg,2026-07-12_02-45-32.jpg,41,41,NEG,,,0,False,
c9b915bd-1a30-41af-9994-9ac211945d63,12,2026-07-12_02-45-37.jpg,2026-07-12_02-48-52.jpg,40,40,NEG,,,0,False,
2c288798-4060-4f1a-8da3-bf30ac350f30,12,2026-07-12_02-48-57.jpg,2026-07-12_02-52-17.jpg,41,41,NEG,,,0,False,
7437495b-bc85-4f51-b637-9500c3e6d7d5,12,2026-07-12_02-52-22.jpg,2026-07-12_02-55-37.jpg,40,40,NEG,,,50,False,
0f9eab8b-d28d-4a07-9931-0252831f7245,12,2026-07-12_02-55-42.jpg,2026-07-12_02-59-07.jpg,42,42,PENDENTE,b35e8537,2026-07-12 02:59:33.655453,90,True,
c9da9107-5d65-4007-884f-15767c111e94,12,2026-07-12_02-59-12.jpg,2026-07-12_03-02-37.jpg,42,42,NEG,,,50,False,
b90eacde-ade9-4439-9961-85e857578d10,12,2026-07-12_03-02-42.jpg,2026-07-12_03-06-37.jpg,48,48,NEG,,,50,False,
defee912-ab7e-4f3a-9565-250771693e0a,12,2026-07-12_03-06-42.jpg,2026-07-12_03-10-37.jpg,48,48,NEG,,,0,False,
cb701aa0-dbdc-4b74-8717-2138fb65e5aa,12,2026-07-12_03-10-42.jpg,2026-07-12_03-14-37.jpg,48,48,NEG,,,50,False,
57dbfb2e-9d13-4410-ab00-2d1b96332cda,12,2026-07-12_03-14-42.jpg,2026-07-12_03-18-37.jpg,48,48,NEG,,,50,False,
1aaf3bed-82be-4451-970c-d3064bc6418a,12,2026-07-12_03-18-42.jpg,2026-07-12_03-21-57.jpg,40,40,NEG,,,50,False,
6d5549d2-4448-4209-babb-d84c45903b93,12,2026-07-12_03-22-02.jpg,2026-07-12_03-25-57.jpg,48,48,NEG,,,50,False,
88aa12cd-a372-4deb-98a6-da03f515feee,12,2026-07-12_03-26-02.jpg,2026-07-12_03-26-57.jpg,12,12,NEG,,,30,False,
97c87ae0-0af6-41a5-afd3-1eeea04e2ef1,12,2026-07-12_03-27-02.jpg,2026-07-12_03-30-37.jpg,44,44,NEG,,,50,False,
2f98b6b3-59db-4f18-b701-65a0ec491e18,12,2026-07-12_03-30-42.jpg,2026-07-12_03-33-57.jpg,40,40,NEG,,,50,False,
5c329c15-d022-4921-838f-a9f7a83fbf5b,12,2026-07-12_03-34-02.jpg,2026-07-12_03-37-22.jpg,41,41,REJ,4ff089ac,2026-07-12 03:37:45.303663,90,True,Não identificamos o ato do descarte.
7bb70ecb-01ff-41a8-996c-047ab0a7bcb1,12,2026-07-12_03-37-27.jpg,2026-07-12_03-40-52.jpg,42,42,NEG,,,0,False,
fa08ff83-1b32-4d21-8df5-52eb6135f5b8,12,2026-07-12_03-40-57.jpg,2026-07-12_03-44-07.jpg,39,39,NEG,,,0,False,
c3ede2d9-4770-4caf-8884-65e7ce2f9d60,12,2026-07-12_03-44-12.jpg,2026-07-12_03-47-37.jpg,42,42,NEG,,,60,False,
a064717a-ec3b-4b3b-8b16-0f8002a35726,12,2026-07-12_03-47-42.jpg,2026-07-12_03-50-57.jpg,40,40,NEG,,,0,False,
c3b2e3c0-f8a9-4b88-afb3-34c8c581f59e,12,2026-07-12_03-51-02.jpg,2026-07-12_03-54-22.jpg,41,41,REJ,ddaa91ed,2026-07-12 03:54:48.611145,85,True,Não identificamos o ato do descarte.
5109e099-2e44-437d-8eef-9ddb606ab9f8,12,2026-07-12_03-54-27.jpg,2026-07-12_03-57-52.jpg,42,42,NEG,,,50,False,
4c9df109-23d4-4d95-af51-bd0576e4d7f2,12,2026-07-12_03-57-57.jpg,2026-07-12_04-01-12.jpg,40,40,NEG,,,0,False,
a8ca1128-f74b-48d5-b3ab-23a65ddb3de2,12,2026-07-12_04-01-17.jpg,2026-07-12_04-04-42.jpg,42,42,TRIG_NOLABEL,,,90,True,
b4bc9ede-6486-4a89-a552-e81a71fd1eb7,12,2026-07-12_04-04-47.jpg,2026-07-12_04-08-17.jpg,43,43,NEG,,,50,False,
83945f47-774d-42a0-b469-f59e002b287c,12,2026-07-12_04-08-22.jpg,2026-07-12_04-11-42.jpg,41,41,NEG,,,0,False,
55136383-a6fb-4e6a-b555-96ea53eab018,12,2026-07-12_04-11-47.jpg,2026-07-12_04-15-42.jpg,48,48,NEG,,,0,False,
ff304b8b-7cf4-469f-a0ae-34009b2ef070,12,2026-07-12_04-15-47.jpg,2026-07-12_04-19-27.jpg,45,45,NEG,,,0,False,
525485b8-6d94-4d42-9109-62ab40f6ca0b,12,2026-07-12_04-19-32.jpg,2026-07-12_04-22-57.jpg,42,42,NEG,,,50,False,
6be9d6ef-4891-4d78-82cc-2a6c0b346133,12,2026-07-12_04-23-02.jpg,2026-07-12_04-26-12.jpg,39,39,NEG,,,0,False,
b1decb02-4a80-4dc7-962b-2473ffb38bbf,12,2026-07-12_04-26-17.jpg,2026-07-12_04-29-42.jpg,42,42,NEG,,,50,False,
c2f60eb8-dce8-4632-a82e-42e4c8a45f57,12,2026-07-12_04-29-47.jpg,2026-07-12_04-33-02.jpg,40,40,TRIG_NOLABEL,,,90,True,
3941ea9c-05d5-42ed-aa26-32e192cc5f8b,12,2026-07-12_04-33-07.jpg,2026-07-12_04-36-37.jpg,43,43,NEG,,,0,False,
aef56c53-d454-42ba-a2b4-378a3687b6c3,12,2026-07-12_04-36-42.jpg,2026-07-12_04-40-07.jpg,42,42,NEG,,,0,False,
198f1c82-1771-4b21-b03a-1ee0ed53f0e0,12,2026-07-12_04-40-12.jpg,2026-07-12_04-43-22.jpg,39,39,NEG,,,0,False,
47d59e9f-cb6d-4edb-8fca-8a1b5a97192b,12,2026-07-12_04-43-27.jpg,2026-07-12_04-46-52.jpg,42,42,NEG,,,60,False,
f7c03ea0-3e8e-4582-bed1-29a1ba1750dc,12,2026-07-12_04-46-57.jpg,2026-07-12_04-50-32.jpg,44,44,REJ,0c323808,2026-07-12 04:51:00.519486,90,True,não identificamos o ato do descarte.
63771b7f-fa3c-4567-a0b0-6a4c90b2fdf0,12,2026-07-12_04-50-37.jpg,2026-07-12_04-54-07.jpg,43,43,TRIG_NOLABEL,,,85,True,
a6f73f35-0125-4776-89b1-7f5a56a812e6,12,2026-07-12_04-54-12.jpg,2026-07-12_04-57-37.jpg,42,42,TRIG_NOLABEL,,,90,True,
cd5a44a0-ec72-4a5b-9809-e1b55af37ca0,12,2026-07-12_04-57-42.jpg,2026-07-12_05-01-17.jpg,44,44,NEG,,,50,False,
272b72b6-21e8-430f-ae87-acfb73499b28,12,2026-07-12_05-01-22.jpg,2026-07-12_05-05-07.jpg,46,46,NEG,,,0,False,
6317e0b4-b2f3-4d2c-be94-a5b6458951c8,12,2026-07-12_05-05-12.jpg,2026-07-12_05-08-42.jpg,43,43,NEG,,,50,False,
d9b8daa6-4a6f-4bd8-8700-e37ec4f72ceb,12,2026-07-12_05-08-47.jpg,2026-07-12_05-12-37.jpg,47,47,NEG,,,50,False,
0b509b08-b3bb-40fe-9aa7-655e797a5c1c,12,2026-07-12_05-12-42.jpg,2026-07-12_05-16-22.jpg,45,45,NEG,,,50,False,
d04a561c-e6b5-47ba-a944-eaca380b2c31,12,2026-07-12_05-16-27.jpg,2026-07-12_05-20-22.jpg,48,48,TRIG_NOLABEL,,,90,True,
4449013a-a30c-4611-9d33-bfaeed1f799f,12,2026-07-12_05-20-27.jpg,2026-07-12_05-24-02.jpg,44,44,NEG,,,0,False,
ad22e20e-8113-43c1-a58b-b9be5a5f71e0,12,2026-07-12_05-24-08.jpg,2026-07-12_05-27-47.jpg,45,45,NEG,,,50,False,
b7282900-f6c0-4b83-9df4-899870ec2fd5,12,2026-07-12_05-27-52.jpg,2026-07-12_05-31-27.jpg,44,44,NEG,,,50,False,
b4dd0335-a71a-4d4e-aaa7-31bbb3a7e785,12,2026-07-12_05-31-32.jpg,2026-07-12_05-34-58.jpg,42,42,NEG,,,50,False,
626bd7f1-edb9-4b5f-94db-fecc10ecc00f,12,2026-07-12_05-35-03.jpg,2026-07-12_05-38-38.jpg,44,44,TRIG_NOLABEL,,,90,True,
44cfbe3f-2444-4c63-b676-84c6b7618b01,12,2026-07-12_05-38-43.jpg,2026-07-12_05-42-18.jpg,44,44,TRIG_NOLABEL,,,90,True,
9c0712b5-2918-4478-bf0d-1accb2335f3b,12,2026-07-12_05-42-23.jpg,2026-07-12_05-45-58.jpg,44,44,NEG,,,50,False,
21ce3f1d-260e-4d73-938f-d80928003bf1,12,2026-07-12_05-46-03.jpg,2026-07-12_05-49-28.jpg,42,42,NEG,,,50,False,
a2786f61-e990-4fa1-b472-40d22fcf7f4e,12,2026-07-12_05-49-33.jpg,2026-07-12_05-53-08.jpg,44,44,REJ,63905257,2026-07-12 05:53:43.647681,90,True,não identificamos o ato do descarte.
58cea55f-1701-4b05-8f9e-e823c17f06cd,12,2026-07-12_05-53-13.jpg,2026-07-12_05-57-08.jpg,48,48,NEG,,,50,False,
ea757821-3b37-4ac0-a538-d8017252d8cb,12,2026-07-12_05-57-13.jpg,2026-07-12_06-00-53.jpg,45,45,REJ,63905257,2026-07-12 05:53:43.647681,90,True,não identificamos o ato do descarte.
aa4a5946-1e2c-492d-af29-a2131be93773,12,2026-07-12_06-00-58.jpg,2026-07-12_06-04-53.jpg,48,48,TRIG_NOLABEL,,,90,True,
caa39eb0-bed9-4ef9-a350-795311e70ed8,12,2026-07-12_06-04-58.jpg,2026-07-12_06-08-53.jpg,48,48,TRIG_NOLABEL,,,90,True,
2bdee945-4b19-40da-b752-6d75f7462436,12,2026-07-12_06-08-58.jpg,2026-07-12_06-12-53.jpg,48,48,CONF,ff82fb9c,2026-07-12 06:13:29.216315,90,True,Descarte confirmado.
565926aa-ced9-473e-b9cb-d7b41676a72c,12,2026-07-12_06-12-58.jpg,2026-07-12_06-16-53.jpg,48,48,NEG,,,50,False,
dd95057b-a14f-4f38-8fe2-043f7b55a3e1,12,2026-07-12_06-16-58.jpg,2026-07-12_06-20-52.jpg,48,48,NEG,,,50,False,
fbf6948b-b663-444a-b8e5-d931c2914af7,12,2026-07-12_06-20-57.jpg,2026-07-12_06-24-53.jpg,48,48,TRIG_NOLABEL,,,90,True,
63ed9fb0-6a32-48bd-9e12-40c9b2d38f99,12,2026-07-12_06-24-58.jpg,2026-07-12_06-28-53.jpg,48,48,NEG,,,0,False,
d6079719-cdc4-4227-b028-f3dbcaef5841,12,2026-07-12_06-28-58.jpg,2026-07-12_06-32-53.jpg,48,48,REJ,ef144743,2026-07-12 06:33:43.585931,90,True,não identificamos o ato do descarte.
5ed3452e-702b-45be-9156-72075ff9586b,12,2026-07-12_06-32-58.jpg,2026-07-12_06-36-52.jpg,48,48,NEG,,,50,False,
72435fc3-53ef-44a9-80d2-01ee57838f02,12,2026-07-12_06-36-57.jpg,2026-07-12_06-40-48.jpg,47,47,NEG,,,0,False,
b02eefab-89e0-4538-b0a2-6bc58c8fa61b,12,2026-07-12_06-40-53.jpg,2026-07-12_06-44-27.jpg,44,44,CONF,76187f54,2026-07-12 06:45:04.37437,85,True,Descarte confirmado.
f02bba5f-0e2c-49ae-82f8-05f53035e34c,12,2026-07-12_06-44-32.jpg,2026-07-12_06-48-28.jpg,48,48,TRIG_NOLABEL,,,90,True,
3a416648-cb0a-4a03-9d4b-a2de5bb27c9c,12,2026-07-12_06-48-33.jpg,2026-07-12_06-52-24.jpg,47,47,NEG,,,0,False,
55450111-c0b0-43e1-a810-da2026a659de,12,2026-07-12_06-52-28.jpg,2026-07-12_06-56-03.jpg,44,44,TRIG_NOLABEL,,,85,True,
ec3ed748-a87d-4dbd-872a-7431cf1c6e24,12,2026-07-12_06-56-08.jpg,2026-07-12_06-59-42.jpg,44,44,NEG,,,50,False,
6fb4e28c-89bc-466a-8e38-35ee310e173f,12,2026-07-12_06-59-47.jpg,2026-07-12_07-03-32.jpg,46,46,NEG,,,50,False,
fab05d02-a99f-4123-ba06-51f0f2db265b,12,2026-07-12_07-03-38.jpg,2026-07-12_07-06-53.jpg,40,40,NEG,,,50,False,
16673816-6f79-4339-a88a-317fd1a4f75e,12,2026-07-12_07-06-58.jpg,2026-07-12_07-10-20.jpg,41,41,NEG,,,50,False,
60499308-6c60-4a59-91ea-b4a2762c0f03,12,2026-07-12_07-10-26.jpg,2026-07-12_07-13-48.jpg,42,42,NEG,,,0,False,
cc664cb0-a50d-49aa-9169-760caad50724,12,2026-07-12_07-13-53.jpg,2026-07-12_07-17-18.jpg,42,42,NEG,,,50,False,
26533221-5250-4936-b1e8-bee82ea993c1,12,2026-07-12_07-17-23.jpg,2026-07-12_07-20-53.jpg,43,43,NEG,,,50,False,
8fb504c0-7e75-41c2-9221-eb398968b974,12,2026-07-12_07-20-58.jpg,2026-07-12_07-24-23.jpg,42,42,REJ,f857f07c,2026-07-12 07:24:48.18281,90,True,não identificamos o ato do descarte.
6c291929-7a2b-46cb-b0d5-9f87b5be2778,12,2026-07-12_07-24-28.jpg,2026-07-12_07-27-53.jpg,42,42,NEG,,,60,False,
67ad4949-c944-4a9b-aef0-2320ed78f645,12,2026-07-12_07-27-58.jpg,2026-07-12_07-31-13.jpg,40,40,TRIG_NOLABEL,,,90,True,
a52d59c6-7d44-4978-8755-1a7f8216472f,12,2026-07-12_07-31-18.jpg,2026-07-12_07-34-38.jpg,41,41,NEG,,,50,False,
f7b9a563-b81f-42f5-9a01-39322c2e62f4,12,2026-07-12_07-34-43.jpg,2026-07-12_07-38-18.jpg,44,44,REJ,3cb3e715,2026-07-12 07:38:39.974918,90,True,Não identificamos o ato do descarte.
2b1ed941-820b-4911-833f-d5616da3e471,12,2026-07-12_07-38-23.jpg,2026-07-12_07-42-08.jpg,46,46,NEG,,,50,False,
7021815f-4765-4134-8c9f-0cc5e4e04a0f,12,2026-07-12_07-42-13.jpg,2026-07-12_07-45-23.jpg,39,39,NEG,,,50,False,
3205b1dc-723c-439a-b534-92035fb34107,12,2026-07-12_07-45-28.jpg,2026-07-12_07-49-03.jpg,44,44,NEG,,,0,False,
91a81162-a748-41f0-96fe-bc7e9f5060b6,12,2026-07-12_07-49-08.jpg,2026-07-12_07-52-23.jpg,40,40,NEG,,,50,False,
8bdb7b67-93e9-4ed2-9525-30bd15c9ca8a,12,2026-07-12_07-52-28.jpg,2026-07-12_07-56-10.jpg,45,45,NEG,,,50,False,
09c6cd63-8bb9-4024-943b-81091a26654f,12,2026-07-12_07-56-17.jpg,2026-07-12_07-59-28.jpg,40,40,NEG,,,50,False,
7bb56466-4753-45d3-b07c-7e3fdb75f07e,12,2026-07-12_07-59-34.jpg,2026-07-12_08-03-10.jpg,43,43,NEG,,,50,False,
c201c207-bfe2-483b-82e9-438a8343d0e1,12,2026-07-12_08-03-14.jpg,2026-07-12_08-06-50.jpg,45,45,NEG,,,50,False,
65080e5e-d566-49d8-bc36-183ea5705519,12,2026-07-12_08-06-55.jpg,2026-07-12_08-10-18.jpg,42,42,NEG,,,50,False,
c6ed49bc-83ec-4743-9d5f-5c7f22b73b3d,12,2026-07-12_08-10-23.jpg,2026-07-12_08-13-48.jpg,42,42,TRIG_NOLABEL,,,90,True,
283309a0-4c7a-4197-b830-e627824c1ab5,12,2026-07-12_08-13-53.jpg,2026-07-12_08-17-13.jpg,41,41,NEG,,,50,False,
0359d975-42e0-4b50-89de-64bb6c51f1ab,12,2026-07-12_08-17-18.jpg,2026-07-12_08-20-44.jpg,42,42,NEG,,,0,False,
aee95afd-5803-4555-94c1-0ca19854c1d4,12,2026-07-12_08-20-48.jpg,2026-07-12_08-24-23.jpg,44,44,NEG,,,50,False,
e3fedce3-1a74-445d-889f-affdb42af97d,12,2026-07-12_08-24-28.jpg,2026-07-12_08-27-48.jpg,41,41,PENDENTE,27f331d7,2026-07-12 08:28:17.979434,90,True,
1692867a-a523-4a55-8a1b-f8c86d0a2968,12,2026-07-12_08-27-53.jpg,2026-07-12_08-31-33.jpg,45,45,NEG,,,55,False,
f8165839-9d7a-41c2-b340-caf0dd5e13e9,12,2026-07-12_08-31-38.jpg,2026-07-12_08-34-53.jpg,40,40,NEG,,,50,False,
57cd2ece-b08e-415a-be55-85f53199c4b4,12,2026-07-12_08-34-58.jpg,2026-07-12_08-38-18.jpg,41,41,NEG,,,50,False,
103bbb64-0494-41f1-a2bb-9a4bdc22ec49,12,2026-07-12_08-38-23.jpg,2026-07-12_08-41-38.jpg,40,40,NEG,,,50,False,
fbc62331-1c57-4fc2-947e-52d287019479,12,2026-07-12_08-41-43.jpg,2026-07-12_08-45-03.jpg,41,41,NEG,,,0,False,
baf86f62-1ece-44dc-a9ac-0093485ee605,12,2026-07-12_08-45-08.jpg,2026-07-12_08-48-43.jpg,44,44,NEG,,,50,False,
91b7b9e8-f3fb-40ee-b474-a67925605414,12,2026-07-12_08-48-48.jpg,2026-07-12_08-52-13.jpg,42,42,NEG,,,50,False,
c10008ef-343b-4b06-bc44-54b258844851,12,2026-07-12_08-52-18.jpg,2026-07-12_08-55-28.jpg,39,39,NEG,,,50,False,
8aacffb8-78f6-472f-88e7-4aad5701937d,12,2026-07-12_08-55-33.jpg,2026-07-12_08-59-08.jpg,44,44,REJ,25f49554,2026-07-12 08:59:39.971221,90,True,Não identificamos o ato do descarte.
bd099a34-2661-43f0-ba5c-8392861515c2,12,2026-07-12_08-59-13.jpg,2026-07-12_09-02-43.jpg,43,43,NEG,,,50,False,
8b501c5e-266c-488b-998e-1449c95306aa,12,2026-07-12_09-02-48.jpg,2026-07-12_09-06-03.jpg,40,40,NEG,,,0,False,
a103c5ed-bf4a-4dc4-8a33-ad741b6c9eaf,12,2026-07-12_09-06-08.jpg,2026-07-12_09-09-28.jpg,41,41,NEG,,,0,False,
a78fd93f-9117-40b0-9416-1a487d1d7ff0,12,2026-07-12_09-09-34.jpg,2026-07-12_09-13-08.jpg,44,44,TRIG_NOLABEL,,,90,True,
56556e9d-51f4-44c6-9109-f2a578495783,12,2026-07-12_09-13-13.jpg,2026-07-12_09-16-35.jpg,41,41,NEG,,,50,False,
0960ba4b-4913-413f-a0ca-0bb86bb34bc6,12,2026-07-12_09-16-40.jpg,2026-07-12_09-20-13.jpg,44,44,NEG,,,50,False,
bb602d0f-5e0e-4573-ad96-0f46fae53b59,12,2026-07-12_09-20-18.jpg,2026-07-12_09-23-33.jpg,40,40,NEG,,,50,False,
40fc9597-5a98-41f1-9277-8cc9fdc94cda,12,2026-07-12_09-23-38.jpg,2026-07-12_09-26-58.jpg,41,41,NEG,,,50,False,
ec694410-19f1-41d2-9a55-c843f40ba885,12,2026-07-12_09-27-03.jpg,2026-07-12_09-30-48.jpg,46,46,NEG,,,0,False,
1f6fab7a-ab9c-45c6-b298-2ac4b437f6f4,12,2026-07-12_09-30-53.jpg,2026-07-12_09-34-15.jpg,41,41,NEG,,,50,False,
85526b20-2418-4f5d-bc04-c4aee07de3c8,12,2026-07-12_09-34-20.jpg,2026-07-12_09-37-43.jpg,42,42,NEG,,,60,False,
197f8d9b-855d-4181-b2c2-cd9a0cfcf0a8,12,2026-07-12_09-37-48.jpg,2026-07-12_09-41-03.jpg,40,40,CONF,305e0ed3,2026-07-12 09:41:27.589293,90,True,Descarte de lixo domiciliar.
4adf55f3-825f-4d29-aba9-d32064b149bd,12,2026-07-12_09-41-08.jpg,2026-07-12_09-44-54.jpg,46,46,NEG,,,50,False,
a643265f-32c3-40cd-bacd-e21dd497c597,12,2026-07-12_09-44-58.jpg,2026-07-12_09-48-19.jpg,41,41,NEG,,,50,False,
0de4cf57-573d-4a57-90df-5e837c9c5e5e,12,2026-07-12_09-48-23.jpg,2026-07-12_09-51-59.jpg,44,44,TRIG_NOLABEL,,,85,True,
b2eb10cf-25b0-4040-9444-af121b0f7c84,12,2026-07-12_09-52-04.jpg,2026-07-12_09-55-53.jpg,47,47,NEG,,,0,False,
6f132077-50a8-4216-93f4-789766b24417,12,2026-07-12_09-55-58.jpg,2026-07-12_09-59-23.jpg,42,42,NEG,,,50,False,
7eb201dd-193c-405b-994f-02b0d4b6a369,12,2026-07-12_09-59-28.jpg,2026-07-12_10-03-03.jpg,44,44,NEG,,,50,False,
55a3c5e0-fd33-4bd7-99af-3de301eb0358,12,2026-07-12_10-03-08.jpg,2026-07-12_10-06-33.jpg,42,42,NEG,,,50,False,
79c189aa-47b2-4c98-acbc-44a257d8af81,12,2026-07-12_10-06-38.jpg,2026-07-12_10-09-49.jpg,39,39,NEG,,,50,False,
5be4625f-5158-486b-8982-e4902753cc14,12,2026-07-12_10-09-55.jpg,2026-07-12_10-13-34.jpg,45,45,NEG,,,50,False,
45af9902-c545-4228-aacf-e0045486b0ae,12,2026-07-12_10-13-39.jpg,2026-07-12_10-16-53.jpg,40,40,INDETERMINADO,8c98388d,2026-07-12 10:17:23.23101,90,True,"Notamos o aumento volumétrico, porém, não conseguimos visualizar o momento do descarte."
28a147f7-9eb2-41ab-8b90-a72ea2e3cccf,12,2026-07-12_10-16-58.jpg,2026-07-12_10-20-48.jpg,47,47,NEG,,,50,False,
0b223932-b718-4cc5-a635-9eaa7f51a2e5,12,2026-07-12_10-20-53.jpg,2026-07-12_10-24-19.jpg,42,42,NEG,,,50,False,
d58c60a6-31f3-4838-90e6-3bacfa807a94,12,2026-07-12_10-24-25.jpg,2026-07-12_10-27-49.jpg,42,42,NEG,,,50,False,
17939cf5-5e59-4cdd-8584-c3ec21020544,12,2026-07-12_10-27-54.jpg,2026-07-12_10-31-18.jpg,42,42,INDETERMINADO,ccbc2140,2026-07-12 10:31:50.356284,90,True,"Notamos o aumento volumétrico, porém, não conseguimos visualizar o momento do descarte."
b89813bd-9b8d-44e2-b761-7d745d21ff64,12,2026-07-12_10-31-23.jpg,2026-07-12_10-35-18.jpg,48,48,INDETERMINADO,ccbc2140,2026-07-12 10:31:50.356284,90,True,"Notamos o aumento volumétrico, porém, não conseguimos visualizar o momento do descarte."
9e819aa9-e139-4228-bd32-b830c3d0a091,12,2026-07-12_10-35-23.jpg,2026-07-12_10-39-03.jpg,45,45,NEG,,,50,False,
0598eb37-2675-4257-bc57-669e4ace33a6,12,2026-07-12_10-39-08.jpg,2026-07-12_10-42-23.jpg,40,40,TRIG_NOLABEL,,,90,True,
5403d738-498c-46f2-948a-f261e37b84e8,12,2026-07-12_10-42-28.jpg,2026-07-12_10-45-53.jpg,42,42,NEG,,,50,False,
e8eefc81-86c6-402b-814c-5be57f438360,12,2026-07-12_10-45-58.jpg,2026-07-12_10-49-48.jpg,47,47,NEG,,,50,False,
5e05066e-1661-49f0-b012-e4b44882ed60,12,2026-07-12_10-49-53.jpg,2026-07-12_10-53-33.jpg,45,45,NEG,,,50,False,
173fc080-e7f0-4d36-8243-9657070228c7,12,2026-07-12_10-53-38.jpg,2026-07-12_10-57-13.jpg,44,44,NEG,,,50,False,
7f782bea-98be-423a-898f-e677b32b1be9,12,2026-07-12_10-57-18.jpg,2026-07-12_11-00-33.jpg,40,40,TRIG_NOLABEL,,,90,True,
a1356968-4f9a-4647-a1a9-380e0edcb045,12,2026-07-12_11-00-38.jpg,2026-07-12_11-04-08.jpg,43,43,REJ,5db5029e,2026-07-12 11:04:37.345577,90,True,Sem descarte.
c6a5ee1d-6aad-484d-8e64-cd876ccb8472,12,2026-07-12_11-04-13.jpg,2026-07-12_11-07-38.jpg,42,42,NEG,,,50,False,
eb22646b-2094-40bf-a454-70b3bbd05370,12,2026-07-12_11-07-43.jpg,2026-07-12_11-11-33.jpg,47,47,TRIG_NOLABEL,,,90,True,
f4b87e1d-9be6-40bd-928b-93e1a69a7ab6,12,2026-07-12_11-11-38.jpg,2026-07-12_11-14-58.jpg,41,41,NEG,,,50,False,
783adad4-b57d-485f-a885-ae817085ee07,12,2026-07-12_11-15-03.jpg,2026-07-12_11-18-18.jpg,40,40,REJ,3ebbb7c0,2026-07-12 11:18:46.051044,90,True,"Notamos o aumento volumétrico, porém, não conseguimos visualizar o momento do descarte."
bc4de9d3-52dd-4f4b-8f84-90669bed6791,12,2026-07-12_11-18-23.jpg,2026-07-12_11-22-03.jpg,45,45,NEG,,,50,False,
3c342052-a19a-4271-8e4e-9bc462924778,12,2026-07-12_11-22-08.jpg,2026-07-12_11-25-33.jpg,42,42,NEG,,,50,False,
94d61673-f079-46ad-880f-0088c30f1c70,12,2026-07-12_11-25-38.jpg,2026-07-12_11-29-13.jpg,44,44,REJ,2fa3e128,2026-07-12 11:29:45.055939,85,True,Não identificamos do descarte.
5d662685-051b-4cc6-b427-bbf07b5edf2c,12,2026-07-12_11-29-18.jpg,2026-07-12_11-32-48.jpg,43,43,NEG,,,50,False,
e6e3d565-b695-4840-aea9-2da1c07fc7fe,12,2026-07-12_11-32-53.jpg,2026-07-12_11-36-18.jpg,42,42,NEG,,,50,False,
dc3ff078-a0b2-465f-a432-5318467aeb9e,12,2026-07-12_11-36-23.jpg,2026-07-12_11-39-38.jpg,40,40,NEG,,,50,False,
c0717dca-0829-4ddf-bf30-fb2560dfb6e3,12,2026-07-12_11-39-43.jpg,2026-07-12_11-43-18.jpg,44,44,NEG,,,50,False,
749f40fd-9b31-467a-a199-d34c72f2889e,12,2026-07-12_11-43-23.jpg,2026-07-12_11-46-38.jpg,40,40,NEG,,,50,False,
5ba7eb6f-3180-4b0b-9d4f-5db7d97139a4,12,2026-07-12_11-46-43.jpg,2026-07-12_11-50-04.jpg,41,41,NEG,,,50,False,
e7d957ae-826a-4652-a563-11cc3c86f73b,12,2026-07-12_11-50-08.jpg,2026-07-12_11-53-43.jpg,44,44,NEG,,,0,False,
a7423ef1-4af6-40f1-9eef-e0c7130bdfc4,12,2026-07-12_11-53-48.jpg,2026-07-12_11-57-13.jpg,42,42,NEG,,,50,False,
223612db-d80e-4735-be11-92d1ca19cc4e,12,2026-07-12_11-57-18.jpg,2026-07-12_12-00-43.jpg,42,42,TRIG_NOLABEL,,,85,True,
95fa44dc-962a-4853-99fa-9c03eb8fb83c,12,2026-07-12_12-00-48.jpg,2026-07-12_12-04-08.jpg,41,41,NEG,,,50,False,
b01fc72b-38e6-4e09-9ef1-869fbb0190cd,12,2026-07-12_12-04-17.jpg,2026-07-12_12-07-33.jpg,41,41,TRIG_NOLABEL,,,90,True,
744cf748-3aa8-4534-b613-4221b98cc366,12,2026-07-12_12-07-38.jpg,2026-07-12_12-11-23.jpg,46,46,NEG,,,50,False,
28c07141-6896-40d8-b334-02e21394d0d2,12,2026-07-12_12-11-29.jpg,2026-07-12_12-14-43.jpg,40,40,NEG,,,50,False,
1e3d60d0-9e8a-4c16-ab31-70324033b7ba,12,2026-07-12_12-14-48.jpg,2026-07-12_12-18-24.jpg,44,44,NEG,,,55,False,
851ceb35-f27d-42a2-ae94-52e9f46f918f,12,2026-07-12_12-18-29.jpg,2026-07-12_12-21-43.jpg,40,40,NEG,,,60,False,
69c45123-624f-40d4-8181-34f135fdcbc3,12,2026-07-12_12-21-49.jpg,2026-07-12_12-25-08.jpg,41,41,NEG,,,50,False,
c257cc91-4123-4f0a-9f7d-7fa596f4a53c,12,2026-07-12_12-25-13.jpg,2026-07-12_12-28-48.jpg,44,44,NEG,,,0,False,
99be75c8-e092-438e-b591-9292e9e1fe73,12,2026-07-12_12-28-53.jpg,2026-07-12_12-32-19.jpg,42,42,NEG,,,0,False,
86d790ec-4399-43ff-afda-bf1ee5370e60,12,2026-07-12_12-32-24.jpg,2026-07-12_12-35-33.jpg,39,39,REJ,02f4180e,2026-07-12 12:36:01.596378,85,True,Não identificamos o momento do descarte.
178a337c-a20a-478c-a553-d923d0150cac,12,2026-07-12_12-35-38.jpg,2026-07-12_12-39-18.jpg,45,45,NEG,,,0,False,
69b25cdd-bc2a-48e5-b550-b71c72d0e503,12,2026-07-12_12-39-23.jpg,2026-07-12_12-42-48.jpg,42,42,NEG,,,0,False,
c5b8b124-abb9-4558-a1b6-fa6bb11c863f,12,2026-07-12_12-42-53.jpg,2026-07-12_12-46-03.jpg,39,39,NEG,,,50,False,
c617a27c-e9e0-46b4-91f0-bceb08301c02,12,2026-07-12_12-46-08.jpg,2026-07-12_12-49-34.jpg,42,42,NEG,,,0,False,
f802035e-15c8-4841-8479-bcd3e9a4c6ee,12,2026-07-12_12-49-38.jpg,2026-07-12_12-53-13.jpg,44,44,NEG,,,0,False,
e18e6dfc-d4b9-4bf7-be6f-d781e93ef9d5,12,2026-07-12_12-53-18.jpg,2026-07-12_12-56-39.jpg,41,41,NEG,,,50,False,
18bfba8e-59de-4cbd-8ea7-4d8355ebd870,12,2026-07-12_12-56-44.jpg,2026-07-12_12-59-59.jpg,40,40,NEG,,,0,False,
daedacec-2d96-4473-bfd2-b2cde8bc4877,12,2026-07-12_13-00-04.jpg,2026-07-12_13-03-38.jpg,44,44,TRIG_NOLABEL,,,90,True,
464e1049-6a2b-472c-93d6-9c55a60e507a,12,2026-07-12_13-03-43.jpg,2026-07-12_13-07-13.jpg,43,43,TRIG_NOLABEL,,,90,True,
4b23b3fa-ab1c-4f85-92f0-7f4af63e6c3d,12,2026-07-12_13-07-18.jpg,2026-07-12_13-10-34.jpg,40,40,NEG,,,60,False,
a4af2e33-26af-4ca9-bd70-e9ccb3bfc286,12,2026-07-12_13-10-38.jpg,2026-07-12_13-14-33.jpg,48,48,NEG,,,50,False,
d424a6c9-3c61-4590-9e9c-4552fd1d1b36,12,2026-07-12_13-14-38.jpg,2026-07-12_13-18-34.jpg,48,48,NEG,,,50,False,
9e843d82-c79b-4617-aef0-eedf3f126fe6,12,2026-07-12_13-18-39.jpg,2026-07-12_13-21-55.jpg,40,40,NEG,,,50,False,
d219a86c-fb0e-4441-b5ca-95d874a376e2,12,2026-07-12_13-22-00.jpg,2026-07-12_13-25-18.jpg,41,41,REJ,50fdd3a9,2026-07-12 13:25:44.050692,90,True,"Notamos o aumento volumétrico, porém, não conseguimos visualizar o momento do descarte."
b0676dd3-c93f-48d6-a7ce-5a5288294dd4,12,2026-07-12_13-25-23.jpg,2026-07-12_13-28-59.jpg,44,44,REJ,50fdd3a9,2026-07-12 13:25:44.050692,90,True,"Notamos o aumento volumétrico, porém, não conseguimos visualizar o momento do descarte."
382c88b3-654c-4a21-9646-dc9f979f735f,12,2026-07-12_13-29-04.jpg,2026-07-12_13-32-28.jpg,42,42,REJ,50fdd3a9,2026-07-12 13:25:44.050692,90,True,"Notamos o aumento volumétrico, porém, não conseguimos visualizar o momento do descarte."
df4fa727-fcf9-495e-9ae3-51bead55dec2,12,2026-07-12_13-32-33.jpg,2026-07-12_13-36-03.jpg,43,43,REJ,1a3a815f,2026-07-12 13:36:30.6973,90,True,Limpeza urbana.
713017c2-ab8e-4c72-9e9f-528d7aebf4d3,12,2026-07-12_13-36-08.jpg,2026-07-12_13-39-33.jpg,42,42,TRIG_NOLABEL,,,90,True,
594c13a3-3227-4ddd-96dc-672626525311,12,2026-07-12_13-39-38.jpg,2026-07-12_13-43-29.jpg,47,47,NEG,,,0,False,
1ca31f3b-698d-48ec-930d-9eec5bdf414c,12,2026-07-12_13-43-34.jpg,2026-07-12_13-47-15.jpg,45,45,TRIG_NOLABEL,,,90,True,
9b95dd05-02ef-4fea-b621-b0fd61d04a2f,12,2026-07-12_13-47-20.jpg,2026-07-12_13-50-38.jpg,41,41,TRIG_NOLABEL,,,85,True,
47e3ce8f-8e6f-415d-92eb-82ef161159ab,12,2026-07-12_13-50-44.jpg,2026-07-12_13-54-18.jpg,44,44,TRIG_NOLABEL,,,90,True,
92ff8617-235f-47bb-bf34-6d6726b96db8,12,2026-07-12_13-54-23.jpg,2026-07-12_13-57-50.jpg,42,42,NEG,,,0,False,
5f74feb3-8d56-4b12-926e-3d19833a2d90,12,2026-07-12_13-57-56.jpg,2026-07-12_14-01-18.jpg,42,42,REJ,988e7ffd,2026-07-12 14:01:50.483755,90,True,Caminhão da limpeza urbana.
16ad32c1-3ec3-44a8-9f95-a73957848710,12,2026-07-12_14-01-24.jpg,2026-07-12_14-04-54.jpg,43,43,REJ,988e7ffd,2026-07-12 14:01:50.483755,90,True,Caminhão da limpeza urbana.
e13cf67d-c3cc-4bd6-90e9-a64d6119d05b,12,2026-07-12_14-04-59.jpg,2026-07-12_14-08-43.jpg,46,46,NEG,,,0,False,
6d0e7ea2-d130-4fd3-ba7f-750a6a9800ef,12,2026-07-12_14-08-48.jpg,2026-07-12_14-12-03.jpg,40,40,NEG,,,50,False,
9e0203cd-e2df-4aab-9da9-1e659d61a9bf,12,2026-07-12_14-12-08.jpg,2026-07-12_14-15-53.jpg,46,46,NEG,,,0,False,
79b5d6ff-833e-4c44-91bb-c9f8fcbf857d,12,2026-07-12_14-15-58.jpg,2026-07-12_14-19-18.jpg,41,41,NEG,,,50,False,
a3a5f357-6491-43d0-bb11-c8883ccb9ee8,12,2026-07-12_14-19-23.jpg,2026-07-12_14-23-09.jpg,46,46,NEG,,,30,False,
119ecaab-ed18-4ab9-a305-176a26c82366,12,2026-07-12_14-23-14.jpg,2026-07-12_14-26-43.jpg,43,43,NEG,,,50,False,
d16f1c39-70a6-48f7-9496-ccc1c93154ce,12,2026-07-12_14-26-48.jpg,2026-07-12_14-30-18.jpg,43,43,NEG,,,50,False,
c7dcfacb-0c34-4815-a635-0a26eda82aeb,12,2026-07-12_14-30-24.jpg,2026-07-12_14-33-53.jpg,43,43,NEG,,,0,False,
7bb1c54a-6094-4b7a-b1a6-db864376b34b,12,2026-07-12_14-33-58.jpg,2026-07-12_14-37-53.jpg,48,48,NEG,,,50,False,
8f8ca8ed-f812-422f-a7d3-ac304cb07858,12,2026-07-12_14-37-58.jpg,2026-07-12_14-41-28.jpg,43,43,NEG,,,0,False,
922b0c0d-d84e-463d-a1df-e82e24d8c29d,12,2026-07-12_14-41-34.jpg,2026-07-12_14-45-08.jpg,44,44,NEG,,,50,False,
873e3cf4-258e-4b99-af4b-8364e7a64f49,12,2026-07-12_14-45-13.jpg,2026-07-12_14-48-53.jpg,45,45,NEG,,,50,False,
43bbc57c-b6f5-4b08-87d2-eef26db4d736,12,2026-07-12_14-48-58.jpg,2026-07-12_14-52-33.jpg,44,44,NEG,,,50,False,
8bd49d94-9651-4a69-ad03-745bb43c723b,12,2026-07-12_14-52-38.jpg,2026-07-12_14-56-03.jpg,42,42,NEG,,,0,False,
0c960052-093d-4653-ad4b-eaa9907f7d19,12,2026-07-12_14-56-08.jpg,2026-07-12_14-59-43.jpg,44,44,NEG,,,0,False,
28ae931c-0923-4637-9b59-0b3930dd67db,12,2026-07-12_14-59-48.jpg,2026-07-12_15-03-18.jpg,43,43,NEG,,,50,False,
05108e9a-bcf0-4862-be44-1415aa2e4f82,12,2026-07-12_15-03-24.jpg,2026-07-12_15-07-03.jpg,45,45,NEG,,,50,False,
ae1f295b-132c-4314-8b58-19c6de8eed16,12,2026-07-12_15-07-08.jpg,2026-07-12_15-10-53.jpg,46,46,NEG,,,50,False,
4751135c-0489-4215-8c0f-3270efd4bcf3,12,2026-07-12_15-10-59.jpg,2026-07-12_15-14-54.jpg,48,48,NEG,,,50,False,
2930315c-7150-4574-b72f-c750bc9f1215,12,2026-07-12_15-14-58.jpg,2026-07-12_15-18-39.jpg,45,45,NEG,,,60,False,
ca881fff-b5e1-4b22-9e19-c429e28df9fe,12,2026-07-12_15-18-44.jpg,2026-07-12_15-22-18.jpg,44,44,NEG,,,50,False,
1d5eafe0-6279-485f-b15a-d59b337263c6,12,2026-07-12_15-22-23.jpg,2026-07-12_15-26-03.jpg,45,45,NEG,,,0,False,
436065e9-4be1-4a5e-a46e-4ec2f03eaa0e,12,2026-07-12_15-26-08.jpg,2026-07-12_15-29-49.jpg,45,45,REJ,77b294b3,2026-07-12 15:30:12.66773,90,True,Sem descarte.
0bef7b93-94ef-49d0-a831-9c92501d1163,12,2026-07-12_15-29-54.jpg,2026-07-12_15-33-28.jpg,44,44,NEG,,,0,False,
f530fa02-8c32-4f2d-926f-33a60edc85e4,12,2026-07-12_15-33-33.jpg,2026-07-12_15-37-28.jpg,48,48,NEG,,,0,False,
c1c3a276-a864-4bf0-a87c-3bd36b959064,12,2026-07-12_15-37-33.jpg,2026-07-12_15-41-23.jpg,47,47,NEG,,,50,False,
78978369-1eda-476c-b31a-78c38520a55e,12,2026-07-12_15-41-28.jpg,2026-07-12_15-44-53.jpg,42,42,NEG,,,0,False,
51c0c20a-9483-432f-8a24-376796403c63,12,2026-07-12_15-44-58.jpg,2026-07-12_15-48-34.jpg,44,44,NEG,,,0,False,
7b6edaa8-8627-4c95-9f15-397b5fe3384b,12,2026-07-12_15-48-39.jpg,2026-07-12_15-52-28.jpg,47,47,NEG,,,30,False,
74364447-aae8-49d2-ad37-edd6140d96e5,12,2026-07-12_15-52-33.jpg,2026-07-12_15-56-24.jpg,47,47,NEG,,,30,False,
a9e87647-86f1-4244-818f-978939688fd3,12,2026-07-12_15-56-28.jpg,2026-07-12_16-00-18.jpg,47,47,NEG,,,50,False,
825d62d7-3108-47ea-b411-1753dde113ac,12,2026-07-12_16-00-23.jpg,2026-07-12_16-04-18.jpg,48,48,NEG,,,50,False,
dca19666-5f70-4c3d-9836-56ca1c1c704a,12,2026-07-12_16-04-23.jpg,2026-07-12_16-08-08.jpg,46,46,NEG,,,30,False,
597e9c75-80ef-499e-af5a-54d678d9b294,12,2026-07-12_16-08-13.jpg,2026-07-12_16-12-08.jpg,48,48,NEG,,,0,False,
e90b66ff-a44b-4216-9761-342c6f1de992,12,2026-07-12_16-12-13.jpg,2026-07-12_16-16-08.jpg,48,48,REJ,6c1dc791,2026-07-12 16:16:37.613102,90,True,Não identificamos o descarte.
e503ed04-fb57-4af0-8312-f217ef219a5e,12,2026-07-12_16-16-13.jpg,2026-07-12_16-20-08.jpg,48,48,NEG,,,0,False,
2dc42172-2182-4ab6-b805-bdba1a25180c,12,2026-07-12_16-20-13.jpg,2026-07-12_16-23-48.jpg,44,44,NEG,,,50,False,
d69e4caf-3900-4a33-8eda-5449400230c3,12,2026-07-12_16-23-53.jpg,2026-07-12_16-27-23.jpg,43,43,NEG,,,55,False,
b531a598-65b2-4d22-ae4a-cc314b77854e,12,2026-07-12_16-27-28.jpg,2026-07-12_16-31-03.jpg,44,44,NEG,,,60,False,
c324fd87-505c-4c9d-a54e-d13f71864681,12,2026-07-12_16-31-08.jpg,2026-07-12_16-34-33.jpg,42,42,TRIG_NOLABEL,,,90,True,
93a23b3c-6887-45f5-b1c7-fc6d5029e291,12,2026-07-12_16-34-38.jpg,2026-07-12_16-38-33.jpg,48,48,NEG,,,60,False,
584886a4-4c9d-40b8-bded-d9ac892d1da1,12,2026-07-12_16-38-38.jpg,2026-07-12_16-42-18.jpg,45,45,NEG,,,0,False,
70209e78-cf0a-4a06-9ef7-08d69d8c9d6e,12,2026-07-12_16-42-23.jpg,2026-07-12_16-45-53.jpg,43,43,TRIG_NOLABEL,,,90,True,
ed1ebc42-f682-423c-be2f-ead155144a9f,12,2026-07-12_16-45-58.jpg,2026-07-12_16-49-33.jpg,44,44,NEG,,,50,False,
d03413ff-3a9b-44d2-8701-e9d8c5ed6a7a,12,2026-07-12_16-49-38.jpg,2026-07-12_16-53-14.jpg,44,44,NEG,,,50,False,
d689a15c-14f0-42d0-a86a-39357e1012fb,12,2026-07-12_16-53-19.jpg,2026-07-12_16-56-43.jpg,42,42,NEG,,,50,False,
12bc6e86-2d11-4e8f-9e95-1e35eb31b79f,12,2026-07-12_16-56-48.jpg,2026-07-12_17-00-23.jpg,44,44,NEG,,,30,False,
9041583f-4de7-4da1-a164-492a85e01260,12,2026-07-12_17-00-28.jpg,2026-07-12_17-03-53.jpg,42,42,NEG,,,50,False,
975fe683-9638-41c9-af2b-0265c563cffa,12,2026-07-12_17-03-58.jpg,2026-07-12_17-07-33.jpg,44,44,NEG,,,0,False,
bd67bc86-de18-4df4-b097-c46ff5a57774,12,2026-07-12_17-07-38.jpg,2026-07-12_17-11-03.jpg,42,42,NEG,,,50,False,
c246e66e-a786-4023-9ada-22c687b74b10,12,2026-07-12_17-11-08.jpg,2026-07-12_17-14-53.jpg,46,46,TRIG_NOLABEL,,,90,True,
99512b57-7856-47b3-b5f7-8a676513e777,12,2026-07-12_17-14-58.jpg,2026-07-12_17-18-48.jpg,47,47,REJ,f1580fb2,2026-07-12 17:19:25.7974,90,True,Não identificamos o momento do descarte.
6ed887a8-0fb8-4c24-a18d-880b35a398dc,12,2026-07-12_17-18-53.jpg,2026-07-12_17-22-48.jpg,48,48,NEG,,,0,False,
862df060-29aa-4b44-ad5d-1121bfbc5b5e,12,2026-07-12_17-22-52.jpg,2026-07-12_17-26-48.jpg,48,48,NEG,,,30,False,
35cf4f02-a908-4e60-8ea8-0a0eebd6feeb,12,2026-07-12_17-26-53.jpg,2026-07-12_17-30-48.jpg,48,48,REJ,99b6a903,2026-07-12 17:31:22.537104,90,True,Presença de catadores.
edcedaa8-a90e-44c5-8db5-9ef4c6661083,12,2026-07-12_17-30-53.jpg,2026-07-12_17-34-48.jpg,48,48,NEG,,,50,False,
25aaca20-be3f-490c-b758-240804ac10ec,12,2026-07-12_17-34-53.jpg,2026-07-12_17-38-47.jpg,48,48,NEG,,,50,False,
dbe10bc8-90c7-4cc8-9b14-01142d58d0d3,12,2026-07-12_17-38-53.jpg,2026-07-12_17-42-38.jpg,46,46,NEG,,,30,False,
cdc68b14-03d6-433a-babf-276d3d5c6ce8,12,2026-07-12_17-42-43.jpg,2026-07-12_17-46-38.jpg,48,48,NEG,,,50,False,
5ac37680-7cf5-448c-b979-4693e7b9d84b,12,2026-07-12_17-46-43.jpg,2026-07-12_17-50-38.jpg,48,48,NEG,,,0,False,
0bb93074-fefb-4042-a3f5-71b47ffdabf5,12,2026-07-12_17-50-43.jpg,2026-07-12_17-54-13.jpg,43,43,NEG,,,30,False,
631675fe-d5db-426f-8073-d8e673759265,12,2026-07-12_17-54-18.jpg,2026-07-12_17-58-03.jpg,46,46,NEG,,,0,False,
81a695f6-773a-441b-b890-f0f82bdf4198,12,2026-07-12_17-58-07.jpg,2026-07-12_18-01-33.jpg,42,42,NEG,,,50,False,
3e7136e9-cd04-4efb-bd27-ee806323625c,12,2026-07-12_18-01-38.jpg,2026-07-12_18-05-33.jpg,48,48,REJ,6d279747,2026-07-12 18:05:57.035548,90,True,Não identificamos o momento do descarte.
3b2b7987-7a0b-4b25-970d-bb08f1b52e2d,12,2026-07-12_18-05-38.jpg,2026-07-12_18-09-32.jpg,48,48,REJ,6d279747,2026-07-12 18:05:57.035548,85,True,Não identificamos o momento do descarte.
2319626c-9f96-42fb-8532-4fa2932cb203,12,2026-07-12_18-09-38.jpg,2026-07-12_18-13-33.jpg,48,48,NEG,,,50,False,
6a7a1479-bf1c-4c31-b3bc-03bdd9b48cc3,12,2026-07-12_18-13-38.jpg,2026-07-12_18-17-12.jpg,44,44,NEG,,,50,False,
ad5fb27a-d64d-4bc0-9d1e-0540a63eec6b,12,2026-07-12_18-17-18.jpg,2026-07-12_18-20-48.jpg,43,43,NEG,,,50,False,
51634499-d1b4-4597-9681-6b209382d250,12,2026-07-12_18-20-53.jpg,2026-07-12_18-24-13.jpg,41,41,NEG,,,50,False,
93cb103f-f56a-4fd2-85b3-115c9d27d4c2,12,2026-07-12_18-24-18.jpg,2026-07-12_18-28-03.jpg,46,46,NEG,,,40,False,
a6578d1d-0633-4f1a-a43f-052b7530e4e1,12,2026-07-12_18-28-07.jpg,2026-07-12_18-31-33.jpg,42,42,NEG,,,50,False,
8cdd051e-5f46-45de-b54d-ecd4aa092345,12,2026-07-12_18-31-37.jpg,2026-07-12_18-35-08.jpg,43,43,NEG,,,0,False,
fecf23e3-2c21-4322-9559-d6cd397f7589,12,2026-07-12_18-35-13.jpg,2026-07-12_18-38-38.jpg,42,42,NEG,,,50,False,
9494392e-1c2c-4681-b413-3fdeac4ab8b8,12,2026-07-12_18-38-43.jpg,2026-07-12_18-42-13.jpg,43,43,NEG,,,0,False,
ada14568-bb99-4ce3-be84-a5094ca1d993,12,2026-07-12_18-42-18.jpg,2026-07-12_18-45-38.jpg,41,41,NEG,,,50,False,
9c5793f2-1159-4bfb-803a-fdb16440ae27,12,2026-07-12_18-45-43.jpg,2026-07-12_18-49-17.jpg,44,44,NEG,,,0,False,
ae32c3de-af2b-471f-b41d-2618b81747b9,12,2026-07-12_18-49-23.jpg,2026-07-12_18-52-42.jpg,41,41,NEG,,,0,False,
df771092-26e6-4ecb-877e-406d0b150d10,12,2026-07-12_18-52-48.jpg,2026-07-12_18-56-18.jpg,43,43,NEG,,,50,False,
8227a636-a4a7-416e-a465-9e0672688abb,12,2026-07-12_18-56-22.jpg,2026-07-12_19-00-08.jpg,46,46,NEG,,,0,False,
014a4028-bf1b-4683-8c35-b5529c3214cd,12,2026-07-12_19-00-14.jpg,2026-07-12_19-03-48.jpg,44,44,NEG,,,50,False,
3f5a3934-8dd2-4946-8939-7446a10704e9,12,2026-07-12_19-03-53.jpg,2026-07-12_19-07-43.jpg,47,47,NEG,,,50,False,
727fd0ce-8541-45aa-bc6c-4c90f5c451e3,12,2026-07-12_19-07-47.jpg,2026-07-12_19-11-33.jpg,46,46,NEG,,,50,False,
5039a081-9341-43c8-9ac3-3bfde317cd51,12,2026-07-12_19-11-37.jpg,2026-07-12_19-15-03.jpg,42,42,NEG,,,50,False,
677afb98-2574-4948-98cb-2279325bde60,12,2026-07-12_19-15-08.jpg,2026-07-12_19-18-43.jpg,44,44,NEG,,,50,False,
b05cf99b-0fb2-49bb-8e92-0f4f37296d58,12,2026-07-12_19-18-48.jpg,2026-07-12_19-22-13.jpg,42,42,NEG,,,0,False,
f20965c8-0fa6-4160-84d3-6218b65384d7,12,2026-07-12_19-22-18.jpg,2026-07-12_19-25-48.jpg,43,43,NEG,,,50,False,
ca80a6aa-ffb9-467d-a614-ce6061404052,12,2026-07-12_19-25-53.jpg,2026-07-12_19-29-18.jpg,42,42,NEG,,,0,False,
da2c1399-cf74-4737-8a83-5f3eaa0f3a84,12,2026-07-12_19-29-22.jpg,2026-07-12_19-33-12.jpg,47,47,NEG,,,30,False,
f249858e-8793-44bc-9958-3bc971ac43a4,12,2026-07-12_19-33-18.jpg,2026-07-12_19-36-43.jpg,42,42,NEG,,,0,False,
4549049b-06df-43d1-b536-c4598698093f,12,2026-07-12_19-36-48.jpg,2026-07-12_19-40-14.jpg,42,42,NEG,,,60,False,
41f1e560-dc57-4512-a80c-719fc3e6d78d,12,2026-07-12_19-40-23.jpg,2026-07-12_19-43-48.jpg,43,43,NEG,,,30,False,
1c943c6f-5774-43b2-a318-2229b5f3e9e9,12,2026-07-12_19-43-53.jpg,2026-07-12_19-47-23.jpg,43,43,NEG,,,0,False,
89880b6e-73bc-464d-906c-4351fbfe40e4,12,2026-07-12_19-47-28.jpg,2026-07-12_19-50-52.jpg,42,42,REJ,ffed2452,2026-07-12 19:51:15.301625,90,True,Não identificamos o momento do descarte
9ca22188-ed80-424d-903e-79630741e8a8,12,2026-07-12_19-50-57.jpg,2026-07-12_19-54-30.jpg,43,43,TRIG_NOLABEL,,,85,True,
269110b1-70ce-4aec-8aa5-3862a7b039b8,12,2026-07-12_19-54-36.jpg,2026-07-12_19-58-18.jpg,46,46,NEG,,,0,False,
41298be5-8d31-4c63-8a8d-0e1f6213e1ad,12,2026-07-12_19-58-23.jpg,2026-07-12_20-01-53.jpg,43,43,NEG,,,40,False,
67e5b949-2b56-4b01-8386-68ccf10981d0,12,2026-07-12_20-01-58.jpg,2026-07-12_20-05-22.jpg,42,42,NEG,,,0,False,
12f5bdb3-03fe-46c1-9891-9939de77adc5,12,2026-07-12_20-05-28.jpg,2026-07-12_20-09-03.jpg,44,44,NEG,,,0,False,
c1a274b9-e9b6-4d70-bcb8-3d4439f2d55c,12,2026-07-12_20-09-07.jpg,2026-07-12_20-12-28.jpg,41,41,NEG,,,0,False,
6e687894-0a31-4af8-b924-3068ee472e5c,12,2026-07-12_20-12-33.jpg,2026-07-12_20-16-03.jpg,43,43,NEG,,,0,False,
7e8ba0db-5453-4d2f-b0ae-7c2e07387271,12,2026-07-12_20-16-08.jpg,2026-07-12_20-19-32.jpg,42,42,NEG,,,50,False,
1876c478-f913-43da-b120-dafb3a894463,12,2026-07-12_20-19-37.jpg,2026-07-12_20-23-08.jpg,43,43,NEG,,,0,False,
d25574d7-44ea-4bd7-868f-bfb8d5b48d9a,12,2026-07-12_20-23-13.jpg,2026-07-12_20-26-43.jpg,43,43,NEG,,,0,False,
05f99915-722a-4ab1-83f7-73d2488be713,12,2026-07-12_20-26-48.jpg,2026-07-12_20-30-33.jpg,46,46,NEG,,,0,False,
dfecf6ce-8745-4cd9-933b-48da1eb0214a,12,2026-07-12_20-30-38.jpg,2026-07-12_20-33-58.jpg,41,41,REJ,7b72a2a5,2026-07-12 20:34:23.356255,85,True,Não identificamos o momento do descarte.
1ec13889-e0e4-4575-adb0-bdfb1a5d1e00,12,2026-07-12_20-34-03.jpg,2026-07-12_20-37-37.jpg,44,44,NEG,,,0,False,
af35880c-ab60-45f4-a426-6360d467005c,12,2026-07-12_20-37-43.jpg,2026-07-12_20-41-33.jpg,47,47,NEG,,,50,False,
9e29d6e8-16ab-4604-b9aa-634f545a466e,12,2026-07-12_20-41-38.jpg,2026-07-12_20-45-18.jpg,45,45,NEG,,,0,False,
8e9aad94-4ad4-47a9-b0a0-18b75d0fa752,12,2026-07-12_20-45-23.jpg,2026-07-12_20-49-17.jpg,47,47,NEG,,,0,False,
c48c544f-e0b1-45b6-b37a-02b3c4767fa3,12,2026-07-12_20-49-22.jpg,2026-07-12_20-52-42.jpg,42,42,NEG,,,50,False,
4523dc48-1572-4fba-a378-d715456b3050,12,2026-07-12_20-52-48.jpg,2026-07-12_20-56-23.jpg,44,44,REJ,f540258d,2026-07-12 20:56:51.696676,90,True,Não identificamos o momento do descarte.
9873bc1b-acdb-4f09-8fd0-bb2b5cca70ea,12,2026-07-12_20-56-28.jpg,2026-07-12_21-00-08.jpg,45,45,NEG,,,50,False,
bb60f28f-3a54-4b47-a04c-98f16b3fca1e,12,2026-07-12_21-00-13.jpg,2026-07-12_21-03-38.jpg,42,42,NEG,,,30,False,
5033acda-4c55-459c-a8bb-bbf9c3776c39,12,2026-07-12_21-03-43.jpg,2026-07-12_21-07-18.jpg,44,44,NEG,,,50,False,
7ad45e38-fbc8-4f82-a990-fb330bc11242,12,2026-07-12_21-07-23.jpg,2026-07-12_21-10-48.jpg,42,42,NEG,,,0,False,
78dc24bc-a3f5-4210-a000-e2e947a8d388,12,2026-07-12_21-10-53.jpg,2026-07-12_21-14-28.jpg,44,44,NEG,,,50,False,
b65083c0-2337-4a9e-b44d-e7d24bbe8633,12,2026-07-12_21-14-33.jpg,2026-07-12_21-17-53.jpg,41,41,NEG,,,0,False,
6e4e24e2-a019-4db7-a543-755e43a33900,12,2026-07-12_21-17-58.jpg,2026-07-12_21-21-34.jpg,44,44,REJ,4f72f4d6,2026-07-12 21:22:04.873001,90,True,Presença de catador de recicláveis.
6d155804-a40d-4e4b-bb60-c68b58bf1dfb,12,2026-07-12_21-21-38.jpg,2026-07-12_21-25-18.jpg,45,45,NEG,,,0,False,
01c88a8d-fa5b-4689-b961-57a195367c57,12,2026-07-12_21-25-23.jpg,2026-07-12_21-29-03.jpg,45,45,NEG,,,0,False,
8709256a-4353-4c9f-b137-d8ca37de9f09,12,2026-07-12_21-29-08.jpg,2026-07-12_21-32-43.jpg,44,44,NEG,,,0,False,
c9bcf398-647f-40e0-93bf-18a5ad589fcd,12,2026-07-12_21-32-48.jpg,2026-07-12_21-36-10.jpg,41,41,NEG,,,0,False,
31ca1357-480e-48ad-aa83-ce89967cdd20,12,2026-07-12_21-36-14.jpg,2026-07-12_21-39-47.jpg,44,44,NEG,,,50,False,
cf8f15c3-883b-43f4-8b96-abe5994b3f84,12,2026-07-12_21-39-53.jpg,2026-07-12_21-43-18.jpg,42,42,NEG,,,0,False,
3777d044-b44f-4a7f-92bb-62c00bae34ba,12,2026-07-12_21-43-23.jpg,2026-07-12_21-46-58.jpg,44,44,NEG,,,60,False,
bc9d196a-90ec-4bbb-8b70-7fac81d0ad96,12,2026-07-12_21-47-03.jpg,2026-07-12_21-50-57.jpg,48,48,NEG,,,50,False,
31478fb5-76ca-4ec1-93b0-211ec3d4edb0,12,2026-07-12_21-51-02.jpg,2026-07-12_21-54-58.jpg,48,48,NEG,,,0,False,
79e53bb7-33e8-44a3-b7c6-69a82561d91c,12,2026-07-12_21-55-03.jpg,2026-07-12_21-58-58.jpg,48,48,NEG,,,50,False,
55ebc1ff-ed5c-4bcb-967c-729c401d6ba6,12,2026-07-12_21-59-03.jpg,2026-07-12_22-02-53.jpg,47,47,NEG,,,0,False,
dc7f588a-8cfa-4094-8356-07ec10a07f1e,12,2026-07-12_22-02-58.jpg,2026-07-12_22-06-43.jpg,46,46,NEG,,,0,False,
023d0391-aa4d-4159-91d8-82656d6e7371,12,2026-07-12_22-06-47.jpg,2026-07-12_22-10-23.jpg,44,44,NEG,,,55,False,
b3288b20-c699-4b2c-ad9c-7932b8088b97,12,2026-07-12_22-10-28.jpg,2026-07-12_22-13-53.jpg,42,42,NEG,,,50,False,
aa3e3b6e-81b7-4242-b963-c55aca49749a,12,2026-07-12_22-13-58.jpg,2026-07-12_22-17-33.jpg,44,44,NEG,,,50,False,
8e90ee83-a9b8-41c8-be36-0c5059efa6ab,12,2026-07-12_22-17-38.jpg,2026-07-12_22-21-18.jpg,45,45,NEG,,,50,False,
3938b2bc-5e6f-4540-93ed-6f3efcd5a6e6,12,2026-07-12_22-21-23.jpg,2026-07-12_22-24-57.jpg,44,44,NEG,,,50,False,
6ce140cb-1965-4df8-a12a-9f4c5cecb71e,12,2026-07-12_22-25-02.jpg,2026-07-12_22-28-23.jpg,41,41,REJ,e049cf13,2026-07-12 22:28:53.481778,90,True,Não conseguimos flagrar o ato do descarte.
76d94dec-abf6-41a4-9964-8f74895703bc,12,2026-07-12_22-28-28.jpg,2026-07-12_22-32-08.jpg,45,45,NEG,,,50,False,
597a203c-bcc6-4f82-a975-120e60439cf2,12,2026-07-12_22-32-12.jpg,2026-07-12_22-35-48.jpg,44,44,NEG,,,50,False,
d294b8a5-9f59-4e81-b5b3-6d06b51f4d8e,12,2026-07-12_22-35-53.jpg,2026-07-12_22-39-18.jpg,42,42,NEG,,,50,False,
eb641770-8ffd-49a3-b6b0-fca54a591f31,12,2026-07-12_22-39-23.jpg,2026-07-12_22-42-53.jpg,43,43,NEG,,,50,False,
4a998b0f-41cb-41c2-9b88-98c93e302b5a,12,2026-07-12_22-42-58.jpg,2026-07-12_22-46-47.jpg,47,47,NEG,,,0,False,
e59c6399-fb61-4102-87e2-b0748cb8c153,12,2026-07-12_22-46-53.jpg,2026-07-12_22-50-23.jpg,43,43,NEG,,,0,False,
d00cccd4-ca91-46b4-9625-3d3fe204accd,12,2026-07-12_22-50-28.jpg,2026-07-12_22-54-08.jpg,45,45,TRIG_NOLABEL,,,90,True,
3ce4a57f-c0be-4d3f-8d60-50d8d49686c7,12,2026-07-12_22-54-13.jpg,2026-07-12_22-57-57.jpg,46,46,NEG,,,50,False,
0f4b22f9-a0d2-4662-ba3b-1913ca143a65,12,2026-07-12_22-58-02.jpg,2026-07-12_23-01-38.jpg,44,44,NEG,,,60,False,
23e93c58-3b36-4892-a4b6-e4c4248d6d42,12,2026-07-12_23-01-43.jpg,2026-07-12_23-05-07.jpg,42,42,NEG,,,40,False,
7f363a42-3306-4109-96c9-fe8ae0d82ace,12,2026-07-12_23-05-12.jpg,2026-07-12_23-08-47.jpg,44,44,TRIG_NOLABEL,,,90,True,
073a4a5b-4c22-4baf-8d41-76d20563a2bc,12,2026-07-12_23-08-53.jpg,2026-07-12_23-12-28.jpg,44,44,NEG,,,0,False,
a11f4d56-ba92-481d-a4d2-ebb65c81a684,12,2026-07-12_23-12-33.jpg,2026-07-12_23-16-03.jpg,43,43,NEG,,,50,False,
656a3513-0117-462b-ba83-055f538fc467,12,2026-07-12_23-16-08.jpg,2026-07-12_23-19-37.jpg,43,43,NEG,,,0,False,
d63efa9b-a745-4325-a354-9cd3da993d25,12,2026-07-12_23-19-42.jpg,2026-07-12_23-23-12.jpg,43,43,NEG,,,50,False,
dc89eb69-a79a-440c-b341-51d3e9c9d060,12,2026-07-12_23-23-17.jpg,2026-07-12_23-27-02.jpg,46,46,NEG,,,30,False,
a24ec32f-3529-4cd8-8c41-3e22fed0ad1c,12,2026-07-12_23-27-07.jpg,2026-07-12_23-30-32.jpg,42,42,NEG,,,0,False,
5c7d2098-65be-4d98-94d7-0bd749896ddf,12,2026-07-12_23-30-37.jpg,2026-07-12_23-34-13.jpg,44,44,NEG,,,60,False,
36c96a6f-d1f9-438e-958b-b0690b77942a,12,2026-07-12_23-34-18.jpg,2026-07-12_23-37-42.jpg,42,42,NEG,,,50,False,
73b9249b-a1af-4d16-a6a0-95a0e80db943,12,2026-07-12_23-37-47.jpg,2026-07-12_23-41-22.jpg,44,44,NEG,,,50,False,
53fd90d5-22a9-48d0-9f61-b1e6d46af7a6,12,2026-07-12_23-41-27.jpg,2026-07-12_23-44-53.jpg,42,42,NEG,,,50,False,
b7df54ee-8142-4715-ab5a-3997c20573b5,12,2026-07-12_23-44-58.jpg,2026-07-12_23-48-32.jpg,44,44,NEG,,,50,False,
215e9ff8-744e-4fa1-842c-078d62bbd55a,12,2026-07-12_23-48-38.jpg,2026-07-12_23-52-02.jpg,42,42,NEG,,,50,False,
9bd58b64-3e6c-46c5-80c5-a2b0f61dbba0,12,2026-07-12_23-52-07.jpg,2026-07-12_23-55-38.jpg,43,43,NEG,,,0,False,
9f3f25f7-5c8a-4e5c-8e5e-1a930b0e7bb3,12,2026-07-12_23-55-42.jpg,2026-07-12_23-59-07.jpg,42,42,NEG,,,0,False,
602fc65b-b0df-4dc5-b1e5-08dd42fd7854,13,2026-07-12_23-59-12.jpg,2026-07-13_00-02-48.jpg,44,44,NEG,,,50,False,
7ad5a684-c4c9-435e-b5de-77240bf31d4f,13,2026-07-13_00-02-53.jpg,2026-07-13_00-06-17.jpg,42,42,NEG,,,0,False,
efbea86b-ef52-4144-b48c-2de14f842e85,13,2026-07-13_00-06-22.jpg,2026-07-13_00-09-52.jpg,43,43,NEG,,,50,False,
3bbdb245-6868-4c5d-9ce3-44dccbc2dcfa,13,2026-07-13_00-09-57.jpg,2026-07-13_00-13-27.jpg,43,43,NEG,,,0,False,
b2228608-0f17-411f-8f3b-344edde7749b,13,2026-07-13_00-13-32.jpg,2026-07-13_00-17-07.jpg,44,44,NEG,,,0,False,
a9f4a858-1164-4c2e-8b53-cf063333f1d2,13,2026-07-13_00-17-12.jpg,2026-07-13_00-20-37.jpg,42,42,NEG,,,0,False,
52677351-75ca-4941-917c-3feca1b72a72,13,2026-07-13_00-20-42.jpg,2026-07-13_00-24-17.jpg,44,44,NEG,,,50,False,
e9b9a56c-eca3-4e27-9d2e-761b58af919c,13,2026-07-13_00-24-22.jpg,2026-07-13_00-27-53.jpg,43,43,NEG,,,0,False,
0919aa58-6e04-46d1-839c-3e444bf5a8f1,13,2026-07-13_00-27-58.jpg,2026-07-13_00-31-32.jpg,44,44,TRIG_NOLABEL,,,90,True,
256c8328-d048-43a7-b0b4-35d3d10718d8,13,2026-07-13_00-31-37.jpg,2026-07-13_00-35-07.jpg,43,43,NEG,,,50,False,
0439757f-7a9a-4ab0-9b4a-adf55928207c,13,2026-07-13_00-35-12.jpg,2026-07-13_00-38-37.jpg,42,42,NEG,,,0,False,
803d1a4c-5614-4ec5-b32f-3a18a43c7a37,13,2026-07-13_00-38-42.jpg,2026-07-13_00-42-13.jpg,43,43,NEG,,,0,False,
82321503-c99c-4791-a092-4e0bf4b24a34,13,2026-07-13_00-42-18.jpg,2026-07-13_00-45-43.jpg,42,42,NEG,,,50,False,
9cfc7bef-7bf5-442e-91c4-b5368b0687af,13,2026-07-13_00-45-48.jpg,2026-07-13_00-49-22.jpg,44,44,NEG,,,50,False,
878e0d6c-ce82-48e4-8409-6437ec5d00d1,13,2026-07-13_00-49-27.jpg,2026-07-13_00-52-53.jpg,42,42,NEG,,,0,False,
7cce7cbc-9f58-4082-bc94-aca5db6bde28,13,2026-07-13_00-52-57.jpg,2026-07-13_00-56-32.jpg,44,44,NEG,,,0,False,
ca7529ad-aeaf-44bf-beae-c60f3f053ed8,13,2026-07-13_00-56-37.jpg,2026-07-13_01-00-03.jpg,42,42,NEG,,,0,False,
281ee755-eb3f-425a-8ab1-8cb54f194366,13,2026-07-13_01-00-07.jpg,2026-07-13_01-03-43.jpg,44,44,NEG,,,0,False,
692fb82a-d7c7-40ed-a2d8-3b4a679aa1a6,13,2026-07-13_01-03-48.jpg,2026-07-13_01-07-12.jpg,42,42,NEG,,,0,False,
69a03dce-4798-4957-9e18-811757f24d21,13,2026-07-13_01-07-18.jpg,2026-07-13_01-10-52.jpg,44,44,NEG,,,0,False,
2da71cf1-f231-47ae-8016-45a97307abfa,13,2026-07-13_01-10-57.jpg,2026-07-13_01-14-23.jpg,42,42,NEG,,,50,False,
12c043c1-f2e4-4378-b60b-6d0cb39d52c6,13,2026-07-13_01-14-28.jpg,2026-07-13_01-18-02.jpg,44,44,NEG,,,50,False,
64ca8536-4a64-4d7f-8466-5585464bbcc2,13,2026-07-13_01-18-07.jpg,2026-07-13_01-21-33.jpg,42,42,NEG,,,0,False,
794007d2-385e-4868-b14d-89d66721a934,13,2026-07-13_01-21-38.jpg,2026-07-13_01-25-17.jpg,45,45,NEG,,,0,False,
ae684623-85af-4155-a69c-bc6b2ee93173,13,2026-07-13_01-25-22.jpg,2026-07-13_01-28-47.jpg,42,42,NEG,,,0,False,
88986d5c-3a24-4ead-9ff1-19436af27027,13,2026-07-13_01-28-52.jpg,2026-07-13_01-30-37.jpg,22,22,NEG,,,50,False,
e4a2f20a-d664-4555-8296-aadd5ac55342,13,2026-07-13_01-30-42.jpg,2026-07-13_01-34-02.jpg,41,41,NEG,,,50,False,
a2125a8c-1fd8-409f-8f83-df2637265216,13,2026-07-13_01-34-08.jpg,2026-07-13_01-37-38.jpg,43,43,NEG,,,50,False,
8bae9143-726c-4beb-bd4c-85ea272e70e2,13,2026-07-13_01-37-43.jpg,2026-07-13_01-40-57.jpg,40,40,NEG,,,0,False,
60f07359-78ad-4d39-aea5-288ccd2d43c9,13,2026-07-13_01-41-03.jpg,2026-07-13_01-44-27.jpg,42,42,NEG,,,0,False,
e32be97f-e25a-4f1a-a344-b48028872804,13,2026-07-13_01-44-32.jpg,2026-07-13_01-47-47.jpg,40,40,NEG,,,0,False,
fe9d8b55-c631-4aa4-880f-23b812929b2e,13,2026-07-13_01-47-52.jpg,2026-07-13_01-51-17.jpg,42,42,NEG,,,50,False,
66a331e6-9920-450d-ae42-87dcc385fa11,13,2026-07-13_01-51-22.jpg,2026-07-13_01-54-37.jpg,40,40,NEG,,,50,False,
2097e4f3-2a91-4ca0-91ec-b15d5d04f112,13,2026-07-13_01-54-42.jpg,2026-07-13_01-58-07.jpg,42,42,NEG,,,50,False,
004b1e73-70b4-4d00-b25c-9fe935043a32,13,2026-07-13_01-58-12.jpg,2026-07-13_02-01-27.jpg,40,40,NEG,,,50,False,
eab06344-ffe2-4fad-a926-3bdf0106b47f,13,2026-07-13_02-01-32.jpg,2026-07-13_02-04-58.jpg,42,42,NEG,,,0,False,
fe3d8a36-7d8a-46a4-9cf0-ad3ca62ea5f2,13,2026-07-13_02-05-03.jpg,2026-07-13_02-08-17.jpg,40,40,NEG,,,0,False,
759bcb5b-6840-4c6c-bfbc-f25f2fcb321b,13,2026-07-13_02-08-22.jpg,2026-07-13_02-11-42.jpg,41,41,NEG,,,0,False,
89c64b30-4a2b-4c55-ad27-46cfd31a12b2,13,2026-07-13_02-11-47.jpg,2026-07-13_02-15-02.jpg,40,40,NEG,,,0,False,
d9175f85-6e7a-447b-bece-a101210358fd,13,2026-07-13_02-15-07.jpg,2026-07-13_02-18-33.jpg,42,42,NEG,,,50,False,
9fc5370e-b1ac-4822-ba6b-fda4b7eee488,13,2026-07-13_02-18-37.jpg,2026-07-13_02-21-52.jpg,40,40,NEG,,,0,False,
f23c6b18-98d0-4215-91f2-77bb6805b352,13,2026-07-13_02-21-57.jpg,2026-07-13_02-25-22.jpg,42,42,NEG,,,50,False,
fe3e5222-4b28-406b-9d42-53ad04a7d57b,13,2026-07-13_02-25-27.jpg,2026-07-13_02-28-42.jpg,40,40,NEG,,,0,False,
7ce14354-419d-49cb-ab6d-89a6e7d691e5,13,2026-07-13_02-28-47.jpg,2026-07-13_02-32-12.jpg,42,42,NEG,,,0,False,
ae731f0c-b111-4454-a789-38e2ede15a46,13,2026-07-13_02-32-17.jpg,2026-07-13_02-35-32.jpg,40,40,NEG,,,50,False,
6a8b94c6-a7eb-41b1-9493-f916057edb69,13,2026-07-13_02-35-37.jpg,2026-07-13_02-39-02.jpg,42,42,NEG,,,0,False,
b1acbcd6-4135-4e39-954f-3196f5c5cfce,13,2026-07-13_02-39-07.jpg,2026-07-13_02-42-22.jpg,40,40,NEG,,,55,False,
73b35d1e-8644-483b-8c51-fe57ee24603b,13,2026-07-13_02-42-27.jpg,2026-07-13_02-45-52.jpg,42,42,NEG,,,0,False,
cb9e0830-10e7-4ce7-bec5-79772db8bf5c,13,2026-07-13_02-45-57.jpg,2026-07-13_02-49-12.jpg,40,40,NEG,,,0,False,
ff8b78b8-6190-4af4-b620-52f2b187da1a,13,2026-07-13_02-49-18.jpg,2026-07-13_02-52-42.jpg,42,42,NEG,,,0,False,
7fbc931f-6727-42ee-bd47-18a6d69cb39c,13,2026-07-13_02-52-47.jpg,2026-07-13_02-56-02.jpg,40,40,NEG,,,0,False,
2f627ed7-a6e6-4604-b6ab-ade49594b72e,13,2026-07-13_02-56-08.jpg,2026-07-13_02-59-27.jpg,41,41,NEG,,,60,False,
b0cfb3eb-66a4-4f8d-8ac9-a71b7ed5ed6b,13,2026-07-13_02-59-32.jpg,2026-07-13_03-02-47.jpg,40,40,NEG,,,0,False,
02cc1007-66e3-403a-b9d3-4e342aa9d8c4,13,2026-07-13_03-02-53.jpg,2026-07-13_03-06-47.jpg,48,48,NEG,,,0,False,
7526f929-56be-413f-8e8c-fa259fc5e3d6,13,2026-07-13_03-06-52.jpg,2026-07-13_03-10-47.jpg,48,48,NEG,,,0,False,
88d300a7-244a-443c-9c12-3df3abdd126b,13,2026-07-13_03-10-52.jpg,2026-07-13_03-14-47.jpg,48,48,NEG,,,0,False,
e73fdfd5-26fa-4316-8d5e-a6901f29e2f1,13,2026-07-13_03-14-52.jpg,2026-07-13_03-18-48.jpg,48,48,NEG,,,0,False,
40ef9844-3db1-40e1-b3f8-d60cc779a041,13,2026-07-13_03-18-52.jpg,2026-07-13_03-22-47.jpg,48,48,NEG,,,0,False,
9a7b919b-9228-4f8e-bc04-1d4be90fca26,13,2026-07-13_03-22-52.jpg,2026-07-13_03-26-47.jpg,48,48,NEG,,,0,False,
76e7d0e6-8478-4c09-aa4e-570dd77d9d00,13,2026-07-13_03-26-52.jpg,2026-07-13_03-28-42.jpg,23,23,NEG,,,0,False,
70d7e073-eb58-4ca4-b771-5cb7df811b0e,13,2026-07-13_03-28-47.jpg,2026-07-13_03-32-42.jpg,48,48,NEG,,,0,False,
d0246073-3435-467a-b877-46f07b47c601,13,2026-07-13_03-32-47.jpg,2026-07-13_03-34-22.jpg,20,20,NEG,,,0,False,
07fecd49-0a49-4ffd-bcdc-562d952afda7,13,2026-07-13_03-34-27.jpg,2026-07-13_03-38-02.jpg,44,44,NEG,,,30,False,
abc67dc4-a96d-49ac-a091-027d480257cc,13,2026-07-13_03-38-07.jpg,2026-07-13_03-41-27.jpg,41,41,NEG,,,0,False,
b732a216-67a1-44af-9166-4f3a1545c037,13,2026-07-13_03-41-33.jpg,2026-07-13_03-44-47.jpg,40,40,NEG,,,30,False,
7030e4a7-67cc-46da-9b70-ccf6e5a2765b,13,2026-07-13_03-44-52.jpg,2026-07-13_03-48-17.jpg,42,42,NEG,,,50,False,
7d00abe7-e47c-4d94-87bf-279cfc7bb6b0,13,2026-07-13_03-48-22.jpg,2026-07-13_03-51-32.jpg,39,39,NEG,,,55,False,
84ebcc30-bd09-450f-8f5e-074f6c764481,13,2026-07-13_03-51-37.jpg,2026-07-13_03-55-02.jpg,42,42,NEG,,,0,False,
2392dd7c-a6ac-46cf-a399-06d4dbaa9cf7,13,2026-07-13_03-55-07.jpg,2026-07-13_03-58-22.jpg,40,40,NEG,,,0,False,
c73100cc-ed1e-4866-9f0e-7e5a95ecd9a3,13,2026-07-13_03-58-27.jpg,2026-07-13_04-01-47.jpg,41,41,NEG,,,60,False,
354da050-c753-4162-9e5d-85710d2cfc2b,13,2026-07-13_04-01-52.jpg,2026-07-13_04-05-07.jpg,40,40,NEG,,,0,False,
ec010648-083f-4f7f-b764-0409ac3cf7bc,13,2026-07-13_04-05-12.jpg,2026-07-13_04-08-37.jpg,42,42,NEG,,,50,False,
7d9f1f58-36a4-47df-aecb-c0132f7184e1,13,2026-07-13_04-08-42.jpg,2026-07-13_04-11-57.jpg,40,40,NEG,,,0,False,
f935f22a-0971-4245-9788-399afd56ece0,13,2026-07-13_04-12-02.jpg,2026-07-13_04-15-27.jpg,42,42,NEG,,,0,False,
090ae2ca-b460-4ade-b45d-320cfc86715c,13,2026-07-13_04-15-32.jpg,2026-07-13_04-18-57.jpg,42,42,NEG,,,50,False,
b2d53ccc-03cb-4b80-890c-a0dc6e9cfd4c,13,2026-07-13_04-19-02.jpg,2026-07-13_04-22-27.jpg,42,42,NEG,,,50,False,
22643c4c-de91-4586-8599-3a0a4258cd04,13,2026-07-13_04-22-32.jpg,2026-07-13_04-25-47.jpg,40,40,TRIG_NOLABEL,,,90,True,
bcb45374-4628-4768-93aa-8f8145c1ebd7,13,2026-07-13_04-25-52.jpg,2026-07-13_04-29-22.jpg,43,43,TRIG_NOLABEL,,,90,True,
dcb74cbf-e194-499a-85e0-0e9af31732b3,13,2026-07-13_04-29-27.jpg,2026-07-13_04-32-47.jpg,41,41,NEG,,,0,False,
74d466d1-ad01-4d64-acfc-2e6e34d05d66,13,2026-07-13_04-32-52.jpg,2026-07-13_04-36-37.jpg,46,46,NEG,,,60,False,
caf1d409-8d4c-4802-9981-8d797151218a,13,2026-07-13_04-36-42.jpg,2026-07-13_04-40-02.jpg,41,41,NEG,,,0,False,
6a70da61-0ba2-4277-8667-c37107fa56ac,13,2026-07-13_04-40-07.jpg,2026-07-13_04-43-27.jpg,41,41,NEG,,,50,False,
bad4527c-8acc-4eec-873d-37c85bbc6a12,13,2026-07-13_04-43-32.jpg,2026-07-13_04-46-47.jpg,40,40,NEG,,,0,False,
b9deadd8-1c51-49d7-aa92-386f78845a8e,13,2026-07-13_04-46-52.jpg,2026-07-13_04-50-32.jpg,45,45,NEG,,,50,False,
6ed4c378-f357-49d8-92df-4f55383e8af4,13,2026-07-13_04-50-37.jpg,2026-07-13_04-53-52.jpg,40,40,NEG,,,0,False,
c92560ed-dc60-4e9c-ade6-b1f267648291,13,2026-07-13_04-53-57.jpg,2026-07-13_04-57-22.jpg,42,42,NEG,,,0,False,
a14657e9-184f-4394-b84a-de5b5c5ea25f,13,2026-07-13_04-57-27.jpg,2026-07-13_05-01-02.jpg,44,44,NEG,,,50,False,
59341cca-399d-4ffa-b450-40c43a8cea40,13,2026-07-13_05-01-07.jpg,2026-07-13_05-04-47.jpg,45,45,REJ,7c04128b,2026-07-13 05:05:17.683942,90,True,Sem descartes.
9d9d724f-f2b9-4383-ac41-fe44a758a0b6,13,2026-07-13_05-04-52.jpg,2026-07-13_05-08-42.jpg,47,47,NEG,,,30,False,
ef2dde23-2fd3-489a-a028-deab25e2eaea,13,2026-07-13_05-08-47.jpg,2026-07-13_05-12-22.jpg,44,44,NEG,,,0,False,
84f9272d-c763-4cb7-86ff-60d176e9a055,13,2026-07-13_05-12-27.jpg,2026-07-13_05-16-22.jpg,48,48,NEG,,,50,False,
7a29158f-e43b-4c57-b9a4-31de69681698,13,2026-07-13_05-16-27.jpg,2026-07-13_05-20-17.jpg,47,47,NEG,,,50,False,
81abaafd-18d8-464e-89ae-4356f278fcbe,13,2026-07-13_05-20-22.jpg,2026-07-13_05-24-18.jpg,48,48,NEG,,,50,False,
97ec5e73-2282-4c3b-bce7-1dd0b80463fd,13,2026-07-13_05-24-23.jpg,2026-07-13_05-28-13.jpg,47,47,NEG,,,50,False,
e2f8e6cf-b784-4f96-9fb3-4d3320bd6a30,13,2026-07-13_05-28-18.jpg,2026-07-13_05-31-53.jpg,44,44,NEG,,,0,False,
c75f9c34-dc4e-4f74-a85d-d76a68f8089a,13,2026-07-13_05-31-58.jpg,2026-07-13_05-35-53.jpg,48,48,NEG,,,60,False,
794fb25d-f790-419b-afee-b8fe011ed3d4,13,2026-07-13_05-35-58.jpg,2026-07-13_05-39-48.jpg,47,47,NEG,,,50,False,
2cf54203-d328-44fe-a06a-ff84cf99c4d3,13,2026-07-13_05-39-53.jpg,2026-07-13_05-43-23.jpg,43,43,NEG,,,50,False,
91d8d6d4-eebf-4a88-a43b-dd29a6ed1cae,13,2026-07-13_05-43-28.jpg,2026-07-13_05-46-58.jpg,43,43,NEG,,,0,False,
65719184-76cb-4c22-b562-fabd606d610d,13,2026-07-13_05-47-03.jpg,2026-07-13_05-50-33.jpg,43,43,NEG,,,0,False,
b49f593d-4a1c-4a4c-9d86-d88e181fccc8,13,2026-07-13_05-50-38.jpg,2026-07-13_05-54-33.jpg,48,48,NEG,,,40,False,
ca1187a1-7bab-43f4-a14f-c7ba7be9e163,13,2026-07-13_05-54-38.jpg,2026-07-13_05-58-18.jpg,45,45,NEG,,,0,False,
dba562b7-29ca-49c4-889d-9d7e8c3a3df6,13,2026-07-13_05-58-23.jpg,2026-07-13_06-01-58.jpg,44,44,NEG,,,30,False,
93572a73-9913-4b7f-a633-74b82b36f593,13,2026-07-13_06-02-03.jpg,2026-07-13_06-05-28.jpg,42,42,NEG,,,50,False,
9595c6c7-b116-4334-8bae-d974cce56bda,13,2026-07-13_06-05-33.jpg,2026-07-13_06-09-23.jpg,47,47,NEG,,,0,False,
088460a0-b7d8-4985-9920-df77968415ee,13,2026-07-13_06-09-28.jpg,2026-07-13_06-13-18.jpg,47,47,NEG,,,0,False,
e038ae14-027d-47a1-81ee-89c1ac619252,13,2026-07-13_06-13-23.jpg,2026-07-13_06-17-13.jpg,47,47,NEG,,,0,False,
56f33a82-e426-4fb0-9072-c41f3da6304f,13,2026-07-13_06-17-18.jpg,2026-07-13_06-20-48.jpg,43,43,REJ,70e28422,2026-07-13 06:21:18.546834,90,True,Não conseguimos flagrar o momento do descarte.
aa9b4bec-6020-41d2-81ef-f9e5525308d3,13,2026-07-13_06-20-53.jpg,2026-07-13_06-24-48.jpg,48,48,NEG,,,0,False,
692bbf8b-3084-4f5f-bf7c-914e4ede3b0d,13,2026-07-13_06-24-53.jpg,2026-07-13_06-28-48.jpg,48,48,NEG,,,0,False,
7c23bce5-3aa0-4404-a1c2-d65db41cecfc,13,2026-07-13_06-28-53.jpg,2026-07-13_06-32-38.jpg,46,46,NEG,,,50,False,
be43c89e-63d1-4582-a024-599dc2b509f3,13,2026-07-13_06-32-43.jpg,2026-07-13_06-36-18.jpg,44,44,NEG,,,0,False,
180b48d3-16f7-4011-afca-aeac73ba4444,13,2026-07-13_06-36-23.jpg,2026-07-13_06-39-48.jpg,42,42,NEG,,,0,False,
0d06e3d2-fd52-4e22-adcc-c1fee2280f61,13,2026-07-13_06-39-53.jpg,2026-07-13_06-43-48.jpg,48,48,NEG,,,50,False,
12dfa19a-1ced-4518-a51b-f8af0cc6b252,13,2026-07-13_06-43-53.jpg,2026-07-13_06-47-33.jpg,45,45,NEG,,,50,False,
65064750-9df8-49d4-8165-3f8b5b518d38,13,2026-07-13_06-47-38.jpg,2026-07-13_06-51-13.jpg,44,44,NEG,,,50,False,
a5dc0d35-a727-42d1-9185-9dc2a6681ca8,13,2026-07-13_06-51-18.jpg,2026-07-13_06-55-13.jpg,48,48,NEG,,,50,False,
3c126847-b833-4b0a-b695-8fe9bb7af452,13,2026-07-13_06-55-18.jpg,2026-07-13_06-59-13.jpg,48,48,NEG,,,50,False,
010ca3f1-d1aa-4686-8087-1185f946f399,13,2026-07-13_06-59-18.jpg,2026-07-13_07-02-48.jpg,43,43,TRIG_NOLABEL,,,90,True,
2290367d-81bf-4470-bcde-e7f5ad85c889,13,2026-07-13_07-02-53.jpg,2026-07-13_07-06-48.jpg,48,48,TRIG_NOLABEL,,,90,True,
1bf35285-c27c-44d3-af3e-f157c3fed65b,13,2026-07-13_07-06-53.jpg,2026-07-13_07-10-48.jpg,48,48,NEG,,,60,False,
5422eb8a-b34a-4a4f-b678-9e2d9fada49f,13,2026-07-13_07-10-53.jpg,2026-07-13_07-14-48.jpg,48,48,NEG,,,60,False,
3e8a3f0e-c9cc-4794-b9d3-5c6261aadd6b,13,2026-07-13_07-14-53.jpg,2026-07-13_07-18-28.jpg,44,44,NEG,,,0,False,
cc1ffaaf-37a2-4e82-9dc7-334bc8395310,13,2026-07-13_07-18-33.jpg,2026-07-13_07-22-21.jpg,46,46,NEG,,,50,False,
9dd2a54d-df2e-4f77-8dea-12b5b3f376c9,13,2026-07-13_07-22-26.jpg,2026-07-13_07-25-53.jpg,43,43,NEG,,,50,False,
487c0d82-a90e-41fa-9aff-cc01e295b9fc,13,2026-07-13_07-25-58.jpg,2026-07-13_07-29-33.jpg,44,44,REJ,1b59e961,2026-07-13 07:30:03.194995,90,True,Sem descarte.
68de03ce-a7ec-4df2-871c-9407d47d3008,13,2026-07-13_07-29-38.jpg,2026-07-13_07-33-34.jpg,48,48,NEG,,,0,False,
e1b1d34c-973d-4091-b8bd-235d64751e3b,13,2026-07-13_07-33-38.jpg,2026-07-13_07-37-33.jpg,48,48,NEG,,,50,False,
643ef824-462d-495a-acc5-83d2ff56b347,13,2026-07-13_07-37-38.jpg,2026-07-13_07-41-24.jpg,46,46,NEG,,,50,False,
ab5b11a7-3d26-49c7-abd5-da5e774ed2d0,13,2026-07-13_07-41-28.jpg,2026-07-13_07-45-08.jpg,45,45,NEG,,,0,False,
aa48f7b9-3d34-4ab0-98a7-f2e727b95676,13,2026-07-13_07-45-13.jpg,2026-07-13_07-49-08.jpg,48,48,NEG,,,0,False,
da3db4dc-c181-4462-98f2-050736bfabb7,13,2026-07-13_07-49-13.jpg,2026-07-13_07-53-08.jpg,48,48,NEG,,,50,False,
ba70f8a6-d5e9-42cd-ac51-4cd064be5863,13,2026-07-13_07-53-13.jpg,2026-07-13_07-57-08.jpg,48,48,TRIG_NOLABEL,,,90,True,
43a6a90e-4452-4fdb-9005-292299b7fa95,13,2026-07-13_07-57-13.jpg,2026-07-13_08-00-53.jpg,45,45,TRIG_NOLABEL,,,90,True,
8827ddc5-79e5-4156-9e5d-fe29c7a60946,13,2026-07-13_08-00-58.jpg,2026-07-13_08-04-38.jpg,45,45,NEG,,,50,False,
173f9e6e-c387-4bd8-b0a0-11416ac0ff84,13,2026-07-13_08-04-43.jpg,2026-07-13_08-08-33.jpg,47,47,REJ,bb89cff0,2026-07-13 08:09:11.151723,90,True,Presença da limpeza urbana.
9e1b919e-528c-4fe2-b7eb-f988cb848e20,13,2026-07-13_08-08-38.jpg,2026-07-13_08-12-28.jpg,47,47,NEG,,,0,False,
bed0c0ea-c5ca-48fb-a1c5-fc7ba50e0a46,13,2026-07-13_08-12-34.jpg,2026-07-13_08-16-28.jpg,48,48,TRIG_NOLABEL,,,85,True,
90476a79-3414-4f2b-9e78-c588d5c52d75,13,2026-07-13_08-16-33.jpg,2026-07-13_08-20-14.jpg,45,45,TRIG_NOLABEL,,,90,True,
ac5b9673-6c55-4d47-8975-153ee09d41d4,13,2026-07-13_08-20-18.jpg,2026-07-13_08-24-13.jpg,48,48,NEG,,,0,False,
55b0e60d-72da-47d8-8a9b-d8ec241ad0a4,13,2026-07-13_08-24-18.jpg,2026-07-13_08-28-17.jpg,48,48,NEG,,,0,False,
91c79759-48e5-466c-8f77-6f6796769648,13,2026-07-13_08-28-24.jpg,2026-07-13_08-32-14.jpg,48,48,TRIG_NOLABEL,,,85,True,
ed38ecf5-440c-4582-9b68-94a61a36a730,13,2026-07-13_08-32-18.jpg,2026-07-13_08-36-14.jpg,48,48,NEG,,,0,False,
174586a8-f5cc-4c24-b6f0-070fe96d8a5d,13,2026-07-13_08-36-18.jpg,2026-07-13_08-40-14.jpg,48,48,NEG,,,50,False,
b41398c8-1080-4785-a489-ee714cc6e7d3,13,2026-07-13_08-40-19.jpg,2026-07-13_08-44-13.jpg,48,48,NEG,,,50,False,
1329f53b-9eb6-413b-b851-892f73779c60,13,2026-07-13_08-44-19.jpg,2026-07-13_08-48-14.jpg,48,48,NEG,,,0,False,
69bc4fae-7472-48cf-9cb5-7ac457913d7d,13,2026-07-13_08-48-19.jpg,2026-07-13_08-52-09.jpg,47,47,NEG,,,0,False,
9b69a321-6a2c-45cb-8f30-e62eed520073,13,2026-07-13_08-52-13.jpg,2026-07-13_08-55-44.jpg,43,43,NEG,,,0,False,
ad4f0e9d-74c3-45ca-8d73-61693c3ac628,13,2026-07-13_08-55-48.jpg,2026-07-13_08-59-34.jpg,42,42,NEG,,,0,False,
b22e623d-7387-43a5-bec1-42d9a959ab11,13,2026-07-13_08-59-39.jpg,2026-07-13_09-03-33.jpg,48,48,NEG,,,50,False,
366b0632-beb1-4022-8990-c2e4381cd086,13,2026-07-13_09-03-38.jpg,2026-07-13_09-07-34.jpg,48,48,NEG,,,50,False,
7d812f62-f0f8-451c-a94b-a02ef581c1ac,13,2026-07-13_09-07-39.jpg,2026-07-13_09-11-29.jpg,47,47,NEG,,,0,False,
48412f91-e956-4a81-a358-32a0ff9f9a98,13,2026-07-13_09-11-34.jpg,2026-07-13_09-15-29.jpg,48,48,NEG,,,50,False,
fddcdb26-71ac-4097-8571-636009ee675d,13,2026-07-13_09-15-35.jpg,2026-07-13_09-19-14.jpg,45,45,NEG,,,50,False,
d256954f-94e9-4fff-9847-6e596894bc95,13,2026-07-13_09-19-19.jpg,2026-07-13_09-22-54.jpg,44,44,NEG,,,50,False,
28563a74-5629-42f8-b8b0-929ddc4f2171,13,2026-07-13_09-22-58.jpg,2026-07-13_09-26-53.jpg,48,48,REJ,4d621905,2026-07-13 09:27:32.564721,90,True,Sem descarte.
158675ad-99fc-4655-afc8-9dc8e327f2a1,13,2026-07-13_09-26-58.jpg,2026-07-13_09-30-53.jpg,48,48,REJ,4d621905,2026-07-13 09:27:32.564721,90,True,Sem descarte.
0b0d0f3d-1898-4b67-a0a4-383989948dfa,13,2026-07-13_09-30-59.jpg,2026-07-13_09-34-54.jpg,48,48,NEG,,,50,False,
dc6b5aca-9f45-41da-9e6f-0fb82f8fed1d,13,2026-07-13_09-34-59.jpg,2026-07-13_09-38-49.jpg,47,47,REJ,cfb440cd,2026-07-13 09:39:24.260751,90,True,Sem descarte.
4a336947-5e10-49cb-938a-2882823295f1,13,2026-07-13_09-38-54.jpg,2026-07-13_09-42-48.jpg,48,48,TRIG_NOLABEL,,,90,True,
e2d7ce1c-74c0-4379-9c31-72e9d27a0edb,13,2026-07-13_09-42-54.jpg,2026-07-13_09-46-49.jpg,48,48,REJ,cfb440cd,2026-07-13 09:39:24.260751,90,True,Sem descarte.
7146f594-1cb6-4a97-acc0-c3ac9473c7d8,13,2026-07-13_09-46-53.jpg,2026-07-13_09-50-49.jpg,48,48,NEG,,,50,False,
8a97089b-716f-4bfb-8b7f-265ca00705c3,13,2026-07-13_09-50-54.jpg,2026-07-13_09-54-49.jpg,48,48,NEG,,,50,False,
4d01ce5e-f1f2-47f0-b60c-e17ae4ad1f7e,13,2026-07-13_09-54-54.jpg,2026-07-13_09-58-49.jpg,48,48,NEG,,,60,False,
3b17260a-563b-4f36-9ae5-849727b9d549,13,2026-07-13_09-58-53.jpg,2026-07-13_10-02-49.jpg,48,48,NEG,,,30,False,
39ceff1a-a6d5-4c12-a0d4-6aa7a0f96057,13,2026-07-13_10-02-53.jpg,2026-07-13_10-06-49.jpg,48,48,NEG,,,50,False,
1aa7b12f-70c4-4c96-967f-7b2821061e20,13,2026-07-13_10-06-54.jpg,2026-07-13_10-10-49.jpg,48,48,NEG,,,50,False,
952510e8-c59a-459c-a2d8-62fb2ac170e5,13,2026-07-13_10-10-53.jpg,2026-07-13_10-14-38.jpg,46,46,NEG,,,0,False,
eb41c381-da66-4e50-8530-9ace9dc8aded,13,2026-07-13_10-14-43.jpg,2026-07-13_10-18-18.jpg,44,44,NEG,,,50,False,
63d6a77a-5ebc-4f9b-b1c5-067de391c13a,13,2026-07-13_10-18-23.jpg,2026-07-13_10-21-53.jpg,43,43,NEG,,,0,False,
20b1da35-6750-462e-9c29-209d45e73796,13,2026-07-13_10-21-58.jpg,2026-07-13_10-25-54.jpg,48,48,NEG,,,0,False,
98916dd1-062e-48e7-af19-5481e9d5fc9e,13,2026-07-13_10-26-00.jpg,2026-07-13_10-29-29.jpg,43,43,NEG,,,60,False,
0b547bdd-1352-478c-b6e7-d4b269e907ea,13,2026-07-13_10-29-33.jpg,2026-07-13_10-33-23.jpg,47,47,NEG,,,50,False,
683a6730-8cf4-41d2-b9e4-dfcecb8a4ed1,13,2026-07-13_10-33-29.jpg,2026-07-13_10-36-54.jpg,42,42,TRIG_NOLABEL,,,90,True,
7c1ba561-d5cf-45c0-967c-01f3d584afa3,13,2026-07-13_10-36-58.jpg,2026-07-13_10-40-44.jpg,46,46,INDETERMINADO,0aec716d,2026-07-13 10:41:10.67018,85,True,Não conseguimos identificar se houve ou não o descarte.
1f9aa7e7-2d54-49fe-b88b-2e4eedd51cf1,13,2026-07-13_10-40-49.jpg,2026-07-13_10-44-44.jpg,48,48,NEG,,,50,False,
090fe124-494b-4a02-818b-954341d9243f,13,2026-07-13_10-44-49.jpg,2026-07-13_10-48-39.jpg,47,47,NEG,,,50,False,
248a4550-63cd-449e-92bd-be5f1624eead,13,2026-07-13_10-48-44.jpg,2026-07-13_10-52-14.jpg,43,43,NEG,,,50,False,
40472ddd-8517-40a9-91b7-c3cee2aca364,13,2026-07-13_10-52-19.jpg,2026-07-13_10-56-09.jpg,47,47,NEG,,,0,False,
a73582be-6a79-4232-80a0-8bdbea336c3d,13,2026-07-13_10-56-13.jpg,2026-07-13_10-59-49.jpg,44,44,NEG,,,50,False,
e75fe23a-794f-404a-b34a-e242b388e335,13,2026-07-13_10-59-54.jpg,2026-07-13_11-03-29.jpg,44,44,NEG,,,30,False,
776a8bd6-5f92-4a27-9669-c89919656dea,13,2026-07-13_11-03-34.jpg,2026-07-13_11-07-03.jpg,43,43,INDETERMINADO,1cf4672c,2026-07-13 11:07:34.008957,90,True,Não conseguimos identificar se de fato houve o descarte.
d39ad45b-ee3f-4181-9302-80eb990e0634,13,2026-07-13_11-07-08.jpg,2026-07-13_11-11-04.jpg,48,48,NEG,,,0,False,
ac49e24f-0b15-45c7-bf88-2124f2774bee,13,2026-07-13_11-11-09.jpg,2026-07-13_11-14-59.jpg,47,47,NEG,,,0,False,
62ee1f90-8f5f-4f44-9c85-e3c977d7904b,13,2026-07-13_11-15-04.jpg,2026-07-13_11-18-34.jpg,43,43,NEG,,,60,False,
024cd08e-9f7c-4e1c-adb5-35fb49c59e0c,13,2026-07-13_11-18-39.jpg,2026-07-13_11-22-29.jpg,47,47,NEG,,,50,False,
0afd4046-1abb-4b0b-9bdc-7a0529043e90,13,2026-07-13_11-22-34.jpg,2026-07-13_11-26-03.jpg,43,43,NEG,,,0,False,
59e2e996-36e6-469e-8148-24c0bf05cbd2,13,2026-07-13_11-26-08.jpg,2026-07-13_11-29-44.jpg,44,44,NEG,,,50,False,
7de4fd6e-71b1-416a-9037-57f26b738a52,13,2026-07-13_11-29-49.jpg,2026-07-13_11-33-19.jpg,43,43,NEG,,,30,False,
fc2e641c-44b7-468b-bbf3-1c1ecdc07bb0,13,2026-07-13_11-33-24.jpg,2026-07-13_11-37-19.jpg,48,48,NEG,,,0,False,
571766ce-4cd1-4831-99d5-924b54f40931,13,2026-07-13_11-37-24.jpg,2026-07-13_11-41-03.jpg,45,45,REJ,a00c9963,2026-07-13 11:41:33.796718,85,True,Sem descarte.
0afaaed5-d1c3-4038-a374-ae200757a4b3,13,2026-07-13_11-41-08.jpg,2026-07-13_11-45-04.jpg,48,48,NEG,,,30,False,
f8895d58-ba7b-4db9-b3d1-f844ed06def2,13,2026-07-13_11-45-09.jpg,2026-07-13_11-48-49.jpg,45,45,NEG,,,0,False,
1374abd3-74d4-46a6-9645-2a3fdf242be4,13,2026-07-13_11-48-54.jpg,2026-07-13_11-52-49.jpg,48,48,NEG,,,50,False,
a52f0106-6efe-4eb6-8afa-6b5fc21fd4ff,13,2026-07-13_11-52-53.jpg,2026-07-13_11-56-49.jpg,48,48,NEG,,,50,False,
defca03c-b065-4c59-b2c4-5f8e55b6359f,13,2026-07-13_11-56-54.jpg,2026-07-13_12-00-49.jpg,48,48,NEG,,,50,False,
3136774b-30e6-4859-a89b-24471d2af2b9,13,2026-07-13_12-00-54.jpg,2026-07-13_12-04-48.jpg,48,48,NEG,,,0,False,
a05716e7-85f8-48eb-9ae5-7c4dfe9ba718,13,2026-07-13_12-04-53.jpg,2026-07-13_12-08-49.jpg,48,48,NEG,,,50,False,
b366805f-1629-47b1-b489-f3898e5bea51,13,2026-07-13_12-08-53.jpg,2026-07-13_12-12-48.jpg,48,48,NEG,,,50,False,
ea03b6b4-7c00-4218-b01f-de96338d4f51,13,2026-07-13_12-12-53.jpg,2026-07-13_12-16-49.jpg,48,48,NEG,,,0,False,
cedf48bc-8dad-4766-baa5-0e945b45cb85,13,2026-07-13_12-16-54.jpg,2026-07-13_12-20-44.jpg,47,47,NEG,,,50,False,
ed6df2ca-a0ce-4abd-979f-5f9884fb987e,13,2026-07-13_12-20-49.jpg,2026-07-13_12-24-24.jpg,44,44,NEG,,,0,False,
11ae7cfc-ceec-4cfa-a7a9-8dce030a968f,13,2026-07-13_12-24-29.jpg,2026-07-13_12-28-24.jpg,48,48,NEG,,,50,False,
c9537227-718a-4f32-b292-78522543a215,13,2026-07-13_12-28-28.jpg,2026-07-13_12-32-24.jpg,48,48,NEG,,,50,False,
c3189809-bb59-48cc-83d0-94257dbfc64b,13,2026-07-13_12-32-29.jpg,2026-07-13_12-36-24.jpg,48,48,NEG,,,0,False,
7d5c11de-d037-4644-9361-1f71a9fb3dae,13,2026-07-13_12-36-29.jpg,2026-07-13_12-40-24.jpg,48,48,NEG,,,50,False,
f07a1c91-dd88-4439-bf50-a4b591607baf,13,2026-07-13_12-40-28.jpg,2026-07-13_12-44-14.jpg,46,46,TRIG_NOLABEL,,,90,True,
bf73860f-31ef-4ecb-be19-3795355f1c0c,13,2026-07-13_12-44-19.jpg,2026-07-13_12-48-14.jpg,48,48,NEG,,,50,False,
7e4aad7f-6038-4497-9f5f-3c8e7c4da30e,13,2026-07-13_12-48-19.jpg,2026-07-13_12-51-59.jpg,45,45,NEG,,,30,False,
68b0bdaf-1201-4a79-8bf4-9512ce3fe888,13,2026-07-13_12-52-03.jpg,2026-07-13_12-55-39.jpg,44,44,NEG,,,50,False,
e737dfdf-9cdf-44c3-a89d-c67ad824e662,13,2026-07-13_12-55-43.jpg,2026-07-13_12-59-33.jpg,47,47,NEG,,,50,False,
8bda1387-7f15-4c72-8c8e-6f457636c7e4,13,2026-07-13_12-59-38.jpg,2026-07-13_13-03-18.jpg,45,45,TRIG_NOLABEL,,,90,True,
6b4e92d6-34d7-444b-b392-00bc7cd5ff84,13,2026-07-13_13-03-24.jpg,2026-07-13_13-07-14.jpg,47,47,NEG,,,50,False,
403cec9e-fcd7-49e6-be9b-a95169329121,13,2026-07-13_13-07-18.jpg,2026-07-13_13-10-59.jpg,45,45,NEG,,,50,False,
435f306e-ec56-4ac7-a43c-0920f2761fc4,13,2026-07-13_13-11-04.jpg,2026-07-13_13-14-58.jpg,48,48,NEG,,,0,False,
171f9fa5-2c08-482c-bcfd-28a0233df4e2,13,2026-07-13_13-15-03.jpg,2026-07-13_13-18-34.jpg,43,43,NEG,,,0,False,
791bd9b8-abe3-46f8-b325-93b8decd801b,13,2026-07-13_13-18-39.jpg,2026-07-13_13-22-34.jpg,48,48,NEG,,,30,False,
c3a13217-2918-4171-a0ff-83f510efeeb4,13,2026-07-13_13-22-39.jpg,2026-07-13_13-26-35.jpg,48,48,NEG,,,30,False,
4a575e0b-6548-4478-9f6a-ae3e0403173a,13,2026-07-13_13-26-40.jpg,2026-07-13_13-30-34.jpg,48,48,NEG,,,50,False,
aaddca21-dd42-4e8c-9fc1-b270eb9271e2,13,2026-07-13_13-30-38.jpg,2026-07-13_13-34-34.jpg,48,48,NEG,,,50,False,
34d310ae-79bf-4626-9ece-5f4e3aa7a142,13,2026-07-13_13-34-39.jpg,2026-07-13_13-38-33.jpg,48,48,NEG,,,50,False,
314b2b21-084d-4656-9ac5-64601d292e12,13,2026-07-13_13-38-38.jpg,2026-07-13_13-42-14.jpg,44,44,NEG,,,50,False,
f849d778-45e3-412d-9317-84aafd3d14ae,13,2026-07-13_13-42-19.jpg,2026-07-13_13-46-13.jpg,48,48,NEG,,,50,False,
0d5718cc-c845-49ed-970a-f17dfa31fddf,13,2026-07-13_13-46-19.jpg,2026-07-13_13-50-08.jpg,47,47,TRIG_NOLABEL,,,90,True,
f2def963-56e6-4547-927b-06bd54819214,13,2026-07-13_13-50-14.jpg,2026-07-13_13-53-49.jpg,44,44,NEG,,,0,False,
8c33b22d-76a6-4e46-90ee-2df0528f3723,13,2026-07-13_13-53-54.jpg,2026-07-13_13-57-29.jpg,44,44,NEG,,,0,False,
dd45ea3c-de1b-46dd-8868-81fca24452fb,13,2026-07-13_13-57-34.jpg,2026-07-13_14-01-18.jpg,46,46,REJ,73d1c0ab,2026-07-13 14:01:51.367733,85,True,Sem descarte.
3dcdc37d-1fed-4069-9ebb-e7c9dbd90370,13,2026-07-13_14-01-23.jpg,2026-07-13_14-05-08.jpg,46,46,NEG,,,50,False,
932185af-f8b0-4b53-b0f3-e65b00fa68ae,13,2026-07-13_14-05-14.jpg,2026-07-13_14-09-04.jpg,47,47,NEG,,,0,False,
ab6326d0-c68b-4ddc-b147-290ee8f9a641,13,2026-07-13_14-09-08.jpg,2026-07-13_14-13-04.jpg,48,48,NEG,,,0,False,
53a0eb57-68b7-4004-904f-81360e574b47,13,2026-07-13_14-13-09.jpg,2026-07-13_14-16-59.jpg,47,47,NEG,,,50,False,
92acb051-3141-4528-a277-a5e6ee52b4d1,13,2026-07-13_14-17-03.jpg,2026-07-13_14-20-58.jpg,48,48,NEG,,,50,False,
bb51c3cb-8244-4e5d-b4f6-92fca7bff3b0,13,2026-07-13_14-21-04.jpg,2026-07-13_14-24-59.jpg,48,48,NEG,,,50,False,
99e06f88-bcca-4568-978f-5f3e897450ac,13,2026-07-13_14-25-03.jpg,2026-07-13_14-28-49.jpg,46,46,NEG,,,60,False,
80579f40-188b-4f6c-8155-be15da5f8e6a,13,2026-07-13_14-28-54.jpg,2026-07-13_14-32-29.jpg,44,44,REJ,5bf5030e,2026-07-13 14:33:09.749297,90,True,Sem descarte.
b6636b26-b463-4220-b62f-5643de6b29eb,13,2026-07-13_14-32-34.jpg,2026-07-13_14-36-24.jpg,47,47,NEG,,,50,False,
64a707bb-d06d-45db-aeb7-7ea85eef3d49,13,2026-07-13_14-36-29.jpg,2026-07-13_14-40-24.jpg,48,48,NEG,,,0,False,
956dd88f-0688-4bf8-9f03-8c421d16ffe3,13,2026-07-13_14-40-29.jpg,2026-07-13_14-44-23.jpg,48,48,REJ,dc222268,2026-07-13 14:45:37.851224,90,True,Não identificamos o momento do descarte.
e659aeb5-ac6b-49a5-8e92-5552fd840993,13,2026-07-13_14-44-28.jpg,2026-07-13_14-48-23.jpg,48,48,NEG,,,50,False,
67632df6-4252-4e16-911c-371fe71bb046,13,2026-07-13_14-48-28.jpg,2026-07-13_14-52-23.jpg,48,48,NEG,,,50,False,
09851c7d-dad1-404f-84d9-4d0a942a21e0,13,2026-07-13_14-52-28.jpg,2026-07-13_14-56-23.jpg,48,48,NEG,,,50,False,
78ae9c3d-8d33-449f-854d-44b483cc58a8,13,2026-07-13_14-56-28.jpg,2026-07-13_15-00-23.jpg,48,48,NEG,,,0,False,
eb51fa08-f2d4-4c16-8b43-0ecbf2e8eb7d,13,2026-07-13_15-00-28.jpg,2026-07-13_15-04-14.jpg,46,46,NEG,,,0,False,
0d9d68dd-07a0-49dc-b02a-88bc6a708d3d,13,2026-07-13_15-04-18.jpg,2026-07-13_15-08-09.jpg,47,47,NEG,,,0,False,
a9f8b48b-513c-40c4-b576-fbb3405063d6,13,2026-07-13_15-08-14.jpg,2026-07-13_15-11-49.jpg,44,44,NEG,,,50,False,
4d864e43-458a-4e79-8839-9defafd5a691,13,2026-07-13_15-11-54.jpg,2026-07-13_15-15-19.jpg,42,42,NEG,,,50,False,
d9083832-d146-42e5-82a7-3d7a359bf99b,13,2026-07-13_15-15-24.jpg,2026-07-13_15-19-18.jpg,48,48,NEG,,,0,False,
1e539686-cb86-4392-a79a-b2e72f8006dd,13,2026-07-13_15-19-23.jpg,2026-07-13_15-22-59.jpg,44,44,NEG,,,50,False,
10c00531-6cc6-4fc6-a283-3c27aa534b20,13,2026-07-13_15-23-04.jpg,2026-07-13_15-26-34.jpg,43,43,TRIG_NOLABEL,,,90,True,
b5ffb0a6-6c8c-4fb7-99ba-f815ef91ec69,13,2026-07-13_15-26-39.jpg,2026-07-13_15-30-33.jpg,48,48,NEG,,,50,False,
3250cb74-d4d1-4eea-8bf4-69319206dc2b,13,2026-07-13_15-30-39.jpg,2026-07-13_15-34-09.jpg,43,43,NEG,,,0,False,
16a52ac5-c682-4e82-af33-14125b361240,13,2026-07-13_15-34-14.jpg,2026-07-13_15-38-09.jpg,48,48,NEG,,,50,False,
0c064f74-e86b-4f24-a9b1-ef6b2b8413b2,13,2026-07-13_15-38-14.jpg,2026-07-13_15-42-09.jpg,48,48,NEG,,,50,False,
294a9c3b-7609-4827-8c1f-baf1bf473ce4,13,2026-07-13_15-42-14.jpg,2026-07-13_15-45-59.jpg,46,46,NEG,,,50,False,
fe430b09-c466-47f5-831b-da90d4a4abe5,13,2026-07-13_15-46-04.jpg,2026-07-13_15-49-44.jpg,45,45,NEG,,,50,False,
3534d61d-9742-43c1-a434-6e7886f77180,13,2026-07-13_15-49-49.jpg,2026-07-13_15-53-29.jpg,45,45,NEG,,,0,False,
5803b359-0ace-4d4b-9ac4-ae68e359900b,13,2026-07-13_15-53-34.jpg,2026-07-13_15-57-18.jpg,46,46,NEG,,,50,False,
d640fced-bab8-45a1-8ee0-6f9d63fbe76a,13,2026-07-13_15-57-24.jpg,2026-07-13_16-01-03.jpg,45,45,NEG,,,50,False,
06b67ef9-7cf3-4435-a366-04882617e45a,13,2026-07-13_16-01-08.jpg,2026-07-13_16-05-05.jpg,48,48,NEG,,,0,False,
5a123f2b-1e74-4830-ab61-37d3ed7d4324,13,2026-07-13_16-05-10.jpg,2026-07-13_16-09-04.jpg,48,48,NEG,,,50,False,
6bf79d40-8f1d-4cef-ad81-73881cbb235f,13,2026-07-13_16-09-08.jpg,2026-07-13_16-13-05.jpg,48,48,TRIG_NOLABEL,,,90,True,
3115ac6f-8c2f-412f-a89f-04fe0e79c0d8,13,2026-07-13_16-13-10.jpg,2026-07-13_16-17-04.jpg,48,48,NEG,,,0,False,
65a7ecfc-b130-44df-888c-0190d89e1384,13,2026-07-13_16-17-09.jpg,2026-07-13_16-21-04.jpg,48,48,NEG,,,0,False,
f72915d6-839a-4d53-97db-6ab4343d0fae,13,2026-07-13_16-21-09.jpg,2026-07-13_16-25-04.jpg,48,48,NEG,,,50,False,
b4645b65-02c1-4be6-afb8-b4478bdd9abe,13,2026-07-13_16-25-09.jpg,2026-07-13_16-29-04.jpg,48,48,NEG,,,0,False,
b69ad78f-6938-49b5-a86e-b3bf5213f2a4,13,2026-07-13_16-29-09.jpg,2026-07-13_16-33-04.jpg,48,48,NEG,,,0,False,
9a5ec31b-b550-4aa5-ab3a-049ce3f4a908,13,2026-07-13_16-33-09.jpg,2026-07-13_16-36-59.jpg,47,47,NEG,,,50,False,
328355b2-c307-4c3b-9b70-4033618c4c6d,13,2026-07-13_16-37-04.jpg,2026-07-13_16-40-55.jpg,47,47,NEG,,,50,False,
1ca80a91-3e9d-4f5c-9452-36f64f8284d0,13,2026-07-13_16-41-01.jpg,2026-07-13_16-44-54.jpg,48,48,TRIG_NOLABEL,,,85,True,
23024dd8-d111-427b-99eb-c15f9373d517,13,2026-07-13_16-44-59.jpg,2026-07-13_16-48-54.jpg,48,48,NEG,,,50,False,
97244853-639f-4bf4-be42-2c6176000ebd,13,2026-07-13_16-48-59.jpg,2026-07-13_16-52-54.jpg,48,48,NEG,,,0,False,
d6b8b2bc-6222-4154-972b-f7351482ef03,13,2026-07-13_16-52-59.jpg,2026-07-13_16-56-54.jpg,48,48,NEG,,,30,False,
4ffd357e-9d09-44a7-8ded-2c01e3ca26be,13,2026-07-13_16-56-59.jpg,2026-07-13_17-00-44.jpg,46,46,NEG,,,50,False,
21db43b7-80f5-4da6-979a-ccfb2c2b3169,13,2026-07-13_17-00-48.jpg,2026-07-13_17-04-44.jpg,48,48,NEG,,,0,False,
784587d4-3552-4c8f-9154-408c5a762fcb,13,2026-07-13_17-04-49.jpg,2026-07-13_17-08-44.jpg,48,48,NEG,,,0,False,
c7df3f28-833e-4d70-90fb-d1efbf2860d8,13,2026-07-13_17-08-49.jpg,2026-07-13_17-12-43.jpg,48,48,NEG,,,50,False,
67814f2e-2f6b-4fad-a2c5-2c159c3b7dff,13,2026-07-13_17-12-48.jpg,2026-07-13_17-16-43.jpg,48,48,NEG,,,30,False,
6d23de67-24ee-4303-b20f-2dac945a2c9e,13,2026-07-13_17-16-48.jpg,2026-07-13_17-20-24.jpg,44,44,NEG,,,50,False,
a6c3b396-a022-47ee-ab1c-19b0af093b03,13,2026-07-13_17-20-28.jpg,2026-07-13_17-24-08.jpg,45,45,NEG,,,50,False,
c68fc8d2-bc75-464a-8e9e-605b00a05175,13,2026-07-13_17-24-13.jpg,2026-07-13_17-28-08.jpg,48,48,NEG,,,50,False,
c7b94116-cbd4-4c17-9125-a7a00a4d2429,13,2026-07-13_17-28-13.jpg,2026-07-13_17-31-58.jpg,46,46,NEG,,,50,False,
2de6e13d-44f2-4050-a1a4-32d76acfe758,13,2026-07-13_17-32-03.jpg,2026-07-13_17-35-59.jpg,48,48,NEG,,,50,False,
2a310327-2185-4472-a58e-4e909bda1652,13,2026-07-13_17-36-03.jpg,2026-07-13_17-39-48.jpg,46,46,TRIG_NOLABEL,,,90,True,
c10aaf43-2d45-4c39-9591-586137be00e0,13,2026-07-13_17-39-53.jpg,2026-07-13_17-43-48.jpg,48,48,NEG,,,0,False,
6bd93849-d87e-441b-a159-7aaab353be73,13,2026-07-13_17-43-53.jpg,2026-07-13_17-47-48.jpg,48,48,NEG,,,50,False,
df733d2a-d396-4e21-9dd8-22cb6acb9586,13,2026-07-13_17-47-53.jpg,2026-07-13_17-51-43.jpg,47,47,NEG,,,0,False,
1ead1972-d9ad-4b38-ab82-1028a9a9d347,13,2026-07-13_17-51-48.jpg,2026-07-13_17-55-18.jpg,43,43,NEG,,,50,False,
9ad36c7a-8c24-486a-8f9a-61ac47276033,13,2026-07-13_17-55-23.jpg,2026-07-13_17-58-48.jpg,42,42,NEG,,,50,False,
47bd66a9-7f89-44d8-8cdb-c20bc8d09e17,13,2026-07-13_17-58-54.jpg,2026-07-13_18-02-38.jpg,46,46,NEG,,,50,False,
7d5ad4e2-377b-46ce-a938-dde6e0acc4cb,13,2026-07-13_18-02-43.jpg,2026-07-13_18-06-08.jpg,42,42,NEG,,,40,False,
8dc11101-73ad-4377-b2e1-5cdc03f3a4fa,13,2026-07-13_18-06-13.jpg,2026-07-13_18-09-43.jpg,43,43,NEG,,,50,False,
cd4e7402-cd12-4902-bc54-7efc48081656,13,2026-07-13_18-09-48.jpg,2026-07-13_18-13-13.jpg,42,42,NEG,,,0,False,
84266758-868a-4311-8f5e-cbe65776c749,13,2026-07-13_18-13-18.jpg,2026-07-13_18-17-13.jpg,48,48,NEG,,,50,False,
ae4bd495-2c0d-459e-a2e8-974eee81d5d1,13,2026-07-13_18-17-18.jpg,2026-07-13_18-21-13.jpg,48,48,TRIG_NOLABEL,,,90,True,
6cfd4a8d-8672-41c3-abbb-fc8510e6326c,13,2026-07-13_18-21-18.jpg,2026-07-13_18-25-03.jpg,46,46,NEG,,,0,False,
e87712bf-a79d-46bf-a48c-8fc711c70bae,13,2026-07-13_18-25-08.jpg,2026-07-13_18-28-38.jpg,43,43,TRIG_NOLABEL,,,90,True,
7680914e-a638-4da7-930a-0a2cc2a5e1eb,13,2026-07-13_18-28-43.jpg,2026-07-13_18-32-19.jpg,44,44,NEG,,,50,False,
7f9dee6e-c6b8-4495-b96b-e7b3f0dda0e5,13,2026-07-13_18-32-24.jpg,2026-07-13_18-35-48.jpg,42,42,NEG,,,50,False,
837c183f-734d-4374-a907-ad33908fc91e,13,2026-07-13_18-35-53.jpg,2026-07-13_18-39-28.jpg,44,44,NEG,,,50,False,
bc52819c-89a3-422e-a227-744015c77013,13,2026-07-13_18-39-33.jpg,2026-07-13_18-42-58.jpg,42,42,NEG,,,0,False,
6cb018b5-0e6b-4311-b817-0760f970d68c,13,2026-07-13_18-43-03.jpg,2026-07-13_18-46-33.jpg,43,43,REJ,dd167ed1,2026-07-13 18:46:54.684226,90,True,Sem descarte.
eac20a8f-0871-489a-9d84-eb83e2804fb7,13,2026-07-13_18-46-38.jpg,2026-07-13_18-50-13.jpg,44,44,NEG,,,0,False,
ec3486fd-cd98-4218-982d-268c8b89784a,13,2026-07-13_18-50-18.jpg,2026-07-13_18-53-38.jpg,41,41,NEG,,,50,False,
d5e64fdf-6535-4014-9d5f-fd7fc503c308,13,2026-07-13_18-53-43.jpg,2026-07-13_18-57-18.jpg,44,44,NEG,,,50,False,
ea15c208-4b4c-46f6-a08d-50dfa5262e36,13,2026-07-13_18-57-23.jpg,2026-07-13_19-00-43.jpg,41,41,NEG,,,0,False,
8d212640-d52c-457c-b6c5-1a058841ba7b,13,2026-07-13_19-00-49.jpg,2026-07-13_19-04-23.jpg,44,44,NEG,,,0,False,
8b108342-5da7-491f-9ae5-c2c05a60743f,13,2026-07-13_19-04-28.jpg,2026-07-13_19-07-53.jpg,42,42,NEG,,,0,False,
37944f4c-388c-4c2a-8d94-d0e38e3f880a,13,2026-07-13_19-07-58.jpg,2026-07-13_19-11-28.jpg,43,43,TRIG_NOLABEL,,,90,True,
919ccf9f-a9e4-410e-918c-484112143395,13,2026-07-13_19-11-33.jpg,2026-07-13_19-15-03.jpg,43,43,NEG,,,0,False,
da803af3-7ded-48b9-883d-47ef605a654d,13,2026-07-13_19-15-08.jpg,2026-07-13_19-18-33.jpg,42,42,NEG,,,50,False,
305477e6-9867-4475-89c2-07d468958cd3,13,2026-07-13_19-18-38.jpg,2026-07-13_19-22-08.jpg,43,43,NEG,,,50,False,
fc9f2736-d594-4350-af58-d9fa444da2af,13,2026-07-13_19-22-13.jpg,2026-07-13_19-25-38.jpg,42,42,NEG,,,50,False,
2a8d59c7-fe06-44cd-a12d-5bd597898acb,13,2026-07-13_19-25-43.jpg,2026-07-13_19-29-13.jpg,43,43,REJ,fd1e4b41,2026-07-13 19:29:40.854711,90,True,Sem descarte.
be76cb19-ea18-4b83-82c9-c61090732e74,13,2026-07-13_19-29-18.jpg,2026-07-13_19-32-53.jpg,44,44,NEG,,,50,False,
2cfbc9b0-642c-4e27-ae96-195eb8b83884,13,2026-07-13_19-32-58.jpg,2026-07-13_19-36-23.jpg,42,42,NEG,,,50,False,
f6971cc6-2395-4e1c-b313-ff6a84e44d67,13,2026-07-13_19-36-28.jpg,2026-07-13_19-40-03.jpg,44,44,NEG,,,0,False,
a207ad6b-85cd-43b2-ab3e-1f6fcaff30e1,13,2026-07-13_19-40-08.jpg,2026-07-13_19-43-33.jpg,42,42,PENDENTE,92bc5238,2026-07-13 19:44:02.541465,90,True,
29d89b12-3dc5-4cda-bc89-8e1a104a8298,13,2026-07-13_19-43-38.jpg,2026-07-13_19-47-18.jpg,45,45,NEG,,,0,False,
e6932574-7564-4a9c-9216-8fd749ed0100,13,2026-07-13_19-47-23.jpg,2026-07-13_19-50-58.jpg,44,44,NEG,,,50,False,
4f97cb48-2a9f-4a80-865f-13d49be5dd5e,13,2026-07-13_19-51-03.jpg,2026-07-13_19-54-38.jpg,44,44,NEG,,,50,False,
9f82c985-e992-4e2a-a353-f65c89cec5f7,13,2026-07-13_19-54-43.jpg,2026-07-13_19-58-38.jpg,48,48,NEG,,,0,False,
dae7c6c6-2f05-45dd-ab94-c80bd37d081f,13,2026-07-13_19-58-43.jpg,2026-07-13_20-02-33.jpg,47,47,TRIG_NOLABEL,,,90,True,
c13780c0-c66c-4c9c-b54e-59b3f4d44bd5,13,2026-07-13_20-02-38.jpg,2026-07-13_20-06-13.jpg,44,44,NEG,,,50,False,
a834911e-f663-4dd5-bfd3-93a2da6df176,13,2026-07-13_20-06-18.jpg,2026-07-13_20-09-53.jpg,44,44,NEG,,,90,False,
db270a84-61ab-4f76-86ea-2ebcd986654d,13,2026-07-13_20-09-58.jpg,2026-07-13_20-13-18.jpg,41,41,NEG,,,0,False,
33abe5ff-7327-4b87-9091-f405ffef2946,13,2026-07-13_20-13-23.jpg,2026-07-13_20-17-08.jpg,46,46,NEG,,,0,False,
8cefcdcc-cf67-4266-b4cb-0e775a19fab9,13,2026-07-13_20-17-14.jpg,2026-07-13_20-20-38.jpg,42,42,NEG,,,0,False,
a39bf28d-105b-48f4-b649-f3c6a5b2a028,13,2026-07-13_20-20-43.jpg,2026-07-13_20-24-38.jpg,48,48,NEG,,,0,False,
76f191e0-2326-4856-b5d3-6634f761cb94,13,2026-07-13_20-24-43.jpg,2026-07-13_20-28-28.jpg,46,46,NEG,,,0,False,
2b0e4828-b9fe-451e-ac7a-df0e5d61579f,13,2026-07-13_20-28-33.jpg,2026-07-13_20-32-03.jpg,43,43,REJ,8aeb1aed,2026-07-13 20:32:35.358749,90,True,Sem descarte.
e8ce52f1-6ee8-4aab-bfa6-700c8686f5cc,13,2026-07-13_20-32-08.jpg,2026-07-13_20-36-03.jpg,48,48,NEG,,,0,False,
76f94063-83c7-44e7-9bcf-0325c2be6748,13,2026-07-13_20-36-08.jpg,2026-07-13_20-39-33.jpg,42,42,NEG,,,50,False,
bdcab4e8-50de-48ab-b934-e24a89b88d62,13,2026-07-13_20-39-38.jpg,2026-07-13_20-43-33.jpg,48,48,NEG,,,0,False,
8aec16d9-a3cd-4649-9113-9ba10d83c194,13,2026-07-13_20-43-38.jpg,2026-07-13_20-46-58.jpg,41,41,NEG,,,50,False,
3bd89de1-d08c-4944-ac26-37ecb876efb4,13,2026-07-13_20-47-03.jpg,2026-07-13_20-50-38.jpg,44,44,NEG,,,50,False,
b174e999-6095-4362-83a0-90a4dfa38a24,13,2026-07-13_20-50-43.jpg,2026-07-13_20-54-08.jpg,42,42,NEG,,,30,False,
3297e7ac-342b-4196-a43c-a393a3d178bf,13,2026-07-13_20-54-13.jpg,2026-07-13_20-57-43.jpg,43,43,NEG,,,0,False,
1edf001e-cb55-490a-beb8-993c81fa4698,13,2026-07-13_20-57-48.jpg,2026-07-13_21-01-14.jpg,42,42,NEG,,,0,False,
e6012c25-e152-4ec0-9237-a0dc1dc336e6,13,2026-07-13_21-01-18.jpg,2026-07-13_21-04-53.jpg,44,44,NEG,,,0,False,
84fd6899-b511-47cd-9018-1b593753961a,13,2026-07-13_21-04-58.jpg,2026-07-13_21-08-18.jpg,41,41,NEG,,,50,False,
335c220f-55af-48e1-8e1b-98931c35bdcb,13,2026-07-13_21-08-23.jpg,2026-07-13_21-11-58.jpg,44,44,REJ,bc7e1c41,2026-07-13 21:12:26.461305,90,True,Sem descarte.
3136b4a6-91aa-4ed9-a31c-a74b9652f986,13,2026-07-13_21-12-03.jpg,2026-07-13_21-15-43.jpg,45,45,NEG,,,50,False,
f6b1b553-6bd4-4e1f-93c8-ca3dc9e28cc2,13,2026-07-13_21-15-48.jpg,2026-07-13_21-19-13.jpg,42,42,REJ,bc7e1c41,2026-07-13 21:12:26.461305,90,True,Sem descarte.
9c15d08a-f6a6-42f2-8d62-2be23f87c27c,13,2026-07-13_21-19-18.jpg,2026-07-13_21-22-58.jpg,45,45,NEG,,,60,False,
335ee475-bbb9-41ad-b7bd-9a5b2c7ee998,13,2026-07-13_21-23-03.jpg,2026-07-13_21-26-33.jpg,43,43,NEG,,,0,False,
5044b602-d61f-4ea7-8df4-50d284ca010a,13,2026-07-13_21-26-38.jpg,2026-07-13_21-30-13.jpg,44,44,REJ,b1dd9c3d,2026-07-13 21:30:44.880505,85,True,Sem descarte.
4e03aefd-9203-419d-800d-6fcaa474b1f9,13,2026-07-13_21-30-18.jpg,2026-07-13_21-34-03.jpg,46,46,NEG,,,0,False,
0bbb0ed8-9e46-45af-81a0-765015f09e66,13,2026-07-13_21-34-08.jpg,2026-07-13_21-37-38.jpg,43,43,NEG,,,50,False,
c98f5567-7e77-4a40-a750-141089d47080,13,2026-07-13_21-37-43.jpg,2026-07-13_21-41-23.jpg,45,45,NEG,,,50,False,
8f69aa55-7b3d-4cc6-9390-f378ec6fdb66,13,2026-07-13_21-41-28.jpg,2026-07-13_21-45-03.jpg,44,44,NEG,,,0,False,
3b6199ee-382a-478b-a5f6-15fd74991da1,13,2026-07-13_21-45-08.jpg,2026-07-13_21-48-28.jpg,41,41,NEG,,,50,False,
59742c2a-7e6d-4107-8600-d51410820cad,13,2026-07-13_21-48-33.jpg,2026-07-13_21-52-08.jpg,44,44,NEG,,,30,False,
558775f0-04f5-44a2-ab35-ecc3bf0f664d,13,2026-07-13_21-52-13.jpg,2026-07-13_21-55-38.jpg,42,42,NEG,,,50,False,
5ff58bfb-7cb1-4e31-9cc3-7d3789d799d5,13,2026-07-13_21-55-43.jpg,2026-07-13_21-59-13.jpg,43,43,NEG,,,0,False,
ab5de6d7-54b2-4d23-8708-4329d6148367,13,2026-07-13_21-59-18.jpg,2026-07-13_22-02-38.jpg,41,41,NEG,,,0,False,
bd36ef38-8a97-4cd3-987a-1e605db2c129,13,2026-07-13_22-02-43.jpg,2026-07-13_22-06-15.jpg,43,43,NEG,,,0,False,
799320f2-060a-431d-ad21-2e40fa76d16f,13,2026-07-13_22-06-19.jpg,2026-07-13_22-09-43.jpg,42,42,NEG,,,50,False,
f5a7c10c-8a10-4fa2-942c-ee27d57c6d7c,13,2026-07-13_22-09-48.jpg,2026-07-13_22-13-23.jpg,44,44,NEG,,,0,False,
ecc8426f-2b70-4fa7-bae7-80d0dd4383ae,13,2026-07-13_22-13-28.jpg,2026-07-13_22-16-53.jpg,42,42,NEG,,,50,False,
6d16c6ae-2d69-4791-ab22-fc9ff1786b3d,13,2026-07-13_22-16-58.jpg,2026-07-13_22-20-28.jpg,43,43,NEG,,,0,False,
673762dc-6bcb-490c-83d4-f603226504c9,13,2026-07-13_22-20-33.jpg,2026-07-13_22-23-58.jpg,42,42,NEG,,,0,False,
36330330-7c46-48fb-879a-a3ed969f7811,13,2026-07-13_22-24-03.jpg,2026-07-13_22-27-33.jpg,43,43,TRIG_NOLABEL,,,90,True,
f400eee2-4810-4744-b254-eb6a75491836,13,2026-07-13_22-27-38.jpg,2026-07-13_22-31-13.jpg,44,44,NEG,,,50,False,
584443ff-57af-488e-8e39-eb7cc66016e2,13,2026-07-13_22-31-18.jpg,2026-07-13_22-34-43.jpg,42,42,NEG,,,60,False,
57f656e4-09bf-425a-9a01-1bed1f2248c5,13,2026-07-13_22-34-48.jpg,2026-07-13_22-38-18.jpg,43,43,NEG,,,50,False,
b18f599c-3e39-417f-8d9e-f2e9beec2782,13,2026-07-13_22-38-23.jpg,2026-07-13_22-41-48.jpg,42,42,NEG,,,0,False,
11a5eadb-c70d-4a6e-bde0-f4ae3702b85f,13,2026-07-13_22-41-53.jpg,2026-07-13_22-45-23.jpg,43,43,NEG,,,50,False,
231b070b-91ae-4f91-be48-c0be477c4a8e,13,2026-07-13_22-45-28.jpg,2026-07-13_22-48-53.jpg,42,42,NEG,,,0,False,
b66e82be-4fd1-427a-8929-c0f18d42ac8c,13,2026-07-13_22-48-58.jpg,2026-07-13_22-52-33.jpg,44,44,NEG,,,50,False,
a31c893a-600b-4ec5-800e-3e9aa49c13a8,13,2026-07-13_22-52-38.jpg,2026-07-13_22-56-03.jpg,42,42,NEG,,,60,False,
f85c7e70-a10c-4535-b73e-42a0a76cb851,13,2026-07-13_22-56-08.jpg,2026-07-13_22-59-38.jpg,43,43,NEG,,,50,False,
6429baa3-f08c-417d-ad96-0da5f51e2219,13,2026-07-13_22-59-43.jpg,2026-07-13_23-03-08.jpg,42,42,NEG,,,50,False,
d0262ed0-a3a4-4d40-952f-7fd5396dc22e,13,2026-07-13_23-03-13.jpg,2026-07-13_23-06-48.jpg,44,44,NEG,,,50,False,
6d90f075-0a90-4991-88df-dd5a8033b857,13,2026-07-13_23-06-53.jpg,2026-07-13_23-10-13.jpg,41,41,NEG,,,30,False,
2e11fd67-a8bf-47da-b494-66b1ca3c4f72,13,2026-07-13_23-10-18.jpg,2026-07-13_23-13-53.jpg,44,44,TRIG_NOLABEL,,,90,True,
89f6d3c4-f32e-41ef-b55b-a1e5b82088c4,13,2026-07-13_23-13-58.jpg,2026-07-13_23-17-43.jpg,46,46,NEG,,,0,False,
286df7d2-f8e0-4ff0-bdc7-96f26413f124,13,2026-07-13_23-17-48.jpg,2026-07-13_23-21-18.jpg,43,43,NEG,,,0,False,
e3ad9b9c-2db7-48ab-973d-67217a444a61,13,2026-07-13_23-21-23.jpg,2026-07-13_23-24-53.jpg,43,43,TRIG_NOLABEL,,,90,True,
4b9ddf52-3b28-418d-bae1-b3311b45999f,13,2026-07-13_23-24-58.jpg,2026-07-13_23-28-38.jpg,45,45,NEG,,,50,False,
f6d95054-0b2b-42ce-9dd6-3cc083bf770e,13,2026-07-13_23-28-43.jpg,2026-07-13_23-32-08.jpg,42,42,NEG,,,50,False,
71c931de-21b9-425f-ba35-fd0d349ebc47,13,2026-07-13_23-32-13.jpg,2026-07-13_23-35-43.jpg,43,43,NEG,,,40,False,
3a883e4b-48af-43a4-a709-99dbd753897a,13,2026-07-13_23-35-48.jpg,2026-07-13_23-39-13.jpg,42,42,REJ,c83ec5a6,2026-07-13 23:39:37.211275,90,True,Sem descarte.
bd914d91-c9a2-4ec5-b4ff-f1dd95acfff4,13,2026-07-13_23-39-18.jpg,2026-07-13_23-42-53.jpg,44,44,NEG,,,50,False,
ed91d9f4-b144-436c-9139-47f2961388a0,13,2026-07-13_23-42-58.jpg,2026-07-13_23-46-28.jpg,43,43,NEG,,,0,False,
d4a1fdc2-2dde-469b-abe6-30a87e1b6d70,13,2026-07-13_23-46-33.jpg,2026-07-13_23-49-58.jpg,42,42,NEG,,,0,False,
495c2cda-ce31-4f7d-beee-1c25eec85a56,13,2026-07-13_23-50-03.jpg,2026-07-13_23-53-33.jpg,43,43,NEG,,,30,False,
7bcfa6b9-4ad6-4dd5-83f6-e08b0f80f35b,13,2026-07-13_23-53-38.jpg,2026-07-13_23-57-23.jpg,46,46,NEG,,,50,False,
dc16503d-61a3-4256-bba8-e4db53473dca,14,2026-07-13_23-57-28.jpg,2026-07-14_00-01-13.jpg,46,46,NEG,,,0,False,
e490a8d7-354b-4c22-a2ff-20469d6f6148,14,2026-07-14_00-01-18.jpg,2026-07-14_00-04-38.jpg,41,41,NEG,,,50,False,
e8b5437f-fb79-4e55-a3d1-675c94eecc20,14,2026-07-14_00-04-43.jpg,2026-07-14_00-08-18.jpg,44,44,REJ,d84d03fb,2026-07-14 00:08:45.826766,90,True,Sem descarte.
4db9d750-d2d4-4cfd-ae01-41054e105705,14,2026-07-14_00-08-23.jpg,2026-07-14_00-12-02.jpg,45,45,NEG,,,0,False,
aa3cc316-f8ea-42ef-9870-1e94cecb11cf,14,2026-07-14_00-12-08.jpg,2026-07-14_00-15-28.jpg,41,41,NEG,,,0,False,
689281b0-6de2-446c-9ba9-9cfe2eb0a0b2,14,2026-07-14_00-15-33.jpg,2026-07-14_00-19-03.jpg,43,43,NEG,,,0,False,
064604f3-28f0-48ca-b650-c22ef18d55fd,14,2026-07-14_00-19-08.jpg,2026-07-14_00-22-33.jpg,42,42,NEG,,,50,False,
e217d741-1b2d-457f-9bc5-bfe8f3ca7e62,14,2026-07-14_00-22-38.jpg,2026-07-14_00-26-13.jpg,44,44,NEG,,,0,False,
39a38c87-4751-481c-a8d0-40d546d3fc08,14,2026-07-14_00-26-18.jpg,2026-07-14_00-29-43.jpg,42,42,NEG,,,0,False,
8e602863-3a0f-4e63-9c06-9afaf82e572e,14,2026-07-14_00-29-48.jpg,2026-07-14_00-33-38.jpg,47,47,NEG,,,50,False,
0d34be00-be4a-4e56-98fd-f4f4143b8edd,14,2026-07-14_00-33-43.jpg,2026-07-14_00-37-08.jpg,42,42,NEG,,,0,False,
9acedbc9-ac97-4a14-8098-9dc6660824d8,14,2026-07-14_00-37-13.jpg,2026-07-14_00-40-43.jpg,43,43,NEG,,,0,False,
3e425551-fa32-4469-98e2-32df76a5127a,14,2026-07-14_00-40-48.jpg,2026-07-14_00-44-18.jpg,43,43,NEG,,,0,False,
01b72064-af59-4bdc-b8a7-2a8eb857b3db,14,2026-07-14_00-44-23.jpg,2026-07-14_00-47-53.jpg,43,43,NEG,,,0,False,
705cfdf5-7164-4595-9a44-6b5ea7ac20c4,14,2026-07-14_00-47-58.jpg,2026-07-14_00-51-38.jpg,45,45,NEG,,,50,False,
43512c0d-8c95-4e45-b300-29418fb9e164,14,2026-07-14_00-51-43.jpg,2026-07-14_00-55-13.jpg,43,43,NEG,,,0,False,
948236f0-9646-4524-98a7-8757abe9d115,14,2026-07-14_00-55-18.jpg,2026-07-14_00-58-43.jpg,42,42,NEG,,,50,False,
03815bbb-3de3-42a7-a0df-beef6a22ca7d,14,2026-07-14_00-58-48.jpg,2026-07-14_01-02-18.jpg,43,43,NEG,,,50,False,
536899fc-0697-473a-90f3-a7ddac2c4c1d,14,2026-07-14_01-02-23.jpg,2026-07-14_01-05-48.jpg,42,42,NEG,,,0,False,
7b53bf4d-6bc1-4fd1-b862-c2b7a945145c,14,2026-07-14_01-05-53.jpg,2026-07-14_01-09-28.jpg,44,44,NEG,,,0,False,
be7db2f9-c1ee-4000-880d-ffb15119b7bc,14,2026-07-14_01-09-33.jpg,2026-07-14_01-12-53.jpg,41,41,NEG,,,0,False,
5b823e72-c9bd-4491-b544-b7e2dd651f5f,14,2026-07-14_01-12-58.jpg,2026-07-14_01-16-33.jpg,44,44,NEG,,,0,False,
1b2b5234-9625-4109-b5b5-b264171afe6c,14,2026-07-14_01-16-38.jpg,2026-07-14_01-19-58.jpg,41,41,NEG,,,50,False,
9fa35423-884a-48a7-8e2a-92432708bbad,14,2026-07-14_01-20-03.jpg,2026-07-14_01-23-58.jpg,48,48,NEG,,,0,False,
3ce1e2ce-0c76-4c4d-a8da-bfae67ab4843,14,2026-07-14_01-24-03.jpg,2026-07-14_01-27-28.jpg,42,42,NEG,,,0,False,
5943555f-0135-458f-8865-a6fc83f782c3,14,2026-07-14_01-27-33.jpg,2026-07-14_01-30-38.jpg,38,38,NEG,,,0,False,
99eaa83d-0a07-48dc-a103-57faa7bcf785,14,2026-07-14_01-30-43.jpg,2026-07-14_01-34-13.jpg,43,43,NEG,,,0,False,
6781a661-13c1-4cc4-82dc-4961eb28f4b2,14,2026-07-14_01-34-18.jpg,2026-07-14_01-37-43.jpg,42,42,NEG,,,0,False,
9454cd16-5d6f-45cc-bc7a-af048fbfdc10,14,2026-07-14_01-37-48.jpg,2026-07-14_01-41-03.jpg,40,40,NEG,,,0,False,
570ebc68-a2ce-4e9e-bd7a-673ffa586090,14,2026-07-14_01-41-08.jpg,2026-07-14_01-44-28.jpg,41,41,NEG,,,0,False,
e91e3ed5-9c25-4660-95df-44ea7f3f9dbb,14,2026-07-14_01-44-33.jpg,2026-07-14_01-47-48.jpg,40,40,NEG,,,50,False,
7dd89c8d-cc20-4a8e-b5c2-e5c097701367,14,2026-07-14_01-47-53.jpg,2026-07-14_01-51-18.jpg,42,42,NEG,,,0,False,
9535232f-044d-4824-9d76-90deb1eef749,14,2026-07-14_01-51-23.jpg,2026-07-14_01-54-38.jpg,40,40,NEG,,,0,False,
0cc2eb23-5e67-439a-9a12-fb205560be24,14,2026-07-14_01-54-43.jpg,2026-07-14_01-58-03.jpg,41,41,NEG,,,0,False,
2af6c80e-dacf-40fe-8335-ed3a45f4de00,14,2026-07-14_01-58-08.jpg,2026-07-14_02-01-23.jpg,40,40,NEG,,,0,False,
7b7c2d99-b827-4e93-ae11-ef02115e6d7a,14,2026-07-14_02-01-28.jpg,2026-07-14_02-04-48.jpg,41,41,NEG,,,0,False,
852c3a75-4af7-4a5f-84db-fe208fad7140,14,2026-07-14_02-04-53.jpg,2026-07-14_02-08-08.jpg,40,40,NEG,,,0,False,
65bd8c5d-0067-4084-bbd5-8c6c233743c2,14,2026-07-14_02-08-13.jpg,2026-07-14_02-11-38.jpg,42,42,NEG,,,0,False,
a06ac6f9-24a5-4d99-9762-4d3475c52111,14,2026-07-14_02-11-43.jpg,2026-07-14_02-14-53.jpg,39,39,NEG,,,0,False,
6b3949e5-e439-4464-8437-337e533aefde,14,2026-07-14_02-14-58.jpg,2026-07-14_02-18-23.jpg,42,42,NEG,,,50,False,
08b1a568-ef23-4250-9368-e5e4bae53834,14,2026-07-14_02-18-28.jpg,2026-07-14_02-21-38.jpg,39,39,NEG,,,0,False,
bd33b2ea-449f-4045-9fd0-9fc27a33ce0d,14,2026-07-14_02-21-43.jpg,2026-07-14_02-25-08.jpg,42,42,NEG,,,0,False,
9cf180b1-2f7e-43ca-8483-478ff3dbfed4,14,2026-07-14_02-25-13.jpg,2026-07-14_02-28-23.jpg,39,39,NEG,,,50,False,
98a18946-6eea-4dea-bc95-cd9ec2a79355,14,2026-07-14_02-28-28.jpg,2026-07-14_02-31-53.jpg,42,42,NEG,,,0,False,
e0468163-2fdf-49dc-826a-cda0b71d0fde,14,2026-07-14_02-31-58.jpg,2026-07-14_02-35-13.jpg,40,40,NEG,,,0,False,
4c1d835c-1eee-4009-9365-d2afca70f2fa,14,2026-07-14_02-35-18.jpg,2026-07-14_02-38-38.jpg,41,41,NEG,,,0,False,
c1dd498a-f088-4e68-8c5f-f28871e61e8a,14,2026-07-14_02-38-43.jpg,2026-07-14_02-41-58.jpg,40,40,NEG,,,0,False,
3fc705fd-b1ed-4a04-9143-a8dcb0cfee47,14,2026-07-14_02-42-03.jpg,2026-07-14_02-45-23.jpg,41,41,NEG,,,50,False,
dc0c14ba-40bd-467d-8ab7-f0c92246412c,14,2026-07-14_02-45-28.jpg,2026-07-14_02-48-43.jpg,40,40,NEG,,,50,False,
ead6ea59-722e-486f-b157-7387e0a29121,14,2026-07-14_02-48-48.jpg,2026-07-14_02-52-08.jpg,41,41,NEG,,,0,False,
f2b52fe1-f619-422f-be93-3329022f4469,14,2026-07-14_02-52-13.jpg,2026-07-14_02-55-28.jpg,40,40,NEG,,,50,False,
2bdd8d89-cfb2-45c0-a369-e34dfd6182fb,14,2026-07-14_02-55-33.jpg,2026-07-14_02-58-53.jpg,41,41,NEG,,,0,False,
f1780899-874b-4cfd-abb6-c573df588573,14,2026-07-14_02-58-58.jpg,2026-07-14_03-02-13.jpg,40,40,NEG,,,0,False,
6f133713-6734-4e90-8769-322c285b3168,14,2026-07-14_03-02-18.jpg,2026-07-14_03-06-13.jpg,48,48,NEG,,,50,False,
85db49e1-c6fc-429f-89ba-df1524884204,14,2026-07-14_03-06-18.jpg,2026-07-14_03-10-13.jpg,48,48,NEG,,,0,False,
666414ce-9b41-45b3-b558-17fd002fe3bf,14,2026-07-14_03-10-18.jpg,2026-07-14_03-14-13.jpg,48,48,NEG,,,0,False,
a67f1f11-d7a8-40af-b2e3-d44056397cbc,14,2026-07-14_03-14-18.jpg,2026-07-14_03-18-13.jpg,48,48,NEG,,,0,False,
5da01077-7567-48a4-98ae-b6c1fc7deb60,14,2026-07-14_03-18-18.jpg,2026-07-14_03-22-13.jpg,48,48,NEG,,,50,False,
7285a2fc-dda9-4773-8f94-f39b9d5794fc,14,2026-07-14_03-22-18.jpg,2026-07-14_03-26-13.jpg,48,48,NEG,,,0,False,
1bdde506-7ee5-478c-926d-380faa7f68b6,14,2026-07-14_03-26-18.jpg,2026-07-14_03-27-48.jpg,19,19,NEG,,,0,False,
3e2a1a73-950f-4394-87c9-f9157974a2f9,14,2026-07-14_03-27-53.jpg,2026-07-14_03-31-23.jpg,43,43,NEG,,,0,False,
742edd6e-c729-431e-b48f-f64d27823323,14,2026-07-14_03-31-28.jpg,2026-07-14_03-34-48.jpg,41,41,TRIG_NOLABEL,,,90,True,
0ae39b20-c0bb-4011-9c93-45dc35e2065d,14,2026-07-14_03-34-53.jpg,2026-07-14_03-38-13.jpg,41,41,NEG,,,50,False,
4ad1276a-9dba-4722-a3c0-4f7ae41e6fda,14,2026-07-14_03-38-18.jpg,2026-07-14_03-41-33.jpg,40,40,NEG,,,0,False,
5d767373-e82b-4d9b-97ad-9a5a6bb74546,14,2026-07-14_03-41-38.jpg,2026-07-14_03-45-03.jpg,42,42,NEG,,,30,False,
ed3e72da-fa8b-4243-948e-108847eea846,14,2026-07-14_03-45-08.jpg,2026-07-14_03-48-18.jpg,39,39,NEG,,,0,False,
b1f07d4c-732f-4637-a1c2-748d8189cf43,14,2026-07-14_03-48-23.jpg,2026-07-14_03-51-48.jpg,42,42,NEG,,,50,False,
1573245f-7979-4e00-8a63-b4e5457a985c,14,2026-07-14_03-51-53.jpg,2026-07-14_03-55-03.jpg,39,39,NEG,,,0,False,
9f4879f2-1d8a-4144-80fd-836c9c693485,14,2026-07-14_03-55-08.jpg,2026-07-14_03-58-33.jpg,42,42,NEG,,,0,False,
6be68ee9-3e41-43e7-a7cf-6b97edfc9732,14,2026-07-14_03-58-38.jpg,2026-07-14_04-01-48.jpg,39,39,NEG,,,60,False,
881cc5c7-ad96-4f98-8668-de3c7d76d865,14,2026-07-14_04-01-53.jpg,2026-07-14_04-05-18.jpg,42,42,NEG,,,0,False,
d8528ca5-821c-4aa4-92e6-e4c5e802b6f6,14,2026-07-14_04-05-23.jpg,2026-07-14_04-08-38.jpg,40,40,NEG,,,50,False,
e382b165-a3fa-4333-8088-49b2cac3e986,14,2026-07-14_04-08-43.jpg,2026-07-14_04-12-03.jpg,41,41,NEG,,,0,False,
bf8117e2-bc37-4431-935d-ad1b5370e472,14,2026-07-14_04-12-08.jpg,2026-07-14_04-15-33.jpg,42,42,NEG,,,50,False,
2b93c987-57e1-4e2b-a01b-64ecd4841537,14,2026-07-14_04-15-38.jpg,2026-07-14_04-19-03.jpg,42,42,TRIG_NOLABEL,,,85,True,
318659de-8486-4836-a896-3e6e2ed0d0a1,14,2026-07-14_04-19-08.jpg,2026-07-14_04-22-28.jpg,41,41,NEG,,,50,False,
43de8af9-7c8c-44d5-a25d-07773c883807,14,2026-07-14_04-22-33.jpg,2026-07-14_04-25-48.jpg,40,40,NEG,,,0,False,
7c1c6112-82eb-414a-8bd3-1d5569612292,14,2026-07-14_04-25-53.jpg,2026-07-14_04-29-13.jpg,41,41,NEG,,,0,False,
d825debb-e04f-4ba2-89bc-1c040b7147d0,14,2026-07-14_04-29-18.jpg,2026-07-14_04-32-33.jpg,40,40,NEG,,,50,False,
f1ad0469-124e-4839-b977-8c1368d78b54,14,2026-07-14_04-32-38.jpg,2026-07-14_04-36-23.jpg,46,46,NEG,,,0,False,
a6d74e19-33a9-412b-8fb1-83b4894dc2da,14,2026-07-14_04-36-28.jpg,2026-07-14_04-39-38.jpg,39,39,NEG,,,50,False,
04c6e76a-eb9d-485a-83ee-6f6ee32682b6,14,2026-07-14_04-39-43.jpg,2026-07-14_04-43-03.jpg,41,41,NEG,,,50,False,
03511108-a6c2-46ed-b385-d651ab43035c,14,2026-07-14_04-43-08.jpg,2026-07-14_04-46-23.jpg,40,40,NEG,,,0,False,
2a1a82d4-1ca3-4918-a698-fb663c08d031,14,2026-07-14_04-46-28.jpg,2026-07-14_04-49-53.jpg,42,42,TRIG_NOLABEL,,,90,True,
09f1b5fe-587a-459a-b18b-a53cfe23c4a6,14,2026-07-14_04-49-58.jpg,2026-07-14_04-53-23.jpg,42,42,NEG,,,50,False,
a335907b-befc-4f9a-8a8c-c715404323fc,14,2026-07-14_04-53-28.jpg,2026-07-14_04-56-43.jpg,40,40,NEG,,,0,False,
21c6d964-7a66-4a38-9777-93c8aba7e1fc,14,2026-07-14_04-56-48.jpg,2026-07-14_05-00-23.jpg,44,44,NEG,,,50,False,
b0aab0ff-4daa-4862-91f3-274773511345,14,2026-07-14_05-00-28.jpg,2026-07-14_05-03-43.jpg,40,40,NEG,,,50,False,
55036674-6bb3-4360-98de-e443a41bd1d7,14,2026-07-14_05-03-48.jpg,2026-07-14_05-07-33.jpg,46,46,NEG,,,0,False,
122c45da-67e3-4c16-9bff-69f0e6fc3069,14,2026-07-14_05-07-38.jpg,2026-07-14_05-11-08.jpg,43,43,NEG,,,50,False,
792c8a7c-5698-4378-ad53-0007404b06a7,14,2026-07-14_05-11-13.jpg,2026-07-14_05-15-08.jpg,48,48,NEG,,,50,False,
d81659c0-f616-43a3-b511-fc7f64bc552b,14,2026-07-14_05-15-13.jpg,2026-07-14_05-18-53.jpg,45,45,NEG,,,0,False,
d1cbd2fc-6507-436b-9391-fed95c782af8,14,2026-07-14_05-18-58.jpg,2026-07-14_05-22-53.jpg,48,48,NEG,,,50,False,
412eb78a-fe4a-4ee9-8330-e171057c5610,14,2026-07-14_05-22-58.jpg,2026-07-14_05-26-48.jpg,47,47,NEG,,,60,False,
f68f8f90-8a05-4500-a934-bea760ccae72,14,2026-07-14_05-26-53.jpg,2026-07-14_05-30-28.jpg,44,44,NEG,,,50,False,
15753af3-1b52-4fb7-a923-32b79d687ca4,14,2026-07-14_05-30-33.jpg,2026-07-14_05-34-23.jpg,47,47,NEG,,,0,False,
74e58dab-ae4c-408f-ae5f-41a85f660855,14,2026-07-14_05-34-28.jpg,2026-07-14_05-38-18.jpg,47,47,NEG,,,0,False,
5d492fcc-79b6-4ea4-bcd1-be512335d829,14,2026-07-14_05-38-23.jpg,2026-07-14_05-41-53.jpg,43,43,NEG,,,0,False,
6c79c504-8159-438f-9e38-035a5035c308,14,2026-07-14_05-41-58.jpg,2026-07-14_05-45-53.jpg,48,48,NEG,,,50,False,
352576cb-d6dd-4384-848a-dea1fa590da2,14,2026-07-14_05-45-58.jpg,2026-07-14_05-49-33.jpg,44,44,NEG,,,0,False,
50ac7c15-76c5-4e5c-b2a0-614d65500f09,14,2026-07-14_05-49-38.jpg,2026-07-14_05-53-28.jpg,47,47,NEG,,,0,False,
bc17c806-6387-40cb-af15-b0b890de7707,14,2026-07-14_05-53-33.jpg,2026-07-14_05-56-58.jpg,42,42,NEG,,,50,False,
06c9058d-24e6-4534-b345-52e35bcd4fb7,14,2026-07-14_05-57-03.jpg,2026-07-14_06-00-38.jpg,44,44,NEG,,,60,False,
ffff2ddf-b60d-4a87-80f4-1a83f45e2066,14,2026-07-14_06-00-43.jpg,2026-07-14_06-04-33.jpg,47,47,NEG,,,0,False,
8750ddfd-a469-4da0-86f6-53de992e6141,14,2026-07-14_06-04-38.jpg,2026-07-14_06-08-33.jpg,48,48,NEG,,,50,False,
f090dbac-6ec9-48d5-99f9-1293e04b8876,14,2026-07-14_06-08-38.jpg,2026-07-14_06-12-34.jpg,48,48,NEG,,,0,False,
186d9cb4-d7c0-4ad3-9c32-7e1540291746,14,2026-07-14_06-12-38.jpg,2026-07-14_06-16-33.jpg,48,48,NEG,,,50,False,
eb5b3d93-931a-4154-b6fa-ac364231faf1,14,2026-07-14_06-16-38.jpg,2026-07-14_06-20-08.jpg,43,43,NEG,,,50,False,
02a82c43-07af-4edf-9fd6-6557ca846943,14,2026-07-14_06-20-14.jpg,2026-07-14_06-23-49.jpg,44,44,NEG,,,0,False,
4332da50-d433-425d-b98e-ba3325368ffa,14,2026-07-14_06-23-54.jpg,2026-07-14_06-27-43.jpg,47,47,NEG,,,0,False,
e92647f6-3de3-41d5-9715-2df9035fd1c3,14,2026-07-14_06-27-48.jpg,2026-07-14_06-31-29.jpg,45,45,NEG,,,50,False,
80e647a0-9c45-4d5c-ab44-800d0af81838,14,2026-07-14_06-31-34.jpg,2026-07-14_06-35-18.jpg,46,46,NEG,,,50,False,
8c9099bd-af83-4362-9c2c-cc9f69c62a67,14,2026-07-14_06-35-24.jpg,2026-07-14_06-39-18.jpg,48,48,NEG,,,0,False,
496a3e06-e8c0-42ff-b541-4f8da4e8897a,14,2026-07-14_06-39-24.jpg,2026-07-14_06-42-58.jpg,44,44,NEG,,,50,False,
efa4c46d-474e-4c89-bd9b-65288f3c10c1,14,2026-07-14_06-43-04.jpg,2026-07-14_06-46-39.jpg,44,44,NEG,,,30,False,
d103afc0-d60f-41bc-ba18-bfce0fd0e8c7,14,2026-07-14_06-46-43.jpg,2026-07-14_06-50-13.jpg,43,43,NEG,,,50,False,
4661cf63-814a-46e1-9342-5a8f83a8bd7c,14,2026-07-14_06-50-18.jpg,2026-07-14_06-54-14.jpg,48,48,NEG,,,50,False,
83779707-52d9-4b37-8af2-44684db209fd,14,2026-07-14_06-54-18.jpg,2026-07-14_06-58-08.jpg,47,47,NEG,,,30,False,
8b937663-f0f6-4c62-a551-1b992db39481,14,2026-07-14_06-58-13.jpg,2026-07-14_07-01-59.jpg,46,46,NEG,,,50,False,
c6c82d9c-11c7-4c04-8819-5d613ca9ee79,14,2026-07-14_07-02-04.jpg,2026-07-14_07-05-34.jpg,43,43,NEG,,,0,False,
56574bb2-5016-4ebb-8492-09814abe76c2,14,2026-07-14_07-05-39.jpg,2026-07-14_07-09-13.jpg,44,44,NEG,,,50,False,
ada4ec38-e525-4cd1-8cd1-f1aaad09ffa4,14,2026-07-14_07-09-18.jpg,2026-07-14_07-13-04.jpg,46,46,NEG,,,50,False,
5de7bafe-e8ac-4b4a-bdbc-c7e6a8644d0b,14,2026-07-14_07-13-09.jpg,2026-07-14_07-17-04.jpg,48,48,NEG,,,0,False,
d0dd9d93-6989-4b40-99fe-eb6842a0d171,14,2026-07-14_07-17-09.jpg,2026-07-14_07-20-44.jpg,44,44,NEG,,,0,False,
69b75ea1-cd5c-411c-8dd6-69221fd231e6,14,2026-07-14_07-20-49.jpg,2026-07-14_07-24-44.jpg,48,48,TRIG_NOLABEL,,,90,True,
588f5ca0-bdf8-40b4-ac6f-54c516a3a570,14,2026-07-14_07-24-49.jpg,2026-07-14_07-28-44.jpg,48,48,NEG,,,50,False,
f755b890-64ca-463f-b7d1-107a1918dbd7,14,2026-07-14_07-28-49.jpg,2026-07-14_07-32-44.jpg,48,48,NEG,,,50,False,
5be1a10c-638f-400e-973e-b73fc11fe646,14,2026-07-14_07-32-49.jpg,2026-07-14_07-36-44.jpg,48,48,NEG,,,50,False,
c22cffe8-50a8-4724-9acb-cb9f85ec99cc,14,2026-07-14_07-36-49.jpg,2026-07-14_07-40-44.jpg,48,48,NEG,,,50,False,
e684ba18-8082-4bc6-bb7c-b8f7ea970c6a,14,2026-07-14_07-40-49.jpg,2026-07-14_07-44-44.jpg,48,48,NEG,,,50,False,
757e1875-e604-4528-8131-8fb23c9cacf1,14,2026-07-14_07-44-49.jpg,2026-07-14_07-48-39.jpg,47,47,TRIG_NOLABEL,,,90,True,
165ede41-b0b9-441f-97a8-5131e077324f,14,2026-07-14_07-48-44.jpg,2026-07-14_07-52-29.jpg,46,46,NEG,,,0,False,
2a4d28d6-2a09-4060-94d2-e24e7717f0e2,14,2026-07-14_07-52-34.jpg,2026-07-14_07-56-14.jpg,45,45,NEG,,,50,False,
7f50baa0-8e26-4b7c-a200-dce2ec4db58b,14,2026-07-14_07-56-19.jpg,2026-07-14_08-00-14.jpg,48,48,NEG,,,0,False,
5bbf2cb5-ecfe-4669-bb36-25b44d482621,14,2026-07-14_08-00-19.jpg,2026-07-14_08-04-09.jpg,47,47,NEG,,,50,False,
f41020dd-99a0-49dc-8097-98872f1f474e,14,2026-07-14_08-04-14.jpg,2026-07-14_08-07-44.jpg,43,43,TRIG_NOLABEL,,,90,True,
b3bc8d19-2056-4466-a793-3cf7d970c68d,14,2026-07-14_08-07-49.jpg,2026-07-14_08-11-44.jpg,48,48,NEG,,,0,False,
95ad471f-d90e-4e09-8557-4039f8d78ef8,14,2026-07-14_08-11-49.jpg,2026-07-14_08-15-39.jpg,47,47,NEG,,,0,False,
f9bc91a9-4693-4b6b-a97c-af917fc57d2f,14,2026-07-14_08-15-44.jpg,2026-07-14_08-19-24.jpg,45,45,NEG,,,50,False,
6879aa2b-6945-48a9-8b85-0cdc2836e4e0,14,2026-07-14_08-19-29.jpg,2026-07-14_08-23-24.jpg,48,48,NEG,,,50,False,
430bc15b-68e6-4d4e-8f7a-5c4b32dc1504,14,2026-07-14_08-23-29.jpg,2026-07-14_08-26-59.jpg,43,43,NEG,,,50,False,
1dfc5610-5ca2-4ed6-9392-15979f3b7fa0,14,2026-07-14_08-27-03.jpg,2026-07-14_08-30-54.jpg,47,47,NEG,,,0,False,
1868705d-716f-4d76-9586-1a1f08136e0c,14,2026-07-14_08-30-59.jpg,2026-07-14_08-34-29.jpg,43,43,NEG,,,30,False,
ef683cf5-3643-414e-9d13-5f6842758a1b,14,2026-07-14_08-34-34.jpg,2026-07-14_08-38-29.jpg,48,48,NEG,,,0,False,
d4eefb13-660e-40b8-8ccd-6b843efcf6fd,14,2026-07-14_08-38-34.jpg,2026-07-14_08-42-29.jpg,48,48,NEG,,,0,False,
bfef6035-258d-41c0-9e15-e747d30397c3,14,2026-07-14_08-42-34.jpg,2026-07-14_08-46-29.jpg,48,48,NEG,,,0,False,
b98adca0-2727-4485-b900-4a144d10fee4,14,2026-07-14_08-46-34.jpg,2026-07-14_08-47-54.jpg,17,17,NEG,,,50,False,
1f0388ad-4c98-4fbd-bb4e-492de3a108a3,14,2026-07-14_08-47-59.jpg,2026-07-14_08-51-49.jpg,47,47,NEG,,,60,False,
013140c5-79a5-4aac-a9f4-f7385fcaa0e2,14,2026-07-14_08-51-54.jpg,2026-07-14_08-55-20.jpg,42,42,NEG,,,50,False,
694799a3-af3a-400c-996f-daf892b58731,14,2026-07-14_08-55-24.jpg,2026-07-14_08-59-19.jpg,48,48,NEG,,,50,False,
6abb77ce-c046-4cb7-a8c3-3476f3593bfc,14,2026-07-14_08-59-24.jpg,2026-07-14_09-03-14.jpg,47,47,TRIG_NOLABEL,,,90,True,
53a681f4-be03-44c7-b7ea-b21a7bb700ac,14,2026-07-14_09-03-19.jpg,2026-07-14_09-07-09.jpg,47,47,NEG,,,50,False,
47c33c23-2a10-41b7-a6ce-65124fb82947,14,2026-07-14_09-07-14.jpg,2026-07-14_09-10-54.jpg,45,45,NEG,,,0,False,
1053945f-1177-4e1f-9741-37179cdf54cb,14,2026-07-14_09-10-59.jpg,2026-07-14_09-14-44.jpg,46,46,NEG,,,0,False,
7cc46b86-67e8-46af-bb2f-dbff83dba6f8,14,2026-07-14_09-14-49.jpg,2026-07-14_09-18-24.jpg,44,44,NEG,,,50,False,
d3cc2204-3590-42d3-ab87-3ce901b4a1d9,14,2026-07-14_09-18-29.jpg,2026-07-14_09-22-24.jpg,48,48,NEG,,,0,False,
d471d5d9-1f07-4f88-94e5-25c144ab0beb,14,2026-07-14_09-22-29.jpg,2026-07-14_09-26-14.jpg,46,46,NEG,,,0,False,
d9dd7ea6-b689-42d0-a424-1f46be1eef02,14,2026-07-14_09-30-04.jpg,2026-07-14_09-30-14.jpg,48,3,NEG,,,60,False,
0d172364-a2fa-458a-8a35-016e525d44f5,14,2026-07-14_09-30-19.jpg,2026-07-14_09-34-14.jpg,48,48,REJ,3346faa0,2026-07-14 09:35:46.592062,90,True,Sem descarte.
82571876-36d4-434e-946f-684c566647ab,14,2026-07-14_09-34-19.jpg,2026-07-14_09-38-14.jpg,48,48,REJ,3346faa0,2026-07-14 09:35:46.592062,90,True,Sem descarte.
84c8fe7e-2352-432c-948f-2951b204c59a,14,2026-07-14_09-38-19.jpg,2026-07-14_09-39-14.jpg,12,12,NEG,,,50,False,
e293ed7b-a41e-4733-bbb1-cf42ecc4432d,14,2026-07-14_09-39-19.jpg,2026-07-14_09-43-14.jpg,48,48,NEG,,,50,False,
474ef3e4-269f-417d-972b-009b6063ee2f,14,2026-07-14_09-43-19.jpg,2026-07-14_09-47-14.jpg,48,48,NEG,,,50,False,
877952fe-54ec-4953-84b6-e8b1e3ee23dc,14,2026-07-14_09-47-19.jpg,2026-07-14_09-51-14.jpg,48,48,NEG,,,50,False,
a33b34cb-8dce-4f21-a9f2-87b160b6384f,14,2026-07-14_09-51-19.jpg,2026-07-14_09-55-09.jpg,47,47,NEG,,,0,False,
cc7af9d8-0d39-4ee1-b70f-bc69af1a6143,14,2026-07-14_09-55-14.jpg,2026-07-14_09-59-09.jpg,48,48,NEG,,,50,False,
55e0fbf1-03ed-4c6d-b4a5-f5c7be0fde4c,14,2026-07-14_09-59-14.jpg,2026-07-14_10-02-55.jpg,45,45,NEG,,,50,False,
3620b474-cb91-4d6c-8225-8955ef95f56a,14,2026-07-14_10-02-59.jpg,2026-07-14_10-06-54.jpg,48,48,NEG,,,50,False,
781e74b9-dac3-4d49-8a05-6a93a140e11b,14,2026-07-14_10-06-59.jpg,2026-07-14_10-10-29.jpg,43,43,TRIG_NOLABEL,,,85,True,
86c5c2dd-abc6-4994-bfdf-9ae00204d9ca,14,2026-07-14_10-10-34.jpg,2026-07-14_10-14-29.jpg,48,48,REJ,0e5f3aa0,2026-07-14 10:15:05.523062,90,True,Sem descarte.
dd072b8c-d6e2-4da2-9006-6b95b61ddd5f,14,2026-07-14_10-14-34.jpg,2026-07-14_10-18-24.jpg,47,47,NEG,,,50,False,
1eb2973e-1afc-43c4-9e08-9441485687bb,14,2026-07-14_10-18-29.jpg,2026-07-14_10-22-19.jpg,47,47,NEG,,,50,False,
078640b5-8a0d-4aff-abbb-f56662615f63,14,2026-07-14_10-22-24.jpg,2026-07-14_10-26-19.jpg,48,48,NEG,,,50,False,
9aa6d083-0dcb-47c1-ad76-b6e45022a868,14,2026-07-14_10-26-24.jpg,2026-07-14_10-30-19.jpg,48,48,NEG,,,0,False,
94641b16-c6bc-4f05-9d2d-74669cd1c81f,14,2026-07-14_10-30-24.jpg,2026-07-14_10-34-09.jpg,46,46,NEG,,,0,False,
dd670eeb-bcd1-4791-b93a-27f22c57ba08,14,2026-07-14_10-34-14.jpg,2026-07-14_10-37-54.jpg,45,45,NEG,,,50,False,
020e5507-b365-4993-ad93-2696d04b4e86,14,2026-07-14_10-37-59.jpg,2026-07-14_10-41-54.jpg,48,48,NEG,,,0,False,
05d7d72a-fde9-44b3-95a5-82e38232162a,14,2026-07-14_10-41-59.jpg,2026-07-14_10-45-54.jpg,48,48,NEG,,,50,False,
65a77ca0-1211-4279-869e-496b3108f306,14,2026-07-14_10-45-59.jpg,2026-07-14_10-49-54.jpg,48,48,NEG,,,0,False,
0d650b4e-77d8-4702-a3a6-42cb227b7a8c,14,2026-07-14_10-49-59.jpg,2026-07-14_10-53-54.jpg,48,48,NEG,,,0,False,
f5cdbc92-26d2-4db8-a8b7-58a25ca51301,14,2026-07-14_10-53-59.jpg,2026-07-14_10-55-14.jpg,16,16,NEG,,,0,False,
f62b1fc6-4091-4a65-8a16-9b21cab3afab,14,2026-07-14_10-55-19.jpg,2026-07-14_10-59-14.jpg,48,48,NEG,,,30,False,
46926b1a-bbe2-49a3-b1ec-a76667d712c8,14,2026-07-14_10-59-19.jpg,2026-07-14_11-03-14.jpg,48,48,NEG,,,50,False,
2ab54128-e4be-4092-b562-ad98bf14c9c2,14,2026-07-14_11-03-19.jpg,2026-07-14_11-07-14.jpg,48,48,NEG,,,50,False,
0afb82bb-571c-4404-b836-49de619067a5,14,2026-07-14_11-07-19.jpg,2026-07-14_11-11-14.jpg,48,48,NEG,,,0,False,
52be9490-b2cb-4569-8b5c-52e878367d54,14,2026-07-14_11-11-18.jpg,2026-07-14_11-15-14.jpg,48,48,NEG,,,0,False,
87138617-582f-47db-8815-42c76f17b273,14,2026-07-14_11-15-19.jpg,2026-07-14_11-19-14.jpg,48,48,NEG,,,0,False,
4e05b751-98f0-4982-95d6-24ec8cc275a6,14,2026-07-14_11-19-19.jpg,2026-07-14_11-23-14.jpg,48,48,NEG,,,50,False,
72dd71bc-907f-4aa6-8583-131275f3b8e2,14,2026-07-14_11-23-19.jpg,2026-07-14_11-27-04.jpg,46,46,TRIG_NOLABEL,,,85,True,
3c9927bd-6ba8-4c18-bb3e-69e1c6150ee4,14,2026-07-14_11-27-09.jpg,2026-07-14_11-31-07.jpg,48,48,NEG,,,50,False,
2399ea4a-ba9a-4134-afc1-a220ef8a6035,14,2026-07-14_11-31-13.jpg,2026-07-14_11-35-00.jpg,47,47,NEG,,,0,False,
7f7741e7-e46e-4ced-b59c-63aef5d1bfb1,14,2026-07-14_11-35-05.jpg,2026-07-14_11-38-39.jpg,44,44,NEG,,,0,False,
5940a70f-42dd-4ec2-ade6-106eec776135,14,2026-07-14_11-38-44.jpg,2026-07-14_11-42-39.jpg,48,48,TRIG_NOLABEL,,,90,True,
ca372288-9a50-4442-b38b-ae787139dc03,14,2026-07-14_11-42-44.jpg,2026-07-14_11-46-35.jpg,47,47,NEG,,,50,False,
b5a0db0d-3206-4332-a85f-2b0d2ed78913,14,2026-07-14_11-46-40.jpg,2026-07-14_11-50-19.jpg,45,45,NEG,,,30,False,
558ca5a8-48d1-4c18-ad6d-064d4a78d35e,14,2026-07-14_11-50-24.jpg,2026-07-14_11-54-04.jpg,45,45,NEG,,,0,False,
7022addf-19f9-40b3-a0e6-83e3f7eedc85,14,2026-07-14_11-54-09.jpg,2026-07-14_11-57-59.jpg,47,47,NEG,,,60,False,
db62ab7e-2565-4add-98b7-a2389daf0868,14,2026-07-14_11-58-04.jpg,2026-07-14_12-01-39.jpg,44,44,NEG,,,50,False,
1aba3952-67e3-46b1-a5df-1bb9b762ce40,14,2026-07-14_12-01-44.jpg,2026-07-14_12-05-15.jpg,43,43,NEG,,,0,False,
086f3fa7-1761-4a17-85a3-b19476738390,14,2026-07-14_12-05-20.jpg,2026-07-14_12-09-09.jpg,47,47,NEG,,,0,False,
cb01ec13-964e-463e-8fa0-43f1dd4d3883,14,2026-07-14_12-09-14.jpg,2026-07-14_12-12-44.jpg,43,43,NEG,,,0,False,
e87aed6e-1c35-45af-9b05-99cf8e1c74cd,14,2026-07-14_12-12-49.jpg,2026-07-14_12-16-24.jpg,44,44,NEG,,,50,False,
f3dc4fe2-a2ea-4841-aa23-c9ab110f0c8b,14,2026-07-14_12-16-29.jpg,2026-07-14_12-20-09.jpg,45,45,NEG,,,50,False,
738bfd66-e152-4bd9-bad3-9930c6cf89f4,14,2026-07-14_12-20-15.jpg,2026-07-14_12-24-11.jpg,48,48,NEG,,,0,False,
b03ec2c3-802b-4d0a-86f1-0f37a267e9a3,14,2026-07-14_12-24-16.jpg,2026-07-14_12-28-02.jpg,45,45,NEG,,,0,False,
1698a8b9-a27d-4481-8f18-32f053485719,14,2026-07-14_12-28-06.jpg,2026-07-14_12-31-54.jpg,48,48,TRIG_NOLABEL,,,90,True,
bb4f9a28-6668-4b65-8f4c-a6ef28942033,14,2026-07-14_12-31-59.jpg,2026-07-14_12-35-55.jpg,48,48,REJ,827530b9,2026-07-14 12:36:49.54577,90,True,Sem descarte.
167a492b-6808-43ef-b8e5-c265671b64e8,14,2026-07-14_12-36-00.jpg,2026-07-14_12-39-54.jpg,48,48,NEG,,,0,False,
f3b72b02-b4f3-4367-b5e2-d362b5116b81,14,2026-07-14_12-39-59.jpg,2026-07-14_12-43-54.jpg,48,48,NEG,,,0,False,
7441d538-8dfd-4c0a-9712-ecd388a5e377,14,2026-07-14_12-43-58.jpg,2026-07-14_12-47-55.jpg,48,48,REJ,7e9ebcc9,2026-07-14 12:48:38.6922,90,True,Limpeza urbana
f93d3d79-0635-412a-8c21-09cd9a019fe3,14,2026-07-14_12-47-59.jpg,2026-07-14_12-51-54.jpg,48,48,NEG,,,0,False,
96424c1a-dc9e-4b0b-b8b3-3c45687c50b1,14,2026-07-14_12-51-59.jpg,2026-07-14_12-55-49.jpg,47,47,NEG,,,50,False,
96621a8f-7c6b-437b-8831-7c65452a294f,14,2026-07-14_12-55-54.jpg,2026-07-14_12-59-34.jpg,45,45,TRIG_NOLABEL,,,90,True,
c0929d5e-e3d7-449d-9579-d5aa5ad9a90d,14,2026-07-14_12-59-39.jpg,2026-07-14_13-03-34.jpg,48,48,TRIG_NOLABEL,,,90,True,
cb4327f3-e555-45c6-b6f8-585cc3083bee,14,2026-07-14_13-03-39.jpg,2026-07-14_13-07-34.jpg,48,48,TRIG_NOLABEL,,,85,True,
9fb595be-cc64-4ce3-81f5-ea15196fe151,14,2026-07-14_13-07-39.jpg,2026-07-14_13-11-34.jpg,48,48,NEG,,,50,False,
9b873e59-4a40-4420-b336-d569aee32ed4,14,2026-07-14_13-11-40.jpg,2026-07-14_13-15-34.jpg,48,48,NEG,,,50,False,
7177f021-6dbe-40f1-9772-8381ccddfe75,14,2026-07-14_13-15-39.jpg,2026-07-14_13-19-34.jpg,48,48,NEG,,,50,False,
7f15e017-e054-4427-b71a-747985d82abe,14,2026-07-14_13-19-39.jpg,2026-07-14_13-23-34.jpg,48,48,NEG,,,0,False,
dfb67811-e3bf-4137-b4bf-25716acc77ca,14,2026-07-14_13-23-39.jpg,2026-07-14_13-27-33.jpg,48,48,NEG,,,50,False,
ce3d1ef1-48b6-42bc-aaa0-6449c32169ba,14,2026-07-14_13-27-39.jpg,2026-07-14_13-31-34.jpg,48,48,NEG,,,50,False,
8d6017f9-e42b-44cb-ad29-fbb80045aea8,14,2026-07-14_13-31-39.jpg,2026-07-14_13-35-34.jpg,48,48,NEG,,,60,False,
8cf94ba0-b59b-44c9-8915-b545aae6e742,14,2026-07-14_13-35-39.jpg,2026-07-14_13-39-34.jpg,48,48,NEG,,,50,False,
659aee49-bd6d-47df-876c-47dd22de7452,14,2026-07-14_13-39-39.jpg,2026-07-14_13-43-29.jpg,47,47,NEG,,,0,False,
44443fdf-d0fc-48e8-a429-13b57c11c140,14,2026-07-14_13-43-34.jpg,2026-07-14_13-47-19.jpg,46,46,NEG,,,0,False,
4e8e0fd6-d47f-44b7-9704-43e7392e76eb,14,2026-07-14_13-47-24.jpg,2026-07-14_13-51-19.jpg,48,48,NEG,,,50,False,
3b34d41c-dea9-4d87-8d56-befd87fd21d2,14,2026-07-14_13-51-24.jpg,2026-07-14_13-55-19.jpg,48,48,NEG,,,0,False,
01ea5f1b-5ecd-4a0c-81bd-4f5dd953ad34,14,2026-07-14_13-55-24.jpg,2026-07-14_13-59-19.jpg,48,48,NEG,,,50,False,
2d752183-775a-4d13-a294-cbdd55c52f56,14,2026-07-14_13-59-24.jpg,2026-07-14_14-03-14.jpg,47,47,NEG,,,0,False,
db5fa523-2ced-4dcc-b6e7-965b2c358ccb,14,2026-07-14_14-03-19.jpg,2026-07-14_14-07-14.jpg,48,48,NEG,,,0,False,
29cbfa40-880e-45c0-9906-520dd2d15205,14,2026-07-14_14-07-19.jpg,2026-07-14_14-10-59.jpg,45,45,NEG,,,50,False,
91d962cf-aadb-4552-94ed-5b95894484ea,14,2026-07-14_14-11-04.jpg,2026-07-14_14-14-39.jpg,44,44,REJ,f1d17331,2026-07-14 14:15:13.763815,85,True,Sem descarte.
b0c6da69-b6da-4d43-ad58-3b1e97fd3f8c,14,2026-07-14_14-14-44.jpg,2026-07-14_14-18-34.jpg,47,47,REJ,f1d17331,2026-07-14 14:15:13.763815,90,True,Sem descarte.
e6eeae0d-eded-4c18-8b68-8dc8f0735f9f,14,2026-07-14_14-18-39.jpg,2026-07-14_14-22-34.jpg,48,48,TRIG_NOLABEL,,,90,True,
33fa7898-9a88-4ce7-9c93-0dcbdb0387ca,14,2026-07-14_14-22-39.jpg,2026-07-14_14-26-34.jpg,48,48,NEG,,,50,False,
3acc8e0b-0891-43f7-8957-2a35fae8f5d7,14,2026-07-14_14-26-39.jpg,2026-07-14_14-30-34.jpg,48,48,NEG,,,50,False,
4b639fdd-af6f-42af-850a-476abae87e07,14,2026-07-14_14-30-39.jpg,2026-07-14_14-34-29.jpg,47,47,NEG,,,50,False,
fb210963-04e5-4dbd-8f88-91efb4e79e07,14,2026-07-14_14-34-34.jpg,2026-07-14_14-38-29.jpg,48,48,NEG,,,50,False,
30103f11-2103-4162-b2f5-440dbfb5700c,14,2026-07-14_14-38-34.jpg,2026-07-14_14-42-14.jpg,45,45,TRIG_NOLABEL,,,90,True,
37bf9f5e-bc4a-4d9a-acfe-2275c2bc2bbd,14,2026-07-14_14-42-19.jpg,2026-07-14_14-46-13.jpg,48,48,REJ,e2f4bd65,2026-07-14 14:47:13.143404,90,True,Sem descarte.
42d3ab9d-0d1f-4c06-9774-f741d69c94c2,14,2026-07-14_14-46-19.jpg,2026-07-14_14-50-15.jpg,48,48,NEG,,,50,False,
2a425953-965e-471b-a8cb-786269565adb,14,2026-07-14_14-50-20.jpg,2026-07-14_14-54-13.jpg,48,48,NEG,,,60,False,
798fe80d-3797-468a-b63f-7a4b31bba880,14,2026-07-14_14-54-19.jpg,2026-07-14_14-58-13.jpg,48,48,TRIG_NOLABEL,,,90,True,
d0e2f72b-c127-452b-af97-5287dc3f6452,14,2026-07-14_14-58-18.jpg,2026-07-14_15-02-14.jpg,48,48,NEG,,,50,False,
33fb83e9-2b21-4725-bba9-9def69fe3758,14,2026-07-14_15-06-19.jpg,2026-07-14_15-07-34.jpg,16,16,TRIG_NOLABEL,,,90,True,
e9e83641-4733-470a-8577-3199aef1d3db,14,2026-07-14_15-02-19.jpg,2026-07-14_15-06-14.jpg,48,48,NEG,,,50,False,
ed807aca-c413-4310-8b1d-384e86cb2556,14,2026-07-14_15-07-39.jpg,2026-07-14_15-11-34.jpg,48,48,NEG,,,50,False,
56db5e7d-ad0d-4707-a138-c2b1279cd149,14,2026-07-14_15-11-39.jpg,2026-07-14_15-15-34.jpg,48,48,REJ,64872366,2026-07-14 15:16:51.375756,90,True,Sem descarte.
9a4f5781-8bc1-4d77-b900-9be5c8788206,14,2026-07-14_15-15-39.jpg,2026-07-14_15-19-34.jpg,48,48,NEG,,,0,False,
1b7043c9-09c0-4af4-9e70-655b2eff497c,14,2026-07-14_15-19-39.jpg,2026-07-14_15-23-34.jpg,48,48,NEG,,,50,False,
f223144a-7920-476d-b9b0-89654af3b6a4,14,2026-07-14_15-23-39.jpg,2026-07-14_15-27-34.jpg,48,48,NEG,,,0,False,
5723bb77-ab06-4f14-b5d4-28a4969a0a85,14,2026-07-14_15-27-39.jpg,2026-07-14_15-31-34.jpg,48,48,REJ,73f4c702,2026-07-14 15:32:19.363438,85,True,Sem descarte.
10a0fa52-dfdc-43cf-ac74-d6b5064224ef,14,2026-07-14_15-31-39.jpg,2026-07-14_15-35-34.jpg,48,48,NEG,,,40,False,
88bbf359-4382-466d-992d-b069de7a1518,14,2026-07-14_15-35-39.jpg,2026-07-14_15-39-35.jpg,48,48,NEG,,,50,False,
106a2ea1-285f-489a-97bb-1919a6683a91,14,2026-07-14_15-39-40.jpg,2026-07-14_15-43-35.jpg,48,48,NEG,,,50,False,
80533952-af4a-4901-8caf-69bd53714321,14,2026-07-14_15-43-39.jpg,2026-07-14_15-47-34.jpg,48,48,NEG,,,0,False,
03a84358-0b32-475e-88f6-8f4c71e3484c,14,2026-07-14_15-47-39.jpg,2026-07-14_15-51-34.jpg,48,48,REJ,bff021bc,2026-07-14 15:52:44.360664,90,True,Sem descarte.
48b45715-c7db-4368-9a08-d64fd34dc55c,14,2026-07-14_15-51-38.jpg,2026-07-14_15-55-34.jpg,48,48,REJ,bff021bc,2026-07-14 15:52:44.360664,90,True,Sem descarte.
15097086-05a2-4866-9b3e-69bdaf85b30d,14,2026-07-14_15-55-39.jpg,2026-07-14_15-59-34.jpg,48,48,NEG,,,0,False,
f089de0c-6a02-406e-aefc-77b5d486f546,14,2026-07-14_15-59-39.jpg,2026-07-14_16-03-34.jpg,48,48,NEG,,,50,False,
ae83b4a8-4737-4e3e-9e0a-e078ca3c1aec,14,2026-07-14_16-03-39.jpg,2026-07-14_16-07-34.jpg,48,48,NEG,,,50,False,
f03fbca6-c4c6-4675-9ff6-60abb0102555,14,2026-07-14_16-07-39.jpg,2026-07-14_16-09-54.jpg,28,28,NEG,,,50,False,
26a228eb-556d-4003-a59c-030677b54ab4,14,2026-07-14_16-09-59.jpg,2026-07-14_16-13-54.jpg,48,48,PENDENTE,376bddb7,2026-07-14 16:17:29.723714,90,True,
9188624d-c6f4-45ae-9e6d-789ff7749aa4,14,2026-07-14_16-13-59.jpg,2026-07-14_16-16-54.jpg,36,36,NEG,,,30,False,
c91f8bc1-f931-4ba3-ba70-1a43a737b641,14,2026-07-14_16-16-59.jpg,2026-07-14_16-20-54.jpg,48,48,PENDENTE,376bddb7,2026-07-14 16:17:29.723714,90,True,
5d582f27-9ebf-4695-8d92-373d6d1e63bc,14,2026-07-14_16-20-59.jpg,2026-07-14_16-23-14.jpg,28,28,NEG,,,50,False,
3e313e34-9c4a-4573-8c81-e7dbbdb8a9fe,14,2026-07-14_16-23-19.jpg,2026-07-14_16-27-14.jpg,48,48,NEG,,,0,False,
f445375b-3514-4bd2-9ac9-ab4b17d24634,14,2026-07-14_16-27-19.jpg,2026-07-14_16-29-09.jpg,23,23,NEG,,,0,False,
61a8797a-9952-4051-9077-c0b5e8feac47,14,2026-07-14_16-29-14.jpg,2026-07-14_16-33-09.jpg,48,48,NEG,,,50,False,
310fd6d6-532a-4e4d-b19d-1a59fb3585c9,14,2026-07-14_16-33-14.jpg,2026-07-14_16-35-04.jpg,23,23,NEG,,,50,False,
e5109aac-2835-47c7-bc84-30ab4373315d,14,2026-07-14_16-35-09.jpg,2026-07-14_16-39-04.jpg,48,48,NEG,,,50,False,
aaa69c45-cfd8-4834-a3dc-b022ba0b74dc,14,2026-07-14_16-39-10.jpg,2026-07-14_16-40-04.jpg,12,12,NEG,,,0,False,
97d679a8-17ac-4f9f-9044-e4a20766f431,14,2026-07-14_16-40-09.jpg,2026-07-14_16-44-05.jpg,48,48,PENDENTE,cf7fbf8c,2026-07-14 16:45:42.664731,85,True,
2c017bed-e9b8-4217-99d2-d7c8336a4f3a,14,2026-07-14_16-44-10.jpg,2026-07-14_16-48-04.jpg,48,48,NEG,,,0,False,
618a6e48-9298-42ac-b4fb-a9c839b00603,14,2026-07-14_16-48-09.jpg,2026-07-14_16-49-39.jpg,19,19,NEG,,,0,False,
83c77c0c-4124-4a92-9e05-397618b54616,14,2026-07-14_16-49-44.jpg,2026-07-14_16-53-39.jpg,48,48,NEG,,,60,False,
918675aa-5f95-4793-8716-cc989f1dfda5,14,2026-07-14_16-53-44.jpg,2026-07-14_16-57-39.jpg,48,48,TRIG_NOLABEL,,,85,True,
4cdba41e-6777-47e7-bcb8-68406f26f222,14,2026-07-14_16-57-44.jpg,2026-07-14_17-01-39.jpg,48,48,NEG,,,50,False,
46cd85ae-8d22-4c90-9e78-863f5552c9bf,14,2026-07-14_17-01-44.jpg,2026-07-14_17-03-24.jpg,21,21,NEG,,,50,False,
facdbe7f-a382-4f19-8eba-ceee2ae45c6d,14,2026-07-14_17-03-29.jpg,2026-07-14_17-07-24.jpg,48,48,NEG,,,50,False,
10bdd5f7-9bba-43d4-8ce6-4b6fe617dcfa,14,2026-07-14_17-07-29.jpg,2026-07-14_17-11-24.jpg,48,48,NEG,,,50,False,
4e7d218d-7d0c-47de-a5a2-5cb1e8abc754,14,2026-07-14_17-11-29.jpg,2026-07-14_17-12-34.jpg,14,14,NEG,,,50,False,
49b23044-0fb9-44bb-b9c8-a0c13bde1ffb,14,2026-07-14_17-12-39.jpg,2026-07-14_17-16-34.jpg,48,48,NEG,,,50,False,
512089d1-409f-4669-9ff3-7229e9c1aee7,14,2026-07-14_17-16-39.jpg,2026-07-14_17-20-34.jpg,48,48,PENDENTE,b70f7d29,2026-07-14 17:22:53.004325,90,True,
d8216add-bfb0-4a55-85e6-96df4c689ade,14,2026-07-14_17-20-38.jpg,2026-07-14_17-22-03.jpg,18,18,NEG,,,60,False,
ad32a5d9-0243-4b86-8d9e-cd1c4c305f5a,14,2026-07-14_17-22-08.jpg,2026-07-14_17-26-07.jpg,48,48,NEG,,,50,False,
30e3fdfa-5f55-4751-bd81-4425958159a8,14,2026-07-14_17-26-11.jpg,2026-07-14_17-28-09.jpg,25,25,NEG,,,55,False,
b86eb205-dd27-4fe6-a4eb-2d563a76cdbc,14,2026-07-14_17-28-13.jpg,2026-07-14_17-32-08.jpg,48,48,TRIG_NOLABEL,,,90,True,
8cde7e1f-dd1c-4da7-83b4-f4a872dfed9f,14,2026-07-14_17-32-13.jpg,2026-07-14_17-33-08.jpg,12,12,PENDENTE,72a0dc3c,2026-07-14 17:34:10.593066,85,True,
4b5c5291-f0e5-421d-a211-871d79876dba,14,2026-07-14_17-33-13.jpg,2026-07-14_17-37-08.jpg,48,48,PENDENTE,72a0dc3c,2026-07-14 17:34:10.593066,90,True,
0911c1d5-386b-450b-816b-064f3278da79,14,2026-07-14_17-37-13.jpg,2026-07-14_17-39-03.jpg,23,23,NEG,,,50,False,
6e5b0ce9-3f1e-422c-9637-aafe6831b5f2,14,2026-07-14_17-39-08.jpg,2026-07-14_17-43-03.jpg,48,48,NEG,,,50,False,
c5efd8fd-9989-4e69-a425-be7a15713b7d,14,2026-07-14_17-43-08.jpg,2026-07-14_17-44-43.jpg,20,20,NEG,,,50,False,
ccbaa0d4-6de1-4c9f-81fe-5ac4d8d0aa5c,14,2026-07-14_17-44-48.jpg,2026-07-14_17-48-43.jpg,48,48,NEG,,,50,False,
7d7fb765-3d83-42ed-9f58-c7900f935d3e,14,2026-07-14_17-48-48.jpg,2026-07-14_17-49-43.jpg,12,12,NEG,,,0,False,
9f367b84-349e-4069-b226-686db0215413,14,2026-07-14_17-49-48.jpg,2026-07-14_17-53-43.jpg,48,48,NEG,,,50,False,
2bc3c62d-4e49-4359-8c45-21f4f60cafc2,14,2026-07-14_17-53-48.jpg,2026-07-14_17-57-43.jpg,48,48,NEG,,,0,False,
2f155a1b-c4db-4c76-8541-da90a17c4751,14,2026-07-14_17-57-48.jpg,2026-07-14_17-58-58.jpg,15,15,NEG,,,50,False,
f8329adf-053a-4ea9-85c6-5f170e76c188,14,2026-07-14_17-59-04.jpg,2026-07-14_18-02-59.jpg,48,48,NEG,,,50,False,
4783cd55-254b-496a-8e21-2574d9de0c1b,14,2026-07-14_18-03-03.jpg,2026-07-14_18-06-58.jpg,48,48,NEG,,,50,False,
91ad5019-176c-48e1-8695-b40ed5eda0f1,14,2026-07-14_18-07-04.jpg,2026-07-14_18-11-00.jpg,48,48,NEG,,,50,False,
8fbb2836-096e-4750-9892-296d9244b875,14,2026-07-14_18-11-05.jpg,2026-07-14_18-14-59.jpg,48,48,NEG,,,50,False,
e21df135-25bc-4ab6-838d-123c4b8023e2,14,2026-07-14_18-15-04.jpg,2026-07-14_18-18-58.jpg,48,48,PENDENTE,dc7fedea,2026-07-14 18:20:21.302672,90,True,
5a19c673-0d18-4954-b762-c8857fd1f238,14,2026-07-14_18-19-04.jpg,2026-07-14_18-22-59.jpg,48,48,NEG,,,50,False,
8398c562-9c97-4a75-821a-8d3fb796fc3c,14,2026-07-14_18-23-03.jpg,2026-07-14_18-23-58.jpg,12,12,NEG,,,50,False,
1da1b9b1-6e1f-433a-a7d9-d39980c04c42,14,2026-07-14_18-24-03.jpg,2026-07-14_18-27-58.jpg,48,48,NEG,,,50,False,
d986498e-82e2-4017-b2c4-b10985624f7f,14,2026-07-14_18-28-03.jpg,2026-07-14_18-31-58.jpg,48,48,NEG,,,0,False,
5d619eba-6b20-46f3-9e87-1463bbc6063e,14,2026-07-14_18-32-03.jpg,2026-07-14_18-35-58.jpg,48,48,PENDENTE,6e4b9cca,2026-07-14 18:36:56.382822,90,True,
07eca973-db2b-4b2c-a693-626efc9bb584,14,2026-07-14_18-36-03.jpg,2026-07-14_18-39-58.jpg,48,48,NEG,,,50,False,
fdb6cf63-2511-41c6-8257-2d82036e17d9,14,2026-07-14_18-40-03.jpg,2026-07-14_18-40-58.jpg,12,12,NEG,,,50,False,
05faa999-e43b-49b3-92a3-62b49f03459e,14,2026-07-14_18-41-03.jpg,2026-07-14_18-44-58.jpg,48,48,NEG,,,50,False,
9a70befe-519b-443c-953c-2174bdcb5d2f,14,2026-07-14_18-45-03.jpg,2026-07-14_18-48-58.jpg,48,48,NEG,,,50,False,
a98e1d8c-185f-42fd-88e0-43b74efd4b75,14,2026-07-14_18-49-03.jpg,2026-07-14_18-52-58.jpg,48,48,REJ,5af21568,2026-07-14 18:54:14.480168,85,True,"Sem descarte, apenas movimentação de catadores de recicláveis."
4417f8b2-f8c0-449e-80e4-080e1324e7a1,14,2026-07-14_18-53-03.jpg,2026-07-14_18-56-58.jpg,48,48,REJ,5af21568,2026-07-14 18:54:14.480168,90,True,"Sem descarte, apenas movimentação de catadores de recicláveis."
3b5e0423-d73a-4537-a728-182d51398a4a,14,2026-07-14_18-57-03.jpg,2026-07-14_18-57-58.jpg,12,12,TRIG_NOLABEL,,,90,True,
50ee125f-955a-4250-a109-ba95bb94caaa,14,2026-07-14_18-58-04.jpg,2026-07-14_19-01-58.jpg,48,48,NEG,,,50,False,
023d30ce-2a78-416d-90a9-4ed2335f206b,14,2026-07-14_19-02-03.jpg,2026-07-14_19-05-58.jpg,48,48,REJ,99fda33a,2026-07-14 19:07:01.082166,90,True,Sem descarte.
c2f38a5e-3e94-404d-8866-1121d0c8e9fb,14,2026-07-14_19-06-03.jpg,2026-07-14_19-09-58.jpg,48,48,NEG,,,50,False,
82a4e495-0979-4999-92bb-512840372acb,14,2026-07-14_19-10-03.jpg,2026-07-14_19-13-58.jpg,48,48,TRIG_NOLABEL,,,90,True,
f6547c79-ac27-4ad1-8c7c-5935b2122085,14,2026-07-14_19-14-03.jpg,2026-07-14_19-17-58.jpg,48,48,NEG,,,50,False,
9e8757a2-11b5-414c-8819-f91b536981ba,14,2026-07-14_19-18-03.jpg,2026-07-14_19-19-23.jpg,14,14,NEG,,,50,False,
a61043b3-1f19-4a1c-beed-6bdde6f3c429,14,2026-07-14_19-19-28.jpg,2026-07-14_19-23-25.jpg,48,48,NEG,,,0,False,
9a6be572-e667-47a8-b89a-7cebae9ec104,14,2026-07-14_19-23-28.jpg,2026-07-14_19-27-24.jpg,48,48,NEG,,,50,False,
19f39399-b073-4624-a6be-8fc0ecc83263,14,2026-07-14_19-27-29.jpg,2026-07-14_19-31-24.jpg,48,48,NEG,,,50,False,
1ff32a04-b1c1-42f9-8730-b1b518a4575c,14,2026-07-14_19-31-30.jpg,2026-07-14_19-35-23.jpg,48,48,NEG,,,50,False,
709a86f6-83fd-4692-8f73-0aef003a0090,14,2026-07-14_19-35-29.jpg,2026-07-14_19-39-24.jpg,48,48,NEG,,,50,False,
8a36fbf5-88ac-4b81-bfdf-abc402826cb9,14,2026-07-14_19-39-29.jpg,2026-07-14_19-40-28.jpg,13,13,NEG,,,50,False,
e85ad15a-230d-47d2-aa7c-daa3313b853d,14,2026-07-14_19-40-33.jpg,2026-07-14_19-44-29.jpg,48,48,REJ,a9effe0f,2026-07-14 19:45:04.141421,85,True,Sem descarte.
4b351286-7116-4933-b780-179a570113d0,14,2026-07-14_19-44-35.jpg,2026-07-14_19-48-28.jpg,48,48,NEG,,,0,False,
128880d0-09f9-4ddd-b58c-3df4a34c0fc8,14,2026-07-14_19-48-33.jpg,2026-07-14_19-52-28.jpg,48,48,NEG,,,50,False,
3666fc4c-c613-4067-9b1f-868944cb727e,14,2026-07-14_19-52-33.jpg,2026-07-14_19-56-28.jpg,48,48,REJ,2a98f2bd,2026-07-14 19:57:40.619848,90,True,Sem descarte.
dc30ebdc-1891-4db9-8c3f-b9223fe55433,14,2026-07-14_19-56-33.jpg,2026-07-14_20-00-28.jpg,48,48,NEG,,,50,False,
44d20213-0ffc-4f88-91bb-97cd9bc2dabe,14,2026-07-14_20-00-33.jpg,2026-07-14_20-04-28.jpg,48,48,REJ,2a98f2bd,2026-07-14 19:57:40.619848,90,True,Sem descarte.
a677b305-7e6c-4642-9a99-735444ee7c74,14,2026-07-14_20-04-33.jpg,2026-07-14_20-05-53.jpg,14,14,REJ,2a98f2bd,2026-07-14 19:57:40.619848,90,True,Sem descarte.
4e7e2859-5332-430e-b350-31f1ecdf43a8,14,2026-07-14_20-05-58.jpg,2026-07-14_20-09-53.jpg,48,48,NEG,,,0,False,
cd746514-c08a-4404-b177-373b046c0181,14,2026-07-14_20-09-58.jpg,2026-07-14_20-11-08.jpg,15,15,NEG,,,0,False,
06306f82-992f-4e9b-bdbc-9bacffc5481c,14,2026-07-14_20-11-13.jpg,2026-07-14_20-15-08.jpg,48,48,NEG,,,50,False,
f8899639-2454-4cfa-8c71-5bd5fb228419,14,2026-07-14_20-15-13.jpg,2026-07-14_20-19-09.jpg,48,48,NEG,,,60,False,
b3e2cae3-51a8-445d-8cec-7f022d1e3f5b,14,2026-07-14_20-19-13.jpg,2026-07-14_20-23-08.jpg,48,48,NEG,,,50,False,
b326b1be-de9f-4103-90a1-35b521e6822d,14,2026-07-14_20-23-13.jpg,2026-07-14_20-27-08.jpg,48,48,NEG,,,60,False,
3236429c-21f3-4ace-a587-6ba707dc976b,14,2026-07-14_20-27-13.jpg,2026-07-14_20-28-28.jpg,16,16,NEG,,,50,False,
61f3b19d-a72e-4908-bb70-4fbd8ec522ee,14,2026-07-14_20-28-33.jpg,2026-07-14_20-32-28.jpg,48,48,NEG,,,50,False,
a6e8f32d-efbd-4408-9772-3614bf40627f,14,2026-07-14_20-32-33.jpg,2026-07-14_20-36-23.jpg,47,47,NEG,,,0,False,
c1f6dabc-73ce-402d-85ab-b2eb101eefe1,14,2026-07-14_20-36-28.jpg,2026-07-14_20-40-13.jpg,46,46,REJ,40c7ceda,2026-07-14 20:40:37.39131,90,True,Sem descarte.
7f83f9dd-88b0-48f2-939b-e38e49a3deac,14,2026-07-14_20-40-18.jpg,2026-07-14_20-44-10.jpg,47,47,NEG,,,50,False,
1a499e01-18ee-493e-9a8c-57a83c9a3c96,14,2026-07-14_20-44-14.jpg,2026-07-14_20-47-59.jpg,46,46,NEG,,,60,False,
f910201b-53cb-4289-a1d0-c535653042ed,14,2026-07-14_20-48-04.jpg,2026-07-14_20-51-59.jpg,48,48,NEG,,,50,False,
4123946d-e93f-4fc3-a86e-79c3f103d8de,14,2026-07-14_20-52-03.jpg,2026-07-14_20-55-44.jpg,45,45,NEG,,,0,False,
2db042ed-3759-4fc6-bb69-9cd735a431ab,14,2026-07-14_20-55-50.jpg,2026-07-14_20-59-34.jpg,46,46,NEG,,,0,False,
5f6a9b0b-08e0-4f36-b7ad-53dc3418ef90,14,2026-07-14_20-59-39.jpg,2026-07-14_21-03-14.jpg,44,44,NEG,,,50,False,
4932ece5-124c-4eb2-9544-928102f6a2d9,14,2026-07-14_21-03-19.jpg,2026-07-14_21-07-10.jpg,47,47,NEG,,,50,False,
2e60c570-813c-4215-8ad0-db666ef1794a,14,2026-07-14_21-07-14.jpg,2026-07-14_21-11-08.jpg,48,48,NEG,,,50,False,
75808097-f247-4016-9942-814312d1346b,14,2026-07-14_21-11-13.jpg,2026-07-14_21-15-08.jpg,48,48,NEG,,,50,False,
593c5ca8-c31a-4c0e-b672-28616e680f22,14,2026-07-14_21-15-13.jpg,2026-07-14_21-19-08.jpg,48,48,NEG,,,0,False,
babda747-d5ce-4fc5-9823-228d873f0771,14,2026-07-14_21-19-13.jpg,2026-07-14_21-23-08.jpg,48,48,NEG,,,50,False,
0eaddc83-7e39-499e-8f36-fdf175a9a22e,14,2026-07-14_21-23-13.jpg,2026-07-14_21-27-08.jpg,48,48,NEG,,,50,False,
7902fcae-5da8-4a30-b15c-15a7d9fdbb06,14,2026-07-14_21-27-13.jpg,2026-07-14_21-31-08.jpg,48,48,NEG,,,0,False,
1015d044-bc79-42b0-83e5-efe57c602154,14,2026-07-14_21-31-13.jpg,2026-07-14_21-35-08.jpg,48,48,NEG,,,50,False,
6b13dfd4-d5e0-4b36-9c1a-feda475770db,14,2026-07-14_21-35-13.jpg,2026-07-14_21-36-28.jpg,16,16,NEG,,,50,False,
aa601e82-2847-4f83-828e-14e75a438e29,14,2026-07-14_21-36-33.jpg,2026-07-14_21-40-28.jpg,48,48,NEG,,,50,False,
2be1b13f-14e0-4284-b6b4-931822489d3b,14,2026-07-14_21-40-33.jpg,2026-07-14_21-44-28.jpg,48,48,REJ,d4a6fe7b,2026-07-14 21:45:42.171777,90,True,Sem descarte.
34f27e8e-012c-4b8a-933e-02b671513c3c,14,2026-07-14_21-44-33.jpg,2026-07-14_21-48-29.jpg,48,48,NEG,,,50,False,
caf0d4c4-c196-4fa7-9ffa-07b95230960f,14,2026-07-14_21-48-33.jpg,2026-07-14_21-49-28.jpg,12,12,NEG,,,0,False,
b8ff0bcf-8085-434f-9d02-2aac3a8f2487,14,2026-07-14_21-49-33.jpg,2026-07-14_21-53-28.jpg,48,48,TRIG_NOLABEL,,,90,True,
c78d8d38-6d76-4557-a012-a472b2212859,14,2026-07-14_21-53-33.jpg,2026-07-14_21-57-28.jpg,48,48,NEG,,,0,False,
38dfa7af-36d2-4ebe-875b-d8cfa85bc74c,14,2026-07-14_21-57-33.jpg,2026-07-14_22-01-28.jpg,48,48,NEG,,,50,False,
37c5d217-7eb6-4eee-a08e-d1932c2b79a2,14,2026-07-14_22-01-33.jpg,2026-07-14_22-05-29.jpg,48,48,NEG,,,50,False,
cf51b285-90f6-4c43-87ed-bdae9a299447,14,2026-07-14_22-05-35.jpg,2026-07-14_22-09-30.jpg,48,48,REJ,93ebfd5c,2026-07-14 22:10:49.212085,90,True,Se descarte.
c285abe4-6252-4ba3-92fb-46d481a3a78f,14,2026-07-14_22-09-35.jpg,2026-07-14_22-13-28.jpg,48,48,NEG,,,50,False,
9311bc72-a17d-42ce-9a81-71a3c4a3dff1,14,2026-07-14_22-13-34.jpg,2026-07-14_22-14-33.jpg,13,13,NEG,,,50,False,
e5d4d200-af14-40bd-a054-6db111775635,14,2026-07-14_22-14-38.jpg,2026-07-14_22-18-34.jpg,48,48,NEG,,,50,False,
19bc0acc-3474-4fff-a9ed-25f288c5c64c,14,2026-07-14_22-18-39.jpg,2026-07-14_22-22-34.jpg,48,48,NEG,,,0,False,
f87297e5-7008-4924-98c4-32225a38465c,14,2026-07-14_22-22-38.jpg,2026-07-14_22-26-34.jpg,48,48,NEG,,,0,False,
16175aee-8472-4fb0-83d6-e7ad27030fc3,14,2026-07-14_22-26-39.jpg,2026-07-14_22-30-33.jpg,48,48,REJ,acf50b89,2026-07-14 22:31:58.619931,90,True,Sem descarte.
5e4c9f5b-9ed8-4301-96d0-ccab845a2610,14,2026-07-14_22-30-38.jpg,2026-07-14_22-31-34.jpg,12,12,NEG,,,0,False,
f9492e10-30a5-42e6-afb4-cc3efe6d1f55,14,2026-07-14_22-31-39.jpg,2026-07-14_22-35-33.jpg,48,48,NEG,,,50,False,
b28aaca3-d701-41ad-9031-35cc2bcc391a,14,2026-07-14_22-35-38.jpg,2026-07-14_22-39-33.jpg,48,48,NEG,,,0,False,
ed0afd11-efae-448a-a1ba-a930897d0ef9,14,2026-07-14_22-39-38.jpg,2026-07-14_22-43-33.jpg,48,48,NEG,,,50,False,
fa5278a9-7bd6-4a52-8d1c-436792342ea0,14,2026-07-14_22-43-38.jpg,2026-07-14_22-47-33.jpg,48,48,NEG,,,50,False,
e81e54f2-d6d9-49f1-8702-c827ccd01cb1,14,2026-07-14_22-47-38.jpg,2026-07-14_22-51-33.jpg,48,48,NEG,,,0,False,
b1474933-34c6-4fc9-b650-eb3870390479,14,2026-07-14_22-51-38.jpg,2026-07-14_22-55-33.jpg,48,48,REJ,5c785c50,2026-07-14 22:56:15.066741,85,True,Sem flagrante de descarte.
b5c4b40e-bfc1-491b-a180-84b8b58971d9,14,2026-07-14_22-55-38.jpg,2026-07-14_22-59-33.jpg,48,48,NEG,,,0,False,
f229ec1a-43e4-40c8-8d69-59273766c974,14,2026-07-14_22-59-38.jpg,2026-07-14_23-03-33.jpg,48,48,NEG,,,50,False,
0128b671-9505-44dc-a000-21bcf401a5e4,14,2026-07-14_23-03-38.jpg,2026-07-14_23-07-13.jpg,44,44,NEG,,,50,False,
026651c3-370f-4e5a-991c-ac42db81f571,14,2026-07-14_23-07-18.jpg,2026-07-14_23-10-53.jpg,44,44,REJ,c58d4af1,2026-07-14 23:11:15.053453,90,True,Sem flagrante de descarte.
7d9d2b20-1a80-41d4-bde9-bdfc3e472cc0,14,2026-07-14_23-10-58.jpg,2026-07-14_23-14-48.jpg,47,47,REJ,c58d4af1,2026-07-14 23:11:15.053453,90,True,Sem flagrante de descarte.
517a23d3-09e4-4149-852b-bd8d4ee829b6,14,2026-07-14_23-14-53.jpg,2026-07-14_23-18-48.jpg,48,48,REJ,c58d4af1,2026-07-14 23:11:15.053453,90,True,Sem flagrante de descarte.
0c2c1b5a-6e77-4fc1-8081-ffc673c4c0be,14,2026-07-14_23-18-53.jpg,2026-07-14_23-22-48.jpg,48,48,NEG,,,50,False,
2f4ff08d-eccc-4ed1-842d-47af9bccdc1b,14,2026-07-14_23-22-53.jpg,2026-07-14_23-26-49.jpg,48,48,NEG,,,50,False,
ee07c63f-4f47-4f43-85ab-b5c79a79bf51,14,2026-07-14_23-26-53.jpg,2026-07-14_23-30-49.jpg,48,48,TRIG_NOLABEL,,,90,True,
234494c2-2c24-4817-aee6-e89b06b137f6,14,2026-07-14_23-30-54.jpg,2026-07-14_23-34-28.jpg,44,44,TRIG_NOLABEL,,,85,True,
a643de22-8d6e-49f7-a47e-1e9ac0621eee,14,2026-07-14_23-34-35.jpg,2026-07-14_23-38-29.jpg,48,48,REJ,c3ca4024,2026-07-14 23:39:14.894842,90,True,Sem flagrante de descarte.
4d2c9634-33ac-4ed7-9c5c-327ffa65223d,14,2026-07-14_23-38-34.jpg,2026-07-14_23-42-29.jpg,48,48,NEG,,,50,False,
0eefe239-a591-4609-ae01-c3dc16cf9926,14,2026-07-14_23-42-35.jpg,2026-07-14_23-46-29.jpg,48,48,NEG,,,50,False,
616a7b40-74a4-4971-8680-b16082fb89fb,14,2026-07-14_23-46-36.jpg,2026-07-14_23-50-23.jpg,47,47,NEG,,,0,False,
872cfed2-f0ba-43a7-9295-35d66ead7e83,14,2026-07-14_23-50-29.jpg,2026-07-14_23-53-53.jpg,42,42,NEG,,,50,False,
c56ed0a1-0f71-4e40-8c4b-7454f5c615e2,14,2026-07-14_23-53-58.jpg,2026-07-14_23-57-53.jpg,48,48,NEG,,,0,False,
5aabb680-db5e-4b18-b87c-d7ab7264951c,15,2026-07-14_23-57-58.jpg,2026-07-15_00-01-53.jpg,48,48,NEG,,,60,False,
18dae8f6-5046-460e-8aae-83070c5d35d5,15,2026-07-15_00-01-58.jpg,2026-07-15_00-05-48.jpg,47,47,NEG,,,0,False,
a1b92041-b9cc-49ab-b02f-c2f91d158d40,15,2026-07-15_00-05-53.jpg,2026-07-15_00-09-29.jpg,44,44,NEG,,,50,False,
e9ed0d15-cb84-459d-abc2-27eecb505945,15,2026-07-15_00-09-33.jpg,2026-07-15_00-13-28.jpg,48,48,NEG,,,0,False,
0fdb7bad-29c5-40ef-ac9e-9811bd9f7733,15,2026-07-15_00-13-33.jpg,2026-07-15_00-17-13.jpg,45,45,NEG,,,0,False,
026b3b22-7913-4342-8c53-fd67fd62c69c,15,2026-07-15_00-17-18.jpg,2026-07-15_00-20-48.jpg,43,43,NEG,,,50,False,
7d7b44f8-8a9c-408e-983e-69225c8abee6,15,2026-07-15_00-20-53.jpg,2026-07-15_00-24-28.jpg,44,44,NEG,,,50,False,
e7542767-1b2d-4fd7-8cbe-0e83f7da1c7c,15,2026-07-15_00-24-33.jpg,2026-07-15_00-28-23.jpg,47,47,NEG,,,0,False,
15c977b7-e285-4b2d-adb6-27b36b30cc2d,15,2026-07-15_00-28-28.jpg,2026-07-15_00-32-03.jpg,44,44,NEG,,,50,False,
0a971db1-850d-4c2e-a559-57646ee68bf6,15,2026-07-15_00-32-08.jpg,2026-07-15_00-36-03.jpg,48,48,NEG,,,0,False,
9c0aa77a-dbbe-495b-a1b1-3794a2677b05,15,2026-07-15_00-36-08.jpg,2026-07-15_00-40-03.jpg,48,48,NEG,,,50,False,
5d521f04-a521-40dc-9ba8-6e3215378da6,15,2026-07-15_00-40-08.jpg,2026-07-15_00-43-58.jpg,47,47,NEG,,,0,False,
7f8c47d2-9316-4ce0-a174-71919af7ffe0,15,2026-07-15_00-44-03.jpg,2026-07-15_00-47-23.jpg,41,41,NEG,,,50,False,
03e20e02-1ef6-48dd-81ce-5510d3e3bb82,15,2026-07-15_00-47-28.jpg,2026-07-15_00-51-23.jpg,48,48,NEG,,,0,False,
d61d5531-713b-466a-8d70-70d158228bb4,15,2026-07-15_00-51-28.jpg,2026-07-15_00-55-23.jpg,48,48,NEG,,,0,False,
7c230873-29d1-4df8-a5b9-657c493be271,15,2026-07-15_00-55-28.jpg,2026-07-15_00-59-08.jpg,45,45,NEG,,,50,False,
f21cd7e4-76aa-4b02-baf6-5c54f8c676c4,15,2026-07-15_00-59-13.jpg,2026-07-15_01-02-43.jpg,43,43,NEG,,,50,False,
87ef0b30-7c3e-4535-b7d9-d47dd8722c06,15,2026-07-15_01-02-48.jpg,2026-07-15_01-06-38.jpg,47,47,NEG,,,50,False,
836d198c-307d-471c-86ee-769730250e7f,15,2026-07-15_01-06-43.jpg,2026-07-15_01-10-38.jpg,48,48,NEG,,,0,False,
4c5df0f9-54f7-4eb1-b430-3cfc4990aed4,15,2026-07-15_01-10-43.jpg,2026-07-15_01-14-38.jpg,48,48,NEG,,,50,False,
7aa80a94-ecce-4f74-b265-b09e488504de,15,2026-07-15_01-14-43.jpg,2026-07-15_01-18-38.jpg,48,48,NEG,,,0,False,
327f54b7-03be-440d-8c44-1a73d011ed7c,15,2026-07-15_01-18-43.jpg,2026-07-15_01-22-39.jpg,48,48,NEG,,,50,False,
d63ff52d-5f9d-4e47-ba14-30a9e8ee8d1c,15,2026-07-15_01-22-44.jpg,2026-07-15_01-26-39.jpg,48,48,NEG,,,50,False,
38e0b904-f5bf-4145-9694-f79ee03aad6c,15,2026-07-15_01-26-44.jpg,2026-07-15_01-30-38.jpg,48,48,NEG,,,50,False,
df3afe75-7ea6-49f8-9453-6cfd88bfd142,15,2026-07-15_01-30-43.jpg,2026-07-15_01-34-39.jpg,48,48,NEG,,,50,False,
b6192965-83b7-4727-9798-85dda9b84c05,15,2026-07-15_01-34-44.jpg,2026-07-15_01-38-39.jpg,48,48,REJ,a7fda23f,2026-07-15 01:39:08.441321,90,True,Sem flagrante de descarte.
a069a231-ea10-4416-81cc-896ebd35f5bb,15,2026-07-15_01-38-44.jpg,2026-07-15_01-42-28.jpg,46,46,NEG,,,10,False,
3f2fe692-0b99-4e63-bb15-43a273772381,15,2026-07-15_01-42-33.jpg,2026-07-15_01-46-08.jpg,44,44,NEG,,,50,False,
9cc52e01-13f8-480b-a4e1-297968bf7575,15,2026-07-15_01-46-13.jpg,2026-07-15_01-50-03.jpg,47,47,NEG,,,50,False,
3d74c99b-8471-4340-a1cd-2aaa5bd08362,15,2026-07-15_01-50-08.jpg,2026-07-15_01-53-43.jpg,44,44,NEG,,,0,False,
c3069474-5fe3-4cc3-bb2d-8ae12fe609bc,15,2026-07-15_01-53-48.jpg,2026-07-15_01-57-23.jpg,44,44,NEG,,,0,False,
f05dda77-e461-4495-9ddd-6cffe6a56125,15,2026-07-15_01-57-28.jpg,2026-07-15_02-00-53.jpg,42,42,NEG,,,0,False,
5a8f1423-c0ee-45ee-8711-e17c2ffec82b,15,2026-07-15_02-00-58.jpg,2026-07-15_02-04-38.jpg,45,45,NEG,,,0,False,
cb63cebc-3be9-40ce-a452-e408baae58f8,15,2026-07-15_02-04-43.jpg,2026-07-15_02-08-08.jpg,42,42,NEG,,,50,False,
e784c1cf-eca4-49e0-b74f-2378dd722b94,15,2026-07-15_02-08-13.jpg,2026-07-15_02-11-53.jpg,45,45,NEG,,,50,False,
3efa7e8c-ac46-48e3-8a9f-08c715df7cb2,15,2026-07-15_02-11-58.jpg,2026-07-15_02-15-28.jpg,43,43,TRIG_NOLABEL,,,90,True,
3371d9bc-30b2-454d-bf3f-96bf2f2905ae,15,2026-07-15_02-15-33.jpg,2026-07-15_02-19-18.jpg,46,46,TRIG_NOLABEL,,,85,True,
79b22846-0915-40e3-bb13-b037eb4eda27,15,2026-07-15_02-19-23.jpg,2026-07-15_02-23-18.jpg,48,48,NEG,,,0,False,
2e772656-7285-4a7f-9398-4df572c96c14,15,2026-07-15_02-23-23.jpg,2026-07-15_02-26-58.jpg,44,44,NEG,,,0,False,
a9f91203-fae9-4569-805e-32f257f29784,15,2026-07-15_02-27-03.jpg,2026-07-15_02-30-43.jpg,45,45,NEG,,,0,False,
b4529d99-8833-4c87-afea-6b410f378f67,15,2026-07-15_02-30-48.jpg,2026-07-15_02-34-43.jpg,48,48,NEG,,,0,False,
b2c7a7b3-77f3-4910-a734-55d81fad8a1a,15,2026-07-15_02-34-48.jpg,2026-07-15_02-38-33.jpg,46,46,NEG,,,50,False,
944f995b-1768-443e-8a70-21317cf5f9c8,15,2026-07-15_02-38-38.jpg,2026-07-15_02-42-13.jpg,44,44,NEG,,,0,False,
7a921627-3884-48b4-855c-0bf21cd53f74,15,2026-07-15_02-42-18.jpg,2026-07-15_02-46-08.jpg,47,47,NEG,,,50,False,
07cfa908-b692-4725-9ce8-078bc5d2827c,15,2026-07-15_02-46-13.jpg,2026-07-15_02-49-48.jpg,44,44,TRIG_NOLABEL,,,85,True,
686ff73f-dbbb-4383-ac53-8a09ff2b7498,15,2026-07-15_02-49-53.jpg,2026-07-15_02-53-38.jpg,46,46,NEG,,,0,False,
6e518e07-e480-4fd8-8def-b0bbd91ead17,15,2026-07-15_02-53-43.jpg,2026-07-15_02-57-08.jpg,42,42,NEG,,,0,False,
054920a2-5a4c-422b-98b1-fe3ec93f34d9,15,2026-07-15_02-57-13.jpg,2026-07-15_03-00-53.jpg,45,45,NEG,,,30,False,
c072ae62-f3bc-4ae7-b0a6-cd07087674b9,15,2026-07-15_03-00-58.jpg,2026-07-15_03-04-53.jpg,48,48,NEG,,,0,False,
eac580fb-e0e3-415b-a0e2-7d7223fe05f7,15,2026-07-15_03-04-58.jpg,2026-07-15_03-08-53.jpg,48,48,NEG,,,0,False,
906228f1-857b-41dd-9e7b-9d4272255979,15,2026-07-15_03-08-58.jpg,2026-07-15_03-12-53.jpg,48,48,NEG,,,0,False,
7954849a-c332-4da2-afff-7d0f88491e81,15,2026-07-15_03-12-58.jpg,2026-07-15_03-16-53.jpg,48,48,NEG,,,50,False,
b36d8f98-1be6-4fcd-ad4a-15a0e800b66c,15,2026-07-15_03-16-58.jpg,2026-07-15_03-20-53.jpg,48,48,NEG,,,50,False,
1d428217-4aa9-47ec-94ae-b0816900e03f,15,2026-07-15_03-20-58.jpg,2026-07-15_03-24-53.jpg,48,48,NEG,,,0,False,
e232241b-3882-4a93-9a1f-f123835ddb90,15,2026-07-15_03-24-58.jpg,2026-07-15_03-28-53.jpg,48,48,NEG,,,50,False,
c19990ab-61bc-47c9-bb0e-6578ffc7c927,15,2026-07-15_03-28-58.jpg,2026-07-15_03-32-53.jpg,48,48,NEG,,,50,False,
1ea8241d-e92f-43f7-a26d-0d1d42007ef6,15,2026-07-15_03-32-58.jpg,2026-07-15_03-36-53.jpg,48,48,NEG,,,60,False,
1d7d59c5-303f-4cec-8f7a-d88a1436e075,15,2026-07-15_03-36-58.jpg,2026-07-15_03-40-53.jpg,48,48,NEG,,,50,False,
ed17b709-bbc3-4643-9aa2-0f6e476a502f,15,2026-07-15_03-40-58.jpg,2026-07-15_03-44-53.jpg,48,48,NEG,,,0,False,
1b8f68a6-62b4-41a1-9a3d-2fcc0c4c98a3,15,2026-07-15_03-44-58.jpg,2026-07-15_03-48-53.jpg,48,48,NEG,,,0,False,
4000a609-aef2-44d7-938f-333dfef9b7eb,15,2026-07-15_03-48-58.jpg,2026-07-15_03-52-53.jpg,48,48,NEG,,,0,False,
e5604d12-f10c-4779-8036-bbd5f158485a,15,2026-07-15_03-52-58.jpg,2026-07-15_03-56-38.jpg,45,45,NEG,,,0,False,
6ea137cb-b680-4aa9-bc41-d58e05228a2f,15,2026-07-15_03-56-43.jpg,2026-07-15_04-00-18.jpg,44,44,NEG,,,95,False,
6618f207-f6f7-42a1-8370-570f30e6b7d7,15,2026-07-15_04-00-23.jpg,2026-07-15_04-04-18.jpg,48,48,NEG,,,0,False,
e59cf5e1-4a45-4776-9ca4-e2279be53258,15,2026-07-15_04-04-23.jpg,2026-07-15_04-07-58.jpg,44,44,NEG,,,0,False,
bda053ac-0216-4943-9f14-d61c1ccf3ff5,15,2026-07-15_04-08-03.jpg,2026-07-15_04-11-33.jpg,43,43,NEG,,,50,False,
89477417-ca1e-4402-8070-f1f8d43d8c76,15,2026-07-15_04-11-38.jpg,2026-07-15_04-15-13.jpg,44,44,NEG,,,0,False,
49aa89c3-fd2c-4683-9426-518bd2ef397b,15,2026-07-15_04-15-18.jpg,2026-07-15_04-18-53.jpg,44,44,NEG,,,50,False,
e0bb59c7-cdd9-4a69-8529-b33f1b402101,15,2026-07-15_04-18-58.jpg,2026-07-15_04-22-53.jpg,48,48,NEG,,,0,False,
a4fa2cfb-958d-4887-ad1d-6f81f89cb9dd,15,2026-07-15_04-22-58.jpg,2026-07-15_04-26-38.jpg,45,45,NEG,,,60,False,
c44d0eee-5c83-4d20-a383-dea5bd73e432,15,2026-07-15_04-26-43.jpg,2026-07-15_04-30-13.jpg,43,43,NEG,,,0,False,
84d8c569-7deb-45dd-8ca0-00274b87e5d0,15,2026-07-15_04-30-18.jpg,2026-07-15_04-34-13.jpg,48,48,NEG,,,50,False,
76f09e8e-6801-4b4c-bded-088ed76b79d3,15,2026-07-15_04-34-18.jpg,2026-07-15_04-37-53.jpg,44,44,NEG,,,50,False,
1a51e733-0637-43d1-9083-4bf42711f047,15,2026-07-15_04-37-58.jpg,2026-07-15_04-41-33.jpg,44,44,NEG,,,0,False,
e92117cf-c1ec-4594-9cf4-4df7a459c164,15,2026-07-15_04-41-38.jpg,2026-07-15_04-45-23.jpg,46,46,NEG,,,60,False,
073e4ef7-688f-480b-b95a-6620165ca3f6,15,2026-07-15_04-45-28.jpg,2026-07-15_04-49-04.jpg,44,44,REJ,7dea0356,2026-07-15 04:49:30.912938,90,True,Sem flagrante de descarte.
abce5555-ad27-49d6-b86e-31a7a110d75e,15,2026-07-15_04-49-08.jpg,2026-07-15_04-52-48.jpg,45,45,NEG,,,0,False,
9c51a131-d51e-41b2-a957-9ee6c1edc92b,15,2026-07-15_04-52-53.jpg,2026-07-15_04-56-28.jpg,44,44,NEG,,,0,False,
a2941c00-86f1-4bae-809e-804141d619ed,15,2026-07-15_04-56-33.jpg,2026-07-15_05-00-28.jpg,48,48,NEG,,,0,False,
b63bfaac-597e-4e29-aac6-fb7c821b5775,15,2026-07-15_05-00-33.jpg,2026-07-15_05-04-13.jpg,45,45,NEG,,,50,False,
852c9c4a-f302-4983-9df3-0381276b2ebe,15,2026-07-15_05-04-18.jpg,2026-07-15_05-08-13.jpg,48,48,NEG,,,50,False,
cf301985-5536-41f0-a12a-e89d750b0ee8,15,2026-07-15_05-08-18.jpg,2026-07-15_05-12-13.jpg,48,48,NEG,,,50,False,
7bda4851-a1f5-4955-be0b-5b8cade1547a,15,2026-07-15_05-12-18.jpg,2026-07-15_05-16-13.jpg,48,48,NEG,,,50,False,
45d36694-620b-4b50-a433-d22da2c045fc,15,2026-07-15_05-16-18.jpg,2026-07-15_05-20-13.jpg,48,48,NEG,,,0,False,
41108e7d-ccb1-45ff-a2bb-87181b5452a0,15,2026-07-15_05-20-18.jpg,2026-07-15_05-24-14.jpg,48,48,NEG,,,50,False,
b59c2b61-e254-411e-825a-bcd9c36948a3,15,2026-07-15_05-24-19.jpg,2026-07-15_05-28-14.jpg,48,48,NEG,,,50,False,
275cc4d4-3aa9-4d06-b7b4-be40fc2f1928,15,2026-07-15_05-28-19.jpg,2026-07-15_05-32-14.jpg,48,48,NEG,,,0,False,
0cb70e50-8005-4476-9aea-0ed6dc14ce97,15,2026-07-15_05-32-19.jpg,2026-07-15_05-36-04.jpg,46,46,NEG,,,0,False,
3cc269d7-4164-4ede-a54e-7fe5c7f3ec0d,15,2026-07-15_05-36-09.jpg,2026-07-15_05-39-44.jpg,44,44,NEG,,,50,False,
fe956ecc-9336-414c-9647-c3e03c33f7dd,15,2026-07-15_05-39-49.jpg,2026-07-15_05-43-14.jpg,42,42,NEG,,,50,False,
93fca859-c890-4225-97a9-a785cc88c0df,15,2026-07-15_05-43-19.jpg,2026-07-15_05-46-59.jpg,45,45,NEG,,,50,False,
849c0f43-8188-4cf5-8011-8ce81e5d24d0,15,2026-07-15_05-47-04.jpg,2026-07-15_05-50-29.jpg,42,42,NEG,,,0,False,
e2f94927-55c4-4a4c-8a58-9f5b2e87f4e7,15,2026-07-15_05-50-34.jpg,2026-07-15_05-54-04.jpg,43,43,NEG,,,0,False,
92d26078-be92-45ef-86cb-826f16e7f3c1,15,2026-07-15_05-54-09.jpg,2026-07-15_05-57-37.jpg,42,42,NEG,,,50,False,
863be51b-5ab9-48cb-8836-8fda1dcf34a5,15,2026-07-15_05-57-41.jpg,2026-07-15_06-01-29.jpg,47,47,NEG,,,0,False,
33793bed-178d-4f60-86aa-1d414add1acf,15,2026-07-15_06-01-34.jpg,2026-07-15_06-05-29.jpg,48,48,TRIG_NOLABEL,,,85,True,
8a0fefe5-2b8b-4af6-8925-473786837f87,15,2026-07-15_06-05-35.jpg,2026-07-15_06-09-29.jpg,48,48,NEG,,,50,False,
e6e98bed-aae1-48f5-9a65-1fd0f1a6bae9,15,2026-07-15_06-09-34.jpg,2026-07-15_06-13-24.jpg,47,47,REJ,8305da52,2026-07-15 06:13:57.829257,85,True,Sem flagrante de desgaste.
7af80a8a-85cd-4688-8e45-121ac2d2ad2c,15,2026-07-15_06-13-29.jpg,2026-07-15_06-17-14.jpg,46,46,NEG,,,0,False,
8c59cbd8-81e5-4a5e-aceb-1836cd331f66,15,2026-07-15_06-17-19.jpg,2026-07-15_06-20-54.jpg,44,44,NEG,,,50,False,
5c12928c-8aa3-4945-b3ef-583fa034d7bd,15,2026-07-15_06-20-59.jpg,2026-07-15_06-24-44.jpg,46,46,NEG,,,50,False,
df9cdc7a-b780-42fd-aaba-966b4a668826,15,2026-07-15_06-24-49.jpg,2026-07-15_06-28-39.jpg,47,47,NEG,,,0,False,
faffa2a9-8c86-4cfa-80c1-06c154833af3,15,2026-07-15_06-28-44.jpg,2026-07-15_06-32-39.jpg,48,48,NEG,,,0,False,
dcb0cadc-918a-4a05-a431-7624e79ce039,15,2026-07-15_06-32-44.jpg,2026-07-15_06-36-29.jpg,46,46,NEG,,,0,False,
56fc622b-0fd5-4d7c-907f-af60dbdc07e1,15,2026-07-15_06-36-34.jpg,2026-07-15_06-40-29.jpg,48,48,NEG,,,50,False,
b8224ef8-04bb-4ac5-90a7-a9cfcd9c08ae,15,2026-07-15_06-40-34.jpg,2026-07-15_06-44-04.jpg,43,43,NEG,,,0,False,
ac95e326-756e-4c6b-ac74-03de2aadeeca,15,2026-07-15_06-44-09.jpg,2026-07-15_06-47-45.jpg,44,44,NEG,,,0,False,
ecec7cf0-46d1-427f-b6b1-cb20d71493d4,15,2026-07-15_06-47-50.jpg,2026-07-15_06-51-39.jpg,47,47,NEG,,,0,False,
0aadc19b-9e52-4a57-b106-d106df37d953,15,2026-07-15_06-51-44.jpg,2026-07-15_06-55-39.jpg,48,48,NEG,,,50,False,
493831db-a5d9-4a92-b997-87ff27e61c10,15,2026-07-15_06-55-44.jpg,2026-07-15_06-59-34.jpg,47,47,NEG,,,50,False,
caa68285-8768-45e1-a0f6-17dbd06ba97e,15,2026-07-15_06-59-39.jpg,2026-07-15_07-03-29.jpg,47,47,NEG,,,50,False,
b671d6ab-6021-4b7f-95b2-881a1d2d4c71,15,2026-07-15_07-03-34.jpg,2026-07-15_07-07-24.jpg,47,47,NEG,,,50,False,
d88a9d11-e7de-4886-837f-05acf7d87b22,15,2026-07-15_07-07-29.jpg,2026-07-15_07-11-19.jpg,47,47,NEG,,,50,False,
f762795a-60ab-4ef4-a755-0ea14bba5f07,15,2026-07-15_07-11-25.jpg,2026-07-15_07-15-19.jpg,48,48,NEG,,,0,False,
5b879406-ef7d-4548-a4c0-f50a3872aeaa,15,2026-07-15_07-15-24.jpg,2026-07-15_07-19-19.jpg,48,48,NEG,,,0,False,
02635660-d82f-4942-82b4-b1708a928036,15,2026-07-15_07-19-24.jpg,2026-07-15_07-23-19.jpg,48,48,NEG,,,50,False,
0afc1b5c-7977-40d3-9799-736b2165aa03,15,2026-07-15_07-23-24.jpg,2026-07-15_07-27-19.jpg,48,48,NEG,,,0,False,
58ae7f7a-4c0c-44bb-af5b-664abf5eb752,15,2026-07-15_07-27-24.jpg,2026-07-15_07-31-20.jpg,48,48,NEG,,,0,False,
b1c62141-382e-4927-9793-b57396b5f515,15,2026-07-15_07-31-25.jpg,2026-07-15_07-32-24.jpg,13,13,NEG,,,0,False,
abf4962f-a194-4950-a804-6fa35e61e8ff,15,2026-07-15_07-32-29.jpg,2026-07-15_07-36-24.jpg,48,48,NEG,,,50,False,
cd365473-0cb3-4336-8b31-0391f39c3094,15,2026-07-15_07-36-29.jpg,2026-07-15_07-38-29.jpg,25,25,NEG,,,50,False,
61431a7d-f451-45c6-9bd3-667989970e41,15,2026-07-15_07-38-34.jpg,2026-07-15_07-42-29.jpg,48,48,NEG,,,50,False,
23903d3b-2862-4ee1-8a54-29966a2892e0,15,2026-07-15_07-42-34.jpg,2026-07-15_07-46-29.jpg,48,48,NEG,,,50,False,
f8d94751-ae28-46bb-81a3-734cf564c6e1,15,2026-07-15_07-46-34.jpg,2026-07-15_07-50-19.jpg,46,46,NEG,,,50,False,
231706ef-fc56-4407-9526-32c4db2847f6,15,2026-07-15_07-50-24.jpg,2026-07-15_07-54-00.jpg,44,44,NEG,,,50,False,
724dc0c1-28f3-46b4-a072-67969c72abd1,15,2026-07-15_07-54-04.jpg,2026-07-15_07-57-44.jpg,45,45,NEG,,,0,False,
38c7bc46-aca1-47de-a4e7-4d9f12491850,15,2026-07-15_07-57-49.jpg,2026-07-15_08-01-34.jpg,46,46,NEG,,,0,False,
6c5aabd1-bc6e-4bd3-b9d5-f1ece293716b,15,2026-07-15_08-01-39.jpg,2026-07-15_08-05-24.jpg,46,46,TRIG_NOLABEL,,,90,True,
1b4691b0-15a7-4666-a7ad-40c601b299bf,15,2026-07-15_08-05-29.jpg,2026-07-15_08-09-09.jpg,45,45,REJ,abea7e2e,2026-07-15 08:09:35.578931,90,True,Sem flagrante de descarte.
959c6b67-07b2-4949-8735-bc3b34d1cc0f,15,2026-07-15_08-09-14.jpg,2026-07-15_08-13-09.jpg,48,48,NEG,,,50,False,
ec15562a-c577-4b5d-b578-1023cfb58b15,15,2026-07-15_08-13-14.jpg,2026-07-15_08-17-04.jpg,47,47,REJ,abea7e2e,2026-07-15 08:09:35.578931,90,True,Sem flagrante de descarte.
e6f807ab-e1d8-49c5-b331-57efbdffc115,15,2026-07-15_08-17-09.jpg,2026-07-15_08-21-04.jpg,48,48,TRIG_NOLABEL,,,90,True,
29722870-1b09-46c9-ab68-d04112ba879a,15,2026-07-15_08-21-09.jpg,2026-07-15_08-25-04.jpg,48,48,TRIG_NOLABEL,,,90,True,
87ee3800-9d38-4315-a5af-8b68ff36197e,15,2026-07-15_08-25-09.jpg,2026-07-15_08-29-05.jpg,48,48,TRIG_NOLABEL,,,85,True,
e8b86926-46dc-49db-9719-be7cb712a970,15,2026-07-15_08-29-10.jpg,2026-07-15_08-33-04.jpg,48,48,TRIG_NOLABEL,,,90,True,
07fe9a8f-70d8-423c-b679-1dbd441b1a3a,15,2026-07-15_08-33-10.jpg,2026-07-15_08-37-04.jpg,48,48,REJ,c6ce34ab,2026-07-15 08:38:10.343632,90,True,Sem descarte.
ea0e6a4e-6739-4d47-897d-3925d6873323,15,2026-07-15_08-37-10.jpg,2026-07-15_08-41-04.jpg,48,48,NEG,,,50,False,
1452667e-cb46-411f-aab8-ee71d2deed50,15,2026-07-15_08-41-09.jpg,2026-07-15_08-42-09.jpg,13,13,NEG,,,0,False,
0e4f7dd3-9c5f-4cc3-9f70-2996cb627ebc,15,2026-07-15_08-42-15.jpg,2026-07-15_08-46-09.jpg,48,48,NEG,,,50,False,
5c49fbd8-3e4b-418d-a099-7b21f91f5c4d,15,2026-07-15_08-46-14.jpg,2026-07-15_08-50-10.jpg,48,48,NEG,,,50,False,
fca4bc31-17b9-40d7-a9e7-4798b3e46781,15,2026-07-15_08-50-14.jpg,2026-07-15_08-54-10.jpg,48,48,NEG,,,50,False,
3afbf514-7221-44f2-8c97-05b58ae9679e,15,2026-07-15_08-54-14.jpg,2026-07-15_08-55-49.jpg,20,20,NEG,,,50,False,
e5ab0591-2ffe-4ac6-90bd-833bc7020a89,15,2026-07-15_08-55-54.jpg,2026-07-15_08-59-49.jpg,48,48,NEG,,,50,False,
780779c7-25d4-4f4c-ba45-fd575d150a7f,15,2026-07-15_08-59-55.jpg,2026-07-15_09-03-49.jpg,48,48,NEG,,,30,False,
e4adcbc6-d488-4040-91f3-41cb92a4c605,15,2026-07-15_09-03-54.jpg,2026-07-15_09-07-50.jpg,48,48,NEG,,,50,False,
91ba149b-3bbe-4662-9de0-b1d87884a19d,15,2026-07-15_09-07-55.jpg,2026-07-15_09-09-19.jpg,18,18,NEG,,,0,False,
de4b7487-7fe4-46f7-9fbb-3b10719b2f64,15,2026-07-15_09-09-25.jpg,2026-07-15_09-13-19.jpg,48,48,NEG,,,0,False,
19c9b4df-77f5-4e4a-a266-42f8c17ca675,15,2026-07-15_09-13-24.jpg,2026-07-15_09-17-20.jpg,48,48,NEG,,,0,False,
64fabcc0-af39-46c1-8818-4c67666618bb,15,2026-07-15_09-17-24.jpg,2026-07-15_09-21-20.jpg,48,48,NEG,,,50,False,
4fccfea2-b5a9-4db7-b3ed-393f34c76e59,15,2026-07-15_09-21-25.jpg,2026-07-15_09-25-19.jpg,48,48,NEG,,,50,False,
ee95c23f-e59d-4a79-9228-3ed22e4c7760,15,2026-07-15_09-25-24.jpg,2026-07-15_09-28-59.jpg,41,41,NEG,,,0,False,
f8f4d0b7-d00b-42bc-a5e1-b5b544048404,15,2026-07-15_09-29-04.jpg,2026-07-15_09-30-49.jpg,22,22,NEG,,,50,False,
5a96744a-4676-4191-a3c3-2ff71dfa327e,15,2026-07-15_09-30-54.jpg,2026-07-15_09-34-44.jpg,47,47,NEG,,,0,False,
a7c58ccc-6659-4e17-b6fc-6b8a5d32be68,15,2026-07-15_09-34-49.jpg,2026-07-15_09-38-44.jpg,48,48,NEG,,,50,False,
d99d0616-e466-46fb-8c21-80ecb1e948a5,15,2026-07-15_09-38-49.jpg,2026-07-15_09-42-44.jpg,48,48,NEG,,,0,False,
72df601e-6758-4781-b05d-64ad244eab4d,15,2026-07-15_09-42-49.jpg,2026-07-15_09-46-45.jpg,48,48,NEG,,,0,False,
e09c0fff-c279-4594-8de2-7fc27493e736,15,2026-07-15_09-46-50.jpg,2026-07-15_09-50-39.jpg,47,47,NEG,,,50,False,
83beb626-5775-433c-b00e-9c736baa3a19,15,2026-07-15_09-50-44.jpg,2026-07-15_09-54-24.jpg,45,45,NEG,,,50,False,
402b090e-1e7a-41fc-bdbd-7335b66b5b0a,15,2026-07-15_09-54-29.jpg,2026-07-15_09-57-54.jpg,42,42,TRIG_NOLABEL,,,90,True,
b925fe36-ab51-4b72-898a-54ad00079bb0,15,2026-07-15_09-57-59.jpg,2026-07-15_10-01-34.jpg,44,44,TRIG_NOLABEL,,,90,True,
d8325e60-7379-4683-a604-bca975717b00,15,2026-07-15_10-01-39.jpg,2026-07-15_10-05-14.jpg,44,44,TRIG_NOLABEL,,,90,True,
363a5ddf-7375-402d-ac97-520c1a5e1629,15,2026-07-15_10-05-19.jpg,2026-07-15_10-08-49.jpg,43,43,NEG,,,50,False,
b0b9f73e-08dd-4166-94b7-8fea89c718ff,15,2026-07-15_10-08-54.jpg,2026-07-15_10-12-44.jpg,47,47,NEG,,,50,False,
1928a645-affe-476c-80e0-6546259f6761,15,2026-07-15_10-12-49.jpg,2026-07-15_10-16-19.jpg,43,43,NEG,,,50,False,
f1809984-97ff-4b8e-a41a-9df5337d36fe,15,2026-07-15_10-16-25.jpg,2026-07-15_10-19-59.jpg,44,44,NEG,,,0,False,
21f2063c-56b2-4019-875f-b6d4cff527d1,15,2026-07-15_10-20-04.jpg,2026-07-15_10-23-59.jpg,48,48,TRIG_NOLABEL,,,90,True,
fd10bba3-e544-4c15-93f2-5eac804c0228,15,2026-07-15_10-24-04.jpg,2026-07-15_10-27-50.jpg,46,46,NEG,,,50,False,
24613f81-c3d9-49f9-8ebc-df36929724da,15,2026-07-15_10-27-55.jpg,2026-07-15_10-31-49.jpg,48,48,NEG,,,50,False,
4218b00f-5e1f-48cb-a675-c308290ef7a4,15,2026-07-15_10-31-54.jpg,2026-07-15_10-35-09.jpg,40,40,NEG,,,0,False,
06b6ec82-ffc7-4d2d-8939-04caf4aadc41,15,2026-07-15_10-35-14.jpg,2026-07-15_10-39-09.jpg,48,48,NEG,,,0,False,
32895dab-c1e0-4345-a154-6e81e0a35cb7,15,2026-07-15_10-39-14.jpg,2026-07-15_10-42-59.jpg,46,46,NEG,,,0,False,
b70799be-20dc-4b3b-b17e-a9a242f194e2,15,2026-07-15_10-43-04.jpg,2026-07-15_10-46-54.jpg,47,47,NEG,,,50,False,
4c569666-8b24-4282-a5c9-bfd8fd63037f,15,2026-07-15_10-46-59.jpg,2026-07-15_10-50-54.jpg,48,48,NEG,,,30,False,
a8aae600-aad8-4b76-92b8-a373cbc16faa,15,2026-07-15_10-50-59.jpg,2026-07-15_10-54-54.jpg,48,48,NEG,,,50,False,
18e058bc-a3aa-4784-b91d-9e2c30f39d7a,15,2026-07-15_10-54-59.jpg,2026-07-15_10-58-19.jpg,41,41,NEG,,,0,False,
d79f51c7-a2fa-4c60-a88c-377c278582ea,15,2026-07-15_10-58-24.jpg,2026-07-15_11-02-09.jpg,46,46,NEG,,,50,False,
2ea602aa-b27e-4e55-b742-86ffd9e58d89,15,2026-07-15_11-02-14.jpg,2026-07-15_11-05-44.jpg,43,43,NEG,,,50,False,
563a4758-4321-462d-be21-f0bff39342ad,15,2026-07-15_11-05-50.jpg,2026-07-15_11-09-19.jpg,43,43,NEG,,,50,False,
a7d4f30a-826b-4120-9853-b821d3a4195d,15,2026-07-15_11-09-24.jpg,2026-07-15_11-12-49.jpg,42,42,TRIG_NOLABEL,,,85,True,
bc1e86a0-0f00-4869-a261-774ad6157be0,15,2026-07-15_11-12-54.jpg,2026-07-15_11-16-29.jpg,44,44,NEG,,,50,False,
1ee6185b-64ed-44e8-8d39-e15e649ec7bf,15,2026-07-15_11-16-34.jpg,2026-07-15_11-18-09.jpg,20,20,NEG,,,0,False,
ed3bbb45-1d26-402d-8d77-54c1c51dc218,15,2026-07-15_11-18-14.jpg,2026-07-15_11-21-54.jpg,45,45,TRIG_NOLABEL,,,85,True,
cb2b6550-107f-4fb0-bdb1-12fb740efd0d,15,2026-07-15_11-21-59.jpg,2026-07-15_11-25-49.jpg,47,47,NEG,,,0,False,
f7a4a868-3e91-4f67-8684-23bfc8a1d4f1,15,2026-07-15_11-25-54.jpg,2026-07-15_11-29-44.jpg,47,47,REJ,c0e835a5,2026-07-15 11:30:16.872603,90,True,Sem descarte.
f53b126e-ee9d-426c-86dd-d4dd4777bb68,15,2026-07-15_11-29-49.jpg,2026-07-15_11-33-44.jpg,48,48,NEG,,,50,False,
fec28642-57c4-445c-8573-c6ecb3df9bf3,15,2026-07-15_11-33-49.jpg,2026-07-15_11-37-10.jpg,41,41,NEG,,,50,False,
93da2b71-c55f-4a34-a13a-3f9a309e4ae3,15,2026-07-15_11-37-14.jpg,2026-07-15_11-40-54.jpg,45,45,NEG,,,50,False,
3e1b32cb-d844-4899-8679-cf7de4e7d5aa,15,2026-07-15_11-40-59.jpg,2026-07-15_11-44-19.jpg,41,41,NEG,,,50,False,
1363765a-b380-41f1-8ec3-18009e5fbc38,15,2026-07-15_11-44-24.jpg,2026-07-15_11-48-04.jpg,45,45,NEG,,,50,False,
f5ccd14d-db54-4d50-9ebe-903c7a55e4d7,15,2026-07-15_11-48-09.jpg,2026-07-15_11-52-04.jpg,48,48,NEG,,,50,False,
8e84a239-558e-457b-8d6c-d22eae266260,15,2026-07-15_11-52-10.jpg,2026-07-15_11-56-05.jpg,48,48,REJ,5e550a35,2026-07-15 11:57:12.669428,90,True,Sem descarte.
ea33f09e-9231-4545-a72b-4b49c6c49744,15,2026-07-15_11-56-11.jpg,2026-07-15_12-00-04.jpg,48,48,REJ,5e550a35,2026-07-15 11:57:12.669428,90,True,Sem descarte.
117b672c-d792-4cc4-8b0c-eed01bde110b,15,2026-07-15_12-00-09.jpg,2026-07-15_12-03-59.jpg,47,47,NEG,,,30,False,
be43a47a-1a25-4b80-832d-c1965e289ae9,15,2026-07-15_12-04-04.jpg,2026-07-15_12-07-34.jpg,43,43,CONF,356f26ed,2026-07-15 12:08:32.207755,90,True,Descarte de lixo domiciliar.
c72506d1-7fc0-4016-924e-14ba2eeb1730,15,2026-07-15_12-07-39.jpg,2026-07-15_12-11-34.jpg,48,48,NEG,,,0,False,
adf14c37-ca1a-4d33-9b05-808857c69f6b,15,2026-07-15_12-11-39.jpg,2026-07-15_12-12-49.jpg,15,15,NEG,,,0,False,
db14e9cb-673d-4854-89d6-7cd68ac064b0,15,2026-07-15_12-12-54.jpg,2026-07-15_12-16-39.jpg,46,46,NEG,,,50,False,
f0c520a8-6b95-424c-aa27-d60a646c8b8c,15,2026-07-15_12-16-44.jpg,2026-07-15_12-20-39.jpg,48,48,NEG,,,50,False,
ea081130-27cb-4315-9da9-0081c3d82fc8,15,2026-07-15_12-20-44.jpg,2026-07-15_12-24-39.jpg,48,48,TRIG_NOLABEL,,,90,True,
df056c12-7722-4c47-ac46-b272808bf395,15,2026-07-15_12-24-44.jpg,2026-07-15_12-28-35.jpg,47,47,NEG,,,0,False,
39ad4c57-cae0-4422-b2e0-c08f1aefb016,15,2026-07-15_12-28-39.jpg,2026-07-15_12-32-19.jpg,45,45,NEG,,,0,False,
a11eef76-6beb-4563-9bb4-245c568002d8,15,2026-07-15_12-32-24.jpg,2026-07-15_12-36-10.jpg,46,46,NEG,,,0,False,
195a9c63-accf-4a01-b3d4-c1df469e72c5,15,2026-07-15_12-36-15.jpg,2026-07-15_12-40-10.jpg,48,48,NEG,,,50,False,
494dd114-7420-4e91-9883-59d3bb3c6806,15,2026-07-15_12-40-15.jpg,2026-07-15_12-43-59.jpg,46,46,NEG,,,0,False,
2b712f1f-5ae1-4ab0-b159-ae793b9f06cb,15,2026-07-15_12-44-04.jpg,2026-07-15_12-47-36.jpg,43,43,NEG,,,0,False,
0ca3270e-108f-40f0-a6ba-074c4342ca2d,15,2026-07-15_12-47-40.jpg,2026-07-15_12-51-35.jpg,48,48,NEG,,,40,False,
fca27342-79da-4eb0-811f-996df6a531b7,15,2026-07-15_12-51-40.jpg,2026-07-15_12-55-14.jpg,44,44,REJ,e8861285,2026-07-15 12:55:43.82848,90,True,Sem descarte.
dd07a972-aae8-4c7c-a1b2-f6e104b7925c,15,2026-07-15_12-55-19.jpg,2026-07-15_12-58-59.jpg,45,45,NEG,,,50,False,
af8b9b9c-8e1b-40d7-98fd-cd30bd90bc2e,15,2026-07-15_12-59-05.jpg,2026-07-15_13-02-54.jpg,47,47,NEG,,,50,False,
9bdd8e85-cfca-4528-af79-68f7a8a934b6,15,2026-07-15_13-02-59.jpg,2026-07-15_13-06-54.jpg,48,48,NEG,,,30,False,
db317030-045a-4183-baad-c3fc53be00d9,15,2026-07-15_13-06-59.jpg,2026-07-15_13-10-54.jpg,48,48,NEG,,,0,False,
df8f74d9-5f24-4be0-912b-8e25b1bd7919,15,2026-07-15_13-10-59.jpg,2026-07-15_13-14-50.jpg,47,47,NEG,,,30,False,
c8e8b002-7161-4f6a-871f-e237465c0fa3,15,2026-07-15_13-14-55.jpg,2026-07-15_13-18-24.jpg,43,43,NEG,,,50,False,
0c349795-fa90-4745-af62-c667f3cb6055,15,2026-07-15_13-18-30.jpg,2026-07-15_13-22-09.jpg,45,45,NEG,,,0,False,
9cb7a00b-a092-4577-913a-45c5b883587e,15,2026-07-15_13-22-15.jpg,2026-07-15_13-25-49.jpg,44,44,NEG,,,50,False,
9d4328c9-d1d0-48ef-8de4-820d4dfc2c4d,15,2026-07-15_13-25-55.jpg,2026-07-15_13-29-34.jpg,45,45,TRIG_NOLABEL,,,90,True,
1932fdaa-0ae0-4443-9577-d0af6daec4ed,15,2026-07-15_13-29-40.jpg,2026-07-15_13-33-24.jpg,46,46,REJ,099a06ec,2026-07-15 13:33:57.563641,90,True,Sem descarte.
e295db69-2d5e-4b6c-b456-0235528d7ebc,15,2026-07-15_13-33-29.jpg,2026-07-15_13-37-04.jpg,44,44,NEG,,,60,False,
ab6d6eec-924e-4655-b720-312a83ab59db,15,2026-07-15_13-37-09.jpg,2026-07-15_13-40-24.jpg,40,40,NEG,,,50,False,
0a770282-2504-43bd-be6c-22f149121181,15,2026-07-15_13-40-30.jpg,2026-07-15_13-44-15.jpg,46,46,NEG,,,0,False,
c4c3a9b4-885e-4e37-8ba7-c34c44a0b741,15,2026-07-15_13-44-19.jpg,2026-07-15_13-47-40.jpg,41,41,TRIG_NOLABEL,,,90,True,
f0c8342e-94f8-4a00-a729-5193ca45e55f,15,2026-07-15_13-47-44.jpg,2026-07-15_13-51-24.jpg,45,45,NEG,,,30,False,
631f86f7-b132-4aa2-80fd-6c24d72a5315,15,2026-07-15_13-51-30.jpg,2026-07-15_13-55-22.jpg,47,47,TRIG_NOLABEL,,,85,True,
488814cd-e489-449a-a19e-d540297d6008,15,2026-07-15_13-55-27.jpg,2026-07-15_13-59-16.jpg,47,47,NEG,,,30,False,
2c1bc59e-32ff-4008-bb95-5e70de174445,15,2026-07-15_13-59-21.jpg,2026-07-15_14-02-49.jpg,43,43,NEG,,,50,False,
0cde79ab-1832-46f5-baab-3163bb4ef8a5,15,2026-07-15_14-02-55.jpg,2026-07-15_14-06-29.jpg,44,44,TRIG_NOLABEL,,,90,True,
a52b1889-d310-48e7-bdd2-eff792724a35,15,2026-07-15_14-06-34.jpg,2026-07-15_14-10-09.jpg,44,44,REJ,f4b18776,2026-07-15 14:10:40.137142,90,True,Sem descarte.
cbc33e98-d697-4b26-b0d5-ecf51b47e856,15,2026-07-15_14-10-14.jpg,2026-07-15_14-13-55.jpg,45,45,NEG,,,0,False,
6ec8c997-b4f4-480f-9ef8-f3a04bf4d7de,15,2026-07-15_14-14-00.jpg,2026-07-15_14-17-21.jpg,41,41,NEG,,,50,False,
70f6dfd5-e453-4e12-98b8-d9856dd955a1,15,2026-07-15_14-17-26.jpg,2026-07-15_14-21-09.jpg,46,46,NEG,,,0,False,
86e32f17-296a-4251-956a-1006020ae929,15,2026-07-15_14-21-14.jpg,2026-07-15_14-25-04.jpg,47,47,NEG,,,50,False,
a4d4197f-f9a0-45b4-adba-c0d95c4799ff,15,2026-07-15_14-25-09.jpg,2026-07-15_14-28-56.jpg,46,46,NEG,,,60,False,
9fa09489-5b9b-41de-ba80-b194ea9f28dc,15,2026-07-15_14-29-01.jpg,2026-07-15_14-32-39.jpg,45,45,TRIG_NOLABEL,,,90,True,
6a66ef85-084f-40ee-9c06-3bf866ddd98b,15,2026-07-15_14-32-44.jpg,2026-07-15_14-36-39.jpg,48,48,REJ,afea5c81,2026-07-15 14:37:32.936879,90,True,Sem descarte.
9d6db0ad-eded-460c-80bf-d18d917e31b3,15,2026-07-15_14-36-44.jpg,2026-07-15_14-40-39.jpg,48,48,NEG,,,50,False,
90f636a9-cdac-4d88-8219-d99fa519868f,15,2026-07-15_14-40-44.jpg,2026-07-15_14-44-41.jpg,48,48,NEG,,,50,False,
64021062-9f1b-4fe4-a3d8-653def9bea15,15,2026-07-15_14-44-46.jpg,2026-07-15_14-48-39.jpg,48,48,NEG,,,50,False,
5f487bc3-5f6e-4156-af36-87f5267dafb8,15,2026-07-15_14-48-44.jpg,2026-07-15_14-52-39.jpg,48,48,REJ,ee9a8bd5,2026-07-15 14:53:40.839495,90,True,Sem descarte.
8527f8b7-5566-4610-bb18-e518abae943e,15,2026-07-15_14-52-45.jpg,2026-07-15_14-56-39.jpg,48,48,TRIG_NOLABEL,,,90,True,
849e1c6d-4d5a-41a3-8871-a00f50141332,15,2026-07-15_14-56-44.jpg,2026-07-15_15-00-39.jpg,48,48,NEG,,,50,False,
36841ed0-bc65-4516-a2ac-5ed00d37bad2,15,2026-07-15_15-00-45.jpg,2026-07-15_15-04-39.jpg,48,48,NEG,,,0,False,
1ebfa32e-296e-49ba-aab4-a9d05e94c6aa,15,2026-07-15_15-04-44.jpg,2026-07-15_15-08-40.jpg,48,48,NEG,,,50,False,
6aa02fce-d955-4e07-9d9f-4eed7c46377b,15,2026-07-15_15-08-44.jpg,2026-07-15_15-12-34.jpg,47,47,NEG,,,60,False,
cc07b643-b028-48bd-aff2-32f6c2ce4126,15,2026-07-15_15-12-39.jpg,2026-07-15_15-16-34.jpg,48,48,NEG,,,30,False,
6798f511-cf68-4ad8-adae-b69be2604e39,15,2026-07-15_15-16-39.jpg,2026-07-15_15-20-30.jpg,47,47,TRIG_NOLABEL,,,90,True,
ae52e998-aefc-448b-a1e0-4df4c0582b64,15,2026-07-15_15-20-35.jpg,2026-07-15_15-24-29.jpg,48,48,NEG,,,30,False,
c027f3fb-08b3-462f-b7d7-c6a0aa66e292,15,2026-07-15_15-24-34.jpg,2026-07-15_15-28-24.jpg,47,47,NEG,,,60,False,
ae35a20b-9972-49cb-933f-ce858d62f804,15,2026-07-15_15-28-29.jpg,2026-07-15_15-32-00.jpg,43,43,NEG,,,50,False,
b5956114-acc7-42f1-bf44-a60d578d55fb,15,2026-07-15_15-32-05.jpg,2026-07-15_15-35-40.jpg,44,44,NEG,,,50,False,
93a30520-2145-446c-95da-930f83c2a9da,15,2026-07-15_15-35-45.jpg,2026-07-15_15-39-30.jpg,46,46,NEG,,,50,False,
070a1e89-2172-4f5d-b355-c882aa5e536a,15,2026-07-15_15-39-35.jpg,2026-07-15_15-43-30.jpg,48,48,NEG,,,0,False,
