event_ref,ts,prompt,window_size,gate_triggered,gate_confidence,gate_scene,detail_ran,detail_confirmed,detail_confidence,would_confirm_model,prod_created_detection,prod_detection_id,operator_status,operator_comment,cost_usd_recomputed
evt-20260722_183110,2026-07-22T18:36:16.864559-03:00,g3,29,False,95,TRAFFIC,False,,,False,False,,,,0.0009705
evt-20260722_183318,2026-07-22T18:36:29.114200-03:00,g3,12,False,100,EMPTY,False,,,False,False,,,,0.0010065
evt-20260722_183402,2026-07-22T18:36:39.519345-03:00,g3,8,False,100,TRAFFIC,False,,,False,False,,,,0.00104775
evt-20260722_183432,2026-07-22T18:36:50.704620-03:00,g3,22,False,95,TRAFFIC,False,,,False,False,,,,0.00102775
evt-20260722_183650,2026-07-22T18:40:33.928442-03:00,g3,9,False,100,EMPTY,False,,,False,False,,,,0.00097425
evt-20260722_183746,2026-07-22T18:40:47.110101-03:00,g3,32,False,100,TRAFFIC,False,,,False,False,,,,0.001143
evt-20260722_183950,2026-07-22T18:44:22.123852-03:00,g3,13,False,95,TRAFFIC,False,,,False,False,,,,0.00097275
evt-20260722_184050,2026-07-22T18:44:33.940652-03:00,g3,8,False,100,TRAFFIC,False,,,False,False,,,,0.001134
evt-20260722_184132,2026-07-22T18:44:48.640439-03:00,g3,17,False,95,TRAFFIC,False,,,False,False,,,,0.001017
evt-20260722_184246,2026-07-22T18:44:59.762631-03:00,g3,12,True,95,DUMPING,True,False,95,False,False,,,,0.00277425
evt-20260722_184430,2026-07-22T18:48:48.590346-03:00,g3,12,False,95,TRAFFIC,False,,,False,False,,,,0.001059
evt-20260722_184518,2026-07-22T18:49:02.105203-03:00,g3,32,False,95,TRAFFIC,False,,,False,False,,,,0.0010065
evt-20260722_184728,2026-07-22T18:49:14.256738-03:00,g3,6,True,95,DUMPING,True,True,95,True,False,,,,0.00268875
evt-20260722_184748,2026-07-22T18:49:32.083975-03:00,g3,11,False,100,EMPTY,False,,,False,False,,,,0.0010635
evt-20260722_184842,2026-07-22T18:53:25.945577-03:00,g3,8,False,95,TRAFFIC,False,,,False,False,,,,0.00125625
evt-20260722_184923,2026-07-22T18:53:40.774266-03:00,g3,32,False,95,TRAFFIC,False,,,False,False,,,,0.00114
evt-20260722_185127,2026-07-22T18:53:53.772521-03:00,g3,11,False,95,TRAFFIC,False,,,False,False,,,,0.00098175
evt-20260722_185219,2026-07-22T18:54:05.434593-03:00,g3,8,False,100,EMPTY,False,,,False,False,,,,0.001125
evt-20260722_185325,2026-07-22T18:57:39.862914-03:00,g3,11,False,95,TRAFFIC,False,,,False,False,,,,0.000987
evt-20260722_185449,2026-07-22T18:57:51.303786-03:00,g3,12,False,95,TRAFFIC,False,,,False,False,,,,0.00104175
evt-20260722_185543,2026-07-22T18:58:03.781292-03:00,g3,28,False,95,TRAFFIC,False,,,False,False,,,,0.00098325
evt-20260722_185735,2026-07-22T19:01:47.255102-03:00,g3,21,False,95,TRAFFIC,False,,,False,False,,,,0.0010815
evt-20260722_185855,2026-07-22T19:02:00.192307-03:00,g3,15,False,95,TRAFFIC,False,,,False,False,,,,0.0011175
evt-20260722_185957,2026-07-22T19:05:35.184800-03:00,g3,32,False,90,TRAFFIC,False,,,False,False,,,,0.00128925
evt-20260722_190211,2026-07-22T19:05:49.381714-03:00,g3,32,False,95,TRAFFIC,False,,,False,False,,,,0.00113325
evt-20260722_190415,2026-07-22T19:06:02.020488-03:00,g3,19,False,95,TRAFFIC,False,,,False,False,,,,0.00093375
evt-20260722_190529,2026-07-22T19:09:44.568686-03:00,g3,21,False,100,EMPTY,False,,,False,False,,,,0.0009945
evt-20260722_190651,2026-07-22T19:09:56.685712-03:00,g3,8,False,100,EMPTY,False,,,False,False,,,,0.00108525
evt-20260722_190804,2026-07-22T19:10:09.237879-03:00,g3,18,False,95,TRAFFIC,False,,,False,False,,,,0.00093825
evt-20260722_190926,2026-07-22T19:13:59.331087-03:00,g3,9,False,100,EMPTY,False,,,False,False,,,,0.0010755
evt-20260722_191006,2026-07-22T19:14:10.773943-03:00,g3,7,False,100,EMPTY,False,,,False,False,,,,0.0009585
evt-20260722_191042,2026-07-22T19:14:23.141663-03:00,g3,20,False,95,TRAFFIC,False,,,False,False,,,,0.00097275
evt-20260722_191158,2026-07-22T19:14:33.856802-03:00,g3,7,False,100,EMPTY,False,,,False,False,,,,0.00101475
evt-20260722_191228,2026-07-22T19:14:46.634039-03:00,g3,6,False,100,EMPTY,False,,,False,False,,,,0.00094125
evt-20260722_191328,2026-07-22T19:18:39.585529-03:00,g3,8,True,95,DUMPING,True,True,90,True,False,,,,0.002752
evt-20260722_191458,2026-07-22T19:18:58.471444-03:00,g3,32,False,100,TRAFFIC,False,,,False,False,,,,0.001104
evt-20260722_191724,2026-07-22T19:24:26.870033-03:00,g3,32,True,85,DUMPING,True,True,85,True,False,,,,0.003751
evt-20260722_191930,2026-07-22T19:24:48.786563-03:00,g3,32,False,95,TRAFFIC,False,,,False,False,,,,0.0010545
evt-20260722_192134,2026-07-22T19:25:01.814336-03:00,g3,32,False,100,EMPTY,False,,,False,False,,,,0.00097275
evt-20260722_192338,2026-07-22T19:28:55.257901-03:00,g3,32,False,90,TRAFFIC,False,,,False,False,,,,0.00126975
evt-20260722_192546,2026-07-22T19:29:10.661824-03:00,g3,32,False,90,TRAFFIC,False,,,False,False,,,,0.0010755
evt-20260722_193006,2026-07-22T19:34:05.927960-03:00,g3,32,False,100,TRAFFIC,False,,,False,False,,,,0.00112575
evt-20260722_193212,2026-07-22T19:38:00.305606-03:00,g3,28,True,90,DUMPING,True,False,95,False,False,,,,0.0085535
evt-20260722_193404,2026-07-22T19:38:40.884861-03:00,g3,23,False,95,TRAFFIC,False,,,False,False,,,,0.001146
evt-20260722_193632,2026-07-22T19:42:24.316259-03:00,g3,32,False,95,TRAFFIC,False,,,False,False,,,,0.00103575
evt-20260722_193840,2026-07-22T19:42:37.168328-03:00,g3,16,False,95,EMPTY,False,,,False,False,,,,0.001242
evt-20260722_193942,2026-07-22T19:43:14.392568-03:00,g3,32,False,95,TRAFFIC,False,,,False,False,,,,0.00104925
evt-20260722_194202,2026-07-22T19:47:13.892958-03:00,g3,7,True,100,DUMPING,True,True,100,True,False,,,,0.00277925
evt-20260722_194350,2026-07-22T19:47:31.107927-03:00,g3,14,False,100,EMPTY,False,,,False,False,,,,0.001008
evt-20260722_194532,2026-07-22T19:47:41.824572-03:00,g3,13,False,100,EMPTY,False,,,False,False,,,,0.0012675
evt-20260722_194702,2026-07-22T19:51:18.651737-03:00,g3,27,False,100,EMPTY,False,,,False,False,,,,0.0010905
evt-20260722_194922,2026-07-22T19:51:32.204317-03:00,g3,19,False,100,EMPTY,False,,,False,False,,,,0.00089625
evt-20260722_195108,2026-07-22T19:55:26.573359-03:00,g3,12,False,95,TRAFFIC,False,,,False,False,,,,0.0010575
evt-20260722_195220,2026-07-22T19:55:38.961624-03:00,g3,19,False,95,EMPTY,False,,,False,False,,,,0.0010935
evt-20260722_195346,2026-07-22T19:55:51.006802-03:00,g3,14,False,95,TRAFFIC,False,,,False,False,,,,0.00098475
evt-20260722_195454,2026-07-22T19:59:23.486352-03:00,g3,12,False,95,TRAFFIC,False,,,False,False,,,,0.001065
evt-20260722_195552,2026-07-22T19:59:34.231691-03:00,g3,13,False,95,TRAFFIC,False,,,False,False,,,,0.00099
evt-20260722_195640,2026-07-22T19:59:46.235515-03:00,g3,18,True,90,DUMPING,True,False,95,False,False,,,,0.002922
evt-20260722_195802,2026-07-22T20:00:11.854262-03:00,g3,11,True,95,DUMPING,True,False,100,False,False,,,,0.002563
evt-20260722_195848,2026-07-22T20:04:07.088462-03:00,g3,14,False,100,EMPTY,False,,,False,False,,,,0.0010695
evt-20260722_195946,2026-07-22T20:04:19.759485-03:00,g3,32,False,100,EMPTY,False,,,False,False,,,,0.00097275
evt-20260722_200156,2026-07-22T20:04:34.189496-03:00,g3,32,False,100,EMPTY,False,,,False,False,,,,0.001092
evt-20260722_200410,2026-07-22T20:08:17.612629-03:00,g3,9,False,95,TRAFFIC,False,,,False,False,,,,0.0010665
evt-20260722_200452,2026-07-22T20:08:30.951519-03:00,g3,28,False,100,EMPTY,False,,,False,False,,,,0.0011295
evt-20260722_200656,2026-07-22T20:09:04.065566-03:00,g3,16,False,95,TRAFFIC,False,,,False,False,,,,0.0010845
evt-20260722_200808,2026-07-22T20:12:36.398016-03:00,g3,6,False,100,EMPTY,False,,,False,False,,,,0.00108975
evt-20260722_200832,2026-07-22T20:12:46.966322-03:00,g3,15,False,100,EMPTY,False,,,False,False,,,,0.00095325
evt-20260722_201006,2026-07-22T20:12:58.523769-03:00,g3,7,False,100,EMPTY,False,,,False,False,,,,0.0009915
evt-20260722_201052,2026-07-22T20:13:09.516469-03:00,g3,14,False,95,EMPTY,False,,,False,False,,,,0.00108225
evt-20260722_201150,2026-07-22T20:16:50.226970-03:00,g3,20,False,95,TRAFFIC,False,,,False,False,,,,0.00105375
evt-20260722_201324,2026-07-22T20:17:00.806307-03:00,g3,8,False,95,TRAFFIC,False,,,False,False,,,,0.00102975
evt-20260722_201715,2026-07-22T20:22:51.617170-03:00,g3,11,False,100,EMPTY,False,,,False,False,,,,0.0010185
evt-20260722_201755,2026-07-22T20:23:02.217314-03:00,g3,9,False,100,EMPTY,False,,,False,False,,,,0.00098925
evt-20260722_201827,2026-07-22T20:23:15.659730-03:00,g3,32,False,95,PARKED,False,,,False,False,,,,0.0018135
evt-20260722_202055,2026-07-22T20:27:22.276101-03:00,g3,32,False,95,PARKED,False,,,False,False,,,,0.00150825
evt-20260722_202358,2026-07-22T20:27:37.971267-03:00,g3,32,False,95,PARKED,False,,,False,False,,,,0.00126075
evt-20260722_202622,2026-07-22T20:31:15.448524-03:00,g3,26,False,95,PARKED,False,,,False,False,,,,0.00139275
evt-20260722_202820,2026-07-22T20:31:28.652947-03:00,g3,18,False,95,PARKED,False,,,False,False,,,,0.0011955
evt-20260722_202936,2026-07-22T20:31:42.236419-03:00,g3,14,False,95,PARKED,False,,,False,False,,,,0.00127875
evt-20260722_203052,2026-07-22T20:35:47.432139-03:00,g3,32,False,95,PARKED,False,,,False,False,,,,0.0013545
evt-20260722_203308,2026-07-22T20:36:18.857552-03:00,g3,32,False,90,PARKED,False,,,False,True,c70f7082-b418-4a71-8ce6-7fd94e9378d4,REJEITADO,Presença do caminhão da limpeza urbana.,0.0010635
evt-20260722_203522,2026-07-22T20:40:26.814377-03:00,g3,32,False,100,TRAFFIC,False,,,False,False,,,,0.0012885
evt-20260722_203736,2026-07-22T20:40:40.282504-03:00,g3,8,False,100,TRAFFIC,False,,,False,False,,,,0.00114525
evt-20260722_203838,2026-07-22T20:40:56.752517-03:00,g3,14,False,100,EMPTY,False,,,False,False,,,,0.0010935
evt-20260722_203934,2026-07-22T20:41:08.114210-03:00,g3,8,False,95,TRAFFIC,False,,,False,False,,,,0.001224
evt-20260722_204002,2026-07-22T20:45:01.393799-03:00,g3,21,False,95,TRAFFIC,False,,,False,False,,,,0.0009735
evt-20260722_204124,2026-07-22T20:45:13.604867-03:00,g3,23,False,95,TRAFFIC,False,,,False,False,,,,0.00099225
evt-20260722_204258,2026-07-22T20:45:25.574529-03:00,g3,6,False,100,TRAFFIC,False,,,False,False,,,,0.000966
evt-20260722_204324,2026-07-22T20:45:37.470017-03:00,g3,17,False,100,EMPTY,False,,,False,False,,,,0.001083
evt-20260722_204514,2026-07-22T20:49:09.322224-03:00,g3,23,False,100,EMPTY,False,,,False,False,,,,0.00090975
evt-20260722_204642,2026-07-22T20:49:20.207706-03:00,g3,6,False,100,EMPTY,False,,,False,False,,,,0.00099
evt-20260722_204718,2026-07-22T20:49:33.198672-03:00,g3,18,False,100,EMPTY,False,,,False,False,,,,0.0010125
evt-20260722_204836,2026-07-22T20:53:13.975965-03:00,g3,17,False,100,EMPTY,False,,,False,False,,,,0.00093375
evt-20260722_205006,2026-07-22T20:53:26.868969-03:00,g3,32,True,95,DUMPING,True,False,100,False,False,,,,0.003103
evt-20260722_205228,2026-07-22T20:57:03.834734-03:00,g3,23,False,95,TRAFFIC,False,,,False,False,,,,0.00109125
evt-20260722_205416,2026-07-22T20:57:16.424484-03:00,g3,24,False,95,TRAFFIC,False,,,False,False,,,,0.00093225
evt-20260722_205552,2026-07-22T21:00:58.902729-03:00,g3,32,False,100,EMPTY,False,,,False,False,,,,0.0009975
evt-20260722_205756,2026-07-22T21:01:12.765038-03:00,g3,32,False,100,EMPTY,False,,,False,False,,,,0.0009255
evt-20260722_210000,2026-07-22T21:04:46.858106-03:00,g3,32,False,95,TRAFFIC,False,,,False,False,,,,0.00109575
evt-20260722_210218,2026-07-22T21:04:58.864650-03:00,g3,6,False,100,EMPTY,False,,,False,False,,,,0.00117675
evt-20260722_210240,2026-07-22T21:05:12.483563-03:00,g3,28,False,100,TRAFFIC,False,,,False,False,,,,0.0010125
evt-20260722_210526,2026-07-22T21:08:51.482673-03:00,g3,18,False,90,PARKED,False,,,False,False,,,,0.00135075
evt-20260722_210654,2026-07-22T21:09:03.677423-03:00,g3,6,False,100,EMPTY,False,,,False,False,,,,0.0010605
evt-20260722_210742,2026-07-22T21:12:36.479889-03:00,g3,32,True,95,DUMPING,True,True,85,True,False,,,,0.003676
evt-20260722_210946,2026-07-22T21:12:55.342568-03:00,g3,24,False,95,TRAFFIC,False,,,False,False,,,,0.00096825
evt-20260722_211146,2026-07-22T21:16:36.117395-03:00,g3,31,False,100,EMPTY,False,,,False,False,,,,0.000948
evt-20260722_211406,2026-07-22T21:16:47.386293-03:00,g3,15,False,85,PARKED,False,,,False,False,,,,0.0015495
evt-20260722_211530,2026-07-22T21:17:00.817971-03:00,g3,13,False,100,EMPTY,False,,,False,False,,,,0.00126825
evt-20260722_211706,2026-07-22T21:20:34.059357-03:00,g3,6,False,95,TRAFFIC,False,,,False,False,,,,0.001122
evt-20260722_211734,2026-07-22T21:20:47.593594-03:00,g3,16,False,100,TRAFFIC,False,,,False,False,,,,0.00111975
evt-20260722_211840,2026-07-22T21:20:59.699216-03:00,g3,13,False,95,TRAFFIC,False,,,False,False,,,,0.001026
evt-20260722_211947,2026-07-22T21:24:41.294841-03:00,g3,24,False,90,TRAFFIC,False,,,False,False,,,,0.00116475
evt-20260722_212321,2026-07-22T21:24:53.555780-03:00,g3,12,False,95,TRAFFIC,False,,,False,False,,,,0.00096225
evt-20260722_212537,2026-07-22T21:28:28.651486-03:00,g3,32,False,100,EMPTY,False,,,False,False,,,,0.0009165
evt-20260722_212835,2026-07-22T21:32:06.923290-03:00,g3,6,False,100,EMPTY,False,,,False,False,,,,0.001056
evt-20260722_212933,2026-07-22T21:32:18.788450-03:00,g3,10,False,95,TRAFFIC,False,,,False,False,,,,0.00104775
evt-20260722_213209,2026-07-22T21:35:59.549884-03:00,g3,10,False,95,TRAFFIC,False,,,False,False,,,,0.000954
evt-20260722_213305,2026-07-22T21:36:09.269857-03:00,g3,7,False,100,EMPTY,False,,,False,False,,,,0.0011205
evt-20260722_213343,2026-07-22T21:36:22.621361-03:00,g3,9,False,95,TRAFFIC,False,,,False,False,,,,0.0010335
evt-20260722_213617,2026-07-22T21:39:54.872202-03:00,g3,10,False,95,TRAFFIC,False,,,False,False,,,,0.00097125
evt-20260722_213737,2026-07-22T21:40:06.074239-03:00,g3,8,False,95,TRAFFIC,False,,,False,False,,,,0.000924
evt-20260722_213809,2026-07-22T21:40:16.346208-03:00,g3,6,False,100,EMPTY,False,,,False,False,,,,0.00113925
evt-20260722_213833,2026-07-22T21:40:27.000054-03:00,g3,6,False,100,TRAFFIC,False,,,False,False,,,,0.0012825
evt-20260722_214005,2026-07-22T21:44:12.739145-03:00,g3,7,False,100,EMPTY,False,,,False,False,,,,0.00096075
evt-20260722_214039,2026-07-22T21:44:24.082544-03:00,g3,7,False,100,EMPTY,False,,,False,False,,,,0.00096525
evt-20260722_214225,2026-07-22T21:44:34.505401-03:00,g3,7,True,95,DUMPING,True,False,95,False,False,,,,0.0026525
evt-20260722_214307,2026-07-22T21:44:52.381940-03:00,g3,7,False,100,TRAFFIC,False,,,False,False,,,,0.0009585
evt-20260722_214339,2026-07-22T21:48:26.306421-03:00,g3,12,False,95,TRAFFIC,False,,,False,False,,,,0.00100275
evt-20260722_214527,2026-07-22T21:48:36.811836-03:00,g3,9,False,100,TRAFFIC,False,,,False,False,,,,0.000972
evt-20260722_214727,2026-07-22T21:48:47.602676-03:00,g3,11,False,95,EMPTY,False,,,False,False,,,,0.00102075
evt-20260722_214851,2026-07-22T21:52:28.837364-03:00,g3,8,False,95,TRAFFIC,False,,,False,False,,,,0.0009855
evt-20260722_215006,2026-07-22T21:52:40.874722-03:00,g3,8,False,95,TRAFFIC,False,,,False,False,,,,0.001341
evt-20260722_215122,2026-07-22T21:52:53.010216-03:00,g3,8,False,95,TRAFFIC,False,,,False,False,,,,0.0012195
evt-20260722_215318,2026-07-22T21:56:27.900971-03:00,g3,10,False,100,TRAFFIC,False,,,False,False,,,,0.0008955
evt-20260722_215758,2026-07-22T22:00:10.294314-03:00,g3,11,False,100,TRAFFIC,False,,,False,False,,,,0.00095775
evt-20260722_215928,2026-07-22T22:00:21.211658-03:00,g3,8,False,100,TRAFFIC,False,,,False,False,,,,0.00105225
evt-20260722_220110,2026-07-22T22:03:55.246377-03:00,g3,12,False,90,TRAFFIC,False,,,False,False,,,,0.001125
evt-20260722_220446,2026-07-22T22:07:41.877774-03:00,g3,15,False,95,TRAFFIC,False,,,False,False,,,,0.0010365
evt-20260722_220718,2026-07-22T22:11:25.475210-03:00,g3,31,False,85,PARKED,False,,,False,False,,,,0.00124125
evt-20260722_220928,2026-07-22T22:11:38.310928-03:00,g3,9,False,95,TRAFFIC,False,,,False,False,,,,0.00109125
evt-20260722_221204,2026-07-22T22:15:12.850951-03:00,g3,7,False,95,TRAFFIC,False,,,False,False,,,,0.0011085
evt-20260722_221320,2026-07-22T22:15:23.533269-03:00,g3,6,False,95,TRAFFIC,False,,,False,False,,,,0.00090525
evt-20260722_221356,2026-07-22T22:15:34.622209-03:00,g3,6,False,95,TRAFFIC,False,,,False,False,,,,0.0010125
evt-20260722_221708,2026-07-22T22:19:15.525936-03:00,g3,10,False,100,EMPTY,False,,,False,False,,,,0.0010665
evt-20260722_221946,2026-07-22T22:22:48.489230-03:00,g3,9,False,95,TRAFFIC,False,,,False,False,,,,0.00114525
evt-20260722_222544,2026-07-22T22:26:28.826185-03:00,g3,6,False,100,EMPTY,False,,,False,False,,,,0.00112875
evt-20260722_222738,2026-07-22T22:30:02.743456-03:00,g3,6,False,95,TRAFFIC,False,,,False,False,,,,0.001083
evt-20260722_222814,2026-07-22T22:30:13.117200-03:00,g3,6,False,100,EMPTY,False,,,False,False,,,,0.00087825
evt-20260722_223317,2026-07-22T22:34:04.462994-03:00,g3,8,False,100,TRAFFIC,False,,,False,False,,,,0.000981
evt-20260722_223407,2026-07-22T22:37:50.320713-03:00,g3,14,False,95,TRAFFIC,False,,,False,False,,,,0.00102525
evt-20260722_223813,2026-07-22T22:41:40.268799-03:00,g3,9,False,100,TRAFFIC,False,,,False,False,,,,0.00100725
evt-20260722_223929,2026-07-22T22:41:50.408765-03:00,g3,7,False,100,TRAFFIC,False,,,False,False,,,,0.00102225
evt-20260722_224031,2026-07-22T22:42:02.669394-03:00,g3,7,False,100,EMPTY,False,,,False,False,,,,0.001485
evt-20260722_224205,2026-07-22T22:45:48.780038-03:00,g3,12,False,100,EMPTY,False,,,False,False,,,,0.000969
evt-20260722_224355,2026-07-22T22:46:01.071069-03:00,g3,23,False,100,EMPTY,False,,,False,False,,,,0.001092
evt-20260722_224605,2026-07-22T22:49:55.643211-03:00,g3,10,False,90,TRAFFIC,False,,,False,False,,,,0.001071
evt-20260722_224903,2026-07-22T22:50:09.096887-03:00,g3,7,False,100,EMPTY,False,,,False,False,,,,0.0009615
evt-20260722_225057,2026-07-22T22:53:53.048009-03:00,g3,8,False,85,TRAFFIC,False,,,False,False,,,,0.0010485
evt-20260722_225439,2026-07-22T22:57:48.335912-03:00,g3,19,False,100,EMPTY,False,,,False,False,,,,0.001068
evt-20260722_225621,2026-07-22T22:58:02.683746-03:00,g3,20,False,100,EMPTY,False,,,False,False,,,,0.001119
evt-20260722_225817,2026-07-22T23:01:49.165564-03:00,g3,9,False,100,EMPTY,False,,,False,False,,,,0.0010185
evt-20260722_225853,2026-07-22T23:02:02.503293-03:00,g3,32,False,100,EMPTY,False,,,False,False,,,,0.001005
evt-20260722_230057,2026-07-22T23:06:11.895389-03:00,g3,32,False,100,EMPTY,False,,,False,False,,,,0.00106575
evt-20260722_230301,2026-07-22T23:06:25.518035-03:00,g3,32,False,100,EMPTY,False,,,False,False,,,,0.000969
evt-20260722_230505,2026-07-22T23:10:12.536945-03:00,g3,32,False,100,EMPTY,False,,,False,False,,,,0.000966
evt-20260722_230709,2026-07-22T23:10:26.927863-03:00,g3,32,False,100,EMPTY,False,,,False,False,,,,0.0010605
evt-20260722_230913,2026-07-22T23:14:31.614179-03:00,g3,32,False,100,EMPTY,False,,,False,False,,,,0.001029
evt-20260722_231117,2026-07-22T23:14:44.302847-03:00,g3,32,False,90,PARKED,False,,,False,False,,,,0.00218325
evt-20260722_231321,2026-07-22T23:19:24.772657-03:00,g3,32,False,100,EMPTY,False,,,False,False,,,,0.001155
evt-20260722_231525,2026-07-22T23:19:40.951745-03:00,g3,32,False,100,EMPTY,False,,,False,False,,,,0.00099075
evt-20260722_231729,2026-07-22T23:23:36.739046-03:00,g3,32,False,100,EMPTY,False,,,False,False,,,,0.001266
evt-20260722_231933,2026-07-22T23:23:51.247645-03:00,g3,32,False,100,EMPTY,False,,,False,False,,,,0.00099
evt-20260722_232137,2026-07-22T23:27:30.768110-03:00,g3,32,False,100,EMPTY,False,,,False,False,,,,0.00091125
evt-20260722_232401,2026-07-22T23:27:41.474943-03:00,g3,9,False,100,EMPTY,False,,,False,False,,,,0.0010725
evt-20260722_232521,2026-07-22T23:27:53.984839-03:00,g3,15,False,100,EMPTY,False,,,False,False,,,,0.001314
evt-20260722_232641,2026-07-22T23:32:04.632439-03:00,g3,32,False,100,EMPTY,False,,,False,False,,,,0.0009765
evt-20260722_232845,2026-07-22T23:32:18.296713-03:00,g3,21,False,100,EMPTY,False,,,False,False,,,,0.0008805
evt-20260722_233013,2026-07-22T23:36:02.519097-03:00,g3,32,False,100,EMPTY,False,,,False,False,,,,0.00098775
evt-20260722_233218,2026-07-22T23:36:14.022663-03:00,g3,17,False,100,EMPTY,False,,,False,False,,,,0.000951
evt-20260722_233322,2026-07-22T23:36:26.758862-03:00,g3,32,False,100,EMPTY,False,,,False,False,,,,0.00098475
evt-20260722_233526,2026-07-22T23:40:03.886999-03:00,g3,32,False,100,EMPTY,False,,,False,False,,,,0.000948
evt-20260722_233752,2026-07-22T23:40:17.228013-03:00,g3,32,False,100,EMPTY,False,,,False,False,,,,0.00092025
evt-20260722_233956,2026-07-22T23:44:20.623744-03:00,g3,32,True,95,DUMPING,True,True,95,True,False,,,,0.00371275
evt-20260722_234200,2026-07-22T23:44:40.377372-03:00,g3,29,False,100,EMPTY,False,,,False,False,,,,0.0009585
evt-20260722_234424,2026-07-22T23:48:13.886600-03:00,g3,8,False,100,EMPTY,False,,,False,False,,,,0.00109725
evt-20260722_234500,2026-07-22T23:48:25.090754-03:00,g3,12,False,90,TRAFFIC,False,,,False,False,,,,0.0010275
evt-20260722_234550,2026-07-22T23:48:39.817189-03:00,g3,32,False,95,TRAFFIC,False,,,False,False,,,,0.00104475
evt-20260722_234804,2026-07-22T23:52:22.299463-03:00,g3,7,True,95,DUMPING,True,False,100,False,False,,,,0.00245825
evt-20260722_234846,2026-07-22T23:52:39.765503-03:00,g3,14,False,100,EMPTY,False,,,False,False,,,,0.000927
evt-20260722_234938,2026-07-22T23:52:53.300019-03:00,g3,19,False,100,EMPTY,False,,,False,False,,,,0.00091425
evt-20260722_235118,2026-07-22T23:56:59.572479-03:00,g3,32,True,95,DUMPING,True,True,95,True,False,,,,0.0036115
evt-20260722_235322,2026-07-22T23:57:20.623297-03:00,g3,32,False,100,EMPTY,False,,,False,False,,,,0.0009795
evt-20260722_235534,2026-07-22T23:57:31.066981-03:00,g3,13,False,100,EMPTY,False,,,False,False,,,,0.00095775
evt-20260722_235624,2026-07-23T00:01:06.171227-03:00,g3,32,False,100,EMPTY,False,,,False,False,,,,0.001128
evt-20260722_235834,2026-07-23T00:01:19.454384-03:00,g3,32,False,100,EMPTY,False,,,False,False,,,,0.00095325
evt-20260723_000040,2026-07-23T00:05:04.704951-03:00,g3,32,False,90,TRAFFIC,False,,,False,False,,,,0.00110175
evt-20260723_000248,2026-07-23T00:05:20.110970-03:00,g3,32,True,90,DUMPING,True,True,100,True,False,,,,0.00348175
evt-20260723_000454,2026-07-23T00:09:31.321616-03:00,g3,11,False,90,TRAFFIC,False,,,False,False,,,,0.001527
evt-20260723_000538,2026-07-23T00:09:46.344906-03:00,g3,18,True,90,DUMPING,True,True,100,True,False,,,,0.0032475
evt-20260723_000708,2026-07-23T00:10:05.763952-03:00,g3,16,False,100,EMPTY,False,,,False,False,,,,0.0009795
evt-20260723_000840,2026-07-23T00:13:48.722568-03:00,g3,28,False,100,EMPTY,False,,,False,False,,,,0.000999
evt-20260723_001032,2026-07-23T00:14:01.981886-03:00,g3,17,False,100,EMPTY,False,,,False,False,,,,0.00092625
evt-20260723_001142,2026-07-23T00:17:37.870223-03:00,g3,32,False,95,TRAFFIC,False,,,False,False,,,,0.001101
evt-20260723_001358,2026-07-23T00:17:47.969329-03:00,g3,6,False,100,EMPTY,False,,,False,False,,,,0.000987
evt-20260723_001420,2026-07-23T00:18:00.863006-03:00,g3,20,True,95,DUMPING,True,True,95,True,False,,,,0.0033925
evt-20260723_001550,2026-07-23T00:18:20.818889-03:00,g3,14,False,100,TRAFFIC,False,,,False,False,,,,0.0011085
evt-20260723_001724,2026-07-23T00:22:14.825251-03:00,g3,15,False,100,EMPTY,False,,,False,False,,,,0.0010485
evt-20260723_001832,2026-07-23T00:22:28.914690-03:00,g3,32,False,100,EMPTY,False,,,False,False,,,,0.00091425
evt-20260723_002142,2026-07-23T00:26:10.197972-03:00,g3,28,False,95,TRAFFIC,False,,,False,False,,,,0.00098625
evt-20260723_002330,2026-07-23T00:26:22.128240-03:00,g3,23,False,95,EMPTY,False,,,False,False,,,,0.001083
evt-20260723_002508,2026-07-23T00:29:56.471368-03:00,g3,19,False,95,TRAFFIC,False,,,False,False,,,,0.00114
evt-20260723_002638,2026-07-23T00:30:33.469038-03:00,g3,25,False,100,EMPTY,False,,,False,False,,,,0.000924
evt-20260723_002822,2026-07-23T00:30:45.988884-03:00,g3,13,False,100,EMPTY,False,,,False,False,,,,0.0010065
evt-20260723_003052,2026-07-23T00:34:31.106885-03:00,g3,32,False,100,EMPTY,False,,,False,False,,,,0.0010485
evt-20260723_003258,2026-07-23T00:38:24.352597-03:00,g3,32,False,100,EMPTY,False,,,False,False,,,,0.001023
evt-20260723_003502,2026-07-23T00:38:39.405852-03:00,g3,32,True,95,DUMPING,True,True,100,True,False,,,,0.00359725
evt-20260723_003706,2026-07-23T00:42:33.445981-03:00,g3,32,False,100,EMPTY,False,,,False,False,,,,0.00099525
evt-20260723_003910,2026-07-23T00:42:46.037664-03:00,g3,32,False,100,EMPTY,False,,,False,False,,,,0.00119325
evt-20260723_004118,2026-07-23T00:46:57.337982-03:00,g3,32,False,100,EMPTY,False,,,False,False,,,,0.00105
evt-20260723_004340,2026-07-23T00:47:10.584175-03:00,g3,32,False,100,EMPTY,False,,,False,False,,,,0.0010995
evt-20260723_004544,2026-07-23T00:50:46.900389-03:00,g3,32,False,100,EMPTY,False,,,False,False,,,,0.0009
evt-20260723_004752,2026-07-23T00:51:00.593562-03:00,g3,32,False,100,EMPTY,False,,,False,False,,,,0.0009855
evt-20260723_005002,2026-07-23T00:54:44.118233-03:00,g3,32,False,100,EMPTY,False,,,False,False,,,,0.0010875
evt-20260723_005222,2026-07-23T00:54:59.846314-03:00,g3,32,False,100,EMPTY,False,,,False,False,,,,0.0010335
evt-20260723_005436,2026-07-23T00:59:11.213846-03:00,g3,20,False,100,EMPTY,False,,,False,False,,,,0.00090225
evt-20260723_005602,2026-07-23T00:59:23.306851-03:00,g3,23,False,100,EMPTY,False,,,False,False,,,,0.0009195
evt-20260723_005732,2026-07-23T00:59:33.847677-03:00,g3,11,False,100,EMPTY,False,,,False,False,,,,0.001152
evt-20260723_005824,2026-07-23T01:03:10.412759-03:00,g3,32,False,100,EMPTY,False,,,False,False,,,,0.00092325
evt-20260723_010152,2026-07-23T01:03:22.491652-03:00,g3,15,False,100,EMPTY,False,,,False,False,,,,0.00108
evt-20260723_010322,2026-07-23T01:07:05.648707-03:00,g3,9,False,100,EMPTY,False,,,False,False,,,,0.00102825
evt-20260723_010444,2026-07-23T01:07:19.764142-03:00,g3,7,False,100,EMPTY,False,,,False,False,,,,0.00092325
evt-20260723_010516,2026-07-23T01:07:32.433357-03:00,g3,26,False,100,EMPTY,False,,,False,False,,,,0.00097425
evt-20260723_010732,2026-07-23T01:11:08.806975-03:00,g3,32,False,100,EMPTY,False,,,False,False,,,,0.0010695
evt-20260723_011027,2026-07-23T01:14:51.584724-03:00,g3,32,False,100,EMPTY,False,,,False,False,,,,0.00109875
evt-20260723_011233,2026-07-23T01:15:04.226912-03:00,g3,32,False,100,EMPTY,False,,,False,False,,,,0.00125775
evt-20260723_011449,2026-07-23T01:18:54.245940-03:00,g3,10,False,100,EMPTY,False,,,False,False,,,,0.00125325
evt-20260723_011607,2026-07-23T01:19:07.232128-03:00,g3,10,False,100,EMPTY,False,,,False,False,,,,0.001026
evt-20260723_011643,2026-07-23T01:19:20.239772-03:00,g3,32,False,95,EMPTY,False,,,False,False,,,,0.00093
evt-20260723_011857,2026-07-23T01:22:55.260959-03:00,g3,16,False,100,EMPTY,False,,,False,False,,,,0.0011265
evt-20260723_012005,2026-07-23T01:23:08.211746-03:00,g3,14,False,100,EMPTY,False,,,False,False,,,,0.0009015
evt-20260723_012101,2026-07-23T01:23:19.105291-03:00,g3,7,False,100,EMPTY,False,,,False,False,,,,0.0009825
evt-20260723_012211,2026-07-23T01:27:04.652342-03:00,g3,32,False,100,EMPTY,False,,,False,False,,,,0.00098775
evt-20260723_012415,2026-07-23T01:27:16.488207-03:00,g3,32,False,100,EMPTY,False,,,False,False,,,,0.0010995
evt-20260723_012635,2026-07-23T01:31:17.699942-03:00,g3,15,False,100,EMPTY,False,,,False,False,,,,0.0012615
evt-20260723_012747,2026-07-23T01:31:29.284833-03:00,g3,11,False,100,EMPTY,False,,,False,False,,,,0.000906
evt-20260723_012849,2026-07-23T01:31:41.818221-03:00,g3,6,False,100,EMPTY,False,,,False,False,,,,0.0009645
evt-20260723_013028,2026-07-23T01:31:52.826388-03:00,g3,8,False,100,EMPTY,False,,,False,False,,,,0.0009195
evt-20260723_013118,2026-07-23T01:35:40.679368-03:00,g3,14,False,100,EMPTY,False,,,False,False,,,,0.001083
evt-20260723_013322,2026-07-23T01:35:56.614788-03:00,g3,30,False,100,EMPTY,False,,,False,False,,,,0.00112425
evt-20260723_013706,2026-07-23T01:39:31.771961-03:00,g3,7,False,100,EMPTY,False,,,False,False,,,,0.00092025
evt-20260723_013822,2026-07-23T01:39:42.402869-03:00,g3,6,False,100,EMPTY,False,,,False,False,,,,0.001665
evt-20260723_013848,2026-07-23T01:39:54.389309-03:00,g3,6,False,100,EMPTY,False,,,False,False,,,,0.00122325
evt-20260723_013946,2026-07-23T01:43:38.106569-03:00,g3,19,False,100,TRAFFIC,False,,,False,False,,,,0.00095925
evt-20260723_014118,2026-07-23T01:43:49.219969-03:00,g3,9,False,100,EMPTY,False,,,False,False,,,,0.00121575
evt-20260723_014910,2026-07-23T01:51:16.681544-03:00,g3,6,False,100,EMPTY,False,,,False,False,,,,0.00086925
evt-20260723_014946,2026-07-23T01:51:27.105773-03:00,g3,8,False,100,TRAFFIC,False,,,False,False,,,,0.001005
evt-20260723_015320,2026-07-23T01:55:10.807936-03:00,g3,7,False,95,TRAFFIC,False,,,False,False,,,,0.00099375
evt-20260723_020120,2026-07-23T02:02:31.695346-03:00,g3,9,False,100,EMPTY,False,,,False,False,,,,0.0009135
evt-20260723_020506,2026-07-23T02:10:00.251819-03:00,g3,32,False,100,EMPTY,False,,,False,False,,,,0.0009255
evt-20260723_020714,2026-07-23T02:10:09.302911-03:00,g3,6,False,100,EMPTY,False,,,False,False,,,,0.0014655
evt-20260723_020850,2026-07-23T02:10:22.670269-03:00,g3,6,False,100,EMPTY,False,,,False,False,,,,0.001134
evt-20260723_020928,2026-07-23T02:10:34.219944-03:00,g3,6,False,100,EMPTY,False,,,False,False,,,,0.0010425
evt-20260723_021056,2026-07-23T02:14:08.632098-03:00,g3,6,False,100,EMPTY,False,,,False,False,,,,0.0010335
evt-20260723_021228,2026-07-23T02:14:19.584510-03:00,g3,6,False,100,EMPTY,False,,,False,False,,,,0.00099375
evt-20260723_021256,2026-07-23T02:14:29.888873-03:00,g3,6,False,100,EMPTY,False,,,False,False,,,,0.00153375
evt-20260723_021328,2026-07-23T02:18:17.712567-03:00,g3,21,False,100,EMPTY,False,,,False,False,,,,0.00107625
evt-20260723_021654,2026-07-23T02:18:29.633489-03:00,g3,11,False,100,EMPTY,False,,,False,False,,,,0.00107775
evt-20260723_021746,2026-07-23T02:22:04.983360-03:00,g3,10,False,100,EMPTY,False,,,False,False,,,,0.00110025
evt-20260723_021832,2026-07-23T02:22:22.061824-03:00,g3,6,False,100,EMPTY,False,,,False,False,,,,0.001074
evt-20260723_022102,2026-07-23T02:22:33.950108-03:00,g3,8,False,100,EMPTY,False,,,False,False,,,,0.00090075
evt-20260723_022346,2026-07-23T02:26:17.728714-03:00,g3,14,False,100,EMPTY,False,,,False,False,,,,0.000939
evt-20260723_022912,2026-07-23T02:33:22.905306-03:00,g3,22,False,100,EMPTY,False,,,False,False,,,,0.0009135
evt-20260723_023857,2026-07-23T02:43:47.584857-03:00,g3,32,False,100,EMPTY,False,,,False,False,,,,0.0010845
evt-20260723_024305,2026-07-23T02:47:27.617241-03:00,g3,14,False,100,EMPTY,False,,,False,False,,,,0.001071
evt-20260723_025143,2026-07-23T02:54:29.707873-03:00,g3,32,False,100,EMPTY,False,,,False,False,,,,0.0010965
evt-20260723_025353,2026-07-23T02:58:00.971376-03:00,g3,9,False,100,EMPTY,False,,,False,False,,,,0.00111225
evt-20260723_030321,2026-07-23T03:17:19.844760-03:00,g3,32,False,95,EMPTY,False,,,False,False,,,,0.0010965
evt-20260723_030534,2026-07-23T03:17:34.404288-03:00,g3,32,False,100,EMPTY,False,,,False,False,,,,0.00097125
evt-20260723_030752,2026-07-23T03:17:46.807998-03:00,g3,32,False,100,EMPTY,False,,,False,False,,,,0.00099525
evt-20260723_030956,2026-07-23T03:18:02.707758-03:00,g3,32,False,100,EMPTY,False,,,False,False,,,,0.000921
evt-20260723_031200,2026-07-23T03:18:15.797045-03:00,g3,10,False,100,EMPTY,False,,,False,False,,,,0.00102675
evt-20260723_031248,2026-07-23T03:18:29.223382-03:00,g3,32,False,100,EMPTY,False,,,False,False,,,,0.0009795
evt-20260723_031452,2026-07-23T03:18:43.917109-03:00,g3,32,False,100,EMPTY,False,,,False,False,,,,0.00098475
evt-20260723_031710,2026-07-23T03:22:42.970407-03:00,g3,25,False,100,EMPTY,False,,,False,False,,,,0.000933
evt-20260723_031902,2026-07-23T03:22:53.629816-03:00,g3,7,False,100,EMPTY,False,,,False,False,,,,0.00093075
evt-20260723_032014,2026-07-23T03:23:06.777212-03:00,g3,20,False,100,EMPTY,False,,,False,False,,,,0.0010695
evt-20260723_032136,2026-07-23T03:23:20.915696-03:00,g3,9,False,100,EMPTY,False,,,False,False,,,,0.00094125
evt-20260723_032236,2026-07-23T03:27:02.086700-03:00,g3,10,True,95,DUMPING,True,False,100,False,False,,,,0.0025355
evt-20260723_032328,2026-07-23T03:27:20.604170-03:00,g3,20,False,100,EMPTY,False,,,False,False,,,,0.00104475
evt-20260723_032444,2026-07-23T03:27:31.146930-03:00,g3,16,False,100,EMPTY,False,,,False,False,,,,0.00090825
evt-20260723_032600,2026-07-23T03:27:41.042866-03:00,g3,6,False,100,EMPTY,False,,,False,False,,,,0.0009855
evt-20260723_032630,2026-07-23T03:31:22.586976-03:00,g3,8,False,100,EMPTY,False,,,False,False,,,,0.000915
evt-20260723_032702,2026-07-23T03:31:34.412128-03:00,g3,10,False,100,EMPTY,False,,,False,False,,,,0.000918
evt-20260723_032748,2026-07-23T03:31:48.298228-03:00,g3,30,False,100,EMPTY,False,,,False,False,,,,0.0009825
evt-20260723_032952,2026-07-23T03:32:00.977122-03:00,g3,16,False,100,EMPTY,False,,,False,False,,,,0.00089625
evt-20260723_033134,2026-07-23T03:36:56.695441-03:00,g3,17,False,100,EMPTY,False,,,False,False,,,,0.00095475
evt-20260723_033240,2026-07-23T03:37:09.112511-03:00,g3,20,False,100,EMPTY,False,,,False,False,,,,0.00099225
evt-20260723_033400,2026-07-23T03:37:22.927018-03:00,g3,18,False,100,EMPTY,False,,,False,False,,,,0.00096375
evt-20260723_033514,2026-07-23T03:37:34.236374-03:00,g3,6,False,100,EMPTY,False,,,False,False,,,,0.00106725
evt-20260723_033558,2026-07-23T03:37:46.105841-03:00,g3,8,False,100,EMPTY,False,,,False,False,,,,0.00122625
evt-20260723_033658,2026-07-23T03:41:42.225921-03:00,g3,11,False,100,EMPTY,False,,,False,False,,,,0.0009
evt-20260723_033806,2026-07-23T03:41:56.633789-03:00,g3,15,False,100,EMPTY,False,,,False,False,,,,0.00098325
evt-20260723_033910,2026-07-23T03:42:08.771771-03:00,g3,8,False,100,EMPTY,False,,,False,False,,,,0.001053
evt-20260723_034431,2026-07-23T03:45:43.038787-03:00,g3,6,False,100,EMPTY,False,,,False,False,,,,0.0009855
evt-20260723_035551,2026-07-23T03:59:30.483213-03:00,g3,9,False,100,EMPTY,False,,,False,False,,,,0.000921
evt-20260723_040427,2026-07-23T04:06:36.985273-03:00,g3,7,False,100,EMPTY,False,,,False,False,,,,0.001092
evt-20260723_040807,2026-07-23T04:10:10.208344-03:00,g3,9,False,100,EMPTY,False,,,False,False,,,,0.00113025
evt-20260723_042402,2026-07-23T04:27:29.100663-03:00,g3,9,False,100,TRAFFIC,False,,,False,False,,,,0.00092325
evt-20260723_043146,2026-07-23T04:34:30.945224-03:00,g3,9,False,100,TRAFFIC,False,,,False,False,,,,0.001086
evt-20260723_043722,2026-07-23T04:38:12.912600-03:00,g3,7,False,100,EMPTY,False,,,False,False,,,,0.00107625
evt-20260723_044002,2026-07-23T04:41:44.981407-03:00,g3,7,False,95,TRAFFIC,False,,,False,False,,,,0.0009615
evt-20260723_044408,2026-07-23T04:45:29.318868-03:00,g3,8,False,95,TRAFFIC,False,,,False,False,,,,0.00099225
evt-20260723_045747,2026-07-23T04:59:22.211792-03:00,g3,18,False,100,EMPTY,False,,,False,False,,,,0.00107325
evt-20260723_050025,2026-07-23T05:02:54.836525-03:00,g3,8,False,100,TRAFFIC,False,,,False,False,,,,0.00107775
evt-20260723_051649,2026-07-23T05:17:26.302177-03:00,g3,8,False,95,TRAFFIC,False,,,False,False,,,,0.0010035
evt-20260723_051828,2026-07-23T05:21:24.140207-03:00,g3,31,False,100,EMPTY,False,,,False,False,,,,0.001023
evt-20260723_052744,2026-07-23T05:28:48.735383-03:00,g3,7,False,100,EMPTY,False,,,False,False,,,,0.00105375
evt-20260723_053002,2026-07-23T05:32:56.954300-03:00,g3,7,False,100,EMPTY,False,,,False,False,,,,0.00114225
evt-20260723_053034,2026-07-23T05:33:12.452983-03:00,g3,23,False,100,EMPTY,False,,,False,False,,,,0.0011235
evt-20260723_053712,2026-07-23T05:40:43.098779-03:00,g3,9,False,100,TRAFFIC,False,,,False,False,,,,0.00096
evt-20260723_053938,2026-07-23T05:44:47.658932-03:00,g3,17,False,90,TRAFFIC,False,,,False,False,,,,0.0014655
evt-20260723_054104,2026-07-23T05:45:03.577871-03:00,g3,25,False,95,EMPTY,False,,,False,False,,,,0.0011985
evt-20260723_054256,2026-07-23T05:48:58.127500-03:00,g3,28,False,100,EMPTY,False,,,False,False,,,,0.0011385
evt-20260723_054848,2026-07-23T05:52:54.071306-03:00,g3,6,False,100,TRAFFIC,False,,,False,False,,,,0.00122025
evt-20260723_055114,2026-07-23T05:53:08.616692-03:00,g3,7,False,95,TRAFFIC,False,,,False,False,,,,0.00112725
evt-20260723_055706,2026-07-23T06:00:37.246866-03:00,g3,6,True,90,DUMPING,True,True,95,True,False,,,,0.0032685
evt-20260723_060301,2026-07-23T06:04:37.986542-03:00,g3,7,False,100,EMPTY,False,,,False,False,,,,0.00099
evt-20260723_060531,2026-07-23T06:08:40.393497-03:00,g3,9,False,95,TRAFFIC,False,,,False,False,,,,0.001062
evt-20260723_060733,2026-07-23T06:12:34.454974-03:00,g3,23,True,90,DUMPING,True,False,100,False,False,,,,0.00311275
evt-20260723_061105,2026-07-23T06:12:52.582989-03:00,g3,17,False,100,EMPTY,False,,,False,False,,,,0.00091275
evt-20260723_061455,2026-07-23T06:17:12.413868-03:00,g3,7,False,95,PARKED,False,,,False,True,86b1b859-6c38-498d-af49-5ab0c892c852,CONFIRMADO,Descarte de resíduo sólido.,0.00262725
evt-20260723_061543,2026-07-23T06:17:32.115726-03:00,g3,11,False,95,TRAFFIC,False,,,False,False,,,,0.00103575
evt-20260723_061719,2026-07-23T06:22:09.760368-03:00,g3,6,False,95,TRAFFIC,False,,,False,False,,,,0.00105225
evt-20260723_061745,2026-07-23T06:22:22.347658-03:00,g3,7,False,95,PARKED,False,,,False,False,,,,0.00102225
evt-20260723_061949,2026-07-23T06:22:37.280641-03:00,g3,16,False,100,TRAFFIC,False,,,False,False,,,,0.00112725
evt-20260723_062233,2026-07-23T06:28:02.279728-03:00,g3,8,False,0,DUMPING,False,,,False,True,4097a098-b5b9-4e28-87e9-7007231ea2d6,CONFIRMADO,Descarte de resíduo.,0.00167775
evt-20260723_062521,2026-07-23T06:28:19.126102-03:00,g3,6,False,100,TRAFFIC,False,,,False,False,,,,0.00094425
evt-20260723_063101,2026-07-23T06:36:11.515285-03:00,g3,26,False,100,TRAFFIC,False,,,False,False,,,,0.001122
evt-20260723_063504,2026-07-23T06:36:25.327270-03:00,g3,16,False,100,TRAFFIC,False,,,False,False,,,,0.001125
evt-20260723_063606,2026-07-23T06:40:40.781638-03:00,g3,11,False,95,TRAFFIC,False,,,False,False,,,,0.0009375
evt-20260723_063658,2026-07-23T06:40:54.851020-03:00,g3,25,False,100,TRAFFIC,False,,,False,False,,,,0.00116025
evt-20260723_063916,2026-07-23T06:41:07.672163-03:00,g3,13,False,100,TRAFFIC,False,,,False,False,,,,0.00109275
evt-20260723_064028,2026-07-23T06:44:55.306718-03:00,g3,7,False,100,TRAFFIC,False,,,False,False,,,,0.00096975
evt-20260723_064358,2026-07-23T06:48:48.902482-03:00,g3,15,False,100,EMPTY,False,,,False,False,,,,0.0011235
evt-20260723_064526,2026-07-23T06:49:03.313132-03:00,g3,6,False,100,TRAFFIC,False,,,False,False,,,,0.0011085
evt-20260723_064842,2026-07-23T06:52:53.491210-03:00,g3,7,False,95,TRAFFIC,False,,,False,False,,,,0.00110775
evt-20260723_065310,2026-07-23T06:56:54.085349-03:00,g3,6,False,100,TRAFFIC,False,,,False,False,,,,0.00112575
evt-20260723_065510,2026-07-23T06:57:08.799874-03:00,g3,7,False,100,TRAFFIC,False,,,False,False,,,,0.0009975
evt-20260723_070030,2026-07-23T07:04:19.329350-03:00,g3,8,False,100,TRAFFIC,False,,,False,False,,,,0.001149
evt-20260723_070102,2026-07-23T07:04:31.811712-03:00,g3,7,False,100,TRAFFIC,False,,,False,False,,,,0.001053
evt-20260723_070152,2026-07-23T07:04:45.647610-03:00,g3,10,False,90,TRAFFIC,False,,,False,False,,,,0.001563
evt-20260723_071023,2026-07-23T07:12:36.091009-03:00,g3,8,False,100,TRAFFIC,False,,,False,False,,,,0.00094875
evt-20260723_071113,2026-07-23T07:16:36.018244-03:00,g3,29,True,95,DUMPING,True,True,85,True,False,,,,0.0037195
evt-20260723_071519,2026-07-23T07:16:58.142956-03:00,g3,12,False,95,TRAFFIC,False,,,False,False,,,,0.0011355
evt-20260723_071619,2026-07-23T07:20:49.871160-03:00,g3,7,False,100,EMPTY,False,,,False,False,,,,0.00124125
evt-20260723_071923,2026-07-23T07:21:01.741061-03:00,g3,6,False,95,TRAFFIC,False,,,False,False,,,,0.00103425
evt-20260723_072151,2026-07-23T07:25:01.855634-03:00,g3,12,False,95,TRAFFIC,False,,,False,False,,,,0.00105225
evt-20260723_072435,2026-07-23T07:28:49.120708-03:00,g3,14,True,85,DUMPING,True,True,95,True,False,,,,0.0034615
evt-20260723_072747,2026-07-23T07:29:11.353687-03:00,g3,10,False,100,TRAFFIC,False,,,False,False,,,,0.00094425
evt-20260723_072835,2026-07-23T07:33:10.312055-03:00,g3,7,False,95,TRAFFIC,False,,,False,False,,,,0.0009975
evt-20260723_072935,2026-07-23T07:33:22.761198-03:00,g3,14,False,95,TRAFFIC,False,,,False,False,,,,0.00100875
evt-20260723_073042,2026-07-23T07:33:36.174081-03:00,g3,13,False,90,TRAFFIC,False,,,False,False,,,,0.00110025
evt-20260723_073158,2026-07-23T07:33:49.349206-03:00,g3,6,False,100,EMPTY,False,,,False,False,,,,0.0009675
evt-20260723_073450,2026-07-23T07:38:16.082057-03:00,g3,8,False,100,TRAFFIC,False,,,False,False,,,,0.00093375
evt-20260723_073546,2026-07-23T07:38:25.867635-03:00,g3,8,False,100,TRAFFIC,False,,,False,False,,,,0.00094875
evt-20260723_073740,2026-07-23T07:38:38.976485-03:00,g3,8,False,95,TRAFFIC,False,,,False,False,,,,0.00109425
evt-20260723_073834,2026-07-23T07:42:31.228271-03:00,g3,7,False,95,TRAFFIC,False,,,False,False,,,,0.00166875
evt-20260723_073954,2026-07-23T07:42:45.251882-03:00,g3,9,False,95,TRAFFIC,False,,,False,False,,,,0.001509
evt-20260723_074110,2026-07-23T07:43:01.766788-03:00,g3,12,False,95,TRAFFIC,False,,,False,False,,,,0.001098
evt-20260723_074244,2026-07-23T07:47:29.507884-03:00,g3,7,False,100,TRAFFIC,False,,,False,False,,,,0.00104025
evt-20260723_074446,2026-07-23T07:47:44.280095-03:00,g3,7,False,100,TRAFFIC,False,,,False,False,,,,0.00094425
evt-20260723_074534,2026-07-23T07:48:00.012744-03:00,g3,10,False,90,PARKED,False,,,False,False,,,,0.001062
evt-20260723_074644,2026-07-23T07:48:15.999616-03:00,g3,6,False,95,TRAFFIC,False,,,False,False,,,,0.0013245
evt-20260723_074730,2026-07-23T07:52:33.572286-03:00,g3,17,False,100,TRAFFIC,False,,,False,False,,,,0.0010485
evt-20260723_074834,2026-07-23T07:52:47.180396-03:00,g3,7,False,95,TRAFFIC,False,,,False,False,,,,0.00110025
evt-20260723_074910,2026-07-23T07:53:01.345813-03:00,g3,11,False,100,TRAFFIC,False,,,False,False,,,,0.00109725
evt-20260723_074958,2026-07-23T07:53:14.319757-03:00,g3,24,False,95,TRAFFIC,False,,,False,False,,,,0.00105975
evt-20260723_075139,2026-07-23T07:53:28.865762-03:00,g3,10,True,85,DUMPING,True,True,95,True,False,,,,0.0031955
evt-20260723_075307,2026-07-23T07:57:50.982786-03:00,g3,7,False,100,EMPTY,False,,,False,False,,,,0.0011175
evt-20260723_075447,2026-07-23T07:58:02.709704-03:00,g3,6,False,95,TRAFFIC,False,,,False,False,,,,0.00103125
evt-20260723_075507,2026-07-23T07:58:16.016846-03:00,g3,6,False,90,TRAFFIC,False,,,False,False,,,,0.000984
evt-20260723_075551,2026-07-23T07:58:29.986007-03:00,g3,9,False,95,TRAFFIC,False,,,False,False,,,,0.001047
evt-20260723_075651,2026-07-23T07:58:40.544851-03:00,g3,7,False,95,PARKED,False,,,False,False,,,,0.0011445
evt-20260723_075723,2026-07-23T07:58:52.094200-03:00,g3,6,False,100,EMPTY,False,,,False,False,,,,0.00116025
evt-20260723_075855,2026-07-23T08:03:18.030154-03:00,g3,11,False,85,TRAFFIC,False,,,False,False,,,,0.00108075
evt-20260723_080135,2026-07-23T08:03:30.140976-03:00,g3,9,False,95,TRAFFIC,False,,,False,False,,,,0.00099825
evt-20260723_080215,2026-07-23T08:03:45.532437-03:00,g3,7,False,95,TRAFFIC,False,,,False,False,,,,0.0010695
evt-20260723_080307,2026-07-23T08:07:42.528966-03:00,g3,6,False,85,TRAFFIC,False,,,False,False,,,,0.0011325
evt-20260723_080452,2026-07-23T08:07:55.775743-03:00,g3,7,False,95,TRAFFIC,False,,,False,False,,,,0.0010545
evt-20260723_080534,2026-07-23T08:08:08.593454-03:00,g3,7,False,95,PARKED,False,,,False,False,,,,0.00122325
evt-20260723_080710,2026-07-23T08:08:22.598335-03:00,g3,6,False,100,TRAFFIC,False,,,False,False,,,,0.00102075
evt-20260723_080740,2026-07-23T08:14:38.657647-03:00,g3,6,False,100,TRAFFIC,False,,,False,False,,,,0.00090675
evt-20260723_081044,2026-07-23T08:14:51.157876-03:00,g3,7,False,95,TRAFFIC,False,,,False,False,,,,0.00101325
evt-20260723_081110,2026-07-23T08:15:13.673535-03:00,g3,7,False,95,PARKED,False,,,False,False,,,,0.0009795
evt-20260723_081244,2026-07-23T08:15:25.208635-03:00,g3,7,False,100,EMPTY,False,,,False,False,,,,0.001053
evt-20260723_081320,2026-07-23T08:15:38.319942-03:00,g3,13,True,90,DUMPING,True,True,90,True,False,,,,0.00281675
evt-20260723_081436,2026-07-23T08:20:10.380544-03:00,g3,7,False,95,TRAFFIC,False,,,False,False,,,,0.00111825
evt-20260723_081554,2026-07-23T08:20:24.335487-03:00,g3,13,False,95,TRAFFIC,False,,,False,False,,,,0.00105675
evt-20260723_081738,2026-07-23T08:20:37.500801-03:00,g3,6,False,100,TRAFFIC,False,,,False,False,,,,0.00099375
evt-20260723_082324,2026-07-23T08:24:37.629294-03:00,g3,9,False,95,TRAFFIC,False,,,False,False,,,,0.0010245
evt-20260723_082358,2026-07-23T08:24:49.250522-03:00,g3,6,False,95,TRAFFIC,False,,,False,False,,,,0.00099225
evt-20260723_082602,2026-07-23T08:29:04.744040-03:00,g3,6,False,95,TRAFFIC,False,,,False,False,,,,0.0012495
evt-20260723_082706,2026-07-23T08:29:15.685100-03:00,g3,7,False,100,EMPTY,False,,,False,False,,,,0.0009615
evt-20260723_082758,2026-07-23T08:29:25.958127-03:00,g3,6,False,100,TRAFFIC,False,,,False,False,,,,0.00089325
evt-20260723_082944,2026-07-23T08:33:16.246352-03:00,g3,6,False,100,EMPTY,False,,,False,False,,,,0.001098
evt-20260723_083018,2026-07-23T08:33:31.700173-03:00,g3,6,False,100,TRAFFIC,False,,,False,False,,,,0.00110175
evt-20260723_083104,2026-07-23T08:33:43.516089-03:00,g3,8,False,95,TRAFFIC,False,,,False,False,,,,0.00104475
evt-20260723_083140,2026-07-23T08:34:17.173996-03:00,g3,12,False,95,TRAFFIC,False,,,False,False,,,,0.0011385
evt-20260723_083330,2026-07-23T08:38:43.893826-03:00,g3,8,False,95,TRAFFIC,False,,,False,False,,,,0.00104925
evt-20260723_083440,2026-07-23T08:38:56.384571-03:00,g3,6,False,100,TRAFFIC,False,,,False,False,,,,0.001119
evt-20260723_084019,2026-07-23T08:42:55.232621-03:00,g3,8,False,95,TRAFFIC,False,,,False,False,,,,0.001002
evt-20260723_084057,2026-07-23T08:43:11.728272-03:00,g3,7,False,100,EMPTY,False,,,False,False,,,,0.0011055
evt-20260723_084239,2026-07-23T08:46:58.711733-03:00,g3,7,False,100,TRAFFIC,False,,,False,False,,,,0.00102075
evt-20260723_084319,2026-07-23T08:47:10.151270-03:00,g3,19,False,100,TRAFFIC,False,,,False,False,,,,0.0010275
evt-20260723_084515,2026-07-23T08:47:23.932876-03:00,g3,6,False,100,TRAFFIC,False,,,False,False,,,,0.000936
evt-20260723_084937,2026-07-23T08:51:28.032867-03:00,g3,23,False,90,TRAFFIC,False,,,False,False,,,,0.00119175
evt-20260723_085119,2026-07-23T08:55:41.963071-03:00,g3,6,False,95,TRAFFIC,False,,,False,False,,,,0.000888
evt-20260723_085143,2026-07-23T08:55:54.924611-03:00,g3,6,False,95,TRAFFIC,False,,,False,False,,,,0.0012165
evt-20260723_085211,2026-07-23T08:56:06.957840-03:00,g3,7,False,95,TRAFFIC,False,,,False,False,,,,0.000957
evt-20260723_085731,2026-07-23T09:01:06.700087-03:00,g3,24,True,85,DUMPING,True,False,90,False,False,,,,0.00340725
evt-20260723_085952,2026-07-23T09:05:46.735836-03:00,g3,23,False,90,TRAFFIC,False,,,False,False,,,,0.0012165
evt-20260723_090226,2026-07-23T09:05:58.784929-03:00,g3,10,False,95,TRAFFIC,False,,,False,False,,,,0.00104775
evt-20260723_090428,2026-07-23T09:06:39.773428-03:00,g3,6,False,100,TRAFFIC,False,,,False,False,,,,0.00105975
evt-20260723_090510,2026-07-23T09:06:51.534754-03:00,g3,6,False,95,TRAFFIC,False,,,False,False,,,,0.0010425
evt-20260723_090616,2026-07-23T09:11:08.567947-03:00,g3,6,False,90,PARKED,False,,,False,False,,,,0.0016395
evt-20260723_090656,2026-07-23T09:11:23.293361-03:00,g3,8,False,95,TRAFFIC,False,,,False,False,,,,0.0010065
evt-20260723_090920,2026-07-23T09:11:43.988123-03:00,g3,11,False,90,TRAFFIC,False,,,False,False,,,,0.001146
evt-20260723_091308,2026-07-23T09:15:37.623235-03:00,g3,10,False,95,TRAFFIC,False,,,False,False,,,,0.001914
evt-20260723_091511,2026-07-23T09:19:46.309474-03:00,g3,8,False,95,TRAFFIC,False,,,False,False,,,,0.0010005
evt-20260723_091601,2026-07-23T09:20:01.562773-03:00,g3,7,False,100,EMPTY,False,,,False,False,,,,0.000921
evt-20260723_091659,2026-07-23T09:20:14.795461-03:00,g3,7,False,100,TRAFFIC,False,,,False,False,,,,0.00110925
evt-20260723_091737,2026-07-23T09:20:28.716173-03:00,g3,10,False,95,TRAFFIC,False,,,False,False,,,,0.00099075
evt-20260723_091813,2026-07-23T09:20:43.832799-03:00,g3,7,False,100,EMPTY,False,,,False,False,,,,0.0009705
evt-20260723_092010,2026-07-23T09:25:01.317566-03:00,g3,10,False,95,TRAFFIC,False,,,False,False,,,,0.00106725
evt-20260723_092112,2026-07-23T09:25:13.533867-03:00,g3,8,False,95,TRAFFIC,False,,,False,False,,,,0.00104775
evt-20260723_092204,2026-07-23T09:25:27.416749-03:00,g3,10,False,95,TRAFFIC,False,,,False,False,,,,0.00111825
evt-20260723_092302,2026-07-23T09:25:42.414759-03:00,g3,6,False,100,TRAFFIC,False,,,False,False,,,,0.0010095
evt-20260723_092640,2026-07-23T09:30:02.198329-03:00,g3,32,False,95,TRAFFIC,False,,,False,False,,,,0.0009885
evt-20260723_092943,2026-07-23T09:34:55.730974-03:00,g3,32,False,95,TRAFFIC,False,,,False,False,,,,0.00098925
evt-20260723_093335,2026-07-23T09:35:09.724901-03:00,g3,7,False,100,TRAFFIC,False,,,False,False,,,,0.001005
evt-20260723_093523,2026-07-23T09:38:48.205499-03:00,g3,12,False,95,TRAFFIC,False,,,False,False,,,,0.00120675
evt-20260723_093917,2026-07-23T09:42:50.702056-03:00,g3,13,False,100,TRAFFIC,False,,,False,False,,,,0.00114525
evt-20260723_094111,2026-07-23T09:43:05.013179-03:00,g3,6,False,100,TRAFFIC,False,,,False,False,,,,0.00109875
evt-20260723_094131,2026-07-23T09:43:19.155273-03:00,g3,11,False,95,PARKED,False,,,False,False,,,,0.00105675
evt-20260723_094405,2026-07-23T09:47:02.363224-03:00,g3,32,False,95,TRAFFIC,False,,,False,False,,,,0.00104475
evt-20260723_094724,2026-07-23T09:50:49.340720-03:00,g3,7,False,95,TRAFFIC,False,,,False,False,,,,0.00122775
evt-20260723_094800,2026-07-23T09:51:04.821351-03:00,g3,7,False,100,TRAFFIC,False,,,False,False,,,,0.00094425
evt-20260723_094902,2026-07-23T09:51:21.498342-03:00,g3,9,False,100,EMPTY,False,,,False,False,,,,0.00104025
evt-20260723_095026,2026-07-23T09:55:00.106186-03:00,g3,7,False,100,EMPTY,False,,,False,False,,,,0.0010545
evt-20260723_095122,2026-07-23T09:55:15.211962-03:00,g3,6,False,95,TRAFFIC,False,,,False,False,,,,0.00109575
evt-20260723_095146,2026-07-23T09:55:28.091627-03:00,g3,7,False,100,TRAFFIC,False,,,False,False,,,,0.00097575
evt-20260723_095314,2026-07-23T09:55:39.962959-03:00,g3,7,False,100,EMPTY,False,,,False,False,,,,0.001143
evt-20260723_095606,2026-07-23T09:59:23.582837-03:00,g3,7,False,95,PARKED,False,,,False,False,,,,0.001023
evt-20260723_095838,2026-07-23T09:59:36.465880-03:00,g3,7,False,90,PARKED,False,,,False,False,,,,0.001104
evt-20260723_095920,2026-07-23T10:03:16.645162-03:00,g3,19,True,100,DUMPING,True,True,100,True,False,,,,0.0038015
evt-20260723_100044,2026-07-23T10:03:40.850606-03:00,g3,7,False,95,TRAFFIC,False,,,False,False,,,,0.00096525
evt-20260723_100119,2026-07-23T10:03:59.259010-03:00,g3,7,False,100,EMPTY,False,,,False,False,,,,0.0010875
evt-20260723_100356,2026-07-23T10:09:01.139409-03:00,g3,6,False,100,EMPTY,False,,,False,False,,,,0.00108225
evt-20260723_100706,2026-07-23T10:12:58.833630-03:00,g3,32,True,95,DUMPING,True,True,95,True,False,,,,0.003673
evt-20260723_100954,2026-07-23T10:13:26.223772-03:00,g3,9,False,95,TRAFFIC,False,,,False,False,,,,0.00110775
evt-20260723_101056,2026-07-23T10:13:38.088729-03:00,g3,6,False,100,EMPTY,False,,,False,False,,,,0.00124125
evt-20260723_101345,2026-07-23T10:18:06.980401-03:00,g3,22,True,85,DUMPING,True,False,90,False,False,,,,0.00370325
evt-20260723_101545,2026-07-23T10:18:29.301907-03:00,g3,6,False,95,PARKED,False,,,False,False,,,,0.001419
evt-20260723_101759,2026-07-23T10:23:46.982478-03:00,g3,8,False,95,PARKED,False,,,False,False,,,,0.00106425
evt-20260723_101921,2026-07-23T10:24:05.063312-03:00,g3,12,False,95,PARKED,False,,,False,False,,,,0.001497
evt-20260723_102019,2026-07-23T10:24:25.199356-03:00,g3,7,False,95,TRAFFIC,False,,,False,False,,,,0.00117225
evt-20260723_102145,2026-07-23T10:24:41.585902-03:00,g3,7,False,95,TRAFFIC,False,,,False,False,,,,0.0012765
evt-20260723_102325,2026-07-23T10:30:03.049639-03:00,g3,13,False,95,PARKED,False,,,False,False,,,,0.001095
evt-20260723_102504,2026-07-23T10:30:37.031060-03:00,g3,32,True,95,DUMPING,True,True,100,True,True,5e998052-0e85-4127-9ce9-e474cac0c606,REJEITADO,Movimentação de catadores.,0.00439075
evt-20260723_102708,2026-07-23T10:30:59.216324-03:00,g3,7,False,95,TRAFFIC,False,,,False,False,,,,0.00141675
evt-20260723_103038,2026-07-23T10:35:32.446883-03:00,g3,7,False,95,TRAFFIC,False,,,False,False,,,,0.001008
evt-20260723_103146,2026-07-23T10:35:48.427354-03:00,g3,32,False,95,TRAFFIC,False,,,False,False,,,,0.00122025
evt-20260723_103350,2026-07-23T10:39:50.386338-03:00,g3,32,False,40,TRAFFIC,False,,,False,False,,,,0.0012075
evt-20260723_103554,2026-07-23T10:40:09.657558-03:00,g3,32,False,95,TRAFFIC,False,,,False,False,,,,0.00130275
evt-20260723_103758,2026-07-23T10:44:44.260734-03:00,g3,7,False,85,TRAFFIC,False,,,False,False,,,,0.00154125
evt-20260723_103958,2026-07-23T10:45:05.127270-03:00,g3,32,False,95,TRAFFIC,False,,,False,False,,,,0.0011955
evt-20260723_104216,2026-07-23T10:45:24.896176-03:00,g3,32,False,95,TRAFFIC,False,,,False,False,,,,0.00133125
evt-20260723_104940,2026-07-23T10:53:34.697627-03:00,g3,32,False,95,PARKED,False,,,False,False,,,,0.0011895
evt-20260723_105521,2026-07-23T10:58:00.034543-03:00,g3,32,False,95,TRAFFIC,False,,,False,False,,,,0.001044
evt-20260723_111035,2026-07-23T11:13:53.107406-03:00,g3,32,False,95,TRAFFIC,False,,,False,False,,,,0.00104475
evt-20260723_111426,2026-07-23T11:18:16.415764-03:00,g3,32,False,95,TRAFFIC,False,,,False,False,,,,0.00101325
evt-20260723_112150,2026-07-23T11:27:05.285857-03:00,g3,32,False,95,TRAFFIC,False,,,False,False,,,,0.00105075
evt-20260723_112442,2026-07-23T11:27:20.082406-03:00,g3,17,False,95,TRAFFIC,False,,,False,False,,,,0.00099525
evt-20260723_112810,2026-07-23T11:32:39.756310-03:00,g3,32,False,100,TRAFFIC,False,,,False,False,,,,0.00103575
evt-20260723_113128,2026-07-23T11:38:12.855945-03:00,g3,21,False,95,PARKED,False,,,False,False,,,,0.0014415
evt-20260723_113354,2026-07-23T11:38:29.995044-03:00,g3,32,False,95,TRAFFIC,False,,,False,False,,,,0.00095325
evt-20260723_113604,2026-07-23T11:43:46.526378-03:00,g3,32,False,100,EMPTY,False,,,False,False,,,,0.00098175
evt-20260723_114236,2026-07-23T11:49:18.964200-03:00,g3,32,False,100,EMPTY,False,,,False,False,,,,0.0009255
evt-20260723_114454,2026-07-23T11:49:37.925761-03:00,g3,32,True,90,DUMPING,True,True,85,True,False,,,,0.00358
evt-20260723_114708,2026-07-23T11:55:06.452081-03:00,g3,32,True,95,DUMPING,True,True,85,True,False,,,,0.003592
evt-20260723_114952,2026-07-23T11:55:28.359805-03:00,g3,32,True,95,DUMPING,True,True,95,True,False,,,,0.00389425
evt-20260723_115158,2026-07-23T11:56:14.435966-03:00,g3,32,True,100,DUMPING,True,True,100,True,True,7482c9ca-82aa-4dde-99c5-33512accfe9a,CONFIRMADO,Descarte confirmado.,0.00341725
evt-20260723_115404,2026-07-23T12:02:35.708268-03:00,g3,32,True,100,DUMPING,True,True,100,True,True,7482c9ca-82aa-4dde-99c5-33512accfe9a,CONFIRMADO,Descarte confirmado.,0.00319525
evt-20260723_115618,2026-07-23T12:03:17.387551-03:00,g3,32,True,95,DUMPING,True,False,95,False,True,7482c9ca-82aa-4dde-99c5-33512accfe9a,CONFIRMADO,Descarte confirmado.,0.00375025
evt-20260723_115904,2026-07-23T12:04:59.218407-03:00,g3,32,True,95,DUMPING,True,False,90,False,True,7482c9ca-82aa-4dde-99c5-33512accfe9a,CONFIRMADO,Descarte confirmado.,0.00406975
evt-20260723_120118,2026-07-23T12:11:42.746762-03:00,g3,32,False,95,TRAFFIC,False,,,False,False,,,,0.00115725
evt-20260723_120358,2026-07-23T12:12:26.754208-03:00,g3,32,False,95,TRAFFIC,False,,,False,False,,,,0.00101625
evt-20260723_120652,2026-07-23T12:12:41.702698-03:00,g3,32,False,95,TRAFFIC,False,,,False,False,,,,0.0010065
evt-20260723_121243,2026-07-23T12:18:07.976041-03:00,g3,32,False,95,TRAFFIC,False,,,False,False,,,,0.00101925
evt-20260723_121516,2026-07-23T12:18:26.574595-03:00,g3,32,False,100,TRAFFIC,False,,,False,False,,,,0.001137
evt-20260723_121753,2026-07-23T12:23:29.049031-03:00,g3,32,True,95,DUMPING,True,True,90,True,False,,,,0.00354925
evt-20260723_122013,2026-07-23T12:24:03.313480-03:00,g3,32,False,95,TRAFFIC,False,,,False,False,,,,0.00118125
evt-20260723_122235,2026-07-23T12:29:06.336157-03:00,g3,19,False,95,TRAFFIC,False,,,False,False,,,,0.0009795
evt-20260723_122410,2026-07-23T12:29:18.698807-03:00,g3,32,False,95,TRAFFIC,False,,,False,False,,,,0.0013125
evt-20260723_122655,2026-07-23T12:34:05.970983-03:00,g3,32,False,90,TRAFFIC,False,,,False,False,,,,0.00117975
evt-20260723_123028,2026-07-23T12:34:20.560889-03:00,g3,21,False,95,TRAFFIC,False,,,False,False,,,,0.00102975
evt-20260723_123308,2026-07-23T12:39:20.778690-03:00,g3,32,False,95,TRAFFIC,False,,,False,False,,,,0.00099075
evt-20260723_123526,2026-07-23T12:39:38.120071-03:00,g3,32,False,95,TRAFFIC,False,,,False,False,,,,0.0011505
evt-20260723_123756,2026-07-23T12:44:16.359244-03:00,g3,32,False,90,PARKED,False,,,False,False,,,,0.00145575
evt-20260723_124014,2026-07-23T12:44:36.089822-03:00,g3,32,False,95,TRAFFIC,False,,,False,False,,,,0.00096375
evt-20260723_124620,2026-07-23T12:48:55.488023-03:00,g3,32,False,95,TRAFFIC,False,,,False,False,,,,0.001125
evt-20260723_124830,2026-07-23T12:52:50.108186-03:00,g3,32,True,90,DUMPING,True,False,90,False,False,,,,0.00362275
evt-20260723_125144,2026-07-23T12:57:18.199743-03:00,g3,32,False,95,TRAFFIC,False,,,False,False,,,,0.001083
evt-20260723_125422,2026-07-23T12:57:37.987932-03:00,g3,32,False,95,PARKED,False,,,False,False,,,,0.00113625
evt-20260723_125726,2026-07-23T13:01:55.544412-03:00,g3,32,False,95,TRAFFIC,False,,,False,False,,,,0.0010395
evt-20260723_130020,2026-07-23T13:05:47.282879-03:00,g3,32,False,95,TRAFFIC,False,,,False,False,,,,0.0009855
evt-20260723_130322,2026-07-23T13:06:02.837670-03:00,g3,32,False,95,TRAFFIC,False,,,False,False,,,,0.0010455
evt-20260723_130617,2026-07-23T13:10:19.666814-03:00,g3,32,False,95,TRAFFIC,False,,,False,False,,,,0.0010875
evt-20260723_130901,2026-07-23T13:14:16.303014-03:00,g3,32,False,95,TRAFFIC,False,,,False,False,,,,0.001125
evt-20260723_131143,2026-07-23T13:14:33.027120-03:00,g3,32,False,95,TRAFFIC,False,,,False,False,,,,0.00126975
evt-20260723_131445,2026-07-23T13:19:10.779408-03:00,g3,32,True,95,DUMPING,True,True,85,True,False,,,,0.003826
evt-20260723_131831,2026-07-23T13:23:54.992642-03:00,g3,32,False,75,DUMPING,False,,,False,False,,,,0.001473
evt-20260723_132101,2026-07-23T13:24:15.408236-03:00,g3,32,False,100,TRAFFIC,False,,,False,False,,,,0.00111075
evt-20260723_132612,2026-07-23T13:29:41.978494-03:00,g3,32,False,95,TRAFFIC,False,,,False,False,,,,0.00103725
evt-20260723_132852,2026-07-23T21:23:59.263346-03:00,g3,32,False,95,TRAFFIC,False,,,False,False,,,,0.00111225
evt-20260723_133156,2026-07-23T21:24:28.415039-03:00,g3,32,True,100,DUMPING,True,True,95,True,True,ba6b88a8-8943-4cd8-9caf-ec23b1b2ade6,REJEITADO,Sem flagrante de descarte.,0.003943
evt-20260723_133504,2026-07-23T21:24:51.166296-03:00,g3,32,True,95,DUMPING,True,True,95,True,False,,,,0.00443875
evt-20260723_133950,2026-07-23T21:26:05.433080-03:00,g3,16,False,90,TRAFFIC,False,,,False,False,,,,0.00106125
evt-20260723_134312,2026-07-23T21:26:17.914116-03:00,g3,20,True,95,DUMPING,True,True,90,True,False,,,,0.00325
evt-20260723_135000,2026-07-23T21:26:37.606341-03:00,g3,32,False,85,TRAFFIC,False,,,False,False,,,,0.0010455
evt-20260723_135241,2026-07-23T21:26:51.266763-03:00,g3,26,True,85,DUMPING,True,True,95,True,False,,,,0.0038545
evt-20260723_135544,2026-07-23T21:27:14.680960-03:00,g3,28,False,95,TRAFFIC,False,,,False,False,,,,0.0010575
evt-20260723_135810,2026-07-23T21:27:27.729252-03:00,g3,32,False,100,TRAFFIC,False,,,False,False,,,,0.00104925
evt-20260723_140446,2026-07-23T21:27:42.060433-03:00,g3,32,False,95,TRAFFIC,False,,,False,False,,,,0.00110625
evt-20260723_140650,2026-07-23T21:27:58.767971-03:00,g3,32,True,95,DUMPING,True,True,100,True,False,,,,0.003715
evt-20260723_140902,2026-07-23T21:28:35.940919-03:00,g3,32,True,95,DUMPING,True,True,95,True,False,,,,0.003535
evt-20260723_141302,2026-07-23T21:28:56.873810-03:00,g3,32,True,85,DUMPING,True,True,85,True,False,,,,0.004027
evt-20260723_141506,2026-07-23T21:29:20.006614-03:00,g3,32,False,95,TRAFFIC,False,,,False,False,,,,0.001074
evt-20260723_141718,2026-07-23T21:29:34.322867-03:00,g3,32,False,95,TRAFFIC,False,,,False,False,,,,0.0011325
evt-20260723_141948,2026-07-23T21:29:48.695702-03:00,g3,32,False,100,TRAFFIC,False,,,False,False,,,,0.001158
evt-20260723_142216,2026-07-23T21:30:03.727476-03:00,g3,32,True,95,DUMPING,True,False,95,False,False,,,,0.00895375
evt-20260723_142608,2026-07-23T21:30:43.043869-03:00,g3,32,False,100,EMPTY,False,,,False,False,,,,0.0009795
evt-20260723_142959,2026-07-23T21:30:56.566959-03:00,g3,32,False,0,DUMPING,False,,,False,False,,,,0.00121875
evt-20260723_143301,2026-07-23T21:31:10.035050-03:00,g3,32,False,90,TRAFFIC,False,,,False,False,,,,0.001059
evt-20260723_143747,2026-07-23T21:31:25.450291-03:00,g3,32,False,95,TRAFFIC,False,,,False,False,,,,0.00106725
evt-20260723_144105,2026-07-23T21:31:40.086698-03:00,g3,32,False,95,TRAFFIC,False,,,False,False,,,,0.00106425
evt-20260723_144512,2026-07-23T21:31:54.448486-03:00,g3,32,False,95,TRAFFIC,False,,,False,False,,,,0.00121425
evt-20260723_144724,2026-07-23T21:32:09.447205-03:00,g3,32,False,100,TRAFFIC,False,,,False,False,,,,0.00092775
evt-20260723_144928,2026-07-23T21:32:23.975865-03:00,g3,32,False,100,TRAFFIC,False,,,False,False,,,,0.0012015
evt-20260723_145148,2026-07-23T21:32:37.934352-03:00,g3,32,False,95,TRAFFIC,False,,,False,False,,,,0.001032
evt-20260723_145520,2026-07-23T21:32:52.081264-03:00,g3,31,False,100,TRAFFIC,False,,,False,False,,,,0.0010965
evt-20260723_145756,2026-07-23T21:33:05.989574-03:00,g3,32,False,95,TRAFFIC,False,,,False,False,,,,0.0010155
evt-20260723_150038,2026-07-23T21:33:19.525115-03:00,g3,32,True,90,DUMPING,True,False,100,False,False,,,,0.00344875
evt-20260723_150246,2026-07-23T21:33:47.416116-03:00,g3,32,False,90,PARKED,False,,,False,False,,,,0.0014565
evt-20260723_150501,2026-07-23T21:34:06.612734-03:00,g3,32,False,95,TRAFFIC,False,,,False,False,,,,0.0011235
evt-20260723_150925,2026-07-23T21:34:20.550392-03:00,g3,31,False,95,PARKED,False,,,False,False,,,,0.00141525
evt-20260723_151222,2026-07-23T21:34:35.081908-03:00,g3,32,False,100,TRAFFIC,False,,,False,False,,,,0.00102675
evt-20260723_151522,2026-07-23T21:34:50.882078-03:00,g3,32,False,95,TRAFFIC,False,,,False,False,,,,0.0012345
evt-20260723_151746,2026-07-23T21:35:06.456789-03:00,g3,32,False,100,TRAFFIC,False,,,False,False,,,,0.00097575
evt-20260723_152032,2026-07-23T21:35:18.892532-03:00,g3,32,False,100,EMPTY,False,,,False,False,,,,0.00097575
evt-20260723_152300,2026-07-23T21:35:33.717755-03:00,g3,32,False,95,PARKED,False,,,False,False,,,,0.0011025
evt-20260723_152506,2026-07-23T21:35:49.823386-03:00,g3,32,False,100,EMPTY,False,,,False,False,,,,0.0009225
evt-20260723_152926,2026-07-23T21:36:02.286435-03:00,g3,32,False,100,TRAFFIC,False,,,False,False,,,,0.00098475
evt-20260723_153226,2026-07-23T21:36:17.361958-03:00,g3,32,False,95,TRAFFIC,False,,,False,False,,,,0.00110325
evt-20260723_153436,2026-07-23T21:36:31.532250-03:00,g3,32,False,95,TRAFFIC,False,,,False,False,,,,0.0009975
evt-20260723_153640,2026-07-23T21:37:00.808501-03:00,g3,32,True,95,DUMPING,True,False,90,False,True,7765fe06-094b-4077-aa75-fe0a818165d6,REJEITADO,Sem flagrante de descarte.,0.0037375
evt-20260723_153854,2026-07-23T21:37:25.101909-03:00,g3,32,False,85,TRAFFIC,False,,,False,False,,,,0.00133725
evt-20260723_154102,2026-07-23T21:37:43.985851-03:00,g3,32,True,90,DUMPING,True,True,95,True,False,,,,0.00360175
evt-20260723_154306,2026-07-23T21:38:06.139530-03:00,g3,32,True,95,DUMPING,True,True,95,True,False,,,,0.003619
evt-20260723_154538,2026-07-23T21:38:28.419187-03:00,g3,32,True,90,DUMPING,True,True,95,True,False,,,,0.00351325
evt-20260723_154811,2026-07-23T21:38:49.726003-03:00,g3,32,False,95,TRAFFIC,False,,,False,False,,,,0.0010485
evt-20260723_155237,2026-07-23T21:39:03.133427-03:00,g3,32,True,95,DUMPING,True,True,100,True,False,,,,0.003652
evt-20260723_155453,2026-07-23T21:39:25.437739-03:00,g3,32,False,95,TRAFFIC,False,,,False,False,,,,0.0014415
evt-20260723_155733,2026-07-23T21:39:41.073897-03:00,g3,32,False,95,TRAFFIC,False,,,False,False,,,,0.0010635
evt-20260723_155938,2026-07-23T21:39:54.267277-03:00,g3,6,False,95,TRAFFIC,False,,,False,False,,,,0.001093
evt-20260723_160754,2026-07-23T21:40:06.734209-03:00,g3,32,False,95,TRAFFIC,False,,,False,False,,,,0.000984
evt-20260723_161008,2026-07-23T21:40:20.688888-03:00,g3,32,True,95,DUMPING,True,True,100,True,False,,,,0.0033835
evt-20260723_161457,2026-07-23T21:40:41.245369-03:00,g3,32,False,100,TRAFFIC,False,,,False,False,,,,0.001089
evt-20260723_161754,2026-07-23T21:40:54.278864-03:00,g3,32,True,95,DUMPING,True,False,90,False,False,,,,0.00407725
evt-20260723_162018,2026-07-23T21:41:19.212120-03:00,g3,32,True,100,DUMPING,True,True,85,True,False,,,,0.00358975
evt-20260723_162222,2026-07-23T21:41:41.955710-03:00,g3,32,True,85,DUMPING,True,True,95,True,False,,,,0.0039505
evt-20260723_162458,2026-07-23T21:42:07.728198-03:00,g3,32,True,90,DUMPING,True,True,95,True,False,,,,0.003769
evt-20260723_162702,2026-07-23T21:42:33.277954-03:00,g3,32,True,90,DUMPING,True,True,95,True,False,,,,0.0035995
evt-20260723_162934,2026-07-23T21:42:53.975866-03:00,g3,32,False,95,TRAFFIC,False,,,False,False,,,,0.00100275
evt-20260723_163142,2026-07-23T21:43:11.288393-03:00,g3,32,False,90,TRAFFIC,False,,,False,False,,,,0.0010725
evt-20260723_163408,2026-07-23T21:43:25.509565-03:00,g3,32,False,95,TRAFFIC,False,,,False,False,,,,0.001206
evt-20260723_163626,2026-07-23T21:43:38.893590-03:00,g3,32,False,95,TRAFFIC,False,,,False,False,,,,0.00113325
evt-20260723_163858,2026-07-23T21:43:53.650508-03:00,g3,32,False,95,PARKED,False,,,False,False,,,,0.00114075
evt-20260723_164238,2026-07-23T21:44:07.767687-03:00,g3,32,False,95,TRAFFIC,False,,,False,False,,,,0.001029
evt-20260723_164444,2026-07-23T21:44:23.724015-03:00,g3,32,False,95,TRAFFIC,False,,,False,False,,,,0.00101925
evt-20260723_164747,2026-07-23T21:44:38.009527-03:00,g3,32,False,95,TRAFFIC,False,,,False,False,,,,0.00106275
evt-20260723_165021,2026-07-23T21:44:51.867718-03:00,g3,32,False,95,TRAFFIC,False,,,False,False,,,,0.0010665
evt-20260723_165241,2026-07-23T21:45:06.764924-03:00,g3,32,False,95,TRAFFIC,False,,,False,False,,,,0.0009615
evt-20260723_165453,2026-07-23T21:45:19.355918-03:00,g3,32,False,95,TRAFFIC,False,,,False,False,,,,0.0010845
evt-20260723_165745,2026-07-23T21:45:33.700861-03:00,g3,32,False,95,TRAFFIC,False,,,False,False,,,,0.0010335
evt-20260723_165951,2026-07-23T21:45:46.622815-03:00,g3,32,False,95,TRAFFIC,False,,,False,False,,,,0.00105675
evt-20260723_170307,2026-07-23T21:46:01.186743-03:00,g3,32,True,85,DUMPING,True,False,95,False,False,,,,0.00435475
evt-20260723_170511,2026-07-23T21:46:25.793616-03:00,g3,32,False,95,TRAFFIC,False,,,False,False,,,,0.00110475
evt-20260723_170735,2026-07-23T21:46:39.709714-03:00,g3,32,False,95,TRAFFIC,False,,,False,False,,,,0.00140775
evt-20260723_170940,2026-07-23T21:46:56.402284-03:00,g3,32,False,100,TRAFFIC,False,,,False,False,,,,0.000903
evt-20260723_171156,2026-07-23T21:47:08.950517-03:00,g3,32,False,95,TRAFFIC,False,,,False,False,,,,0.00101925
evt-20260723_171446,2026-07-23T21:47:22.083302-03:00,g3,26,False,95,TRAFFIC,False,,,False,False,,,,0.0010765
evt-20260723_172136,2026-07-23T21:47:37.568965-03:00,g3,32,False,95,TRAFFIC,False,,,False,False,,,,0.00119175
evt-20260723_172342,2026-07-23T21:47:52.360947-03:00,g3,32,False,95,TRAFFIC,False,,,False,False,,,,0.00103125
evt-20260723_172546,2026-07-23T21:48:06.964097-03:00,g3,32,False,95,TRAFFIC,False,,,False,False,,,,0.00105525
evt-20260723_172800,2026-07-23T21:48:20.279094-03:00,g3,32,False,95,TRAFFIC,False,,,False,False,,,,0.00102975
evt-20260723_173038,2026-07-23T21:48:36.512745-03:00,g3,32,False,95,TRAFFIC,False,,,False,False,,,,0.00099525
evt-20260723_173332,2026-07-23T21:48:49.737619-03:00,g3,32,False,95,TRAFFIC,False,,,False,False,,,,0.001044
evt-20260723_173544,2026-07-23T21:49:02.888153-03:00,g3,32,False,100,TRAFFIC,False,,,False,False,,,,0.00113175
evt-20260723_173750,2026-07-23T21:49:16.810326-03:00,g3,32,False,95,TRAFFIC,False,,,False,False,,,,0.00106725
evt-20260723_174006,2026-07-23T21:49:32.135762-03:00,g3,32,False,95,TRAFFIC,False,,,False,False,,,,0.0010395
evt-20260723_174210,2026-07-23T21:49:44.275128-03:00,g3,16,False,100,TRAFFIC,False,,,False,False,,,,0.00112
evt-20260723_174510,2026-07-23T21:49:58.852209-03:00,g3,32,False,95,TRAFFIC,False,,,False,False,,,,0.00101475
evt-20260723_174730,2026-07-23T21:50:12.319744-03:00,g3,32,False,95,PARKED,False,,,False,False,,,,0.00115275
evt-20260723_174942,2026-07-23T21:50:26.779635-03:00,g3,32,False,95,PARKED,False,,,False,False,,,,0.0010455
evt-20260723_175200,2026-07-23T21:50:41.023090-03:00,g3,32,False,100,TRAFFIC,False,,,False,False,,,,0.00104475
evt-20260723_175432,2026-07-23T21:50:54.726175-03:00,g3,32,False,95,PARKED,False,,,False,False,,,,0.0013275
evt-20260723_175636,2026-07-23T21:51:10.500926-03:00,g3,32,False,95,PARKED,False,,,False,False,,,,0.00107175
evt-20260723_175846,2026-07-23T21:51:25.122703-03:00,g3,32,False,95,PARKED,False,,,False,False,,,,0.001035
evt-20260723_180050,2026-07-23T21:51:38.995026-03:00,g3,32,False,95,PARKED,False,,,False,False,,,,0.001341
evt-20260723_180431,2026-07-23T21:51:54.949862-03:00,g3,32,False,95,TRAFFIC,False,,,False,False,,,,0.00109125
evt-20260723_180635,2026-07-23T21:52:08.491855-03:00,g3,32,False,95,TRAFFIC,False,,,False,False,,,,0.0011175
evt-20260723_180905,2026-07-23T21:52:22.623394-03:00,g3,32,False,95,PARKED,False,,,False,False,,,,0.0009255
evt-20260723_181115,2026-07-23T21:52:35.828392-03:00,g3,32,False,85,PARKED,False,,,False,False,,,,0.00160725
evt-20260723_181443,2026-07-23T21:52:51.832868-03:00,g3,32,False,95,TRAFFIC,False,,,False,False,,,,0.00113325
evt-20260723_181647,2026-07-23T21:53:07.463415-03:00,g3,32,False,90,TRAFFIC,False,,,False,False,,,,0.001194
evt-20260723_181909,2026-07-23T21:53:22.999773-03:00,g3,32,False,95,TRAFFIC,False,,,False,False,,,,0.000969
evt-20260723_182115,2026-07-23T21:53:35.288256-03:00,g3,32,False,95,TRAFFIC,False,,,False,False,,,,0.0010395
evt-20260723_182319,2026-07-23T21:53:48.111508-03:00,g3,32,False,95,TRAFFIC,False,,,False,False,,,,0.00102225
evt-20260723_182531,2026-07-23T21:54:01.288147-03:00,g3,32,False,95,TRAFFIC,False,,,False,False,,,,0.001194
evt-20260723_182821,2026-07-23T21:54:14.986728-03:00,g3,32,False,100,EMPTY,False,,,False,False,,,,0.00099975
evt-20260723_183045,2026-07-23T21:54:28.858166-03:00,g3,32,False,95,TRAFFIC,False,,,False,False,,,,0.00109425
evt-20260723_183249,2026-07-23T21:54:42.592129-03:00,g3,32,False,95,TRAFFIC,False,,,False,False,,,,0.0010125
evt-20260723_183453,2026-07-23T21:54:55.958932-03:00,g3,32,False,95,TRAFFIC,False,,,False,False,,,,0.00099525
evt-20260723_183828,2026-07-23T21:55:10.782647-03:00,g3,32,False,100,EMPTY,False,,,False,False,,,,0.0009405
evt-20260723_184120,2026-07-23T21:55:22.818502-03:00,g3,32,True,85,DUMPING,True,True,100,True,False,,,,0.0038965
evt-20260723_184338,2026-07-23T21:55:45.999855-03:00,g3,32,False,95,TRAFFIC,False,,,False,False,,,,0.0011235
evt-20260723_184542,2026-07-23T21:56:00.304820-03:00,g3,32,False,95,TRAFFIC,False,,,False,False,,,,0.001134
evt-20260723_184748,2026-07-23T21:56:14.710686-03:00,g3,32,False,95,TRAFFIC,False,,,False,False,,,,0.00097425
evt-20260723_184958,2026-07-23T21:56:28.353238-03:00,g3,32,False,95,TRAFFIC,False,,,False,False,,,,0.00098325
evt-20260723_185210,2026-07-23T21:56:41.837409-03:00,g3,32,False,95,TRAFFIC,False,,,False,False,,,,0.00113325
evt-20260723_185426,2026-07-23T21:56:55.404765-03:00,g3,32,False,90,TRAFFIC,False,,,False,False,,,,0.00135675
evt-20260723_185630,2026-07-23T21:57:13.279150-03:00,g3,32,False,90,PARKED,False,,,False,False,,,,0.001032
evt-20260723_185848,2026-07-23T21:57:36.648024-03:00,g3,32,False,90,PARKED,False,,,False,False,,,,0.0012585
evt-20260723_190144,2026-07-23T21:57:51.022182-03:00,g3,32,False,95,TRAFFIC,False,,,False,False,,,,0.00103875
evt-20260723_190424,2026-07-23T21:58:06.003243-03:00,g3,32,False,95,TRAFFIC,False,,,False,False,,,,0.0010545
evt-20260723_190628,2026-07-23T21:58:21.134285-03:00,g3,32,False,95,TRAFFIC,False,,,False,False,,,,0.00101175
evt-20260723_190832,2026-07-23T21:58:33.743888-03:00,g3,32,False,95,TRAFFIC,False,,,False,False,,,,0.00094875
evt-20260723_191036,2026-07-23T21:58:47.420562-03:00,g3,32,False,95,TRAFFIC,False,,,False,False,,,,0.00116175
evt-20260723_191241,2026-07-23T21:59:02.695335-03:00,g3,32,False,95,TRAFFIC,False,,,False,False,,,,0.001152
evt-20260723_191449,2026-07-23T21:59:17.266733-03:00,g3,32,False,95,TRAFFIC,False,,,False,False,,,,0.00102975
evt-20260723_191725,2026-07-23T21:59:30.678408-03:00,g3,32,False,95,TRAFFIC,False,,,False,False,,,,0.00100425
evt-20260723_191929,2026-07-23T21:59:45.782590-03:00,g3,32,False,95,TRAFFIC,False,,,False,False,,,,0.00102975
evt-20260723_192133,2026-07-23T21:59:58.758100-03:00,g3,32,False,95,TRAFFIC,False,,,False,False,,,,0.00098775
evt-20260723_192357,2026-07-23T22:00:14.434467-03:00,g3,32,False,95,TRAFFIC,False,,,False,False,,,,0.00093975
evt-20260723_192649,2026-07-23T22:00:46.347128-03:00,g3,32,True,95,DUMPING,True,True,100,True,True,26c898e4-735a-4dff-a439-62a1ddd69ce2,CONFIRMADO,"Descarte confirmado, porém, não fora possível identificar a placa.",0.0037855
evt-20260723_192908,2026-07-23T22:01:22.662155-03:00,g3,32,True,100,DUMPING,True,True,100,True,True,26c898e4-735a-4dff-a439-62a1ddd69ce2,CONFIRMADO,"Descarte confirmado, porém, não fora possível identificar a placa.",0.0036265
evt-20260723_193136,2026-07-23T22:01:45.863515-03:00,g3,32,True,85,DUMPING,True,True,85,True,False,,,,0.00338425
evt-20260723_193458,2026-07-23T22:02:23.922574-03:00,g3,32,True,90,DUMPING,True,True,95,True,True,26c898e4-735a-4dff-a439-62a1ddd69ce2,CONFIRMADO,"Descarte confirmado, porém, não fora possível identificar a placa.",0.003646
evt-20260723_193718,2026-07-23T22:03:03.098164-03:00,g3,32,True,90,DUMPING,True,True,90,True,True,26c898e4-735a-4dff-a439-62a1ddd69ce2,CONFIRMADO,"Descarte confirmado, porém, não fora possível identificar a placa.",0.00367375
evt-20260723_194046,2026-07-23T22:03:25.044121-03:00,g3,32,True,95,DUMPING,True,True,95,True,False,,,,0.00352225
evt-20260723_194258,2026-07-23T22:04:15.968713-03:00,g3,32,True,90,DUMPING,True,True,95,True,True,26c898e4-735a-4dff-a439-62a1ddd69ce2,CONFIRMADO,"Descarte confirmado, porém, não fora possível identificar a placa.",0.0035695
evt-20260723_194502,2026-07-23T22:04:56.732856-03:00,g3,32,True,100,DUMPING,True,True,90,True,False,,,,0.003763
evt-20260723_194718,2026-07-23T22:05:20.023859-03:00,g3,32,True,95,DUMPING,True,True,95,True,False,,,,0.003685
evt-20260723_194928,2026-07-23T22:05:40.197422-03:00,g3,32,True,100,DUMPING,True,False,95,False,False,,,,0.008668
evt-20260723_195224,2026-07-23T22:06:17.094159-03:00,g3,32,True,85,DUMPING,True,True,100,True,False,,,,0.0039535
evt-20260723_195450,2026-07-23T22:07:02.546559-03:00,g3,32,False,0,DUMPING,False,,,False,False,,,,0.00186075
evt-20260723_195736,2026-07-23T22:07:21.151204-03:00,g3,32,False,100,TRAFFIC,False,,,False,False,,,,0.00100875
evt-20260723_200000,2026-07-23T22:07:36.361136-03:00,g3,32,False,95,EMPTY,False,,,False,False,,,,0.00128625
evt-20260723_200248,2026-07-23T22:07:50.830768-03:00,g3,32,False,95,TRAFFIC,False,,,False,False,,,,0.00115275
evt-20260723_200524,2026-07-23T22:08:07.081988-03:00,g3,32,False,95,TRAFFIC,False,,,False,False,,,,0.00095325
evt-20260723_200842,2026-07-23T22:08:20.783247-03:00,g3,32,False,100,TRAFFIC,False,,,False,False,,,,0.00115425
evt-20260723_201120,2026-07-23T22:08:35.347493-03:00,g3,32,False,95,TRAFFIC,False,,,False,False,,,,0.00104625
evt-20260723_201442,2026-07-23T22:08:50.724811-03:00,g3,32,False,95,TRAFFIC,False,,,False,False,,,,0.0009435
evt-20260723_201706,2026-07-23T22:09:04.160560-03:00,g3,32,False,95,TRAFFIC,False,,,False,False,,,,0.0011655
evt-20260723_201932,2026-07-23T22:09:18.103143-03:00,g3,32,False,100,TRAFFIC,False,,,False,False,,,,0.00106875
evt-20260723_202158,2026-07-23T22:09:31.586096-03:00,g3,32,False,100,TRAFFIC,False,,,False,False,,,,0.00109575
evt-20260723_202448,2026-07-23T22:09:43.463310-03:00,g3,32,False,95,TRAFFIC,False,,,False,False,,,,0.0009705
evt-20260723_202730,2026-07-23T22:09:57.249473-03:00,g3,32,False,95,TRAFFIC,False,,,False,False,,,,0.00110925
evt-20260723_202946,2026-07-23T22:10:11.857134-03:00,g3,32,False,95,TRAFFIC,False,,,False,False,,,,0.00122025
evt-20260723_203220,2026-07-23T22:10:25.440059-03:00,g3,32,False,100,TRAFFIC,False,,,False,False,,,,0.00104025
evt-20260723_203516,2026-07-23T22:10:38.558748-03:00,g3,32,False,100,TRAFFIC,False,,,False,False,,,,0.00105075
evt-20260723_203941,2026-07-23T22:10:53.692820-03:00,g3,32,False,100,EMPTY,False,,,False,False,,,,0.00095325
evt-20260723_204331,2026-07-23T22:11:08.565576-03:00,g3,32,False,90,TRAFFIC,False,,,False,False,,,,0.00099675
evt-20260723_204551,2026-07-23T22:11:24.757703-03:00,g3,32,False,95,TRAFFIC,False,,,False,False,,,,0.001128
evt-20260723_204859,2026-07-23T22:11:39.107551-03:00,g3,32,False,95,TRAFFIC,False,,,False,False,,,,0.0010575
evt-20260723_205137,2026-07-23T22:11:52.706505-03:00,g3,32,False,95,TRAFFIC,False,,,False,False,,,,0.0010245
evt-20260723_205419,2026-07-23T22:12:04.495037-03:00,g3,32,False,70,DUMPING,False,,,False,False,,,,0.0014685
evt-20260723_205704,2026-07-23T22:12:21.265250-03:00,g3,32,False,95,PARKED,False,,,False,False,,,,0.000975
evt-20260723_205908,2026-07-23T22:12:33.842860-03:00,g3,32,False,95,PARKED,False,,,False,False,,,,0.00101625
evt-20260723_210236,2026-07-23T22:12:47.507857-03:00,g3,32,False,100,EMPTY,False,,,False,False,,,,0.0009165
evt-20260723_210450,2026-07-23T22:12:59.869607-03:00,g3,32,False,95,TRAFFIC,False,,,False,False,,,,0.00116475
evt-20260723_210654,2026-07-23T22:13:14.815177-03:00,g3,32,False,95,TRAFFIC,False,,,False,False,,,,0.0011955
evt-20260723_210934,2026-07-23T22:13:28.783787-03:00,g3,32,False,95,TRAFFIC,False,,,False,False,,,,0.00104775
evt-20260723_211140,2026-07-23T22:13:43.529892-03:00,g3,32,False,95,TRAFFIC,False,,,False,False,,,,0.001029
evt-20260723_211428,2026-07-23T22:13:55.637297-03:00,g3,32,False,100,EMPTY,False,,,False,False,,,,0.00099525
evt-20260723_211652,2026-07-23T22:14:10.096887-03:00,g3,32,False,95,TRAFFIC,False,,,False,False,,,,0.00128775
evt-20260723_211928,2026-07-23T22:14:24.661473-03:00,g3,32,False,95,TRAFFIC,False,,,False,False,,,,0.001071
evt-20260723_212146,2026-07-23T22:14:38.077626-03:00,g3,32,False,95,TRAFFIC,False,,,False,False,,,,0.00103875
evt-warmup-20260723_160550,2026-07-23T22:14:50.014429-03:00,g3,12,False,95,TRAFFIC,False,,,False,False,,,,0.00109775
evt-warmup-20260723_171937,2026-07-23T22:15:02.689025-03:00,g3,13,False,100,PARKED,False,,,False,False,,,,0.00111275
evt-20260723_212400,2026-07-23T23:34:43.934736-03:00,g3,32,False,100,TRAFFIC,False,,,False,False,,,,0.0010485
evt-20260723_212616,2026-07-23T23:34:56.701099-03:00,g3,32,False,95,TRAFFIC,False,,,False,False,,,,0.0010005
evt-20260723_212848,2026-07-23T23:35:10.008464-03:00,g3,32,False,95,TRAFFIC,False,,,False,False,,,,0.00104325
evt-20260723_213058,2026-07-23T23:35:25.206204-03:00,g3,32,False,100,EMPTY,False,,,False,False,,,,0.00103275
evt-20260723_213344,2026-07-23T23:35:38.327798-03:00,g3,32,False,95,TRAFFIC,False,,,False,False,,,,0.00105075
evt-20260723_213628,2026-07-23T23:35:53.076101-03:00,g3,32,False,100,EMPTY,False,,,False,False,,,,0.00097275
evt-20260723_213842,2026-07-23T23:36:08.500340-03:00,g3,32,False,100,TRAFFIC,False,,,False,False,,,,0.0009465
evt-20260723_214140,2026-07-23T23:36:23.103924-03:00,g3,32,False,100,EMPTY,False,,,False,False,,,,0.0008985
evt-20260723_214414,2026-07-23T23:36:34.932839-03:00,g3,32,False,100,EMPTY,False,,,False,False,,,,0.00101625
evt-20260723_214634,2026-07-23T23:36:47.665727-03:00,g3,32,False,95,TRAFFIC,False,,,False,False,,,,0.000978
evt-20260723_215120,2026-07-23T23:37:03.778779-03:00,g3,32,False,95,TRAFFIC,False,,,False,False,,,,0.00109725
evt-20260723_215334,2026-07-23T23:37:25.391560-03:00,g3,32,False,95,TRAFFIC,False,,,False,False,,,,0.00102825
evt-20260723_215640,2026-07-23T23:37:39.067850-03:00,g3,32,False,100,TRAFFIC,False,,,False,False,,,,0.000984
evt-20260723_215856,2026-07-23T23:37:54.509355-03:00,g3,32,False,100,EMPTY,False,,,False,False,,,,0.0011625
evt-20260723_220102,2026-07-23T23:38:08.585309-03:00,g3,32,False,90,TRAFFIC,False,,,False,False,,,,0.00169125
evt-20260723_220316,2026-07-23T23:38:25.609969-03:00,g3,32,False,100,EMPTY,False,,,False,False,,,,0.000981
evt-20260723_220709,2026-07-23T23:38:40.651319-03:00,g3,32,False,100,EMPTY,False,,,False,False,,,,0.00098325
evt-20260723_220915,2026-07-23T23:38:56.254770-03:00,g3,32,False,95,TRAFFIC,False,,,False,False,,,,0.0010725
evt-20260723_221143,2026-07-23T23:39:11.254358-03:00,g3,32,False,95,TRAFFIC,False,,,False,False,,,,0.0013575
evt-20260723_221459,2026-07-23T23:39:25.344803-03:00,g3,32,False,100,TRAFFIC,False,,,False,False,,,,0.0011565
evt-20260723_221703,2026-07-23T23:39:39.789857-03:00,g3,32,False,95,TRAFFIC,False,,,False,False,,,,0.0011415
evt-20260723_221915,2026-07-23T23:39:54.520165-03:00,g3,32,False,100,EMPTY,False,,,False,False,,,,0.00107025
evt-20260723_222131,2026-07-23T23:40:08.301507-03:00,g3,32,False,95,TRAFFIC,False,,,False,False,,,,0.001083
evt-20260723_222341,2026-07-23T23:40:21.309090-03:00,g3,32,False,100,TRAFFIC,False,,,False,False,,,,0.00107775
evt-20260723_222551,2026-07-23T23:40:35.637173-03:00,g3,32,False,95,TRAFFIC,False,,,False,False,,,,0.0010035
evt-20260723_222901,2026-07-23T23:40:47.594851-03:00,g3,32,False,95,TRAFFIC,False,,,False,False,,,,0.0009915
evt-20260723_223105,2026-07-23T23:41:01.650093-03:00,g3,32,False,95,TRAFFIC,False,,,False,False,,,,0.0010785
evt-20260723_223434,2026-07-23T23:41:15.620162-03:00,g3,32,False,100,TRAFFIC,False,,,False,False,,,,0.00111975
evt-20260723_223759,2026-07-23T23:41:29.882337-03:00,g3,32,False,95,TRAFFIC,False,,,False,False,,,,0.00100425
evt-20260723_224137,2026-07-23T23:41:43.067855-03:00,g3,32,False,95,TRAFFIC,False,,,False,False,,,,0.001242
evt-20260723_224417,2026-07-23T23:41:59.671990-03:00,g3,32,False,95,TRAFFIC,False,,,False,False,,,,0.00093975
evt-20260723_224623,2026-07-23T23:42:14.200143-03:00,g3,32,False,95,TRAFFIC,False,,,False,False,,,,0.000942
evt-20260723_225116,2026-07-23T23:42:28.355959-03:00,g3,32,False,100,TRAFFIC,False,,,False,False,,,,0.00111825
evt-20260723_225356,2026-07-23T23:42:40.499224-03:00,g3,32,False,100,EMPTY,False,,,False,False,,,,0.000963
evt-20260723_225844,2026-07-23T23:42:52.674538-03:00,g3,32,False,100,TRAFFIC,False,,,False,False,,,,0.00107025
evt-20260723_230114,2026-07-23T23:43:06.776428-03:00,g3,32,False,100,EMPTY,False,,,False,False,,,,0.0009735
evt-20260723_230324,2026-07-23T23:43:19.816994-03:00,g3,32,False,95,TRAFFIC,False,,,False,False,,,,0.001038
evt-20260723_230536,2026-07-23T23:43:33.222165-03:00,g3,32,True,95,DUMPING,True,False,95,False,False,,,,0.00379825
evt-20260723_230740,2026-07-23T23:43:55.142132-03:00,g3,32,False,95,TRAFFIC,False,,,False,False,,,,0.00099225
evt-20260723_231030,2026-07-23T23:44:08.501914-03:00,g3,32,False,100,EMPTY,False,,,False,False,,,,0.0011145
evt-20260723_231324,2026-07-23T23:44:23.945010-03:00,g3,32,False,95,TRAFFIC,False,,,False,False,,,,0.00096825
evt-20260723_232236,2026-07-23T23:44:36.497409-03:00,g3,32,False,100,EMPTY,False,,,False,False,,,,0.00105
evt-20260723_232602,2026-07-23T23:44:49.445259-03:00,g3,32,False,95,TRAFFIC,False,,,False,False,,,,0.00098325
evt-20260723_233212,2026-07-23T23:45:04.263048-03:00,g3,32,False,95,TRAFFIC,False,,,False,False,,,,0.00114
evt-20260723_233544,2026-07-24T00:00:56.903054-03:00,g3,32,False,90,TRAFFIC,False,,,False,False,,,,0.0019965
evt-20260723_234018,2026-07-24T00:01:27.522159-03:00,g3,32,False,100,PARKED,False,,,False,False,,,,0.0015285
evt-20260723_234248,2026-07-24T00:01:42.662147-03:00,g3,32,False,100,TRAFFIC,False,,,False,False,,,,0.00148275
evt-20260723_234502,2026-07-24T00:02:09.446245-03:00,g3,32,False,100,TRAFFIC,False,,,False,False,,,,0.001404
evt-20260723_234706,2026-07-24T00:02:36.838783-03:00,g3,32,False,100,TRAFFIC,False,,,False,False,,,,0.00144825
evt-20260723_234910,2026-07-24T00:02:56.231925-03:00,g3,32,False,100,TRAFFIC,False,,,False,False,,,,0.00127125
evt-20260723_235116,2026-07-24T00:03:23.501700-03:00,g3,32,False,100,EMPTY,False,,,False,False,,,,0.001095
evt-20260723_235424,2026-07-24T00:03:37.162936-03:00,g3,32,False,95,TRAFFIC,False,,,False,False,,,,0.00110475
evt-20260723_235659,2026-07-24T00:03:50.209001-03:00,g3,32,False,95,TRAFFIC,False,,,False,False,,,,0.001293
evt-20260723_235935,2026-07-24T00:11:06.594115-03:00,g3,32,False,100,EMPTY,False,,,False,False,,,,0.00099225
evt-20260724_000450,2026-07-24T00:11:20.171532-03:00,g3,32,False,95,TRAFFIC,False,,,False,False,,,,0.00115125
evt-20260724_000708,2026-07-24T00:11:35.355050-03:00,g3,32,False,100,TRAFFIC,False,,,False,False,,,,0.0011235
evt-20260724_001328,2026-07-24T00:16:49.591131-03:00,g3,32,False,100,EMPTY,False,,,False,False,,,,0.0009045
evt-20260724_001858,2026-07-24T00:21:21.882489-03:00,g3,32,False,95,TRAFFIC,False,,,False,False,,,,0.00095325
evt-20260724_002120,2026-07-24T00:25:54.656274-03:00,g3,32,False,100,EMPTY,False,,,False,False,,,,0.000933
evt-20260724_002340,2026-07-24T00:26:07.925772-03:00,g3,32,False,100,EMPTY,False,,,False,False,,,,0.0009915
evt-20260724_002934,2026-07-24T00:35:47.608508-03:00,g3,32,False,100,EMPTY,False,,,False,False,,,,0.00090675
evt-20260724_003718,2026-07-24T00:40:16.382939-03:00,g3,32,False,100,EMPTY,False,,,False,False,,,,0.0009645
evt-20260724_004022,2026-07-24T00:45:18.922354-03:00,g3,32,False,100,EMPTY,False,,,False,False,,,,0.0009915
evt-20260724_004300,2026-07-24T00:45:32.209984-03:00,g3,32,False,100,EMPTY,False,,,False,False,,,,0.0009615
evt-20260724_004916,2026-07-24T00:53:57.661871-03:00,g3,32,False,100,TRAFFIC,False,,,False,False,,,,0.0011145
evt-20260724_005644,2026-07-24T01:01:46.912504-03:00,g3,32,False,100,EMPTY,False,,,False,False,,,,0.001068
evt-20260724_010604,2026-07-24T01:10:12.180673-03:00,g3,32,False,100,EMPTY,False,,,False,False,,,,0.001098
evt-20260724_010814,2026-07-24T01:15:03.445115-03:00,g3,32,False,100,EMPTY,False,,,False,False,,,,0.0009645
evt-20260724_011736,2026-07-24T01:22:48.849709-03:00,g3,32,False,95,TRAFFIC,False,,,False,False,,,,0.000948
evt-20260724_011952,2026-07-24T01:23:02.691637-03:00,g3,32,False,95,TRAFFIC,False,,,False,False,,,,0.000933
evt-20260724_012218,2026-07-24T01:27:08.241040-03:00,g3,32,False,95,TRAFFIC,False,,,False,False,,,,0.00119775
evt-20260724_012522,2026-07-24T01:31:48.149261-03:00,g3,32,False,100,EMPTY,False,,,False,False,,,,0.00102675
evt-20260724_012848,2026-07-24T01:32:01.763482-03:00,g3,32,False,100,TRAFFIC,False,,,False,False,,,,0.0011445
evt-20260724_013208,2026-07-24T01:36:48.492808-03:00,g3,32,False,95,TRAFFIC,False,,,False,False,,,,0.00097125
evt-20260724_013446,2026-07-24T01:40:45.758621-03:00,g3,32,False,95,TRAFFIC,False,,,False,False,,,,0.00108975
evt-20260724_013956,2026-07-24T01:44:56.692309-03:00,g3,32,False,100,EMPTY,False,,,False,False,,,,0.00117
evt-20260724_014206,2026-07-24T01:45:09.771640-03:00,g3,32,False,95,TRAFFIC,False,,,False,False,,,,0.001002
evt-20260724_014420,2026-07-24T01:49:46.584224-03:00,g3,32,False,100,EMPTY,False,,,False,False,,,,0.00092475
evt-20260724_014814,2026-07-24T01:53:51.363979-03:00,g3,32,False,100,EMPTY,False,,,False,False,,,,0.00099375
evt-20260724_015026,2026-07-24T01:54:05.373780-03:00,g3,32,False,95,TRAFFIC,False,,,False,False,,,,0.00127875
evt-20260724_020418,2026-07-24T02:09:38.809780-03:00,g3,32,False,95,TRAFFIC,False,,,False,False,,,,0.00105825
evt-20260724_020624,2026-07-24T02:09:53.509019-03:00,g3,32,True,85,DUMPING,True,True,95,True,False,,,,0.0044155
evt-20260724_021254,2026-07-24T02:17:55.837620-03:00,g3,32,False,95,TRAFFIC,False,,,False,False,,,,0.00100275
evt-20260724_021654,2026-07-24T02:21:57.389176-03:00,g3,32,False,95,TRAFFIC,False,,,False,False,,,,0.00110175
evt-20260724_022932,2026-07-24T02:33:42.113223-03:00,g3,32,False,100,EMPTY,False,,,False,False,,,,0.00091725
evt-20260724_023732,2026-07-24T02:41:34.458899-03:00,g3,32,False,100,EMPTY,False,,,False,False,,,,0.00116025
evt-20260724_024202,2026-07-24T02:45:33.722325-03:00,g3,32,False,100,EMPTY,False,,,False,False,,,,0.000903
evt-20260724_030052,2026-07-24T03:27:16.377496-03:00,g3,32,False,100,EMPTY,False,,,False,False,,,,0.00105675
evt-20260724_030856,2026-07-24T03:27:28.799977-03:00,g3,32,False,100,EMPTY,False,,,False,False,,,,0.0009855
evt-20260724_032354,2026-07-24T03:27:42.990314-03:00,g3,32,False,100,EMPTY,False,,,False,False,,,,0.00108825
evt-20260724_034126,2026-07-24T03:43:57.767117-03:00,g3,32,False,100,EMPTY,False,,,False,False,,,,0.00098775
evt-20260724_035146,2026-07-24T03:55:34.401572-03:00,g3,32,False,100,EMPTY,False,,,False,False,,,,0.0008895
evt-20260724_035620,2026-07-24T03:59:45.806951-03:00,g3,32,False,100,EMPTY,False,,,False,False,,,,0.00091425
evt-20260724_040122,2026-07-24T04:03:44.220343-03:00,g3,32,False,100,EMPTY,False,,,False,False,,,,0.00090375
evt-20260724_040640,2026-07-24T04:11:35.161127-03:00,g3,32,False,100,EMPTY,False,,,False,False,,,,0.0010695
evt-20260724_040954,2026-07-24T04:15:41.917895-03:00,g3,32,False,100,EMPTY,False,,,False,False,,,,0.0010995
evt-20260724_041348,2026-07-24T04:19:42.431450-03:00,g3,32,False,95,TRAFFIC,False,,,False,False,,,,0.00110775
evt-20260724_041858,2026-07-24T04:23:50.772282-03:00,g3,32,False,100,EMPTY,False,,,False,False,,,,0.00108975
evt-20260724_042226,2026-07-24T04:27:57.316507-03:00,g3,32,False,100,EMPTY,False,,,False,False,,,,0.00109125
evt-20260724_043148,2026-07-24T04:35:53.139329-03:00,g3,32,False,100,EMPTY,False,,,False,False,,,,0.001086
evt-20260724_044106,2026-07-24T04:43:46.090347-03:00,g3,32,False,100,EMPTY,False,,,False,False,,,,0.00093825
evt-20260724_044724,2026-07-24T04:51:39.905838-03:00,g3,32,False,100,EMPTY,False,,,False,False,,,,0.00105
evt-20260724_045112,2026-07-24T04:55:49.257128-03:00,g3,32,False,100,EMPTY,False,,,False,False,,,,0.0010935
evt-20260724_045330,2026-07-24T04:56:03.714955-03:00,g3,32,False,100,EMPTY,False,,,False,False,,,,0.0009015
evt-20260724_045746,2026-07-24T05:00:02.546721-03:00,g3,32,False,95,TRAFFIC,False,,,False,False,,,,0.00102975
evt-20260724_050118,2026-07-24T05:04:13.058691-03:00,g3,32,False,100,EMPTY,False,,,False,False,,,,0.0011295
evt-20260724_050346,2026-07-24T05:08:14.290750-03:00,g3,32,False,100,EMPTY,False,,,False,False,,,,0.001005
evt-20260724_050700,2026-07-24T05:12:30.478324-03:00,g3,32,False,100,EMPTY,False,,,False,False,,,,0.00092625
evt-20260724_050952,2026-07-24T05:12:50.115632-03:00,g3,32,False,95,TRAFFIC,False,,,False,False,,,,0.00105675
evt-20260724_051352,2026-07-24T05:17:35.747940-03:00,g3,32,False,100,EMPTY,False,,,False,False,,,,0.00089625
evt-20260724_052140,2026-07-24T05:26:33.252960-03:00,g3,32,False,95,TRAFFIC,False,,,False,False,,,,0.001101
evt-20260724_052344,2026-07-24T05:26:47.428904-03:00,g3,32,False,95,TRAFFIC,False,,,False,False,,,,0.00101475
evt-20260724_053032,2026-07-24T05:34:39.470293-03:00,g3,32,False,95,TRAFFIC,False,,,False,False,,,,0.001026
evt-20260724_053554,2026-07-24T05:38:45.677440-03:00,g3,32,False,100,TRAFFIC,False,,,False,False,,,,0.00109875
evt-20260724_053846,2026-07-24T05:42:51.623938-03:00,g3,32,False,100,TRAFFIC,False,,,False,False,,,,0.0011415
evt-20260724_054257,2026-07-24T05:47:23.178012-03:00,g3,32,False,95,TRAFFIC,False,,,False,False,,,,0.0009735
evt-20260724_054516,2026-07-24T05:51:44.155149-03:00,g3,32,False,95,TRAFFIC,False,,,False,False,,,,0.00116175
evt-20260724_054840,2026-07-24T05:52:04.001912-03:00,g3,32,False,100,TRAFFIC,False,,,False,False,,,,0.0010815
evt-20260724_055530,2026-07-24T06:00:33.652890-03:00,g3,32,False,100,TRAFFIC,False,,,False,False,,,,0.00105
evt-20260724_055746,2026-07-24T06:00:48.464815-03:00,g3,32,False,100,TRAFFIC,False,,,False,False,,,,0.00114825
evt-20260724_060604,2026-07-24T06:09:00.140762-03:00,g3,32,False,100,TRAFFIC,False,,,False,False,,,,0.00094125
evt-20260724_060908,2026-07-24T06:14:03.362054-03:00,g3,32,False,100,TRAFFIC,False,,,False,False,,,,0.0011235
evt-20260724_061208,2026-07-24T06:18:26.505708-03:00,g3,32,False,95,TRAFFIC,False,,,False,False,,,,0.0011595
evt-20260724_061508,2026-07-24T06:18:43.957318-03:00,g3,32,False,95,TRAFFIC,False,,,False,False,,,,0.00119475
evt-20260724_061732,2026-07-24T06:23:13.897947-03:00,g3,32,True,100,DUMPING,True,True,95,True,False,,,,0.0035995
evt-20260724_062002,2026-07-24T06:23:36.645648-03:00,g3,32,False,100,TRAFFIC,False,,,False,False,,,,0.0010395
evt-20260724_062516,2026-07-24T06:28:20.882856-03:00,g3,32,False,95,TRAFFIC,False,,,False,False,,,,0.0010215
evt-20260724_062826,2026-07-24T06:32:25.334490-03:00,g3,32,False,95,TRAFFIC,False,,,False,False,,,,0.00096975
evt-20260724_063030,2026-07-24T06:36:56.063458-03:00,g3,32,False,95,TRAFFIC,False,,,False,False,,,,0.0010425
evt-20260724_063408,2026-07-24T06:37:12.577100-03:00,g3,32,False,100,TRAFFIC,False,,,False,False,,,,0.001149
evt-20260724_063718,2026-07-24T06:42:03.506206-03:00,g3,32,False,95,TRAFFIC,False,,,False,False,,,,0.0012705
evt-20260724_064212,2026-07-24T06:46:06.556544-03:00,g3,32,False,95,TRAFFIC,False,,,False,False,,,,0.00094575
evt-20260724_064524,2026-07-24T06:50:18.952898-03:00,g3,32,False,95,TRAFFIC,False,,,False,False,,,,0.0009945
evt-20260724_064838,2026-07-24T06:55:10.252334-03:00,g3,32,False,95,TRAFFIC,False,,,False,False,,,,0.00099525
evt-20260724_065108,2026-07-24T06:55:26.937666-03:00,g3,32,False,95,TRAFFIC,False,,,False,False,,,,0.00096375
evt-20260724_065334,2026-07-24T07:00:21.078153-03:00,g3,32,False,95,TRAFFIC,False,,,False,False,,,,0.00102975
evt-20260724_065708,2026-07-24T07:00:36.730773-03:00,g3,32,False,95,TRAFFIC,False,,,False,False,,,,0.00110325
evt-20260724_070020,2026-07-24T07:05:46.338547-03:00,g3,32,False,95,TRAFFIC,False,,,False,False,,,,0.0009435
evt-20260724_070242,2026-07-24T07:06:00.525799-03:00,g3,32,False,100,TRAFFIC,False,,,False,False,,,,0.00099375
evt-20260724_070506,2026-07-24T07:11:00.922213-03:00,g3,32,False,100,TRAFFIC,False,,,False,False,,,,0.001134
evt-20260724_070724,2026-07-24T07:11:17.559380-03:00,g3,32,False,100,TRAFFIC,False,,,False,False,,,,0.001146
evt-20260724_071046,2026-07-24T07:16:34.609218-03:00,g3,32,False,90,TRAFFIC,False,,,False,False,,,,0.0012105
evt-20260724_071304,2026-07-24T07:16:50.296008-03:00,g3,32,False,95,TRAFFIC,False,,,False,False,,,,0.0010575
evt-20260724_071638,2026-07-24T07:22:03.454601-03:00,g3,32,False,90,TRAFFIC,False,,,False,False,,,,0.00156675
evt-20260724_071842,2026-07-24T07:22:31.653022-03:00,g3,32,False,90,TRAFFIC,False,,,False,False,,,,0.00162075
evt-20260724_072104,2026-07-24T07:28:12.973653-03:00,g3,32,False,95,TRAFFIC,False,,,False,False,,,,0.00105
evt-20260724_072324,2026-07-24T07:28:32.206726-03:00,g3,32,True,95,DUMPING,True,True,85,True,False,,,,0.00414475
evt-20260724_072550,2026-07-24T07:28:59.822146-03:00,g3,32,False,95,TRAFFIC,False,,,False,False,,,,0.00154725
evt-20260724_072912,2026-07-24T07:34:09.595541-03:00,g3,32,False,95,TRAFFIC,False,,,False,False,,,,0.001029
evt-20260724_073222,2026-07-24T07:39:18.428983-03:00,g3,32,False,100,TRAFFIC,False,,,False,False,,,,0.00114975
evt-20260724_073610,2026-07-24T07:39:35.873133-03:00,g3,32,False,100,EMPTY,False,,,False,False,,,,0.00111
evt-20260724_073854,2026-07-24T07:44:38.428553-03:00,g3,32,False,100,TRAFFIC,False,,,False,False,,,,0.0011205
evt-20260724_074120,2026-07-24T07:45:10.220101-03:00,g3,32,True,100,DUMPING,True,True,100,True,True,90915732-f450-4f1f-945f-eff336b1535a,CONFIRMADO,Descarte confirmado em carro de mão.,0.00346
evt-20260724_074504,2026-07-24T07:50:02.701697-03:00,g3,32,True,95,DUMPING,True,True,95,True,False,,,,0.00371875
evt-20260724_074846,2026-07-24T07:55:46.713708-03:00,g3,15,False,95,TRAFFIC,False,,,False,False,,,,0.001056
evt-warmup-20260724_075305,2026-07-24T07:56:00.951153-03:00,g3,12,False,95,TRAFFIC,False,,,False,False,,,,0.0010625
evt-20260724_075526,2026-07-24T08:01:05.110554-03:00,g3,32,False,100,TRAFFIC,False,,,False,False,,,,0.00098775
evt-20260724_075748,2026-07-24T08:01:20.924361-03:00,g3,32,False,95,TRAFFIC,False,,,False,False,,,,0.0011685
evt-20260724_080048,2026-07-24T08:06:30.453506-03:00,g3,32,False,90,PARKED,False,,,False,False,,,,0.0012975
evt-20260724_080258,2026-07-24T08:06:54.187514-03:00,g3,32,True,100,DUMPING,True,True,100,True,False,,,,0.00379
evt-20260724_080510,2026-07-24T08:11:59.687804-03:00,g3,32,False,95,TRAFFIC,False,,,False,False,,,,0.001008
evt-20260724_080958,2026-07-24T08:17:23.989327-03:00,g3,32,False,95,TRAFFIC,False,,,False,False,,,,0.0010335
evt-20260724_081256,2026-07-24T08:17:44.864449-03:00,g3,32,False,95,TRAFFIC,False,,,False,False,,,,0.00097575
evt-20260724_081524,2026-07-24T08:23:03.275868-03:00,g3,32,True,95,DUMPING,True,True,100,True,True,1f7bf1c7-9b7f-42cc-a4aa-89d6e3daff62,CONFIRMADO,Descarte confirmado.,0.00380875
evt-20260724_081756,2026-07-24T08:23:44.008150-03:00,g3,32,True,90,DUMPING,True,True,100,True,True,1f7bf1c7-9b7f-42cc-a4aa-89d6e3daff62,CONFIRMADO,Descarte confirmado.,0.00360025
evt-20260724_082032,2026-07-24T08:24:06.234780-03:00,g3,32,False,90,PARKED,False,,,False,False,,,,0.001089
evt-20260724_082302,2026-07-24T08:29:24.969812-03:00,g3,32,False,95,TRAFFIC,False,,,False,False,,,,0.000984
evt-20260724_082710,2026-07-24T08:29:40.726355-03:00,g3,32,False,90,PARKED,False,,,False,False,,,,0.00111
evt-20260724_082948,2026-07-24T08:35:16.378757-03:00,g3,32,False,100,TRAFFIC,False,,,False,False,,,,0.00101175
evt-20260724_083152,2026-07-24T08:35:32.726373-03:00,g3,32,False,95,TRAFFIC,False,,,False,False,,,,0.0010785
evt-20260724_083500,2026-07-24T08:40:36.285778-03:00,g3,32,False,95,TRAFFIC,False,,,False,False,,,,0.00120675
evt-20260724_083856,2026-07-24T08:45:37.295124-03:00,g3,32,False,95,TRAFFIC,False,,,False,False,,,,0.00097125
evt-20260724_084128,2026-07-24T08:45:50.207384-03:00,g3,31,False,95,TRAFFIC,False,,,False,False,,,,0.00102
evt-20260724_084344,2026-07-24T08:51:05.894208-03:00,g3,32,True,95,DUMPING,True,True,100,True,True,ba9b3cd5-f440-40ac-8632-57403884f75f,CONFIRMADO,"Carro de mão, descarte confirmado.",0.003601
evt-20260724_084548,2026-07-24T08:51:27.821815-03:00,g3,31,False,95,TRAFFIC,False,,,False,False,,,,0.00123
evt-20260724_084818,2026-07-24T08:51:45.993322-03:00,g3,32,False,85,TRAFFIC,False,,,False,False,,,,0.0011745
evt-20260724_085032,2026-07-24T08:56:43.305311-03:00,g3,32,False,95,TRAFFIC,False,,,False,False,,,,0.0010215
evt-20260724_085330,2026-07-24T08:57:01.029630-03:00,g3,32,False,90,TRAFFIC,False,,,False,False,,,,0.001476
evt-20260724_085540,2026-07-24T09:01:58.214529-03:00,g3,32,False,95,PARKED,False,,,False,False,,,,0.001287
evt-20260724_085758,2026-07-24T09:02:15.544039-03:00,g3,32,False,95,TRAFFIC,False,,,False,False,,,,0.0010635
evt-20260724_090118,2026-07-24T09:07:40.555855-03:00,g3,32,False,100,EMPTY,False,,,False,False,,,,0.00109275
evt-20260724_090356,2026-07-24T09:07:55.393332-03:00,g3,32,False,95,TRAFFIC,False,,,False,False,,,,0.001128
evt-20260724_090650,2026-07-24T09:12:27.834087-03:00,g3,32,False,100,TRAFFIC,False,,,False,False,,,,0.00112725
evt-20260724_090910,2026-07-24T09:12:41.923926-03:00,g3,32,False,95,TRAFFIC,False,,,False,False,,,,0.001158
evt-20260724_091122,2026-07-24T09:16:50.567628-03:00,g3,32,False,100,TRAFFIC,False,,,False,False,,,,0.0010455
evt-20260724_091422,2026-07-24T09:17:05.392551-03:00,g3,32,False,95,TRAFFIC,False,,,False,False,,,,0.001062
evt-20260724_091658,2026-07-24T09:21:51.895249-03:00,g3,32,False,95,TRAFFIC,False,,,False,False,,,,0.001053
evt-20260724_092008,2026-07-24T09:26:20.423067-03:00,g3,32,False,95,TRAFFIC,False,,,False,False,,,,0.0010245
evt-20260724_092258,2026-07-24T09:26:35.246222-03:00,g3,32,False,95,TRAFFIC,False,,,False,False,,,,0.00097275
evt-20260724_092524,2026-07-24T09:32:40.155696-03:00,g3,32,True,100,DUMPING,True,True,100,True,False,,,,0.003373
evt-20260724_092746,2026-07-24T09:33:04.340007-03:00,g3,32,False,95,TRAFFIC,False,,,False,False,,,,0.0009915
evt-20260724_092952,2026-07-24T09:33:18.602888-03:00,g3,32,False,95,TRAFFIC,False,,,False,False,,,,0.0012
evt-20260724_093206,2026-07-24T09:38:23.149482-03:00,g3,32,False,100,EMPTY,False,,,False,False,,,,0.0009705
evt-20260724_093432,2026-07-24T09:38:37.750422-03:00,g3,32,True,95,DUMPING,True,True,100,True,False,,,,0.003922
evt-20260724_093636,2026-07-24T09:43:45.323916-03:00,g3,32,False,90,PARKED,False,,,False,False,,,,0.0014625
evt-20260724_093850,2026-07-24T09:44:07.426323-03:00,g3,32,False,95,TRAFFIC,False,,,False,False,,,,0.0010995
evt-20260724_094054,2026-07-24T09:44:23.887926-03:00,g3,32,False,95,PARKED,False,,,False,False,,,,0.0011085
evt-20260724_094306,2026-07-24T09:50:15.952665-03:00,g3,32,False,95,TRAFFIC,False,,,False,False,,,,0.000981
evt-20260724_094524,2026-07-24T09:50:46.192484-03:00,g3,32,False,95,TRAFFIC,False,,,False,False,,,,0.001119
evt-20260724_094800,2026-07-24T09:55:46.653898-03:00,g3,32,False,95,TRAFFIC,False,,,False,False,,,,0.001227
evt-20260724_095056,2026-07-24T09:56:02.091779-03:00,g3,32,False,95,TRAFFIC,False,,,False,False,,,,0.000978
evt-20260724_095356,2026-07-24T10:00:45.375053-03:00,g3,32,False,95,TRAFFIC,False,,,False,False,,,,0.00098925
evt-20260724_095710,2026-07-24T10:00:58.985002-03:00,g3,32,False,95,PARKED,False,,,False,False,,,,0.001176
evt-20260724_100012,2026-07-24T10:05:11.999695-03:00,g3,32,False,95,TRAFFIC,False,,,False,False,,,,0.0018135
evt-20260724_100540,2026-07-24T10:10:21.893199-03:00,g3,32,False,90,TRAFFIC,False,,,False,False,,,,0.001527
evt-20260724_100848,2026-07-24T10:15:27.204510-03:00,g3,32,False,60,DUMPING,False,,,False,False,,,,0.00240375
evt-20260724_101134,2026-07-24T10:15:49.341222-03:00,g3,32,False,95,TRAFFIC,False,,,False,False,,,,0.0010095
evt-20260724_101402,2026-07-24T10:20:40.635457-03:00,g3,32,False,90,PARKED,False,,,False,False,,,,0.00124275
evt-20260724_101716,2026-07-24T10:20:56.364012-03:00,g3,32,False,100,TRAFFIC,False,,,False,False,,,,0.0010605
evt-20260724_101934,2026-07-24T10:26:02.688434-03:00,g3,32,False,100,TRAFFIC,False,,,False,False,,,,0.0010845
evt-20260724_102144,2026-07-24T10:26:16.185570-03:00,g3,32,False,90,TRAFFIC,False,,,False,False,,,,0.0009585
evt-20260724_102454,2026-07-24T10:31:13.561967-03:00,g3,32,False,100,EMPTY,False,,,False,False,,,,0.0009975
evt-20260724_102850,2026-07-24T10:31:28.364878-03:00,g3,32,False,95,TRAFFIC,False,,,False,False,,,,0.00107925
evt-20260724_103108,2026-07-24T10:36:45.321823-03:00,g3,32,False,95,TRAFFIC,False,,,False,False,,,,0.0010695
evt-20260724_103420,2026-07-24T10:37:02.671004-03:00,g3,32,False,90,TRAFFIC,False,,,False,False,,,,0.0012675
evt-20260724_103642,2026-07-24T10:41:49.626191-03:00,g3,32,False,90,TRAFFIC,False,,,False,False,,,,0.001038
evt-20260724_103916,2026-07-24T10:42:05.821118-03:00,g3,32,False,95,TRAFFIC,False,,,False,False,,,,0.001125
evt-20260724_104222,2026-07-24T10:47:49.084798-03:00,g3,32,False,95,TRAFFIC,False,,,False,False,,,,0.001086
evt-20260724_104542,2026-07-24T10:52:58.658239-03:00,g3,30,False,95,TRAFFIC,False,,,False,False,,,,0.00120975
evt-20260724_104748,2026-07-24T10:53:12.974060-03:00,g3,32,False,95,TRAFFIC,False,,,False,False,,,,0.00101925
evt-20260724_105026,2026-07-24T10:53:27.226346-03:00,g3,32,False,95,TRAFFIC,False,,,False,False,,,,0.001038
evt-20260724_105532,2026-07-24T10:59:04.973887-03:00,g3,32,False,95,TRAFFIC,False,,,False,False,,,,0.00096075
evt-20260724_105752,2026-07-24T11:04:04.867871-03:00,g3,32,False,95,TRAFFIC,False,,,False,False,,,,0.0010845
evt-20260724_105956,2026-07-24T11:04:21.303766-03:00,g3,32,False,95,EMPTY,False,,,False,False,,,,0.00120075
evt-20260724_110312,2026-07-24T11:09:58.117743-03:00,g3,32,False,95,PARKED,False,,,False,False,,,,0.0010635
evt-20260724_110516,2026-07-24T11:10:34.198783-03:00,g3,32,True,100,DUMPING,True,True,100,True,True,db65b9d5-2972-46f3-a29b-104a693c6c4b,CONFIRMADO,ocorreu descarte de sacos de lixo,0.0037105
evt-20260724_110720,2026-07-24T11:11:02.579607-03:00,g3,32,True,95,DUMPING,True,False,90,False,False,,,,0.00343
evt-20260724_111002,2026-07-24T11:16:07.341731-03:00,g3,32,False,90,TRAFFIC,False,,,False,False,,,,0.001335
evt-20260724_111234,2026-07-24T11:16:24.333539-03:00,g3,32,False,95,TRAFFIC,False,,,False,False,,,,0.00141075
evt-20260724_111722,2026-07-24T11:22:01.445003-03:00,g3,32,False,95,TRAFFIC,False,,,False,False,,,,0.00113925
evt-20260724_112040,2026-07-24T11:27:13.715468-03:00,g3,32,False,95,TRAFFIC,False,,,False,False,,,,0.00116775
evt-20260724_112350,2026-07-24T11:27:30.304213-03:00,g3,32,False,95,TRAFFIC,False,,,False,False,,,,0.00106125
evt-20260724_112702,2026-07-24T11:32:58.766749-03:00,g3,32,False,95,TRAFFIC,False,,,False,False,,,,0.00096825
evt-20260724_112930,2026-07-24T11:33:14.783163-03:00,g3,32,False,90,TRAFFIC,False,,,False,False,,,,0.0012555
evt-20260724_113156,2026-07-24T11:38:42.388760-03:00,g3,32,True,100,DUMPING,True,True,100,True,True,06204184-2487-4ee1-b58e-dee893fbbfb9,REJEITADO,NÃO OCORREU DESCARTE,0.003448
evt-20260724_113516,2026-07-24T11:39:05.582033-03:00,g3,32,True,90,DUMPING,True,True,90,True,False,,,,0.0036355
evt-20260724_113720,2026-07-24T11:44:19.215260-03:00,g3,32,True,90,DUMPING,True,False,90,False,False,,,,0.00411325
evt-20260724_113927,2026-07-24T11:44:46.101087-03:00,g3,32,False,75,DUMPING,False,,,False,False,,,,0.00181275
evt-20260724_114139,2026-07-24T11:45:07.615674-03:00,g3,32,False,95,TRAFFIC,False,,,False,False,,,,0.00095925
evt-20260724_114342,2026-07-24T11:50:01.366530-03:00,g3,32,False,100,TRAFFIC,False,,,False,False,,,,0.00129525
evt-20260724_114702,2026-07-24T11:50:19.072678-03:00,g3,32,False,95,PARKED,False,,,False,False,,,,0.00111
evt-20260724_114918,2026-07-24T11:56:03.867543-03:00,g3,32,False,95,PARKED,False,,,False,False,,,,0.00119025
evt-20260724_115124,2026-07-24T11:56:19.208629-03:00,g3,32,False,95,PARKED,False,,,False,False,,,,0.0011145
evt-20260724_115328,2026-07-24T11:56:36.029151-03:00,g3,32,False,95,TRAFFIC,False,,,False,False,,,,0.001281
evt-20260724_115540,2026-07-24T12:02:15.574865-03:00,g3,32,True,90,DUMPING,True,True,100,True,True,8818a62d-f92f-4396-bc83-cffebb8be09f,REJEITADO,NÃO OCORREU DESCARTE,0.00354325
evt-20260724_115752,2026-07-24T12:02:55.065191-03:00,g3,32,True,95,DUMPING,True,True,95,True,False,,,,0.0038335
evt-20260724_120229,2026-07-24T12:10:52.054957-03:00,g3,32,True,95,DUMPING,True,True,95,True,True,8818a62d-f92f-4396-bc83-cffebb8be09f,REJEITADO,NÃO OCORREU DESCARTE,0.0040825
evt-20260724_120716,2026-07-24T12:12:00.700390-03:00,g3,32,False,95,PARKED,False,,,False,False,,,,0.00116475
evt-20260724_120024,2026-07-24T12:18:41.680669-03:00,g3,32,False,95,TRAFFIC,False,,,False,False,,,,0.001746
evt-20260724_120922,2026-07-24T12:19:06.530875-03:00,g3,32,False,95,TRAFFIC,False,,,False,False,,,,0.001272
evt-20260724_121126,2026-07-24T12:19:53.183030-03:00,g3,32,False,95,PARKED,False,,,False,False,,,,0.0011685
evt-20260724_121730,2026-07-24T12:26:25.969482-03:00,g3,32,False,95,PARKED,False,,,False,False,,,,0.00103575
evt-20260724_121948,2026-07-24T12:26:42.308963-03:00,g3,32,False,95,PARKED,False,,,False,False,,,,0.0013035
evt-20260724_121330,2026-07-24T12:32:34.162662-03:00,g3,32,False,95,PARKED,False,,,False,False,,,,0.001023
evt-20260724_122220,2026-07-24T12:32:52.586675-03:00,g3,32,False,95,PARKED,False,,,False,False,,,,0.001224
evt-20260724_122424,2026-07-24T12:33:12.513128-03:00,g3,32,False,95,TRAFFIC,False,,,False,False,,,,0.0009855
evt-20260724_122630,2026-07-24T12:33:41.235261-03:00,g3,32,False,95,TRAFFIC,False,,,False,False,,,,0.00135675
evt-20260724_122912,2026-07-24T12:33:57.970572-03:00,g3,32,False,95,TRAFFIC,False,,,False,False,,,,0.00132225
evt-20260724_123139,2026-07-24T12:39:31.930701-03:00,g3,32,False,95,PARKED,False,,,False,False,,,,0.00120075
evt-20260724_123342,2026-07-24T12:39:46.873557-03:00,g3,32,False,100,PARKED,False,,,False,False,,,,0.00133875
evt-20260724_123630,2026-07-24T12:40:25.957240-03:00,g3,32,False,90,TRAFFIC,False,,,False,True,84f1995d-86cd-4a97-8aba-6395224c7146,REJEITADO,NÃO OCORREU DESCARTE,0.0018495
evt-20260724_123852,2026-07-24T12:45:44.662279-03:00,g3,30,False,95,PARKED,False,,,False,False,,,,0.0012435
evt-20260724_124056,2026-07-24T12:46:03.991348-03:00,g3,32,False,90,TRAFFIC,False,,,False,False,,,,0.001212
evt-20260724_124300,2026-07-24T12:46:20.743011-03:00,g3,32,False,95,TRAFFIC,False,,,False,False,,,,0.0010995
evt-20260724_124514,2026-07-24T12:51:15.129599-03:00,g3,32,False,100,TRAFFIC,False,,,False,False,,,,0.001113
evt-20260724_124836,2026-07-24T12:51:37.470317-03:00,g3,32,True,95,DUMPING,True,True,95,True,False,,,,0.00396025
evt-20260724_125112,2026-07-24T12:56:41.731219-03:00,g3,32,False,90,TRAFFIC,False,,,False,False,,,,0.0011115
evt-20260724_125354,2026-07-24T12:57:14.458745-03:00,g3,32,True,95,DUMPING,True,False,95,False,False,,,,0.00365125
evt-20260724_125615,2026-07-24T13:02:22.205413-03:00,g3,32,False,90,TRAFFIC,False,,,False,False,,,,0.0009915
evt-20260724_125942,2026-07-24T13:02:40.397819-03:00,g3,32,False,95,TRAFFIC,False,,,False,False,,,,0.0010125
evt-20260724_130212,2026-07-24T13:07:51.405173-03:00,g3,32,False,90,PARKED,False,,,False,False,,,,0.001221
evt-20260724_130456,2026-07-24T13:08:09.046837-03:00,g3,32,False,95,TRAFFIC,False,,,False,False,,,,0.00098625
evt-20260724_130734,2026-07-24T13:12:33.395204-03:00,g3,32,False,95,PARKED,False,,,False,False,,,,0.0012135
evt-20260724_130940,2026-07-24T13:13:08.095459-03:00,g3,32,False,95,TRAFFIC,False,,,False,True,4de1e3d2-622b-4373-9cc9-62581bfb802b,CONFIRMADO,UMA SENHORA DESCARTOU UM SACO BRANCO,0.0012945
evt-20260724_131148,2026-07-24T13:17:54.593796-03:00,g3,32,False,100,PARKED,False,,,False,False,,,,0.00126825
evt-20260724_131400,2026-07-24T13:18:10.756956-03:00,g3,32,False,95,PARKED,False,,,False,False,,,,0.0013005
evt-20260724_131608,2026-07-24T13:22:53.553798-03:00,g3,32,False,90,PARKED,False,,,False,False,,,,0.00138
evt-20260724_131812,2026-07-24T13:23:27.895677-03:00,g3,32,False,90,PARKED,False,,,False,False,,,,0.00141225
evt-20260724_132038,2026-07-24T13:23:52.651174-03:00,g3,32,False,90,TRAFFIC,False,,,False,False,,,,0.00118725
evt-20260724_132250,2026-07-24T13:29:57.046404-03:00,g3,32,False,90,PARKED,False,,,False,False,,,,0.001044
evt-20260724_132502,2026-07-24T13:30:43.017191-03:00,g3,32,True,95,DUMPING,True,True,100,True,False,,,,0.00378925
evt-20260724_132734,2026-07-24T13:31:09.993531-03:00,g3,32,True,95,DUMPING,True,True,85,True,False,,,,0.00371425
evt-20260724_132950,2026-07-24T13:36:38.024775-03:00,g3,32,True,95,DUMPING,True,True,90,True,False,,,,0.0038995
evt-20260724_133154,2026-07-24T13:37:00.733627-03:00,g3,32,True,95,DUMPING,True,True,100,True,False,,,,0.0035755
evt-20260724_133358,2026-07-24T13:37:26.933642-03:00,g3,32,True,95,DUMPING,True,False,95,False,False,,,,0.0040585
evt-20260724_133610,2026-07-24T13:43:21.033070-03:00,g3,32,False,90,TRAFFIC,False,,,False,False,,,,0.00151725
evt-20260724_133854,2026-07-24T13:43:40.548163-03:00,g3,32,False,95,TRAFFIC,False,,,False,False,,,,0.000978
evt-20260724_134126,2026-07-24T13:48:49.497170-03:00,g3,31,False,95,PARKED,False,,,False,False,,,,0.00096
evt-20260724_134340,2026-07-24T13:49:03.539689-03:00,g3,23,False,95,TRAFFIC,False,,,False,False,,,,0.0010395
evt-20260724_134548,2026-07-24T13:49:20.918929-03:00,g3,29,False,95,TRAFFIC,False,,,False,False,,,,0.00116025
evt-20260724_134808,2026-07-24T13:54:36.411264-03:00,g3,32,True,85,DUMPING,True,True,85,True,False,,,,0.00397975
evt-20260724_135014,2026-07-24T13:55:25.186644-03:00,g3,32,True,95,DUMPING,True,True,100,True,True,73a6027c-1378-4d18-85a4-d2669a910aad,INDETERMINADO,UM CAMINHÃO PAROU MAS NÃO DEU PRA IDENTIFICAR SE OCORREU O DESCARTE,0.00411925
evt-20260724_135228,2026-07-24T14:00:55.009021-03:00,g3,32,True,85,DUMPING,True,False,100,False,False,,,,0.0038095
evt-20260724_135457,2026-07-24T14:01:17.428010-03:00,g3,32,False,95,TRAFFIC,False,,,False,False,,,,0.00109875
evt-20260724_135739,2026-07-24T14:01:34.253963-03:00,g3,32,False,95,PARKED,False,,,False,False,,,,0.00133575
evt-20260724_135949,2026-07-24T14:07:14.802253-03:00,g3,32,False,95,TRAFFIC,False,,,False,False,,,,0.00099975
evt-20260724_140222,2026-07-24T14:07:29.921404-03:00,g3,31,False,95,TRAFFIC,False,,,False,False,,,,0.0010155
evt-20260724_140512,2026-07-24T14:12:31.598091-03:00,g3,26,True,95,DUMPING,True,False,100,False,False,,,,0.0029575
evt-20260724_140730,2026-07-24T14:13:08.884740-03:00,g3,28,False,95,TRAFFIC,False,,,False,False,,,,0.00104175
evt-20260724_141036,2026-07-24T14:17:52.750993-03:00,g3,32,False,95,TRAFFIC,False,,,False,False,,,,0.00132675
evt-20260724_141317,2026-07-24T14:18:07.649378-03:00,g3,32,False,95,TRAFFIC,False,,,False,False,,,,0.001038
evt-20260724_141724,2026-07-24T14:22:26.804187-03:00,g3,32,False,0,DUMPING,False,,,False,False,,,,0.0017625
evt-20260724_141942,2026-07-24T14:22:45.751400-03:00,g3,32,False,95,TRAFFIC,False,,,False,False,,,,0.0009225
evt-20260724_142234,2026-07-24T14:27:32.001055-03:00,g3,20,False,95,TRAFFIC,False,,,False,False,,,,0.001239
evt-warmup-20260724_142421,2026-07-24T14:27:47.700309-03:00,g3,12,False,95,TRAFFIC,False,,,False,False,,,,0.0010205
evt-20260724_142830,2026-07-24T14:32:18.063740-03:00,g3,32,False,95,TRAFFIC,False,,,False,False,,,,0.00112425
evt-20260724_143121,2026-07-24T14:36:31.969503-03:00,g3,32,False,95,TRAFFIC,False,,,False,False,,,,0.00112575
evt-20260724_143423,2026-07-24T14:40:41.230902-03:00,g3,32,False,95,TRAFFIC,False,,,False,False,,,,0.001059
evt-20260724_143635,2026-07-24T14:40:57.110421-03:00,g3,32,False,95,TRAFFIC,False,,,False,False,,,,0.000996
evt-20260724_143839,2026-07-24T14:45:58.802401-03:00,g3,32,True,95,DUMPING,True,True,95,True,True,2162dde9-3fa6-4709-aa55-6444f0582ba9,REJEITADO,"Notamos aumento da volumetria, porém, não flagramos o momento do descarte.",0.00367525
evt-20260724_144042,2026-07-24T14:46:21.159378-03:00,g3,32,True,100,DUMPING,True,True,95,True,False,,,,0.0034315
evt-20260724_144248,2026-07-24T14:46:42.396264-03:00,g3,32,False,95,TRAFFIC,False,,,False,False,,,,0.00101475
evt-20260724_144504,2026-07-24T14:51:43.426778-03:00,g3,32,True,90,DUMPING,True,True,100,True,True,2162dde9-3fa6-4709-aa55-6444f0582ba9,REJEITADO,"Notamos aumento da volumetria, porém, não flagramos o momento do descarte.",0.003784
evt-20260724_144842,2026-07-24T14:52:09.136757-03:00,g3,32,False,90,PARKED,False,,,False,False,,,,0.00102375
evt-20260724_145114,2026-07-24T14:56:48.104053-03:00,g3,32,False,95,PARKED,False,,,False,False,,,,0.00105975
evt-20260724_145358,2026-07-24T14:57:03.266279-03:00,g3,32,False,95,PARKED,False,,,False,False,,,,0.001269
evt-20260724_145636,2026-07-24T15:01:25.656701-03:00,g3,32,True,90,DUMPING,True,True,95,True,False,,,,0.003667
evt-20260724_145857,2026-07-24T15:02:00.056279-03:00,g3,31,True,95,DUMPING,True,True,95,True,False,,,,0.004961
evt-20260724_150118,2026-07-24T15:07:09.984698-03:00,g3,32,True,90,DUMPING,True,True,100,True,False,,,,0.00410725
evt-20260724_150414,2026-07-24T15:07:39.251544-03:00,g3,32,False,0,DUMPING,False,,,False,False,,,,0.00162525
evt-20260724_150626,2026-07-24T15:12:58.114985-03:00,g3,32,True,85,DUMPING,True,True,85,True,False,,,,0.004003
evt-20260724_150830,2026-07-24T15:13:25.524013-03:00,g3,32,False,95,TRAFFIC,False,,,False,False,,,,0.0010695
evt-20260724_151216,2026-07-24T15:18:25.621938-03:00,g3,32,False,100,TRAFFIC,False,,,False,False,,,,0.00095325
evt-20260724_151428,2026-07-24T15:18:38.889135-03:00,g3,32,False,95,TRAFFIC,False,,,False,False,,,,0.0009855
evt-20260724_151658,2026-07-24T15:22:40.285803-03:00,g3,32,False,100,TRAFFIC,False,,,False,False,,,,0.001038
evt-20260724_151912,2026-07-24T15:22:54.365169-03:00,g3,32,False,95,TRAFFIC,False,,,False,False,,,,0.00105525
evt-20260724_152142,2026-07-24T15:27:36.676973-03:00,g3,32,False,100,TRAFFIC,False,,,False,False,,,,0.00110175
evt-20260724_152404,2026-07-24T15:27:52.286889-03:00,g3,32,False,100,TRAFFIC,False,,,False,False,,,,0.00118575
evt-20260724_152618,2026-07-24T15:32:50.042194-03:00,g3,32,True,85,DUMPING,True,False,95,False,False,,,,0.00330325
evt-20260724_152932,2026-07-24T15:33:15.577307-03:00,g3,32,False,95,TRAFFIC,False,,,False,False,,,,0.00101325
evt-20260724_153138,2026-07-24T15:37:57.003023-03:00,g3,32,False,85,TRAFFIC,False,,,False,False,,,,0.00142125
evt-20260724_153404,2026-07-24T15:38:15.628083-03:00,g3,32,False,95,TRAFFIC,False,,,False,False,,,,0.00111525
evt-20260724_153620,2026-07-24T15:43:24.705363-03:00,g3,32,False,95,TRAFFIC,False,,,False,False,,,,0.00101925
evt-20260724_153838,2026-07-24T15:43:37.990296-03:00,g3,32,True,100,DUMPING,True,True,100,True,False,,,,0.003484
evt-20260724_154056,2026-07-24T15:44:24.913495-03:00,g3,32,True,100,DUMPING,True,True,100,True,False,,,,0.0035995
evt-20260724_154412,2026-07-24T15:49:17.902349-03:00,g3,32,True,90,DUMPING,True,False,90,False,False,,,,0.00423625
evt-20260724_154616,2026-07-24T15:49:46.520866-03:00,g3,32,True,95,DUMPING,True,True,100,True,False,,,,0.003604
evt-20260724_154820,2026-07-24T15:54:55.584301-03:00,g3,32,True,90,DUMPING,True,True,85,True,False,,,,0.003781
evt-20260724_155034,2026-07-24T15:55:29.779320-03:00,g3,32,True,100,DUMPING,True,True,70,True,False,,,,0.0038155
evt-20260724_155332,2026-07-24T16:00:30.241619-03:00,g3,32,False,90,TRAFFIC,False,,,False,False,,,,0.0011685
evt-20260724_155548,2026-07-24T16:00:47.627453-03:00,g3,32,False,95,TRAFFIC,False,,,False,False,,,,0.00103875
evt-20260724_155932,2026-07-24T16:05:31.945925-03:00,g3,32,False,95,TRAFFIC,False,,,False,False,,,,0.001065
evt-20260724_160138,2026-07-24T16:05:47.112302-03:00,g3,32,False,95,TRAFFIC,False,,,False,False,,,,0.00099525
evt-20260724_160342,2026-07-24T16:10:52.058355-03:00,g3,32,False,95,TRAFFIC,False,,,False,False,,,,0.001143
evt-20260724_160550,2026-07-24T16:11:12.572831-03:00,g3,32,False,95,TRAFFIC,False,,,False,False,,,,0.0011175
evt-20260724_160800,2026-07-24T16:11:28.682110-03:00,g3,32,True,95,DUMPING,True,True,95,True,False,,,,0.00370825
evt-20260724_161032,2026-07-24T16:16:20.992383-03:00,g3,32,False,100,TRAFFIC,False,,,False,False,,,,0.001167
evt-20260724_161236,2026-07-24T16:16:36.688608-03:00,g3,32,False,95,TRAFFIC,False,,,False,False,,,,0.00114075
evt-20260724_161512,2026-07-24T16:21:19.608804-03:00,g3,32,False,95,TRAFFIC,False,,,False,False,,,,0.00102
evt-20260724_162042,2026-07-24T16:27:01.296328-03:00,g3,32,False,95,TRAFFIC,False,,,False,False,,,,0.0010395
evt-20260724_162248,2026-07-24T16:27:15.715238-03:00,g3,32,False,95,TRAFFIC,False,,,False,False,,,,0.0012585
evt-20260724_162516,2026-07-24T16:31:59.291184-03:00,g3,32,False,95,TRAFFIC,False,,,False,False,,,,0.00106275
evt-20260724_162738,2026-07-24T16:32:16.505069-03:00,g3,32,False,95,TRAFFIC,False,,,False,False,,,,0.00096975
evt-20260724_162942,2026-07-24T16:32:31.022890-03:00,g3,32,False,90,TRAFFIC,False,,,False,False,,,,0.001077
evt-20260724_163146,2026-07-24T16:37:36.868409-03:00,g3,32,False,90,TRAFFIC,False,,,False,False,,,,0.00104625
evt-20260724_163350,2026-07-24T16:37:52.277234-03:00,g3,32,False,100,TRAFFIC,False,,,False,False,,,,0.0010155
evt-20260724_163554,2026-07-24T16:42:36.472855-03:00,g3,32,False,95,TRAFFIC,False,,,False,False,,,,0.0010095
evt-20260724_163758,2026-07-24T16:43:03.006749-03:00,g3,32,False,95,TRAFFIC,False,,,False,False,,,,0.00129
evt-20260724_164012,2026-07-24T16:43:19.931004-03:00,g3,32,False,100,TRAFFIC,False,,,False,False,,,,0.00107325
evt-20260724_164226,2026-07-24T16:48:11.641652-03:00,g3,32,False,95,TRAFFIC,False,,,False,False,,,,0.00099675
evt-20260724_164526,2026-07-24T16:48:24.895843-03:00,g3,32,True,100,DUMPING,True,True,90,True,False,,,,0.0036445
evt-20260724_164739,2026-07-24T16:53:05.263102-03:00,g3,32,False,95,TRAFFIC,False,,,False,False,,,,0.001068
evt-20260724_165021,2026-07-24T16:53:21.057542-03:00,g3,32,True,95,DUMPING,True,True,100,True,False,,,,0.0034615
evt-20260724_165325,2026-07-24T16:57:50.802789-03:00,g3,32,True,100,DUMPING,True,True,85,True,True,ada960a0-43f1-403f-ac9f-e13f4f783ea7,CONFIRMADO,Descarte confirmado.,0.003943
evt-20260724_165603,2026-07-24T17:02:54.699015-03:00,g3,32,False,0,DUMPING,False,,,False,False,,,,0.0013455
evt-20260724_165823,2026-07-24T17:03:11.125706-03:00,g3,32,True,100,DUMPING,True,False,90,False,False,,,,0.0041275
evt-20260724_170027,2026-07-24T17:03:38.472930-03:00,g3,32,True,100,DUMPING,True,True,95,True,False,,,,0.0039145
evt-20260724_170234,2026-07-24T17:08:18.376060-03:00,g3,32,True,90,DUMPING,True,True,95,True,False,,,,0.00366025
evt-20260724_170448,2026-07-24T17:08:43.220764-03:00,g3,32,False,100,TRAFFIC,False,,,False,False,,,,0.00114
evt-20260724_170724,2026-07-24T17:12:57.159960-03:00,g3,32,False,90,PARKED,False,,,False,False,,,,0.001236
evt-20260724_170940,2026-07-24T17:13:13.084392-03:00,g3,32,False,95,TRAFFIC,False,,,False,False,,,,0.00102975
evt-20260724_171222,2026-07-24T17:18:23.019410-03:00,g3,32,False,95,PARKED,False,,,False,False,,,,0.00117225
evt-20260724_171434,2026-07-24T17:18:39.888113-03:00,g3,32,True,85,DUMPING,True,False,95,False,False,,,,0.0036655
evt-20260724_171644,2026-07-24T17:23:57.920550-03:00,g3,32,False,85,TRAFFIC,False,,,False,False,,,,0.001647
evt-20260724_171848,2026-07-24T17:24:15.957143-03:00,g3,32,False,95,TRAFFIC,False,,,False,False,,,,0.0011415
evt-20260724_172202,2026-07-24T17:29:17.401769-03:00,g3,32,False,90,TRAFFIC,False,,,False,False,,,,0.00116025
evt-20260724_172430,2026-07-24T17:29:37.075494-03:00,g3,32,False,95,PARKED,False,,,False,False,,,,0.00113325
evt-20260724_172642,2026-07-24T17:29:52.458999-03:00,g3,32,False,100,TRAFFIC,False,,,False,False,,,,0.00101625
evt-20260724_173014,2026-07-24T17:34:35.890262-03:00,g3,32,False,95,PARKED,False,,,False,False,,,,0.00105825
evt-20260724_173302,2026-07-24T17:39:41.030249-03:00,g3,32,False,95,TRAFFIC,False,,,False,False,,,,0.00104025
evt-20260724_173512,2026-07-24T17:39:56.307526-03:00,g3,31,False,95,TRAFFIC,False,,,False,False,,,,0.0012945
evt-20260724_173720,2026-07-24T17:40:11.069502-03:00,g3,32,False,95,TRAFFIC,False,,,False,False,,,,0.0009435
evt-20260724_174010,2026-07-24T17:45:34.237802-03:00,g3,32,False,95,TRAFFIC,False,,,False,False,,,,0.00106125
evt-20260724_174234,2026-07-24T17:45:48.403061-03:00,g3,32,False,100,TRAFFIC,False,,,False,False,,,,0.00115575
evt-20260724_174438,2026-07-24T17:50:16.523393-03:00,g3,32,False,90,TRAFFIC,False,,,False,False,,,,0.00105525
evt-20260724_174644,2026-07-24T17:50:30.571821-03:00,g3,32,False,95,TRAFFIC,False,,,False,False,,,,0.0011415
evt-20260724_174908,2026-07-24T17:54:41.446471-03:00,g3,32,False,95,TRAFFIC,False,,,False,False,,,,0.0010185
evt-20260724_175120,2026-07-24T17:54:56.896106-03:00,g3,32,False,95,TRAFFIC,False,,,False,False,,,,0.00101175
evt-20260724_175324,2026-07-24T17:59:24.135011-03:00,g3,32,False,95,TRAFFIC,False,,,False,False,,,,0.0010485
evt-20260724_175616,2026-07-24T17:59:37.735334-03:00,g3,32,False,95,TRAFFIC,False,,,False,False,,,,0.0009495
evt-20260724_175828,2026-07-24T18:03:55.303274-03:00,g3,32,False,95,TRAFFIC,False,,,False,False,,,,0.0011145
evt-20260724_180038,2026-07-24T18:04:08.834995-03:00,g3,32,False,100,TRAFFIC,False,,,False,False,,,,0.0010965
evt-20260724_180304,2026-07-24T18:08:37.230445-03:00,g3,32,False,95,TRAFFIC,False,,,False,False,,,,0.00104175
evt-20260724_180518,2026-07-24T18:08:51.485910-03:00,g3,32,False,95,TRAFFIC,False,,,False,False,,,,0.001062
evt-20260724_180746,2026-07-24T18:12:57.853873-03:00,g3,32,False,95,TRAFFIC,False,,,False,False,,,,0.00108675
evt-20260724_180954,2026-07-24T18:13:11.440872-03:00,g3,32,False,95,TRAFFIC,False,,,False,False,,,,0.00106575
evt-20260724_181200,2026-07-24T18:17:33.966633-03:00,g3,32,False,95,TRAFFIC,False,,,False,False,,,,0.0009915
evt-20260724_181424,2026-07-24T18:17:48.088097-03:00,g3,32,False,100,EMPTY,False,,,False,False,,,,0.0010155
evt-20260724_181644,2026-07-24T18:21:57.588319-03:00,g3,32,False,95,TRAFFIC,False,,,False,False,,,,0.001008
evt-20260724_181848,2026-07-24T18:22:12.217469-03:00,g3,32,False,95,TRAFFIC,False,,,False,False,,,,0.0011415
evt-20260724_182052,2026-07-24T18:26:37.733055-03:00,g3,32,False,95,TRAFFIC,False,,,False,False,,,,0.0010815
evt-20260724_182256,2026-07-24T18:26:51.398201-03:00,g3,32,False,95,TRAFFIC,False,,,False,False,,,,0.00096975
evt-20260724_182508,2026-07-24T18:31:01.435499-03:00,g3,32,False,100,TRAFFIC,False,,,False,False,,,,0.00108825
evt-20260724_182718,2026-07-24T18:31:15.181300-03:00,g3,32,False,95,TRAFFIC,False,,,False,False,,,,0.0010275
evt-20260724_182934,2026-07-24T18:36:03.597129-03:00,g3,32,False,95,TRAFFIC,False,,,False,False,,,,0.001023
evt-20260724_183158,2026-07-24T18:36:17.474426-03:00,g3,32,False,95,TRAFFIC,False,,,False,False,,,,0.00129225
evt-20260724_183410,2026-07-24T18:40:35.507197-03:00,g3,32,False,95,TRAFFIC,False,,,False,False,,,,0.0009645
evt-20260724_183636,2026-07-24T18:40:49.186547-03:00,g3,32,False,95,TRAFFIC,False,,,False,False,,,,0.00094575
evt-20260724_183850,2026-07-24T18:45:02.516742-03:00,g3,32,False,100,TRAFFIC,False,,,False,False,,,,0.0011475
evt-20260724_184104,2026-07-24T18:45:16.734500-03:00,g3,32,False,100,TRAFFIC,False,,,False,False,,,,0.00109575
evt-20260724_184310,2026-07-24T18:49:32.618282-03:00,g3,32,False,90,TRAFFIC,False,,,False,False,,,,0.0011475
evt-20260724_184602,2026-07-24T18:49:49.324092-03:00,g3,32,True,100,DUMPING,True,True,100,True,False,,,,0.0035485
evt-20260724_184810,2026-07-24T18:54:21.741709-03:00,g3,32,True,85,DUMPING,True,True,95,True,False,,,,0.00381775
evt-20260724_185048,2026-07-24T18:55:33.174332-03:00,g3,32,True,95,DUMPING,True,True,95,True,False,,,,0.004102
evt-20260724_185344,2026-07-24T19:00:19.582108-03:00,g3,32,True,90,DUMPING,True,True,95,True,False,,,,0.003814
evt-20260724_185610,2026-07-24T19:00:40.158922-03:00,g3,32,False,95,TRAFFIC,False,,,False,False,,,,0.00100725
evt-20260724_185814,2026-07-24T19:04:39.897802-03:00,g3,32,True,90,DUMPING,True,False,100,False,False,,,,0.0035245
evt-20260724_190018,2026-07-24T19:05:00.498070-03:00,g3,32,False,95,TRAFFIC,False,,,False,False,,,,0.00093975
evt-20260724_190222,2026-07-24T19:05:15.839800-03:00,g3,32,False,95,TRAFFIC,False,,,False,False,,,,0.0014055
evt-20260724_190428,2026-07-24T19:09:55.771733-03:00,g3,32,False,95,TRAFFIC,False,,,False,False,,,,0.0010215
evt-20260724_190647,2026-07-24T19:10:09.173859-03:00,g3,32,False,95,TRAFFIC,False,,,False,False,,,,0.000963
evt-20260724_190903,2026-07-24T19:14:13.167666-03:00,g3,32,False,95,TRAFFIC,False,,,False,False,,,,0.00102225
evt-20260724_191128,2026-07-24T19:14:26.292594-03:00,g3,32,False,95,TRAFFIC,False,,,False,False,,,,0.0010365
evt-20260724_191352,2026-07-24T19:19:02.059358-03:00,g3,32,False,100,EMPTY,False,,,False,False,,,,0.00099675
evt-20260724_191556,2026-07-24T19:19:15.599034-03:00,g3,32,False,95,TRAFFIC,False,,,False,False,,,,0.0011535
evt-20260724_191816,2026-07-24T19:23:17.374462-03:00,g3,32,False,95,TRAFFIC,False,,,False,False,,,,0.00113175
evt-20260724_192040,2026-07-24T19:23:30.206002-03:00,g3,32,True,90,DUMPING,True,True,95,True,False,,,,0.0035905
evt-20260724_192302,2026-07-24T19:28:07.478297-03:00,g3,32,True,90,DUMPING,True,True,90,True,False,,,,0.00392425
evt-20260724_192506,2026-07-24T19:28:28.218960-03:00,g3,32,True,90,DUMPING,True,True,90,True,False,,,,0.00367
evt-20260724_192710,2026-07-24T19:33:13.599311-03:00,g3,32,False,95,TRAFFIC,False,,,False,False,,,,0.00124275
evt-20260724_193006,2026-07-24T19:33:27.631883-03:00,g3,32,False,100,TRAFFIC,False,,,False,False,,,,0.00114525
evt-20260724_193236,2026-07-24T19:37:29.296621-03:00,g3,32,True,85,DUMPING,True,True,95,True,False,,,,0.003457
evt-20260724_193442,2026-07-24T19:37:48.485210-03:00,g3,32,True,100,DUMPING,True,True,100,True,False,,,,0.00468325
evt-20260724_193826,2026-07-24T19:42:31.024937-03:00,g3,32,False,90,TRAFFIC,False,,,False,False,,,,0.001107
evt-20260724_194042,2026-07-24T19:46:58.516369-03:00,g3,32,False,95,TRAFFIC,False,,,False,False,,,,0.00108525
evt-20260724_194254,2026-07-24T19:47:12.852488-03:00,g3,32,False,100,TRAFFIC,False,,,False,False,,,,0.0011715
evt-20260724_194458,2026-07-24T19:52:10.864691-03:00,g3,32,False,95,TRAFFIC,False,,,False,False,,,,0.0009795
evt-20260724_194712,2026-07-24T19:52:24.689699-03:00,g3,32,False,95,TRAFFIC,False,,,False,False,,,,0.000948
evt-20260724_194920,2026-07-24T19:52:37.084835-03:00,g3,32,False,85,TRAFFIC,False,,,False,False,,,,0.00140175
evt-20260724_195142,2026-07-24T19:56:57.137027-03:00,g3,32,False,90,TRAFFIC,False,,,False,False,,,,0.00133275
evt-20260724_195416,2026-07-24T19:57:13.213679-03:00,g3,32,True,85,DUMPING,True,True,90,True,False,,,,0.0035665
evt-20260724_195650,2026-07-24T20:01:23.025441-03:00,g3,32,False,100,TRAFFIC,False,,,False,False,,,,0.00112125
evt-20260724_195854,2026-07-24T20:01:35.933406-03:00,g3,32,False,95,TRAFFIC,False,,,False,False,,,,0.00113625
evt-20260724_200124,2026-07-24T20:06:20.160492-03:00,g3,32,False,95,TRAFFIC,False,,,False,False,,,,0.00105075
evt-20260724_200406,2026-07-24T20:06:33.298845-03:00,g3,32,False,95,TRAFFIC,False,,,False,False,,,,0.001053
evt-20260724_200638,2026-07-24T20:10:27.149970-03:00,g3,32,False,100,EMPTY,False,,,False,False,,,,0.001107
evt-20260724_200856,2026-07-24T20:14:27.303875-03:00,g3,32,False,100,TRAFFIC,False,,,False,False,,,,0.00111525
evt-20260724_201116,2026-07-24T20:14:40.586974-03:00,g3,32,False,100,EMPTY,False,,,False,False,,,,0.00087975
evt-20260724_201442,2026-07-24T20:18:54.618061-03:00,g3,32,False,95,TRAFFIC,False,,,False,False,,,,0.0009195
evt-20260724_201704,2026-07-24T20:22:50.198001-03:00,g3,32,False,95,TRAFFIC,False,,,False,False,,,,0.00101625
evt-20260724_201916,2026-07-24T20:23:19.167411-03:00,g3,32,False,95,PARKED,False,,,False,False,,,,0.00141675
evt-20260724_202120,2026-07-24T20:27:53.208537-03:00,g3,32,False,95,TRAFFIC,False,,,False,False,,,,0.00145725
evt-20260724_202324,2026-07-24T20:28:08.900817-03:00,g3,32,False,100,TRAFFIC,False,,,False,False,,,,0.00139875
evt-20260724_202540,2026-07-24T20:32:53.219709-03:00,g3,32,False,100,TRAFFIC,False,,,False,False,,,,0.0011955
evt-20260724_202854,2026-07-24T20:33:06.886467-03:00,g3,32,False,95,TRAFFIC,False,,,False,False,,,,0.00149475
evt-20260724_203106,2026-07-24T20:37:09.636302-03:00,g3,32,False,95,PARKED,False,,,False,False,,,,0.0010185
evt-20260724_203547,2026-07-24T20:41:17.724226-03:00,g3,32,False,95,TRAFFIC,False,,,False,False,,,,0.001068
evt-20260724_203803,2026-07-24T20:41:30.927566-03:00,g3,32,False,95,TRAFFIC,False,,,False,False,,,,0.00115125
evt-20260724_204111,2026-07-24T20:46:00.579635-03:00,g3,32,True,90,DUMPING,True,True,100,True,True,feff4c25-67af-4a97-b702-488b3cb77879,REJEITADO,"Notamos aumento da volumetria, porém, não flagramos o momento do descarte.",0.00353875
evt-20260724_204457,2026-07-24T20:50:06.394870-03:00,g3,32,True,90,DUMPING,True,True,90,True,False,,,,0.00361525
evt-20260724_204701,2026-07-24T20:50:26.000431-03:00,g3,32,True,90,DUMPING,True,True,90,True,False,,,,0.0045895
evt-20260724_204935,2026-07-24T20:55:09.818211-03:00,g3,32,False,95,TRAFFIC,False,,,False,False,,,,0.0012075
evt-20260724_205632,2026-07-24T20:59:00.652900-03:00,g3,32,False,100,EMPTY,False,,,False,False,,,,0.0009885
evt-20260724_205958,2026-07-24T21:03:01.251635-03:00,g3,32,False,100,EMPTY,False,,,False,False,,,,0.00096525
evt-20260724_210202,2026-07-24T21:06:52.584229-03:00,g3,32,False,95,TRAFFIC,False,,,False,False,,,,0.001062
evt-20260724_210448,2026-07-24T21:10:54.229770-03:00,g3,32,False,100,TRAFFIC,False,,,False,False,,,,0.00114375
evt-20260724_210758,2026-07-24T21:11:07.755371-03:00,g3,32,False,100,EMPTY,False,,,False,False,,,,0.0009435
evt-20260724_211004,2026-07-24T21:16:17.370797-03:00,g3,32,False,100,EMPTY,False,,,False,False,,,,0.000996
evt-20260724_211222,2026-07-24T21:16:31.462289-03:00,g3,32,False,95,TRAFFIC,False,,,False,False,,,,0.00094575
evt-20260724_211426,2026-07-24T21:20:20.433634-03:00,g3,32,True,85,DUMPING,True,True,95,True,False,,,,0.0040225
evt-20260724_211644,2026-07-24T21:20:41.811478-03:00,g3,32,False,90,TRAFFIC,False,,,False,False,,,,0.00117075
evt-20260724_211854,2026-07-24T21:24:49.431574-03:00,g3,32,False,95,TRAFFIC,False,,,False,False,,,,0.0011385
evt-20260724_212100,2026-07-24T21:25:04.046756-03:00,g3,32,False,95,TRAFFIC,False,,,False,False,,,,0.00110025
evt-20260724_212304,2026-07-24T21:29:50.359130-03:00,g3,32,False,95,TRAFFIC,False,,,False,False,,,,0.0009195
evt-20260724_212814,2026-07-24T21:33:42.346313-03:00,g3,32,False,95,TRAFFIC,False,,,False,False,,,,0.00113025
evt-20260724_213018,2026-07-24T21:33:57.994062-03:00,g3,32,False,85,TRAFFIC,False,,,False,False,,,,0.0009795
evt-20260724_213232,2026-07-24T21:38:00.077535-03:00,g3,32,False,100,EMPTY,False,,,False,False,,,,0.00098325
evt-20260724_213526,2026-07-24T21:38:12.005838-03:00,g3,32,False,100,TRAFFIC,False,,,False,False,,,,0.00112575
evt-20260724_213748,2026-07-24T21:42:20.143613-03:00,g3,32,False,95,TRAFFIC,False,,,False,False,,,,0.00116625
evt-20260724_214028,2026-07-24T21:47:00.530537-03:00,g3,32,False,100,TRAFFIC,False,,,False,False,,,,0.00101325
evt-20260724_214304,2026-07-24T21:47:13.168202-03:00,g3,32,False,100,TRAFFIC,False,,,False,False,,,,0.00109875
evt-20260724_214508,2026-07-24T21:51:21.786226-03:00,g3,32,False,95,TRAFFIC,False,,,False,False,,,,0.00115575
evt-20260724_214750,2026-07-24T21:51:35.223879-03:00,g3,32,False,95,TRAFFIC,False,,,False,False,,,,0.0009555
evt-20260724_215026,2026-07-24T21:55:45.237121-03:00,g3,32,False,100,TRAFFIC,False,,,False,False,,,,0.001227
evt-20260724_215310,2026-07-24T21:56:01.069275-03:00,g3,32,False,95,TRAFFIC,False,,,False,False,,,,0.00113925
evt-20260724_215514,2026-07-24T22:00:03.560428-03:00,g3,32,False,100,EMPTY,False,,,False,False,,,,0.0009945
evt-20260724_215754,2026-07-24T22:04:02.701694-03:00,g3,32,False,95,TRAFFIC,False,,,False,False,,,,0.001008
evt-20260724_220056,2026-07-24T22:04:16.409485-03:00,g3,32,False,95,TRAFFIC,False,,,False,False,,,,0.00108825
evt-20260724_220300,2026-07-24T22:08:25.701166-03:00,g3,32,False,95,TRAFFIC,False,,,False,False,,,,0.0011475
evt-20260724_220512,2026-07-24T22:08:40.370679-03:00,g3,32,False,100,TRAFFIC,False,,,False,False,,,,0.0010065
evt-20260724_220832,2026-07-24T22:12:22.118497-03:00,g3,32,False,95,TRAFFIC,False,,,False,False,,,,0.0010575
evt-20260724_221036,2026-07-24T22:16:11.955848-03:00,g3,32,False,95,TRAFFIC,False,,,False,False,,,,0.00101325
evt-20260724_221306,2026-07-24T22:16:25.360161-03:00,g3,32,False,90,TRAFFIC,False,,,False,False,,,,0.001143
evt-20260724_221510,2026-07-24T22:20:07.951242-03:00,g3,32,False,95,TRAFFIC,False,,,False,False,,,,0.00111825
evt-20260724_221730,2026-07-24T22:20:22.510899-03:00,g3,32,False,100,TRAFFIC,False,,,False,False,,,,0.001176
evt-20260724_221952,2026-07-24T22:24:13.780483-03:00,g3,32,False,95,TRAFFIC,False,,,False,False,,,,0.001113
evt-20260724_222158,2026-07-24T22:24:27.612316-03:00,g3,32,False,95,TRAFFIC,False,,,False,False,,,,0.00106575
evt-20260724_222402,2026-07-24T22:28:32.230345-03:00,g3,32,False,100,TRAFFIC,False,,,False,False,,,,0.0010005
evt-20260724_222614,2026-07-24T22:28:44.863132-03:00,g3,32,False,95,TRAFFIC,False,,,False,False,,,,0.00095475
evt-20260724_222820,2026-07-24T22:32:43.888343-03:00,g3,32,False,95,TRAFFIC,False,,,False,False,,,,0.00130125
evt-20260724_223112,2026-07-24T22:36:32.994938-03:00,g3,32,False,85,TRAFFIC,False,,,False,False,,,,0.00110475
evt-20260724_223436,2026-07-24T22:40:25.921496-03:00,g3,32,False,95,TRAFFIC,False,,,False,False,,,,0.0010755
evt-20260724_223818,2026-07-24T22:44:28.956374-03:00,g3,32,False,100,EMPTY,False,,,False,False,,,,0.00107775
evt-20260724_224022,2026-07-24T22:44:42.549934-03:00,g3,32,False,100,EMPTY,False,,,False,False,,,,0.000987
evt-20260724_224248,2026-07-24T22:50:41.412529-03:00,g3,32,False,100,TRAFFIC,False,,,False,False,,,,0.00124875
evt-20260724_224452,2026-07-24T22:50:55.885139-03:00,g3,32,True,90,DUMPING,True,False,100,False,False,,,,0.00332275
evt-20260724_224922,2026-07-24T22:54:41.319411-03:00,g3,32,False,100,TRAFFIC,False,,,False,False,,,,0.000942
evt-20260724_225202,2026-07-24T22:54:53.235181-03:00,g3,32,False,95,TRAFFIC,False,,,False,False,,,,0.001068
evt-20260724_225418,2026-07-24T22:58:41.344272-03:00,g3,32,False,95,TRAFFIC,False,,,False,False,,,,0.001029
evt-20260724_225654,2026-07-24T23:02:20.831066-03:00,g3,32,False,100,EMPTY,False,,,False,False,,,,0.001107
evt-20260724_230230,2026-07-24T23:06:20.388955-03:00,g3,32,False,95,TRAFFIC,False,,,False,False,,,,0.000972
evt-20260724_230442,2026-07-24T23:10:10.990265-03:00,g3,32,False,100,EMPTY,False,,,False,False,,,,0.0009975
evt-20260724_231055,2026-07-24T23:14:10.974191-03:00,g3,32,False,90,TRAFFIC,False,,,False,False,,,,0.001134
evt-20260724_231409,2026-07-24T23:18:01.321216-03:00,g3,32,False,95,TRAFFIC,False,,,False,False,,,,0.00092625
evt-20260724_231735,2026-07-24T23:21:56.472281-03:00,g3,32,False,95,TRAFFIC,False,,,False,False,,,,0.0010335
evt-20260724_232055,2026-07-24T23:25:48.686829-03:00,g3,32,False,95,TRAFFIC,False,,,False,False,,,,0.00109275
evt-20260724_232329,2026-07-24T23:26:02.732132-03:00,g3,32,False,85,TRAFFIC,False,,,False,False,,,,0.0010995
evt-20260724_232857,2026-07-24T23:33:40.992965-03:00,g3,32,False,100,EMPTY,False,,,False,False,,,,0.000954
evt-20260724_233206,2026-07-24T23:37:36.284069-03:00,g3,32,False,100,EMPTY,False,,,False,False,,,,0.00100125
evt-20260724_233548,2026-07-24T23:41:22.970058-03:00,g3,32,False,95,TRAFFIC,False,,,False,False,,,,0.00101775
evt-20260724_234246,2026-07-24T23:45:11.431406-03:00,g3,32,False,100,TRAFFIC,False,,,False,False,,,,0.00112575
evt-20260724_234532,2026-07-24T23:48:51.170660-03:00,g3,32,False,95,TRAFFIC,False,,,False,False,,,,0.00090975
evt-20260724_234904,2026-07-24T23:52:49.030821-03:00,g3,32,False,100,TRAFFIC,False,,,False,False,,,,0.00110925
evt-20260724_235108,2026-07-24T23:56:37.507597-03:00,g3,32,False,95,TRAFFIC,False,,,False,False,,,,0.00101475
evt-20260724_235420,2026-07-24T23:56:51.255215-03:00,g3,32,False,100,EMPTY,False,,,False,False,,,,0.00090375
evt-20260724_235718,2026-07-25T00:00:50.773481-03:00,g3,32,False,95,TRAFFIC,False,,,False,False,,,,0.00103575
evt-20260725_000256,2026-07-25T00:08:29.004242-03:00,g3,32,False,95,TRAFFIC,False,,,False,False,,,,0.0009795
evt-20260725_000808,2026-07-25T00:12:27.718710-03:00,g3,32,False,100,EMPTY,False,,,False,False,,,,0.00100725
evt-20260725_001012,2026-07-25T00:12:38.995696-03:00,g3,32,False,100,EMPTY,False,,,False,False,,,,0.00098325
evt-20260725_001220,2026-07-25T00:16:26.925562-03:00,g3,32,False,95,EMPTY,False,,,False,False,,,,0.0010695
evt-20260725_001540,2026-07-25T00:20:26.792529-03:00,g3,32,False,100,EMPTY,False,,,False,False,,,,0.00108
evt-20260725_001830,2026-07-25T00:24:14.934889-03:00,g3,32,False,100,EMPTY,False,,,False,False,,,,0.00099975
evt-20260725_002150,2026-07-25T00:24:27.892503-03:00,g3,32,False,90,TRAFFIC,False,,,False,False,,,,0.0010605
evt-20260725_002402,2026-07-25T00:28:29.274064-03:00,g3,32,False,100,EMPTY,False,,,False,False,,,,0.0009645
evt-20260725_002616,2026-07-25T00:28:41.761052-03:00,g3,32,False,95,TRAFFIC,False,,,False,False,,,,0.00098025
evt-20260725_003040,2026-07-25T00:36:17.595517-03:00,g3,32,False,95,TRAFFIC,False,,,False,False,,,,0.0009945
evt-20260725_003422,2026-07-25T00:40:05.772599-03:00,g3,32,False,95,TRAFFIC,False,,,False,False,,,,0.00104475
evt-20260725_003856,2026-07-25T00:44:03.896049-03:00,g3,32,False,100,EMPTY,False,,,False,False,,,,0.00089775
evt-20260725_004339,2026-07-25T00:47:55.004144-03:00,g3,32,False,100,EMPTY,False,,,False,False,,,,0.00091425
evt-20260725_004659,2026-07-25T00:51:53.051163-03:00,g3,32,False,100,EMPTY,False,,,False,False,,,,0.00101175
evt-20260725_005209,2026-07-25T00:55:49.497892-03:00,g3,32,False,100,EMPTY,False,,,False,False,,,,0.00117375
evt-20260725_005935,2026-07-25T01:03:30.849468-03:00,g3,32,False,95,TRAFFIC,False,,,False,False,,,,0.000978
evt-20260725_010155,2026-07-25T01:07:21.772451-03:00,g3,32,False,100,EMPTY,False,,,False,False,,,,0.00099
evt-20260725_011020,2026-07-25T01:14:49.815653-03:00,g3,32,False,95,EMPTY,False,,,False,False,,,,0.001077
evt-20260725_011240,2026-07-25T01:15:02.986867-03:00,g3,32,False,100,EMPTY,False,,,False,False,,,,0.00108
evt-20260725_011446,2026-07-25T01:18:47.382031-03:00,g3,32,False,100,EMPTY,False,,,False,False,,,,0.001008
evt-20260725_011650,2026-07-25T01:22:36.799245-03:00,g3,32,False,100,EMPTY,False,,,False,False,,,,0.0009795
evt-20260725_011932,2026-07-25T01:22:49.609067-03:00,g3,32,False,100,TRAFFIC,False,,,False,False,,,,0.00094275
evt-20260725_012136,2026-07-25T01:26:43.551260-03:00,g3,32,False,100,EMPTY,False,,,False,False,,,,0.00097125
evt-20260725_012758,2026-07-25T01:31:05.751403-03:00,g3,32,False,95,TRAFFIC,False,,,False,False,,,,0.00111675
evt-20260725_013038,2026-07-25T01:35:13.540780-03:00,g3,32,False,95,TRAFFIC,False,,,False,False,,,,0.001137
evt-20260725_013444,2026-07-25T01:38:58.446325-03:00,g3,32,False,95,TRAFFIC,False,,,False,False,,,,0.000981
evt-20260725_013744,2026-07-25T01:42:51.674924-03:00,g3,32,False,100,EMPTY,False,,,False,False,,,,0.001068
evt-20260725_014014,2026-07-25T01:43:03.507085-03:00,g3,32,False,100,EMPTY,False,,,False,False,,,,0.00107925
evt-20260725_014330,2026-07-25T01:46:52.604140-03:00,g3,32,False,95,TRAFFIC,False,,,False,False,,,,0.00098475
evt-warmup-20260725_015132,2026-07-25T01:54:19.291926-03:00,g3,12,False,100,EMPTY,False,,,False,False,,,,0.00104975
evt-20260725_014636,2026-07-25T01:58:09.745411-03:00,g3,26,False,100,EMPTY,False,,,False,False,,,,0.00090475
evt-20260725_020012,2026-07-25T02:05:33.371939-03:00,g3,32,False,100,EMPTY,False,,,False,False,,,,0.00096225
evt-20260725_020852,2026-07-25T02:12:54.510187-03:00,g3,32,False,100,EMPTY,False,,,False,False,,,,0.00099225
evt-20260725_021521,2026-07-25T02:20:18.718132-03:00,g3,32,False,100,EMPTY,False,,,False,False,,,,0.000909
evt-20260725_021931,2026-07-25T02:24:00.590948-03:00,g3,32,False,100,EMPTY,False,,,False,False,,,,0.00099525
evt-20260725_022545,2026-07-25T02:31:22.701477-03:00,g3,32,False,100,EMPTY,False,,,False,False,,,,0.0009045
evt-20260725_022841,2026-07-25T02:31:35.065102-03:00,g3,32,False,100,EMPTY,False,,,False,False,,,,0.001071
evt-20260725_023103,2026-07-25T02:35:31.238187-03:00,g3,32,False,100,EMPTY,False,,,False,False,,,,0.000933
evt-20260725_023506,2026-07-25T02:39:13.505292-03:00,g3,32,False,100,EMPTY,False,,,False,False,,,,0.00114225
evt-20260725_024538,2026-07-25T02:50:33.684902-03:00,g3,32,False,100,EMPTY,False,,,False,False,,,,0.001023
evt-20260725_025200,2026-07-25T02:54:15.160883-03:00,g3,32,False,100,EMPTY,False,,,False,False,,,,0.00090375
evt-20260725_025548,2026-07-25T02:58:25.682453-03:00,g3,32,False,100,EMPTY,False,,,False,False,,,,0.0009735
evt-20260725_025802,2026-07-25T03:02:11.818920-03:00,g3,32,False,95,TRAFFIC,False,,,False,False,,,,0.00111675
evt-20260725_030006,2026-07-25T03:30:30.372414-03:00,g3,32,False,100,EMPTY,False,,,False,False,,,,0.00101475
evt-20260725_030220,2026-07-25T03:30:42.545471-03:00,g3,32,False,95,TRAFFIC,False,,,False,False,,,,0.00122325
evt-20260725_030424,2026-07-25T03:30:56.641693-03:00,g3,32,False,100,EMPTY,False,,,False,False,,,,0.00097575
evt-20260725_032104,2026-07-25T03:31:09.235897-03:00,g3,32,False,95,TRAFFIC,False,,,False,False,,,,0.00096825
evt-20260725_032518,2026-07-25T03:31:23.611619-03:00,g3,32,False,95,TRAFFIC,False,,,False,False,,,,0.0010515
evt-20260725_033036,2026-07-25T03:35:45.871446-03:00,g3,32,False,100,EMPTY,False,,,False,False,,,,0.00099
evt-20260725_033248,2026-07-25T03:35:57.317782-03:00,g3,32,False,100,EMPTY,False,,,False,False,,,,0.00098475
evt-20260725_033758,2026-07-25T03:43:29.381947-03:00,g3,32,False,100,EMPTY,False,,,False,False,,,,0.0010125
evt-20260725_034525,2026-07-25T03:47:39.901533-03:00,g3,32,False,100,EMPTY,False,,,False,False,,,,0.000915
evt-20260725_034819,2026-07-25T03:51:31.807020-03:00,g3,32,False,100,EMPTY,False,,,False,False,,,,0.00110025
evt-20260725_035101,2026-07-25T03:55:24.092648-03:00,g3,32,False,100,EMPTY,False,,,False,False,,,,0.00106875
evt-20260725_041139,2026-07-25T04:17:01.991031-03:00,g3,32,False,100,EMPTY,False,,,False,False,,,,0.000981
evt-20260725_041938,2026-07-25T04:24:20.914049-03:00,g3,32,False,100,EMPTY,False,,,False,False,,,,0.0011835
evt-20260725_042220,2026-07-25T04:28:11.722520-03:00,g3,32,False,95,TRAFFIC,False,,,False,False,,,,0.00137175
evt-20260725_042532,2026-07-25T04:28:26.714045-03:00,g3,32,False,100,EMPTY,False,,,False,False,,,,0.00120975
evt-20260725_042806,2026-07-25T04:32:11.233914-03:00,g3,32,False,95,TRAFFIC,False,,,False,False,,,,0.0009795
evt-20260725_043146,2026-07-25T04:36:01.847372-03:00,g3,32,False,100,EMPTY,False,,,False,False,,,,0.0009855
evt-20260725_043548,2026-07-25T04:39:42.045636-03:00,g3,32,False,100,EMPTY,False,,,False,False,,,,0.00099
evt-20260725_044414,2026-07-25T04:47:00.409848-03:00,g3,32,False,100,EMPTY,False,,,False,False,,,,0.00097425
evt-20260725_045116,2026-07-25T04:54:20.666672-03:00,g3,32,False,100,EMPTY,False,,,False,False,,,,0.0009855
evt-20260725_045354,2026-07-25T04:58:13.662518-03:00,g3,32,False,100,EMPTY,False,,,False,False,,,,0.00090975
evt-20260725_050054,2026-07-25T05:05:34.388388-03:00,g3,32,False,100,EMPTY,False,,,False,False,,,,0.00106725
evt-20260725_050606,2026-07-25T05:09:19.050525-03:00,g3,32,False,95,TRAFFIC,False,,,False,False,,,,0.00110025
evt-20260725_050816,2026-07-25T05:13:15.371529-03:00,g3,32,False,95,TRAFFIC,False,,,False,False,,,,0.00101175
evt-20260725_051020,2026-07-25T05:13:29.637942-03:00,g3,32,False,95,TRAFFIC,False,,,False,False,,,,0.00129225
evt-20260725_051435,2026-07-25T05:17:37.718802-03:00,g3,32,False,100,EMPTY,False,,,False,False,,,,0.00095325
evt-20260725_052046,2026-07-25T05:25:45.916750-03:00,g3,32,True,95,DUMPING,True,True,100,True,False,,,,0.003604
evt-20260725_052646,2026-07-25T05:29:59.492053-03:00,g3,32,False,100,TRAFFIC,False,,,False,False,,,,0.00117225
evt-20260725_052906,2026-07-25T05:33:59.082411-03:00,g3,32,False,100,TRAFFIC,False,,,False,False,,,,0.0012105
evt-20260725_053120,2026-07-25T05:34:13.785745-03:00,g3,32,False,95,TRAFFIC,False,,,False,False,,,,0.001035
evt-20260725_054448,2026-07-25T05:49:38.587710-03:00,g3,32,False,95,TRAFFIC,False,,,False,False,,,,0.001032
evt-20260725_055034,2026-07-25T05:53:44.834570-03:00,g3,32,False,100,TRAFFIC,False,,,False,False,,,,0.00121125
evt-20260725_055500,2026-07-25T05:57:51.880911-03:00,g3,32,False,95,TRAFFIC,False,,,False,False,,,,0.00109275
evt-20260725_055743,2026-07-25T06:01:47.785611-03:00,g3,32,False,95,TRAFFIC,False,,,False,False,,,,0.001227
evt-20260725_061022,2026-07-25T06:13:39.380741-03:00,g3,32,False,100,TRAFFIC,False,,,False,False,,,,0.001008
evt-20260725_061348,2026-07-25T06:17:46.314816-03:00,g3,32,False,95,TRAFFIC,False,,,False,False,,,,0.000975
evt-20260725_061606,2026-07-25T06:21:46.514628-03:00,g3,32,False,95,TRAFFIC,False,,,False,False,,,,0.0010395
evt-20260725_061956,2026-07-25T06:25:54.812424-03:00,g3,32,False,95,TRAFFIC,False,,,False,False,,,,0.000981
evt-20260725_062314,2026-07-25T06:26:07.703276-03:00,g3,32,False,100,EMPTY,False,,,False,False,,,,0.00094125
evt-20260725_062816,2026-07-25T06:34:10.369681-03:00,g3,32,False,90,TRAFFIC,False,,,False,False,,,,0.001122
evt-20260725_063154,2026-07-25T06:34:23.726998-03:00,g3,32,False,95,TRAFFIC,False,,,False,False,,,,0.00104775
evt-20260725_063440,2026-07-25T06:38:59.339320-03:00,g3,32,False,95,TRAFFIC,False,,,False,False,,,,0.00105675
evt-20260725_063710,2026-07-25T06:43:07.849904-03:00,g3,32,False,90,TRAFFIC,False,,,False,False,,,,0.00099
evt-20260725_064118,2026-07-25T06:47:20.527293-03:00,g3,32,False,95,TRAFFIC,False,,,False,False,,,,0.00107175
evt-20260725_064448,2026-07-25T06:47:34.488108-03:00,g3,32,False,95,TRAFFIC,False,,,False,False,,,,0.0010905
evt-20260725_064924,2026-07-25T06:52:16.262550-03:00,g3,32,False,95,TRAFFIC,False,,,False,False,,,,0.0010605
evt-20260725_065147,2026-07-25T06:56:23.036158-03:00,g3,32,True,100,DUMPING,True,True,95,True,False,,,,0.0035095
evt-20260725_065439,2026-07-25T07:00:27.219944-03:00,g3,32,True,85,DUMPING,True,False,90,False,False,,,,0.008617
evt-20260725_065711,2026-07-25T07:01:04.866123-03:00,g3,32,False,95,TRAFFIC,False,,,False,False,,,,0.00107325
evt-20260725_065919,2026-07-25T07:05:46.035029-03:00,g3,32,False,95,TRAFFIC,False,,,False,False,,,,0.001065
evt-20260725_070307,2026-07-25T07:05:59.082076-03:00,g3,32,True,90,DUMPING,True,True,95,True,False,,,,0.0036745
evt-20260725_070511,2026-07-25T07:10:34.735054-03:00,g3,32,False,95,TRAFFIC,False,,,False,False,,,,0.0011925
evt-20260725_070959,2026-07-25T07:14:56.057856-03:00,g3,32,False,95,TRAFFIC,False,,,False,False,,,,0.0012495
evt-20260725_071633,2026-07-25T07:20:05.542662-03:00,g3,32,False,100,EMPTY,False,,,False,False,,,,0.001098
evt-20260725_071847,2026-07-25T07:24:26.709440-03:00,g3,32,False,95,TRAFFIC,False,,,False,False,,,,0.00100425
evt-20260725_072406,2026-07-25T07:29:22.635093-03:00,g3,32,False,95,TRAFFIC,False,,,False,False,,,,0.00108675
evt-20260725_072702,2026-07-25T07:29:36.720484-03:00,g3,32,False,95,TRAFFIC,False,,,False,False,,,,0.00094125
evt-20260725_072908,2026-07-25T07:33:59.840498-03:00,g3,32,False,95,TRAFFIC,False,,,False,False,,,,0.0010575
evt-20260725_073210,2026-07-25T07:40:53.611646-03:00,g3,32,False,100,TRAFFIC,False,,,False,False,,,,0.00115125
evt-20260725_073414,2026-07-25T07:41:09.203674-03:00,g3,32,False,95,TRAFFIC,False,,,False,False,,,,0.00104325
evt-20260725_074024,2026-07-25T07:46:40.945768-03:00,g3,32,False,95,TRAFFIC,False,,,False,False,,,,0.00122475
evt-20260725_074234,2026-07-25T07:46:55.424053-03:00,g3,32,False,95,TRAFFIC,False,,,False,False,,,,0.00097725
evt-20260725_074507,2026-07-25T07:52:09.377773-03:00,g3,32,False,100,EMPTY,False,,,False,False,,,,0.00099675
evt-20260725_074721,2026-07-25T07:52:21.507571-03:00,g3,32,False,100,TRAFFIC,False,,,False,False,,,,0.0010995
evt-20260725_074947,2026-07-25T07:52:33.897793-03:00,g3,32,False,100,TRAFFIC,False,,,False,False,,,,0.001002
evt-20260725_075215,2026-07-25T07:57:31.722376-03:00,g3,32,False,95,TRAFFIC,False,,,False,False,,,,0.00120225
evt-20260725_075607,2026-07-25T08:03:11.570910-03:00,g3,32,True,95,DUMPING,True,True,95,True,False,,,,0.00392275
evt-20260725_080014,2026-07-25T08:03:32.387360-03:00,g3,32,False,95,TRAFFIC,False,,,False,False,,,,0.00131775
evt-20260725_080222,2026-07-25T08:09:04.404192-03:00,g3,32,False,100,TRAFFIC,False,,,False,False,,,,0.00104025
evt-20260725_080623,2026-07-25T08:09:16.629927-03:00,g3,32,False,95,TRAFFIC,False,,,False,False,,,,0.00108375
evt-20260725_080829,2026-07-25T08:13:46.992277-03:00,g3,32,False,95,TRAFFIC,False,,,False,False,,,,0.00100425
evt-20260725_081253,2026-07-25T08:18:19.479714-03:00,g3,32,False,95,TRAFFIC,False,,,False,False,,,,0.001005
evt-20260725_081526,2026-07-25T08:18:55.015822-03:00,g3,32,True,100,DUMPING,True,True,100,True,True,f9022fcf-52f6-4ddc-a65d-cfd1f27f6bb8,PENDENTE,,0.0036985
evt-20260725_081730,2026-07-25T08:25:07.915359-03:00,g3,32,True,100,DUMPING,True,True,100,True,False,,,,0.00357475
evt-20260725_081934,2026-07-25T08:25:29.025954-03:00,g3,32,False,95,TRAFFIC,False,,,False,False,,,,0.00098625
evt-20260725_082138,2026-07-25T08:25:42.715540-03:00,g3,32,False,90,PARKED,False,,,False,False,,,,0.0015015
evt-20260725_082354,2026-07-25T08:30:52.107636-03:00,g3,32,False,90,PARKED,False,,,False,False,,,,0.00114975
evt-20260725_082700,2026-07-25T08:31:06.689679-03:00,g3,32,False,85,PARKED,False,,,False,False,,,,0.00129075
evt-20260725_082934,2026-07-25T08:35:47.177057-03:00,g3,32,False,100,PARKED,False,,,False,False,,,,0.0012945
evt-20260725_083252,2026-07-25T08:36:02.023096-03:00,g3,32,False,95,PARKED,False,,,False,False,,,,0.001095
evt-20260725_083504,2026-07-25T08:39:59.054557-03:00,g3,32,False,90,TRAFFIC,False,,,False,False,,,,0.001359
evt-20260725_083726,2026-07-25T08:40:13.665253-03:00,g3,32,False,95,TRAFFIC,False,,,False,False,,,,0.0010635
evt-20260725_084030,2026-07-25T08:44:28.217869-03:00,g3,32,False,95,TRAFFIC,False,,,False,False,,,,0.00107025
evt-20260725_084404,2026-07-25T08:48:12.088857-03:00,g3,32,False,100,EMPTY,False,,,False,False,,,,0.001119
evt-20260725_084924,2026-07-25T08:52:09.406699-03:00,g3,32,False,95,TRAFFIC,False,,,False,False,,,,0.001083
evt-20260725_085212,2026-07-25T08:56:23.919139-03:00,g3,32,False,95,TRAFFIC,False,,,False,False,,,,0.00105975
evt-20260725_085436,2026-07-25T09:00:57.315469-03:00,g3,32,False,90,TRAFFIC,False,,,False,False,,,,0.001362
evt-20260725_085720,2026-07-25T09:01:12.100913-03:00,g3,32,False,95,PARKED,False,,,False,False,,,,0.00106425
evt-20260725_090023,2026-07-25T09:05:42.954440-03:00,g3,32,False,95,TRAFFIC,False,,,False,False,,,,0.0010245
evt-20260725_090227,2026-07-25T09:05:56.335858-03:00,g3,32,False,90,TRAFFIC,False,,,False,False,,,,0.001302
evt-20260725_090439,2026-07-25T09:09:52.441996-03:00,g3,32,False,95,TRAFFIC,False,,,False,False,,,,0.00100575
evt-20260725_090700,2026-07-25T09:10:05.423862-03:00,g3,32,False,95,TRAFFIC,False,,,False,False,,,,0.00102975
evt-20260725_090942,2026-07-25T09:13:49.574156-03:00,g3,32,False,100,TRAFFIC,False,,,False,False,,,,0.001062
evt-20260725_091352,2026-07-25T09:18:02.380326-03:00,g3,32,False,90,TRAFFIC,False,,,False,False,,,,0.0011955
evt-20260725_091604,2026-07-25T09:22:03.287838-03:00,g3,32,False,95,TRAFFIC,False,,,False,False,,,,0.0010635
evt-20260725_091856,2026-07-25T09:22:16.242448-03:00,g3,32,False,95,TRAFFIC,False,,,False,False,,,,0.00099825
evt-20260725_092100,2026-07-25T09:26:23.913822-03:00,g3,32,False,95,TRAFFIC,False,,,False,False,,,,0.00128625
evt-20260725_092312,2026-07-25T09:26:37.976180-03:00,g3,32,False,95,TRAFFIC,False,,,False,False,,,,0.0011895
evt-20260725_092648,2026-07-25T09:32:14.407900-03:00,g3,32,False,95,TRAFFIC,False,,,False,False,,,,0.001026
evt-20260725_093124,2026-07-25T09:36:27.061213-03:00,g3,32,False,95,TRAFFIC,False,,,False,False,,,,0.001155
evt-20260725_093334,2026-07-25T09:36:41.325706-03:00,g3,32,True,85,DUMPING,True,False,0,False,False,,,,0.0036895
evt-20260725_093606,2026-07-25T09:41:53.005055-03:00,g3,32,False,0,DUMPING,False,,,False,False,,,,0.00155925
evt-20260725_093834,2026-07-25T09:42:07.941564-03:00,g3,32,False,90,TRAFFIC,False,,,False,False,,,,0.00125925
evt-20260725_094140,2026-07-25T09:46:16.772523-03:00,g3,32,False,95,PARKED,False,,,False,False,,,,0.001014
evt-20260725_094400,2026-07-25T09:46:30.699008-03:00,g3,32,False,95,TRAFFIC,False,,,False,False,,,,0.001119
evt-20260725_094644,2026-07-25T09:50:23.995092-03:00,g3,32,False,95,TRAFFIC,False,,,False,False,,,,0.00113325
evt-20260725_095045,2026-07-25T09:54:39.510630-03:00,g3,32,False,95,TRAFFIC,False,,,False,False,,,,0.001008
evt-20260725_095335,2026-07-25T09:59:15.938134-03:00,g3,32,False,95,TRAFFIC,False,,,False,False,,,,0.00117525
evt-20260725_095635,2026-07-25T09:59:29.354800-03:00,g3,32,False,95,TRAFFIC,False,,,False,False,,,,0.001038
evt-20260725_100039,2026-07-25T10:04:42.336193-03:00,g3,32,False,95,TRAFFIC,False,,,False,False,,,,0.00097125
evt-20260725_100321,2026-07-25T10:08:53.070285-03:00,g3,32,True,95,DUMPING,True,True,95,True,False,,,,0.0043045
evt-20260725_100605,2026-07-25T10:09:15.648424-03:00,g3,32,False,100,EMPTY,False,,,False,False,,,,0.00090975
evt-20260725_100840,2026-07-25T10:13:29.918385-03:00,g3,32,False,90,TRAFFIC,False,,,False,False,,,,0.00107325
evt-20260725_101100,2026-07-25T10:13:41.247221-03:00,g3,32,False,95,TRAFFIC,False,,,False,False,,,,0.0009315
evt-20260725_101306,2026-07-25T10:17:28.057924-03:00,g3,32,False,95,TRAFFIC,False,,,False,False,,,,0.00128925
evt-20260725_101510,2026-07-25T10:17:43.632496-03:00,g3,32,False,90,TRAFFIC,False,,,False,False,,,,0.00128325
evt-20260725_101925,2026-07-25T10:21:45.707067-03:00,g3,32,False,95,TRAFFIC,False,,,False,False,,,,0.001041
evt-20260725_102403,2026-07-25T10:29:12.202653-03:00,g3,32,True,95,DUMPING,True,True,100,True,False,,,,0.00429625
evt-20260725_102707,2026-07-25T10:33:06.928772-03:00,g3,32,False,95,PARKED,False,,,False,False,,,,0.00110625
evt-20260725_102959,2026-07-25T10:33:20.038452-03:00,g3,32,False,95,PARKED,False,,,False,False,,,,0.00115275
evt-20260725_103459,2026-07-25T10:37:15.292305-03:00,g3,32,False,95,TRAFFIC,False,,,False,False,,,,0.001026
evt-20260725_103727,2026-07-25T10:40:59.054762-03:00,g3,32,False,95,PARKED,False,,,False,False,,,,0.00133275
evt-20260725_104311,2026-07-25T10:48:24.444532-03:00,g3,32,False,100,TRAFFIC,False,,,False,False,,,,0.000972
evt-20260725_104641,2026-07-25T10:52:18.374476-03:00,g3,32,False,95,PARKED,False,,,False,False,,,,0.001008
evt-20260725_104951,2026-07-25T10:52:31.311608-03:00,g3,32,False,95,TRAFFIC,False,,,False,False,,,,0.000987
evt-20260725_105201,2026-07-25T10:56:15.764499-03:00,g3,32,False,90,PARKED,False,,,False,False,,,,0.00124275
evt-20260725_105658,2026-07-25T11:02:17.517238-03:00,g3,32,False,90,PARKED,False,,,False,False,,,,0.00119925
evt-20260725_105924,2026-07-25T11:08:50.395595-03:00,g3,32,False,90,TRAFFIC,False,,,False,False,,,,0.001335
evt-20260725_110202,2026-07-25T11:09:04.200000-03:00,g3,32,False,95,TRAFFIC,False,,,False,False,,,,0.0013305
evt-20260725_110432,2026-07-25T11:09:19.595502-03:00,g3,32,False,90,TRAFFIC,False,,,False,False,,,,0.0013305
evt-20260725_105411,2026-07-25T11:13:44.484255-03:00,g3,32,True,95,DUMPING,True,True,95,True,False,,,,0.0036085
evt-20260725_110706,2026-07-25T11:14:06.418317-03:00,g3,32,False,100,EMPTY,False,,,False,False,,,,0.0010335
evt-20260725_110930,2026-07-25T11:14:20.998398-03:00,g3,32,False,100,TRAFFIC,False,,,False,False,,,,0.0010815
evt-20260725_111146,2026-07-25T11:18:05.549146-03:00,g3,32,False,95,TRAFFIC,False,,,False,False,,,,0.000981
evt-20260725_111356,2026-07-25T11:18:21.371141-03:00,g3,32,False,95,TRAFFIC,False,,,False,False,,,,0.001131
evt-20260725_111602,2026-07-25T11:22:16.507396-03:00,g3,32,False,95,TRAFFIC,False,,,False,False,,,,0.00101775
evt-20260725_111828,2026-07-25T11:22:29.331517-03:00,g3,32,False,95,TRAFFIC,False,,,False,False,,,,0.0010875
evt-20260725_112038,2026-07-25T11:27:08.625035-03:00,g3,32,True,95,DUMPING,True,True,95,True,False,,,,0.0034165
evt-20260725_112250,2026-07-25T11:28:12.719557-03:00,g3,32,False,95,PARKED,False,,,False,False,,,,0.001113
evt-20260725_112502,2026-07-25T11:32:46.252793-03:00,g3,32,False,95,TRAFFIC,False,,,False,False,,,,0.001155
evt-20260725_112806,2026-07-25T11:32:59.104724-03:00,g3,32,False,95,TRAFFIC,False,,,False,False,,,,0.001023
evt-20260725_113056,2026-07-25T11:36:56.427065-03:00,g3,32,True,95,DUMPING,True,True,95,True,False,,,,0.00362575
evt-20260725_113338,2026-07-25T11:37:16.478601-03:00,g3,32,True,95,DUMPING,True,False,90,False,False,,,,0.003733
evt-20260725_113552,2026-07-25T11:41:40.904326-03:00,g3,32,True,95,DUMPING,True,True,85,True,False,,,,0.00393625
evt-20260725_113804,2026-07-25T11:42:04.047031-03:00,g3,32,False,95,TRAFFIC,False,,,False,False,,,,0.00105675
evt-20260725_114042,2026-07-25T11:45:52.221572-03:00,g3,32,False,95,TRAFFIC,False,,,False,False,,,,0.001332
evt-20260725_114306,2026-07-25T11:46:08.118462-03:00,g3,32,False,95,TRAFFIC,False,,,False,False,,,,0.00108075
evt-20260725_114510,2026-07-25T11:50:06.368089-03:00,g3,32,False,95,TRAFFIC,False,,,False,False,,,,0.0011565
evt-20260725_114858,2026-07-25T11:54:14.240328-03:00,g3,32,False,95,TRAFFIC,False,,,False,False,,,,0.0009975
evt-20260725_115218,2026-07-25T11:58:09.997091-03:00,g3,32,False,95,TRAFFIC,False,,,False,False,,,,0.001017
evt-20260725_115428,2026-07-25T11:58:22.663505-03:00,g3,32,False,90,TRAFFIC,False,,,False,False,,,,0.00123375
evt-20260725_115643,2026-07-25T12:02:37.737245-03:00,g3,32,False,95,TRAFFIC,False,,,False,False,,,,0.00110325
evt-20260725_120252,2026-07-25T12:06:27.410428-03:00,g3,32,False,95,TRAFFIC,False,,,False,False,,,,0.00099525
evt-20260725_120546,2026-07-25T12:10:23.366543-03:00,g3,32,False,100,TRAFFIC,False,,,False,False,,,,0.001062
evt-20260725_120822,2026-07-25T12:14:07.927877-03:00,g3,32,False,95,TRAFFIC,False,,,False,False,,,,0.0010125
evt-20260725_121345,2026-07-25T12:18:01.307522-03:00,g3,32,False,90,PARKED,False,,,False,False,,,,0.0016815
evt-20260725_121609,2026-07-25T12:21:52.144115-03:00,g3,32,False,95,PARKED,False,,,False,False,,,,0.00115425
evt-20260725_121813,2026-07-25T12:22:05.194131-03:00,g3,32,False,95,TRAFFIC,False,,,False,False,,,,0.001728
evt-20260725_122019,2026-07-25T12:26:05.962633-03:00,g3,32,False,95,TRAFFIC,False,,,False,False,,,,0.00122925
evt-20260725_122322,2026-07-25T12:26:22.048986-03:00,g3,32,False,95,TRAFFIC,False,,,False,False,,,,0.00107325
evt-20260725_122544,2026-07-25T12:30:17.825208-03:00,g3,32,False,100,TRAFFIC,False,,,False,False,,,,0.00095325
evt-20260725_122748,2026-07-25T12:30:31.404609-03:00,g3,32,False,95,TRAFFIC,False,,,False,False,,,,0.00101025
evt-20260725_123002,2026-07-25T12:34:23.653554-03:00,g3,32,False,95,TRAFFIC,False,,,False,False,,,,0.001008
evt-20260725_123314,2026-07-25T12:38:10.814354-03:00,g3,32,False,75,DUMPING,False,,,False,False,,,,0.0014955
evt-20260725_123714,2026-07-25T12:42:05.084289-03:00,g3,32,False,95,TRAFFIC,False,,,False,False,,,,0.00101325
evt-20260725_123932,2026-07-25T12:42:17.227510-03:00,g3,32,False,90,TRAFFIC,False,,,False,False,,,,0.001074
evt-20260725_124138,2026-07-25T12:46:27.888727-03:00,g3,32,True,95,DUMPING,True,True,95,True,True,ce345345-ba44-4e72-bebc-80bc127ffb95,REJEITADO,"Notamos aumento da volumetria, porém, não flagramos o momento do descarte.",0.00369925
evt-20260725_124518,2026-07-25T12:50:30.971087-03:00,g3,32,False,95,TRAFFIC,False,,,False,False,,,,0.00102375
evt-20260725_124924,2026-07-25T12:54:41.234219-03:00,g3,32,False,95,TRAFFIC,False,,,False,False,,,,0.00124125
evt-20260725_125144,2026-07-25T12:54:56.637012-03:00,g3,32,False,90,TRAFFIC,False,,,False,False,,,,0.001368
evt-20260725_125348,2026-07-25T12:58:43.484718-03:00,g3,32,False,95,PARKED,False,,,False,False,,,,0.00104025
evt-20260725_125604,2026-07-25T12:58:59.175182-03:00,g3,32,False,95,TRAFFIC,False,,,False,False,,,,0.001155
evt-20260725_125814,2026-07-25T13:03:02.339413-03:00,g3,32,False,95,TRAFFIC,False,,,False,False,,,,0.001026
evt-20260725_130018,2026-07-25T13:03:17.525056-03:00,g3,32,False,90,PARKED,False,,,False,False,,,,0.00185925
evt-20260725_130444,2026-07-25T13:08:54.643488-03:00,g3,32,False,95,TRAFFIC,False,,,False,False,,,,0.00112425
evt-20260725_130735,2026-07-25T13:12:57.098253-03:00,g3,32,False,95,TRAFFIC,False,,,False,False,,,,0.00111975
evt-20260725_130942,2026-07-25T13:13:12.401010-03:00,g3,32,False,95,TRAFFIC,False,,,False,False,,,,0.001167
evt-20260725_131146,2026-07-25T13:17:43.113534-03:00,g3,32,True,85,DUMPING,True,False,95,False,False,,,,0.0045835
evt-20260725_131508,2026-07-25T13:18:09.947876-03:00,g3,32,False,95,PARKED,False,,,False,False,,,,0.00114525
evt-20260725_131724,2026-07-25T13:22:15.443831-03:00,g3,32,False,95,TRAFFIC,False,,,False,False,,,,0.00134475
evt-20260725_131940,2026-07-25T13:22:30.466026-03:00,g3,32,False,95,TRAFFIC,False,,,False,False,,,,0.00134475
evt-20260725_132420,2026-07-25T13:27:08.717048-03:00,g3,32,False,95,PARKED,False,,,False,False,,,,0.0011205
evt-20260725_132731,2026-07-25T13:31:10.544878-03:00,g3,32,False,100,TRAFFIC,False,,,False,False,,,,0.00116475
evt-20260725_133207,2026-07-25T13:35:21.208461-03:00,g3,32,False,95,TRAFFIC,False,,,False,False,,,,0.0010515
evt-20260725_133527,2026-07-25T13:39:19.038781-03:00,g3,32,False,95,TRAFFIC,False,,,False,False,,,,0.001209
evt-20260725_133755,2026-07-25T13:43:32.310017-03:00,g3,32,True,90,DUMPING,True,False,90,False,False,,,,0.00511675
evt-20260725_134015,2026-07-25T13:44:37.747233-03:00,g3,32,True,100,DUMPING,True,True,100,True,True,f7dbd3af-860b-49b9-ac1b-e9edb741e6ad,INDETERMINADO,"Provavelmente, o veículo que aparece na imagem, foi avisado cacerca do ângulo da câmara e",0.00355675
evt-20260725_134323,2026-07-25T13:49:26.124463-03:00,g3,32,False,100,TRAFFIC,False,,,False,False,,,,0.00112125
evt-20260725_134528,2026-07-25T13:49:38.746767-03:00,g3,32,False,95,PARKED,False,,,False,False,,,,0.00123975
evt-20260725_134738,2026-07-25T13:53:26.089635-03:00,g3,32,True,90,DUMPING,True,True,90,True,False,,,,0.0038395
evt-20260725_135512,2026-07-25T13:57:39.693020-03:00,g3,32,False,95,PARKED,False,,,False,False,,,,0.00107025
evt-20260725_140046,2026-07-25T14:03:00.835771-03:00,g3,32,False,90,TRAFFIC,False,,,False,False,,,,0.00132525
evt-20260725_140306,2026-07-25T14:08:27.131681-03:00,g3,32,False,95,TRAFFIC,False,,,False,False,,,,0.00101775
evt-20260725_140548,2026-07-25T14:08:41.023988-03:00,g3,32,False,100,EMPTY,False,,,False,False,,,,0.0009945
evt-20260725_140758,2026-07-25T14:13:42.180207-03:00,g3,32,False,90,TRAFFIC,False,,,False,False,,,,0.00127875
evt-20260725_141017,2026-07-25T14:13:57.300081-03:00,g3,32,False,0,DUMPING,False,,,False,False,,,,0.0017835
evt-20260725_141223,2026-07-25T14:18:43.021331-03:00,g3,32,False,95,TRAFFIC,False,,,False,False,,,,0.00124275
evt-20260725_141452,2026-07-25T14:18:58.769282-03:00,g3,32,False,95,EMPTY,False,,,False,False,,,,0.0010995
evt-20260725_141709,2026-07-25T14:23:41.879842-03:00,g3,32,False,95,TRAFFIC,False,,,False,False,,,,0.00117225
evt-20260725_141929,2026-07-25T14:23:54.954988-03:00,g3,32,False,95,TRAFFIC,False,,,False,False,,,,0.0010965
evt-20260725_142201,2026-07-25T14:28:00.271467-03:00,g3,32,False,85,TRAFFIC,False,,,False,False,,,,0.00138825
evt-20260725_142405,2026-07-25T14:28:14.951082-03:00,g3,32,False,100,EMPTY,False,,,False,False,,,,0.001062
evt-20260725_142625,2026-07-25T14:32:38.979701-03:00,g3,32,False,95,TRAFFIC,False,,,False,False,,,,0.0010845
evt-20260725_142835,2026-07-25T14:32:50.724140-03:00,g3,32,False,95,TRAFFIC,False,,,False,False,,,,0.00101025
evt-20260725_143320,2026-07-25T14:36:50.540968-03:00,g3,32,False,95,TRAFFIC,False,,,False,False,,,,0.0010365
evt-20260725_143634,2026-07-25T14:40:35.729542-03:00,g3,32,False,90,TRAFFIC,False,,,False,False,,,,0.001089
evt-20260725_143838,2026-07-25T14:44:35.731718-03:00,g3,32,False,95,PARKED,False,,,False,False,,,,0.0010335
evt-20260725_144134,2026-07-25T14:44:49.011759-03:00,g3,32,False,95,TRAFFIC,False,,,False,False,,,,0.00108075
evt-20260725_144402,2026-07-25T14:49:11.651004-03:00,g3,32,False,95,TRAFFIC,False,,,False,False,,,,0.001227
evt-20260725_144838,2026-07-25T14:53:41.680629-03:00,g3,32,False,95,TRAFFIC,False,,,False,False,,,,0.00100125
evt-20260725_145104,2026-07-25T14:53:54.515432-03:00,g3,32,False,95,PARKED,False,,,False,False,,,,0.00123975
evt-20260725_145315,2026-07-25T14:57:59.202459-03:00,g3,32,True,90,DUMPING,True,True,100,True,False,,,,0.003919
evt-20260725_145528,2026-07-25T14:58:21.250709-03:00,g3,32,False,90,TRAFFIC,False,,,False,False,,,,0.00129825
evt-20260725_145807,2026-07-25T15:02:17.415476-03:00,g3,32,True,85,DUMPING,True,False,85,False,False,,,,0.0041755
evt-20260725_150035,2026-07-25T15:06:49.575783-03:00,g3,32,False,95,TRAFFIC,False,,,False,False,,,,0.00108525
evt-20260725_150331,2026-07-25T15:07:06.889006-03:00,g3,32,False,95,TRAFFIC,False,,,False,False,,,,0.00134775
evt-20260725_150707,2026-07-25T15:10:54.492800-03:00,g3,32,False,95,EMPTY,False,,,False,False,,,,0.00111075
evt-20260725_151536,2026-07-25T15:20:15.646552-03:00,g3,32,True,90,DUMPING,True,True,85,True,False,,,,0.00381775
evt-20260725_153450,2026-07-25T15:37:58.280479-03:00,g3,32,False,95,TRAFFIC,False,,,False,False,,,,0.0010275
evt-20260725_153732,2026-07-25T15:42:16.294172-03:00,g3,32,False,95,TRAFFIC,False,,,False,False,,,,0.00097125
evt-20260725_154002,2026-07-25T15:42:30.151731-03:00,g3,32,False,95,PARKED,False,,,False,False,,,,0.00126375
evt-20260725_154617,2026-07-25T15:52:11.875783-03:00,g3,32,False,95,TRAFFIC,False,,,False,False,,,,0.001251
evt-20260725_154853,2026-07-25T15:52:31.912243-03:00,g3,32,False,95,TRAFFIC,False,,,False,False,,,,0.00103125
evt-20260725_155433,2026-07-25T15:57:18.889677-03:00,g3,32,False,100,TRAFFIC,False,,,False,False,,,,0.00108525
evt-20260725_160041,2026-07-25T16:05:59.061896-03:00,g3,32,False,95,TRAFFIC,False,,,False,False,,,,0.001098
evt-20260725_160302,2026-07-25T16:06:13.248337-03:00,g3,32,False,95,TRAFFIC,False,,,False,False,,,,0.0010665
evt-20260725_160508,2026-07-25T16:10:13.924032-03:00,g3,32,False,95,TRAFFIC,False,,,False,False,,,,0.0010395
evt-20260725_160712,2026-07-25T16:10:26.170226-03:00,g3,32,False,95,TRAFFIC,False,,,False,False,,,,0.0010305
evt-20260725_161152,2026-07-25T16:15:57.877850-03:00,g3,32,False,95,TRAFFIC,False,,,False,False,,,,0.0012255
evt-20260725_161432,2026-07-25T16:20:43.240358-03:00,g3,32,False,95,TRAFFIC,False,,,False,False,,,,0.00127425
evt-20260725_161710,2026-07-25T16:21:27.759776-03:00,g3,32,False,95,TRAFFIC,False,,,False,False,,,,0.001041
evt-20260725_161954,2026-07-25T16:25:47.555260-03:00,g3,32,False,100,EMPTY,False,,,False,False,,,,0.0009345
evt-20260725_162406,2026-07-25T16:29:42.550187-03:00,g3,32,False,100,EMPTY,False,,,False,False,,,,0.0009435
evt-20260725_162808,2026-07-25T16:35:12.114403-03:00,g3,32,False,95,TRAFFIC,False,,,False,False,,,,0.00114675
evt-20260725_163046,2026-07-25T16:35:27.737372-03:00,g3,32,False,95,TRAFFIC,False,,,False,False,,,,0.00113475
evt-20260725_163347,2026-07-25T16:39:13.746177-03:00,g3,32,False,95,TRAFFIC,False,,,False,False,,,,0.0009915
evt-20260725_163603,2026-07-25T16:39:27.127032-03:00,g3,32,False,95,TRAFFIC,False,,,False,False,,,,0.00100575
evt-20260725_163919,2026-07-25T16:43:45.264204-03:00,g3,32,False,95,TRAFFIC,False,,,False,False,,,,0.00096375
evt-20260725_164153,2026-07-25T16:47:55.489192-03:00,g3,32,False,95,TRAFFIC,False,,,False,False,,,,0.00103875
evt-20260725_164739,2026-07-25T16:52:11.862595-03:00,g3,32,False,95,TRAFFIC,False,,,False,False,,,,0.000969
evt-20260725_165141,2026-07-25T16:55:57.095896-03:00,g3,32,False,95,TRAFFIC,False,,,False,False,,,,0.001011
evt-20260725_165401,2026-07-25T17:00:01.470267-03:00,g3,32,False,95,TRAFFIC,False,,,False,False,,,,0.00101775
evt-20260725_165605,2026-07-25T17:00:13.203118-03:00,g3,32,False,95,TRAFFIC,False,,,False,False,,,,0.0015975
evt-20260725_165851,2026-07-25T17:04:02.091122-03:00,g3,32,False,100,TRAFFIC,False,,,False,False,,,,0.0011925
evt-20260725_170119,2026-07-25T17:04:15.827126-03:00,g3,32,False,95,TRAFFIC,False,,,False,False,,,,0.001017
evt-20260725_170437,2026-07-25T17:08:21.020359-03:00,g3,32,False,95,TRAFFIC,False,,,False,False,,,,0.00102675
evt-20260725_170659,2026-07-25T17:12:07.643041-03:00,g3,32,False,95,PARKED,False,,,False,False,,,,0.0014085
evt-20260725_170904,2026-07-25T17:12:39.176850-03:00,g3,32,True,95,DUMPING,True,True,85,True,False,,,,0.00377275
evt-20260725_171232,2026-07-25T17:17:16.932509-03:00,g3,32,False,95,TRAFFIC,False,,,False,False,,,,0.001122
evt-20260725_171437,2026-07-25T17:17:30.850416-03:00,g3,32,False,95,TRAFFIC,False,,,False,False,,,,0.00106875
evt-20260725_171657,2026-07-25T17:21:26.978827-03:00,g3,32,False,95,TRAFFIC,False,,,False,False,,,,0.0010935
evt-20260725_171941,2026-07-25T17:25:20.252915-03:00,g3,32,False,100,TRAFFIC,False,,,False,False,,,,0.00104775
evt-20260725_172241,2026-07-25T17:25:32.918601-03:00,g3,32,False,95,TRAFFIC,False,,,False,False,,,,0.00105375
evt-20260725_172659,2026-07-25T17:29:20.304642-03:00,g3,32,False,95,TRAFFIC,False,,,False,False,,,,0.001008
evt-20260725_172921,2026-07-25T17:33:22.724918-03:00,g3,32,False,95,TRAFFIC,False,,,False,False,,,,0.0010365
evt-20260725_173136,2026-07-25T17:37:18.187477-03:00,g3,32,False,90,TRAFFIC,False,,,False,False,,,,0.00106575
evt-20260725_173358,2026-07-25T17:37:31.992272-03:00,g3,32,False,95,TRAFFIC,False,,,False,False,,,,0.00104775
evt-20260725_173758,2026-07-25T17:41:41.175102-03:00,g3,32,False,95,TRAFFIC,False,,,False,False,,,,0.00117525
evt-20260725_174126,2026-07-25T17:46:49.685342-03:00,g3,32,True,85,DUMPING,True,True,90,True,False,,,,0.003583
evt-20260725_174446,2026-07-25T17:51:04.822062-03:00,g3,32,False,95,TRAFFIC,False,,,False,False,,,,0.00100425
evt-20260725_174704,2026-07-25T17:51:17.497051-03:00,g3,32,False,95,TRAFFIC,False,,,False,False,,,,0.00094875
evt-20260725_175034,2026-07-25T17:55:31.771291-03:00,g3,32,False,95,TRAFFIC,False,,,False,False,,,,0.00104175
evt-20260725_175410,2026-07-25T17:59:20.235733-03:00,g3,32,False,100,EMPTY,False,,,False,False,,,,0.0010395
evt-20260725_175706,2026-07-25T17:59:33.108264-03:00,g3,32,True,100,DUMPING,True,True,100,True,False,,,,0.003514
evt-20260725_175911,2026-07-25T18:04:41.877772-03:00,g3,32,False,95,TRAFFIC,False,,,False,False,,,,0.001164
evt-20260725_180117,2026-07-25T18:04:56.933696-03:00,g3,32,False,95,TRAFFIC,False,,,False,False,,,,0.001116
evt-20260725_180337,2026-07-25T18:09:52.829070-03:00,g3,32,False,95,TRAFFIC,False,,,False,False,,,,0.00121875
evt-20260725_180559,2026-07-25T18:10:07.781719-03:00,g3,32,False,95,TRAFFIC,False,,,False,False,,,,0.001254
evt-20260725_180823,2026-07-25T18:14:17.007506-03:00,g3,32,True,95,DUMPING,True,True,95,True,False,,,,0.00357025
evt-20260725_181047,2026-07-25T18:14:36.738716-03:00,g3,32,False,95,TRAFFIC,False,,,False,False,,,,0.0011055
evt-20260725_181419,2026-07-25T18:18:32.195201-03:00,g3,32,False,95,PARKED,False,,,False,False,,,,0.0011295
evt-20260725_181831,2026-07-25T18:22:25.550947-03:00,g3,32,False,95,TRAFFIC,False,,,False,False,,,,0.001188
evt-20260725_182115,2026-07-25T18:26:16.352150-03:00,g3,32,False,95,TRAFFIC,False,,,False,False,,,,0.00124725
evt-20260725_182647,2026-07-25T18:30:08.921523-03:00,g3,32,False,95,TRAFFIC,False,,,False,False,,,,0.00102675
evt-20260725_182949,2026-07-25T18:34:13.523960-03:00,g3,32,False,90,TRAFFIC,False,,,False,False,,,,0.00127275
evt-20260725_183345,2026-07-25T18:37:59.747995-03:00,g3,32,False,95,TRAFFIC,False,,,False,False,,,,0.0010845
evt-20260725_183619,2026-07-25T18:41:54.140192-03:00,g3,32,False,100,EMPTY,False,,,False,False,,,,0.00102225
evt-20260725_183839,2026-07-25T18:42:10.311382-03:00,g3,32,False,95,EMPTY,False,,,False,False,,,,0.00102675
evt-20260725_184151,2026-07-25T18:46:26.675281-03:00,g3,32,False,95,TRAFFIC,False,,,False,False,,,,0.00132
evt-20260725_184433,2026-07-25T18:50:16.866694-03:00,g3,32,False,100,TRAFFIC,False,,,False,False,,,,0.00111975
evt-20260725_184637,2026-07-25T18:50:30.454193-03:00,g3,32,True,90,DUMPING,True,True,90,True,False,,,,0.00355825
evt-20260725_184927,2026-07-25T18:54:21.094486-03:00,g3,32,True,90,DUMPING,True,True,95,True,False,,,,0.00376
evt-20260725_185319,2026-07-25T18:58:19.051025-03:00,g3,32,False,95,TRAFFIC,False,,,False,False,,,,0.00100125
evt-20260725_185537,2026-07-25T18:58:31.811594-03:00,g3,32,False,95,TRAFFIC,False,,,False,False,,,,0.00096825
evt-20260725_185741,2026-07-25T19:02:16.640012-03:00,g3,32,False,95,TRAFFIC,False,,,False,False,,,,0.00098625
evt-20260725_185945,2026-07-25T19:02:30.104598-03:00,g3,32,False,95,TRAFFIC,False,,,False,False,,,,0.00097725
evt-20260725_190155,2026-07-25T19:06:22.630547-03:00,g3,32,False,85,TRAFFIC,False,,,False,False,,,,0.00175125
evt-20260725_190403,2026-07-25T19:06:38.773201-03:00,g3,32,False,90,TRAFFIC,False,,,False,False,,,,0.0012
evt-20260725_190607,2026-07-25T19:10:24.326679-03:00,g3,32,False,95,TRAFFIC,False,,,False,False,,,,0.0010725
evt-20260725_190843,2026-07-25T19:14:15.514576-03:00,g3,32,False,95,TRAFFIC,False,,,False,False,,,,0.00104775
evt-20260725_191143,2026-07-25T19:14:28.014765-03:00,g3,32,False,95,TRAFFIC,False,,,False,False,,,,0.001167
evt-20260725_191621,2026-07-25T19:21:48.694110-03:00,g3,32,False,95,TRAFFIC,False,,,False,False,,,,0.001074
evt-20260725_191905,2026-07-25T19:22:02.154335-03:00,g3,32,False,95,TRAFFIC,False,,,False,False,,,,0.0010185
evt-20260725_192132,2026-07-25T19:25:43.575861-03:00,g3,32,False,95,TRAFFIC,False,,,False,False,,,,0.001062
evt-20260725_192344,2026-07-25T19:29:32.222133-03:00,g3,32,False,95,TRAFFIC,False,,,False,False,,,,0.001029
evt-20260725_192616,2026-07-25T19:29:44.035619-03:00,g3,32,False,95,TRAFFIC,False,,,False,False,,,,0.00122625
evt-20260725_192856,2026-07-25T19:33:27.207668-03:00,g3,32,False,95,TRAFFIC,False,,,False,False,,,,0.0010275
evt-20260725_193102,2026-07-25T19:33:38.156563-03:00,g3,32,False,95,TRAFFIC,False,,,False,False,,,,0.0010395
evt-20260725_193312,2026-07-25T19:37:27.155408-03:00,g3,32,False,95,TRAFFIC,False,,,False,False,,,,0.00111075
evt-20260725_193516,2026-07-25T19:37:40.046613-03:00,g3,32,False,95,TRAFFIC,False,,,False,False,,,,0.0011385
evt-20260725_193920,2026-07-25T19:45:02.816201-03:00,g3,32,False,100,TRAFFIC,False,,,False,False,,,,0.00102825
evt-20260725_194132,2026-07-25T19:45:14.998931-03:00,g3,32,False,95,TRAFFIC,False,,,False,False,,,,0.0012315
evt-20260725_194338,2026-07-25T19:48:55.493983-03:00,g3,32,False,95,TRAFFIC,False,,,False,False,,,,0.0009735
evt-20260725_194614,2026-07-25T19:49:07.370991-03:00,g3,32,False,100,TRAFFIC,False,,,False,False,,,,0.00107325
evt-20260725_194832,2026-07-25T19:52:58.530390-03:00,g3,32,False,95,TRAFFIC,False,,,False,False,,,,0.00100575
evt-20260725_195046,2026-07-25T19:53:09.795439-03:00,g3,32,False,100,EMPTY,False,,,False,False,,,,0.0009975
evt-20260725_195330,2026-07-25T19:56:51.646152-03:00,g3,32,False,95,TRAFFIC,False,,,False,False,,,,0.00111675
evt-20260725_195534,2026-07-25T20:00:52.619605-03:00,g3,32,False,95,TRAFFIC,False,,,False,False,,,,0.00108825
evt-20260725_195750,2026-07-25T20:01:04.746318-03:00,g3,32,False,100,TRAFFIC,False,,,False,False,,,,0.00096975
evt-20260725_200055,2026-07-25T20:05:02.055685-03:00,g3,32,False,95,TRAFFIC,False,,,False,False,,,,0.0010425
evt-20260725_200259,2026-07-25T20:08:45.231707-03:00,g3,32,False,95,TRAFFIC,False,,,False,False,,,,0.00101175
evt-20260725_200509,2026-07-25T20:08:58.719963-03:00,g3,32,False,95,TRAFFIC,False,,,False,False,,,,0.00107175
evt-20260725_200737,2026-07-25T20:13:02.958259-03:00,g3,32,False,95,TRAFFIC,False,,,False,False,,,,0.000999
evt-20260725_200949,2026-07-25T20:13:16.461510-03:00,g3,32,False,90,TRAFFIC,False,,,False,False,,,,0.001314
evt-20260725_201159,2026-07-25T20:17:09.830738-03:00,g3,32,False,95,TRAFFIC,False,,,False,False,,,,0.00103275
evt-20260725_201423,2026-07-25T20:17:22.649818-03:00,g3,32,False,90,TRAFFIC,False,,,False,False,,,,0.001158
evt-20260725_201807,2026-07-25T20:21:07.022329-03:00,g3,32,False,95,TRAFFIC,False,,,False,False,,,,0.0011895
evt-20260725_202025,2026-07-25T20:24:58.663700-03:00,g3,32,False,100,EMPTY,False,,,False,False,,,,0.00099675
evt-20260725_202243,2026-07-25T20:25:10.328882-03:00,g3,32,False,95,TRAFFIC,False,,,False,False,,,,0.0011265
evt-20260725_202657,2026-07-25T20:32:34.224049-03:00,g3,32,False,95,PARKED,False,,,False,False,,,,0.001098
evt-20260725_202901,2026-07-25T20:32:46.486380-03:00,g3,32,True,90,DUMPING,True,False,100,False,False,,,,0.003298
evt-20260725_203113,2026-07-25T20:36:56.282397-03:00,g3,32,True,95,DUMPING,True,False,95,False,True,eb568791-0322-47e5-8322-93c371f7a50d,CONFIRMADO,Descarte de grande porte confirmado.,0.00427075
evt-20260725_203325,2026-07-25T20:37:16.528863-03:00,g3,32,False,95,TRAFFIC,False,,,False,False,,,,0.0009825
evt-20260725_203547,2026-07-25T20:41:13.031734-03:00,g3,32,True,95,DUMPING,True,True,100,True,True,eb568791-0322-47e5-8322-93c371f7a50d,CONFIRMADO,Descarte de grande porte confirmado.,0.003889
evt-20260725_203915,2026-07-25T20:45:28.334364-03:00,g3,32,True,95,DUMPING,True,True,100,True,True,eb568791-0322-47e5-8322-93c371f7a50d,CONFIRMADO,Descarte de grande porte confirmado.,0.00361525
evt-20260725_204119,2026-07-25T20:46:08.067380-03:00,g3,32,True,100,DUMPING,True,True,90,True,True,eb568791-0322-47e5-8322-93c371f7a50d,CONFIRMADO,Descarte de grande porte confirmado.,0.0056035
evt-20260725_204341,2026-07-25T20:50:34.196031-03:00,g3,32,False,95,TRAFFIC,False,,,False,False,,,,0.0012735
evt-20260725_204627,2026-07-25T20:50:46.677564-03:00,g3,32,False,100,TRAFFIC,False,,,False,False,,,,0.00119325
evt-20260725_204837,2026-07-25T20:54:41.641108-03:00,g3,32,False,95,PARKED,False,,,False,False,,,,0.00100875
evt-20260725_205041,2026-07-25T20:54:56.273855-03:00,g3,32,False,100,TRAFFIC,False,,,False,False,,,,0.0010275
evt-20260725_205423,2026-07-25T20:58:38.698060-03:00,g3,32,False,100,TRAFFIC,False,,,False,False,,,,0.001026
evt-20260725_205647,2026-07-25T21:02:32.186732-03:00,g3,32,False,90,TRAFFIC,False,,,False,False,,,,0.00102075
evt-20260725_210144,2026-07-25T21:06:14.604771-03:00,g3,32,False,95,TRAFFIC,False,,,False,False,,,,0.0009975
evt-20260725_210356,2026-07-25T21:06:26.543337-03:00,g3,32,False,95,TRAFFIC,False,,,False,False,,,,0.0011145
evt-20260725_210616,2026-07-25T21:10:19.306086-03:00,g3,32,False,95,TRAFFIC,False,,,False,False,,,,0.0010935
evt-20260725_210820,2026-07-25T21:14:02.161851-03:00,g3,32,False,95,TRAFFIC,False,,,False,False,,,,0.0010275
evt-20260725_211054,2026-07-25T21:14:14.886867-03:00,g3,32,False,95,TRAFFIC,False,,,False,False,,,,0.001182
evt-20260725_211506,2026-07-25T21:18:09.588793-03:00,g3,32,False,100,EMPTY,False,,,False,False,,,,0.000978
evt-20260725_211750,2026-07-25T21:22:06.752598-03:00,g3,32,False,95,TRAFFIC,False,,,False,False,,,,0.00110475
evt-20260725_212104,2026-07-25T21:25:57.114752-03:00,g3,32,True,95,DUMPING,True,False,95,False,False,,,,0.003781
evt-20260725_212434,2026-07-25T21:30:04.844133-03:00,g3,32,False,95,TRAFFIC,False,,,False,False,,,,0.00099
evt-20260725_212648,2026-07-25T21:30:15.971691-03:00,g3,32,False,100,EMPTY,False,,,False,False,,,,0.00096525
evt-20260725_213214,2026-07-25T21:37:37.744224-03:00,g3,32,True,90,DUMPING,True,True,95,True,False,,,,0.00424225
evt-20260725_213534,2026-07-25T21:41:29.142521-03:00,g3,32,False,100,TRAFFIC,False,,,False,False,,,,0.00112725
evt-20260725_213836,2026-07-25T21:41:42.462694-03:00,g3,32,False,95,TRAFFIC,False,,,False,False,,,,0.001074
evt-20260725_214232,2026-07-25T21:45:34.569867-03:00,g3,32,False,95,TRAFFIC,False,,,False,False,,,,0.00106125
evt-20260725_214558,2026-07-25T21:49:17.893450-03:00,g3,32,False,100,TRAFFIC,False,,,False,False,,,,0.0013215
evt-20260725_214944,2026-07-25T21:53:10.807392-03:00,g3,32,False,95,TRAFFIC,False,,,False,False,,,,0.001062
evt-20260725_215328,2026-07-25T21:56:51.956862-03:00,g3,32,False,95,TRAFFIC,False,,,False,False,,,,0.00099525
evt-20260725_215555,2026-07-25T22:00:44.762658-03:00,g3,32,False,95,TRAFFIC,False,,,False,False,,,,0.00111525
evt-20260725_215909,2026-07-25T22:04:57.908255-03:00,g3,32,False,100,EMPTY,False,,,False,False,,,,0.0009945
evt-20260725_220139,2026-07-25T22:05:10.405269-03:00,g3,32,False,95,TRAFFIC,False,,,False,False,,,,0.001029
evt-20260725_220343,2026-07-25T22:08:54.071841-03:00,g3,32,False,95,TRAFFIC,False,,,False,False,,,,0.0010185
evt-20260725_220547,2026-07-25T22:09:06.103003-03:00,g3,32,False,100,EMPTY,False,,,False,False,,,,0.00106425
evt-20260725_221109,2026-07-25T22:16:26.158806-03:00,g3,32,False,95,TRAFFIC,False,,,False,False,,,,0.00113175
evt-20260725_221315,2026-07-25T22:16:40.462990-03:00,g3,32,False,95,TRAFFIC,False,,,False,False,,,,0.0010365
evt-20260725_221611,2026-07-25T22:20:32.667758-03:00,g3,32,False,100,TRAFFIC,False,,,False,False,,,,0.00119175
evt-20260725_221843,2026-07-25T22:24:17.746141-03:00,g3,32,False,95,TRAFFIC,False,,,False,False,,,,0.00122175
evt-20260725_222125,2026-07-25T22:24:32.661138-03:00,g3,32,False,95,TRAFFIC,False,,,False,False,,,,0.0011145
evt-20260725_222341,2026-07-25T22:28:32.981450-03:00,g3,32,False,100,TRAFFIC,False,,,False,False,,,,0.001122
evt-20260725_222613,2026-07-25T22:28:45.417360-03:00,g3,32,False,95,TRAFFIC,False,,,False,False,,,,0.00107925
evt-20260725_222847,2026-07-25T22:32:35.808284-03:00,g3,32,False,95,TRAFFIC,False,,,False,False,,,,0.00110625
evt-20260725_223057,2026-07-25T22:36:17.799030-03:00,g3,32,False,95,TRAFFIC,False,,,False,False,,,,0.0010425
evt-20260725_223309,2026-07-25T22:36:30.400218-03:00,g3,32,False,100,TRAFFIC,False,,,False,False,,,,0.0011475
evt-20260725_223613,2026-07-25T22:40:21.415356-03:00,g3,32,False,100,TRAFFIC,False,,,False,False,,,,0.00113775
evt-20260725_223817,2026-07-25T22:44:03.487522-03:00,g3,32,False,95,TRAFFIC,False,,,False,False,,,,0.0009495
evt-20260725_224035,2026-07-25T22:44:15.421286-03:00,g3,32,False,95,TRAFFIC,False,,,False,False,,,,0.00107625
evt-20260725_224239,2026-07-25T22:48:07.034073-03:00,g3,32,True,90,DUMPING,True,False,100,False,False,,,,0.00363475
evt-20260725_224443,2026-07-25T22:48:26.972473-03:00,g3,32,False,95,TRAFFIC,False,,,False,False,,,,0.00121725
evt-20260725_224743,2026-07-25T22:52:32.552050-03:00,g3,32,False,90,TRAFFIC,False,,,False,False,,,,0.00142275
evt-20260725_224953,2026-07-25T22:52:45.902837-03:00,g3,32,False,90,TRAFFIC,False,,,False,False,,,,0.001131
evt-20260725_225211,2026-07-25T22:56:27.468323-03:00,g3,32,False,95,TRAFFIC,False,,,False,False,,,,0.0009735
evt-20260725_225525,2026-07-25T23:00:41.929110-03:00,g3,32,False,90,TRAFFIC,False,,,False,False,,,,0.00108225
evt-20260725_225729,2026-07-25T23:00:55.007708-03:00,g3,32,False,95,TRAFFIC,False,,,False,False,,,,0.00112875
evt-20260725_225943,2026-07-25T23:04:38.659847-03:00,g3,32,False,95,TRAFFIC,False,,,False,False,,,,0.00106875
evt-20260725_230159,2026-07-25T23:04:50.467410-03:00,g3,32,False,100,EMPTY,False,,,False,False,,,,0.000897
evt-20260725_230618,2026-07-25T23:08:43.840020-03:00,g3,32,False,95,TRAFFIC,False,,,False,False,,,,0.001038
evt-20260725_231036,2026-07-25T23:16:07.602972-03:00,g3,32,False,95,TRAFFIC,False,,,False,False,,,,0.00102075
evt-20260725_231344,2026-07-25T23:16:20.624419-03:00,g3,32,False,95,TRAFFIC,False,,,False,False,,,,0.00096675
evt-20260725_231653,2026-07-25T23:20:03.725298-03:00,g3,32,False,100,EMPTY,False,,,False,False,,,,0.0009135
evt-20260725_231857,2026-07-25T23:24:10.215103-03:00,g3,32,False,95,TRAFFIC,False,,,False,False,,,,0.00100575
evt-20260725_232103,2026-07-25T23:27:50.874432-03:00,g3,21,False,100,EMPTY,False,,,False,False,,,,0.00095125
evt-warmup-20260725_232544,2026-07-25T23:28:02.075100-03:00,g3,12,False,100,EMPTY,False,,,False,False,,,,0.00112325
evt-20260725_232753,2026-07-25T23:31:55.105333-03:00,g3,32,False,100,EMPTY,False,,,False,False,,,,0.00097425
evt-20260725_233005,2026-07-25T23:35:37.004984-03:00,g3,32,False,100,EMPTY,False,,,False,False,,,,0.00092325
evt-20260725_233209,2026-07-25T23:35:48.719686-03:00,g3,32,False,95,TRAFFIC,False,,,False,False,,,,0.00114825
evt-20260725_233413,2026-07-25T23:39:44.053131-03:00,g3,32,False,95,TRAFFIC,False,,,False,False,,,,0.0010185
evt-20260725_233627,2026-07-25T23:39:58.654646-03:00,g3,32,False,100,TRAFFIC,False,,,False,False,,,,0.00106425
evt-20260725_233835,2026-07-25T23:43:50.813342-03:00,g3,32,False,100,EMPTY,False,,,False,False,,,,0.00102525
evt-20260725_234129,2026-07-25T23:44:02.447261-03:00,g3,32,False,100,TRAFFIC,False,,,False,False,,,,0.001164
evt-20260725_234429,2026-07-25T23:47:47.316151-03:00,g3,32,False,100,TRAFFIC,False,,,False,False,,,,0.00098925
evt-20260725_234633,2026-07-25T23:51:41.044827-03:00,g3,32,False,90,TRAFFIC,False,,,False,False,,,,0.00111
evt-20260725_234923,2026-07-25T23:51:54.619748-03:00,g3,32,False,95,TRAFFIC,False,,,False,False,,,,0.0011205
evt-20260725_235145,2026-07-25T23:55:38.530839-03:00,g3,32,False,100,EMPTY,False,,,False,False,,,,0.001134
evt-20260725_235429,2026-07-25T23:59:32.764544-03:00,g3,32,False,95,TRAFFIC,False,,,False,False,,,,0.00103575
evt-20260725_235711,2026-07-25T23:59:44.800858-03:00,g3,32,False,100,EMPTY,False,,,False,False,,,,0.0009105
evt-20260725_235926,2026-07-26T00:03:48.253851-03:00,g3,32,False,95,TRAFFIC,False,,,False,False,,,,0.001086
evt-20260726_000136,2026-07-26T00:04:02.127066-03:00,g3,32,False,100,EMPTY,False,,,False,False,,,,0.001104
evt-20260726_000454,2026-07-26T00:10:04.326324-03:00,g3,32,False,100,EMPTY,False,,,False,False,,,,0.00105825
evt-20260726_000858,2026-07-26T00:13:57.915341-03:00,g3,32,False,95,TRAFFIC,False,,,False,False,,,,0.00125475
evt-20260726_001102,2026-07-26T00:14:12.566545-03:00,g3,32,False,90,PARKED,False,,,False,False,,,,0.00160125
evt-20260726_001312,2026-07-26T00:17:57.041725-03:00,g3,32,False,100,TRAFFIC,False,,,False,False,,,,0.00113175
evt-20260726_001606,2026-07-26T00:21:48.212575-03:00,g3,32,False,100,EMPTY,False,,,False,False,,,,0.0011715
evt-20260726_001946,2026-07-26T00:25:46.876639-03:00,g3,32,False,100,EMPTY,False,,,False,False,,,,0.0009945
evt-20260726_002154,2026-07-26T00:25:58.621005-03:00,g3,32,False,100,EMPTY,False,,,False,False,,,,0.00095775
evt-20260726_002412,2026-07-26T00:29:49.353731-03:00,g3,32,False,95,TRAFFIC,False,,,False,False,,,,0.001254
evt-20260726_002658,2026-07-26T00:30:02.276390-03:00,g3,32,False,95,TRAFFIC,False,,,False,False,,,,0.00107175
evt-20260726_003009,2026-07-26T00:33:46.244098-03:00,g3,32,False,95,TRAFFIC,False,,,False,False,,,,0.00152475
evt-20260726_003253,2026-07-26T00:37:39.699094-03:00,g3,32,False,95,TRAFFIC,False,,,False,False,,,,0.00106425
evt-20260726_003613,2026-07-26T00:41:27.006867-03:00,g3,32,False,95,TRAFFIC,False,,,False,False,,,,0.00120375
evt-20260726_003817,2026-07-26T00:41:39.205996-03:00,g3,32,False,100,EMPTY,False,,,False,False,,,,0.0010065
evt-20260726_004107,2026-07-26T00:45:48.901959-03:00,g3,32,False,100,EMPTY,False,,,False,False,,,,0.000951
evt-20260726_004325,2026-07-26T00:46:00.702475-03:00,g3,32,False,95,PARKED,False,,,False,False,,,,0.0014115
evt-20260726_004545,2026-07-26T00:49:44.513178-03:00,g3,32,False,100,EMPTY,False,,,False,False,,,,0.00101025
evt-20260726_004823,2026-07-26T00:53:50.116173-03:00,g3,32,False,100,EMPTY,False,,,False,False,,,,0.0009015
evt-20260726_005147,2026-07-26T00:57:45.708289-03:00,g3,32,False,95,TRAFFIC,False,,,False,False,,,,0.0010275
evt-20260726_005453,2026-07-26T00:57:59.281496-03:00,g3,32,False,100,EMPTY,False,,,False,False,,,,0.000912
evt-20260726_010147,2026-07-26T01:05:17.829378-03:00,g3,32,False,100,EMPTY,False,,,False,False,,,,0.00108075
evt-20260726_010925,2026-07-26T01:12:39.933409-03:00,g3,32,False,100,EMPTY,False,,,False,False,,,,0.00113175
evt-20260726_011153,2026-07-26T01:16:34.742550-03:00,g3,32,False,100,EMPTY,False,,,False,False,,,,0.00091425
evt-20260726_011425,2026-07-26T01:16:47.675033-03:00,g3,32,False,100,EMPTY,False,,,False,False,,,,0.0010995
evt-20260726_011857,2026-07-26T01:24:05.675081-03:00,g3,32,False,100,EMPTY,False,,,False,False,,,,0.00094725
evt-20260726_012249,2026-07-26T01:27:58.242608-03:00,g3,32,False,100,EMPTY,False,,,False,False,,,,0.00107775
evt-20260726_012657,2026-07-26T01:31:37.289899-03:00,g3,32,False,95,TRAFFIC,False,,,False,False,,,,0.0010515
evt-20260726_013013,2026-07-26T01:35:32.971175-03:00,g3,32,False,95,TRAFFIC,False,,,False,False,,,,0.00104775
evt-20260726_013309,2026-07-26T01:35:46.004156-03:00,g3,32,False,100,EMPTY,False,,,False,False,,,,0.00099825
evt-20260726_013553,2026-07-26T01:39:29.759300-03:00,g3,32,False,100,EMPTY,False,,,False,False,,,,0.0010965
evt-20260726_013928,2026-07-26T01:43:24.700376-03:00,g3,32,False,100,EMPTY,False,,,False,False,,,,0.00108675
evt-20260726_014256,2026-07-26T01:47:07.664747-03:00,g3,32,False,100,EMPTY,False,,,False,False,,,,0.001041
evt-20260726_014538,2026-07-26T01:51:01.475946-03:00,g3,32,False,95,TRAFFIC,False,,,False,False,,,,0.00124875
evt-20260726_014836,2026-07-26T01:51:15.580859-03:00,g3,32,False,100,EMPTY,False,,,False,False,,,,0.00098475
evt-20260726_015048,2026-07-26T01:55:01.080155-03:00,g3,32,False,95,TRAFFIC,False,,,False,False,,,,0.000963
evt-20260726_015608,2026-07-26T01:58:54.489494-03:00,g3,32,False,95,TRAFFIC,False,,,False,False,,,,0.00100725
evt-20260726_020218,2026-07-26T02:06:19.292695-03:00,g3,32,True,90,DUMPING,True,True,90,True,False,,,,0.00341575
evt-20260726_020424,2026-07-26T02:10:08.407911-03:00,g3,32,False,100,TRAFFIC,False,,,False,False,,,,0.000966
evt-20260726_020708,2026-07-26T02:10:20.672560-03:00,g3,32,True,90,DUMPING,True,False,100,False,False,,,,0.003739
evt-20260726_021042,2026-07-26T02:14:21.289675-03:00,g3,32,False,100,EMPTY,False,,,False,False,,,,0.0011055
evt-20260726_022031,2026-07-26T02:25:31.213680-03:00,g3,32,False,100,EMPTY,False,,,False,False,,,,0.0009015
evt-20260726_022241,2026-07-26T02:25:43.003430-03:00,g3,32,False,95,TRAFFIC,False,,,False,False,,,,0.00103125
evt-20260726_022445,2026-07-26T02:29:28.000300-03:00,g3,32,False,100,EMPTY,False,,,False,False,,,,0.00097875
evt-20260726_023453,2026-07-26T02:37:04.542404-03:00,g3,32,False,100,EMPTY,False,,,False,False,,,,0.00092025
evt-20260726_023715,2026-07-26T02:40:47.931881-03:00,g3,32,False,100,EMPTY,False,,,False,False,,,,0.001083
evt-20260726_024023,2026-07-26T02:44:40.126707-03:00,g3,32,False,100,EMPTY,False,,,False,False,,,,0.0009975
evt-20260726_024339,2026-07-26T02:48:24.772015-03:00,g3,32,False,95,TRAFFIC,False,,,False,False,,,,0.00099525
evt-20260726_025121,2026-07-26T02:55:46.025376-03:00,g3,32,False,100,EMPTY,False,,,False,False,,,,0.00107475
evt-20260726_025859,2026-07-26T03:03:09.447334-03:00,g3,32,False,100,EMPTY,False,,,False,False,,,,0.0010815
evt-20260726_030301,2026-07-26T03:27:04.095821-03:00,g3,32,False,95,TRAFFIC,False,,,False,False,,,,0.001053
evt-20260726_030659,2026-07-26T03:27:16.227510-03:00,g3,32,False,95,TRAFFIC,False,,,False,False,,,,0.0010125
evt-20260726_030955,2026-07-26T03:27:29.165630-03:00,g3,32,False,100,EMPTY,False,,,False,False,,,,0.00095325
evt-20260726_031718,2026-07-26T03:27:40.190847-03:00,g3,32,False,100,EMPTY,False,,,False,False,,,,0.00108225
evt-20260726_032200,2026-07-26T03:27:53.756903-03:00,g3,32,False,100,TRAFFIC,False,,,False,False,,,,0.001182
evt-20260726_032404,2026-07-26T03:28:07.624166-03:00,g3,32,False,100,EMPTY,False,,,False,False,,,,0.00097425
evt-20260726_032810,2026-07-26T03:32:26.143645-03:00,g3,32,False,100,EMPTY,False,,,False,False,,,,0.00106575
evt-20260726_033306,2026-07-26T03:36:18.775114-03:00,g3,32,False,100,TRAFFIC,False,,,False,False,,,,0.00109125
evt-20260726_033826,2026-07-26T03:43:40.146940-03:00,g3,32,False,100,TRAFFIC,False,,,False,False,,,,0.00101175
evt-20260726_034414,2026-07-26T03:47:25.750504-03:00,g3,32,False,100,EMPTY,False,,,False,False,,,,0.00110475
evt-20260726_035003,2026-07-26T03:54:46.698038-03:00,g3,32,True,85,DUMPING,True,False,95,False,False,,,,0.0041395
evt-20260726_035355,2026-07-26T03:58:48.838481-03:00,g3,32,False,100,EMPTY,False,,,False,False,,,,0.00090675
evt-20260726_035755,2026-07-26T04:02:31.362872-03:00,g3,32,False,95,TRAFFIC,False,,,False,False,,,,0.00095625
evt-20260726_040603,2026-07-26T04:09:51.335671-03:00,g3,32,False,100,EMPTY,False,,,False,False,,,,0.001119
evt-20260726_040907,2026-07-26T04:13:48.509222-03:00,g3,32,False,100,EMPTY,False,,,False,False,,,,0.00119025
evt-20260726_041849,2026-07-26T04:21:09.705038-03:00,g3,32,False,95,TRAFFIC,False,,,False,False,,,,0.001017
evt-20260726_042617,2026-07-26T04:28:33.051492-03:00,g3,32,False,100,EMPTY,False,,,False,False,,,,0.00100575
evt-20260726_043121,2026-07-26T04:35:54.484542-03:00,g3,32,False,100,EMPTY,False,,,False,False,,,,0.00108375
evt-20260726_043705,2026-07-26T04:39:35.456050-03:00,g3,32,False,95,TRAFFIC,False,,,False,False,,,,0.00108225
evt-20260726_043909,2026-07-26T04:43:25.841185-03:00,g3,32,False,100,EMPTY,False,,,False,False,,,,0.00108975
evt-20260726_044155,2026-07-26T04:47:10.717346-03:00,g3,32,False,100,EMPTY,False,,,False,False,,,,0.00092025
evt-20260726_044605,2026-07-26T04:51:02.695310-03:00,g3,32,False,100,EMPTY,False,,,False,False,,,,0.0012375
evt-20260726_044951,2026-07-26T04:54:45.526323-03:00,g3,32,False,100,EMPTY,False,,,False,False,,,,0.001149
evt-20260726_045229,2026-07-26T04:54:59.809942-03:00,g3,32,False,95,TRAFFIC,False,,,False,False,,,,0.00101025
evt-20260726_045437,2026-07-26T04:58:50.988741-03:00,g3,32,False,90,TRAFFIC,False,,,False,False,,,,0.00130575
evt-20260726_045921,2026-07-26T05:02:35.530449-03:00,g3,32,False,100,EMPTY,False,,,False,False,,,,0.000987
evt-20260726_050141,2026-07-26T05:06:27.329783-03:00,g3,32,False,100,EMPTY,False,,,False,False,,,,0.00110175
evt-20260726_050655,2026-07-26T05:10:14.705816-03:00,g3,32,False,100,EMPTY,False,,,False,False,,,,0.00098475
evt-20260726_051325,2026-07-26T05:18:02.734645-03:00,g3,32,False,95,TRAFFIC,False,,,False,False,,,,0.001116
evt-20260726_052851,2026-07-26T05:33:12.797116-03:00,g3,32,False,100,EMPTY,False,,,False,False,,,,0.0009195
evt-20260726_053141,2026-07-26T05:37:14.999745-03:00,g3,32,False,100,TRAFFIC,False,,,False,False,,,,0.0011685
evt-20260726_053510,2026-07-26T05:41:14.077092-03:00,g3,32,False,100,EMPTY,False,,,False,False,,,,0.00107025
evt-20260726_053853,2026-07-26T05:41:27.638097-03:00,g3,32,False,100,TRAFFIC,False,,,False,False,,,,0.001152
evt-20260726_054657,2026-07-26T05:49:18.895786-03:00,g3,32,True,95,DUMPING,True,True,100,True,False,,,,0.0033865
evt-20260726_055029,2026-07-26T05:53:37.175624-03:00,g3,32,False,100,EMPTY,False,,,False,False,,,,0.00129375
evt-20260726_055341,2026-07-26T05:57:44.723377-03:00,g3,32,False,95,TRAFFIC,False,,,False,False,,,,0.00108975
evt-20260726_055635,2026-07-26T06:01:39.874948-03:00,g3,32,False,100,EMPTY,False,,,False,False,,,,0.0010305
evt-20260726_055917,2026-07-26T06:01:53.778923-03:00,g3,32,False,100,EMPTY,False,,,False,False,,,,0.00098625
evt-20260726_060653,2026-07-26T06:09:43.927986-03:00,g3,32,False,100,TRAFFIC,False,,,False,False,,,,0.000975
evt-20260726_061121,2026-07-26T06:14:05.512008-03:00,g3,32,True,90,DUMPING,True,True,85,True,False,,,,0.00366175
evt-20260726_061608,2026-07-26T06:18:47.341718-03:00,g3,32,False,95,TRAFFIC,False,,,False,False,,,,0.001062
evt-20260726_061838,2026-07-26T06:23:17.687053-03:00,g3,32,False,95,TRAFFIC,False,,,False,False,,,,0.0010185
evt-20260726_062209,2026-07-26T06:28:18.815961-03:00,g3,32,False,100,EMPTY,False,,,False,False,,,,0.001107
evt-20260726_062844,2026-07-26T06:32:22.518619-03:00,g3,32,False,85,TRAFFIC,False,,,False,False,,,,0.0016095
evt-20260726_063332,2026-07-26T06:36:24.113842-03:00,g3,32,False,95,TRAFFIC,False,,,False,False,,,,0.0010785
evt-20260726_063754,2026-07-26T06:40:29.298059-03:00,g3,32,False,95,TRAFFIC,False,,,False,False,,,,0.00111975
evt-20260726_064135,2026-07-26T06:44:27.208610-03:00,g3,32,False,100,TRAFFIC,False,,,False,False,,,,0.00094425
evt-20260726_064429,2026-07-26T06:48:31.606762-03:00,g3,32,False,100,TRAFFIC,False,,,False,False,,,,0.001098
evt-20260726_065121,2026-07-26T06:56:22.621318-03:00,g3,32,False,95,TRAFFIC,False,,,False,False,,,,0.00102375
evt-20260726_065751,2026-07-26T07:00:18.096931-03:00,g3,32,False,100,TRAFFIC,False,,,False,False,,,,0.00113025
evt-20260726_070229,2026-07-26T07:08:07.299513-03:00,g3,32,True,100,DUMPING,True,True,100,True,False,,,,0.003616
evt-20260726_070535,2026-07-26T07:08:27.362893-03:00,g3,32,False,85,TRAFFIC,False,,,False,False,,,,0.0013335
evt-20260726_070957,2026-07-26T07:12:35.004915-03:00,g3,32,False,100,EMPTY,False,,,False,False,,,,0.00091125
evt-20260726_071405,2026-07-26T07:16:48.290414-03:00,g3,32,False,95,TRAFFIC,False,,,False,False,,,,0.00110925
evt-20260726_072005,2026-07-26T07:25:27.055032-03:00,g3,32,True,85,DUMPING,True,True,100,True,True,76d092ae-9300-426b-85c5-44bcbd3826a1,REJEITADO,"Notamos aumento da volumetria, porém, não flagramos o momento do descarte.",0.0036445
evt-20260726_072213,2026-07-26T07:26:00.522842-03:00,g3,32,True,100,DUMPING,True,True,100,True,True,76d092ae-9300-426b-85c5-44bcbd3826a1,REJEITADO,"Notamos aumento da volumetria, porém, não flagramos o momento do descarte.",0.00375475
evt-20260726_072709,2026-07-26T07:30:48.490424-03:00,g3,32,False,95,TRAFFIC,False,,,False,False,,,,0.001011
evt-20260726_072913,2026-07-26T07:35:12.113953-03:00,g3,32,False,100,EMPTY,False,,,False,False,,,,0.000987
evt-20260726_073406,2026-07-26T07:39:28.487707-03:00,g3,32,False,95,TRAFFIC,False,,,False,False,,,,0.0012165
evt-20260726_074001,2026-07-26T07:43:25.278535-03:00,g3,32,False,100,TRAFFIC,False,,,False,False,,,,0.0011565
evt-20260726_074321,2026-07-26T07:47:29.468568-03:00,g3,32,False,95,TRAFFIC,False,,,False,False,,,,0.00106575
evt-20260726_074525,2026-07-26T07:51:54.193751-03:00,g3,32,False,95,TRAFFIC,False,,,False,False,,,,0.0009975
evt-20260726_074755,2026-07-26T07:52:07.067507-03:00,g3,32,False,95,TRAFFIC,False,,,False,False,,,,0.00107325
evt-20260726_075015,2026-07-26T07:56:20.997866-03:00,g3,32,False,95,TRAFFIC,False,,,False,False,,,,0.00105825
evt-20260726_075237,2026-07-26T07:56:33.338480-03:00,g3,32,False,100,TRAFFIC,False,,,False,False,,,,0.001128
evt-20260726_075441,2026-07-26T08:00:33.178510-03:00,g3,32,False,95,TRAFFIC,False,,,False,False,,,,0.00101925
evt-20260726_075921,2026-07-26T08:04:59.770963-03:00,g3,32,False,100,TRAFFIC,False,,,False,False,,,,0.00111225
evt-20260726_080305,2026-07-26T08:08:57.634295-03:00,g3,32,False,95,TRAFFIC,False,,,False,False,,,,0.0010095
evt-20260726_080921,2026-07-26T08:13:05.429540-03:00,g3,32,False,95,TRAFFIC,False,,,False,False,,,,0.00111075
evt-20260726_081606,2026-07-26T08:20:56.641034-03:00,g3,32,False,100,TRAFFIC,False,,,False,False,,,,0.00105675
evt-20260726_082318,2026-07-26T08:28:46.022426-03:00,g3,32,False,95,TRAFFIC,False,,,False,False,,,,0.0013545
evt-20260726_082606,2026-07-26T08:29:00.480453-03:00,g3,32,False,90,TRAFFIC,False,,,False,False,,,,0.00109725
evt-20260726_083127,2026-07-26T08:36:47.571068-03:00,g3,32,False,95,TRAFFIC,False,,,False,False,,,,0.0010485
evt-20260726_083403,2026-07-26T08:37:00.991447-03:00,g3,32,False,95,TRAFFIC,False,,,False,False,,,,0.00108075
evt-20260726_083737,2026-07-26T08:40:57.404558-03:00,g3,32,False,100,TRAFFIC,False,,,False,False,,,,0.00106275
evt-20260726_084009,2026-07-26T08:45:02.942622-03:00,g3,32,False,95,TRAFFIC,False,,,False,False,,,,0.00096375
evt-20260726_084247,2026-07-26T08:45:17.861193-03:00,g3,32,False,95,TRAFFIC,False,,,False,False,,,,0.0012135
evt-20260726_084705,2026-07-26T08:49:43.342150-03:00,g3,32,False,100,EMPTY,False,,,False,False,,,,0.000909
evt-20260726_084951,2026-07-26T08:53:40.858256-03:00,g3,32,False,95,TRAFFIC,False,,,False,False,,,,0.0010065
evt-20260726_085231,2026-07-26T08:57:46.060194-03:00,g3,32,False,100,TRAFFIC,False,,,False,False,,,,0.001146
evt-20260726_085555,2026-07-26T09:02:07.251416-03:00,g3,32,False,95,TRAFFIC,False,,,False,False,,,,0.00106425
evt-20260726_085811,2026-07-26T09:02:21.372014-03:00,g3,32,False,100,EMPTY,False,,,False,False,,,,0.0009975
evt-20260726_090140,2026-07-26T09:06:56.414674-03:00,g3,32,False,85,TRAFFIC,False,,,False,False,,,,0.0016485
evt-20260726_090501,2026-07-26T09:11:06.299677-03:00,g3,32,False,95,TRAFFIC,False,,,False,False,,,,0.0010215
evt-20260726_090759,2026-07-26T09:11:21.389991-03:00,g3,32,False,95,TRAFFIC,False,,,False,False,,,,0.000963
evt-20260726_091159,2026-07-26T09:16:43.931815-03:00,g3,32,False,100,EMPTY,False,,,False,False,,,,0.000975
evt-20260726_091857,2026-07-26T09:21:24.884981-03:00,g3,32,False,95,TRAFFIC,False,,,False,False,,,,0.0011595
evt-20260726_092101,2026-07-26T09:25:30.131915-03:00,g3,32,False,90,PARKED,False,,,False,False,,,,0.001023
evt-20260726_092515,2026-07-26T09:30:03.751463-03:00,g3,32,False,95,TRAFFIC,False,,,False,False,,,,0.00132225
evt-20260726_093049,2026-07-26T09:35:18.516605-03:00,g3,32,False,100,TRAFFIC,False,,,False,False,,,,0.000975
evt-20260726_093253,2026-07-26T09:35:32.213829-03:00,g3,32,False,100,TRAFFIC,False,,,False,False,,,,0.001104
evt-20260726_093601,2026-07-26T09:39:33.745003-03:00,g3,32,False,95,TRAFFIC,False,,,False,False,,,,0.00103425
evt-20260726_093819,2026-07-26T09:43:41.063341-03:00,g3,32,False,95,TRAFFIC,False,,,False,False,,,,0.00102075
evt-20260726_094443,2026-07-26T09:47:46.635413-03:00,g3,32,False,95,TRAFFIC,False,,,False,False,,,,0.0011175
evt-20260726_094647,2026-07-26T09:51:34.019420-03:00,g3,32,False,95,TRAFFIC,False,,,False,False,,,,0.001116
evt-20260726_095155,2026-07-26T09:55:30.463463-03:00,g3,32,False,95,TRAFFIC,False,,,False,False,,,,0.00104175
evt-20260726_095525,2026-07-26T09:59:15.721270-03:00,g3,32,False,100,EMPTY,False,,,False,False,,,,0.00097875
evt-20260726_100121,2026-07-26T10:06:59.443700-03:00,g3,32,False,95,TRAFFIC,False,,,False,False,,,,0.00099675
evt-20260726_100709,2026-07-26T10:10:57.171911-03:00,g3,32,True,90,DUMPING,True,False,90,False,False,,,,0.00388675
evt-20260726_101041,2026-07-26T10:15:08.067386-03:00,g3,32,True,95,DUMPING,True,True,90,True,False,,,,0.00384475
evt-20260726_101305,2026-07-26T10:19:31.735930-03:00,g3,32,True,95,DUMPING,True,True,90,True,True,467e5902-f1b3-4bd7-af11-b25c790f235c,CONFIRMADO,Descarte de grande parte confirmado.,0.00377875
evt-20260726_101539,2026-07-26T10:20:10.475509-03:00,g3,32,True,100,DUMPING,True,True,100,True,True,467e5902-f1b3-4bd7-af11-b25c790f235c,CONFIRMADO,Descarte de grande parte confirmado.,0.0036685
evt-20260726_101743,2026-07-26T10:24:53.035404-03:00,g3,32,True,100,DUMPING,True,True,100,True,True,467e5902-f1b3-4bd7-af11-b25c790f235c,CONFIRMADO,Descarte de grande parte confirmado.,0.0033985
evt-20260726_101947,2026-07-26T10:25:13.434220-03:00,g3,32,True,95,DUMPING,True,True,95,True,False,,,,0.0052585
evt-20260726_102211,2026-07-26T10:25:41.244833-03:00,g3,32,False,90,PARKED,False,,,False,False,,,,0.001134
evt-20260726_102529,2026-07-26T10:30:26.556279-03:00,g3,32,True,95,DUMPING,True,False,95,False,True,2d914d3f-84a0-4f41-a667-0343432d1ee1,CONFIRMADO,Descarte de grande porte confirmado.,0.00384175
evt-20260726_102839,2026-07-26T10:34:24.315024-03:00,g3,32,True,90,DUMPING,True,True,100,True,False,,,,0.004126
evt-20260726_103115,2026-07-26T10:34:46.087789-03:00,g3,32,True,95,DUMPING,True,True,95,True,False,,,,0.003412
evt-20260726_103413,2026-07-26T10:39:17.003952-03:00,g3,32,False,70,DUMPING,False,,,False,True,2d914d3f-84a0-4f41-a667-0343432d1ee1,CONFIRMADO,Descarte de grande porte confirmado.,0.00150825
evt-20260726_103617,2026-07-26T10:39:54.009077-03:00,g3,32,True,85,DUMPING,True,False,95,False,False,,,,0.00358225
evt-20260726_104013,2026-07-26T10:44:39.567480-03:00,g3,32,True,90,DUMPING,True,True,85,True,False,,,,0.00419125
evt-20260726_104231,2026-07-26T10:48:45.254090-03:00,g3,32,True,95,DUMPING,True,True,95,True,False,,,,0.00331
evt-20260726_104533,2026-07-26T10:49:05.588613-03:00,g3,32,True,95,DUMPING,True,True,85,True,False,,,,0.0036265
evt-20260726_104813,2026-07-26T10:53:02.181253-03:00,g3,32,True,90,DUMPING,True,True,85,True,False,,,,0.003796
evt-20260726_105036,2026-07-26T10:53:25.767364-03:00,g3,32,False,90,TRAFFIC,False,,,False,False,,,,0.00126
evt-20260726_105240,2026-07-26T10:58:01.093329-03:00,g3,32,True,90,DUMPING,True,True,85,True,False,,,,0.00373075
evt-20260726_105444,2026-07-26T10:58:25.380319-03:00,g3,32,False,95,TRAFFIC,False,,,False,False,,,,0.00095175
evt-20260726_105656,2026-07-26T11:02:34.228672-03:00,g3,32,False,100,TRAFFIC,False,,,False,False,,,,0.00106575
evt-20260726_105915,2026-07-26T11:02:49.103750-03:00,g3,32,True,90,DUMPING,True,True,95,True,False,,,,0.00365575
evt-20260726_110135,2026-07-26T11:07:31.355975-03:00,g3,32,False,100,TRAFFIC,False,,,False,False,,,,0.0011475
evt-20260726_110345,2026-07-26T11:07:45.261179-03:00,g3,32,True,90,DUMPING,True,True,90,True,False,,,,0.0038245
evt-20260726_110557,2026-07-26T11:12:24.640341-03:00,g3,32,True,95,DUMPING,True,True,100,True,False,,,,0.00364375
evt-20260726_110801,2026-07-26T11:12:45.099697-03:00,g3,32,False,90,DUMPING,False,,,False,False,,,,0.001464
evt-20260726_111007,2026-07-26T11:13:04.908344-03:00,g3,32,True,95,DUMPING,True,True,95,True,False,,,,0.00360025
evt-20260726_111221,2026-07-26T11:17:44.391363-03:00,g3,32,True,95,DUMPING,True,True,100,True,False,,,,0.004132
evt-20260726_111429,2026-07-26T11:18:23.007709-03:00,g3,32,True,95,DUMPING,True,True,100,True,True,9099cb30-8ac8-4cc6-b42a-5c1a800f79f2,REJEITADO,"Notamos aumento da volumetria, porém, não flagramos o momento do descarte.",0.003787
evt-20260726_111655,2026-07-26T11:23:35.407056-03:00,g3,32,False,75,DUMPING,False,,,False,False,,,,0.0014355
evt-20260726_112007,2026-07-26T11:23:51.632995-03:00,g3,32,False,85,TRAFFIC,False,,,False,False,,,,0.00149175
evt-20260726_112253,2026-07-26T11:28:43.344205-03:00,g3,32,True,100,DUMPING,True,True,95,True,True,bc6e1fb8-b9c4-4189-a266-19ca96fccda4,REJEITADO,Sem flagrante de descarte.,0.0034045
evt-20260726_112459,2026-07-26T11:29:02.810938-03:00,g3,32,True,95,DUMPING,True,False,95,False,False,,,,0.0043885
evt-20260726_112733,2026-07-26T11:33:57.782631-03:00,g3,32,False,90,PARKED,False,,,False,False,,,,0.00136725
evt-20260726_113023,2026-07-26T11:34:12.832145-03:00,g3,32,True,90,DUMPING,True,True,95,True,False,,,,0.0036055
evt-20260726_113227,2026-07-26T11:38:44.768641-03:00,g3,32,True,90,DUMPING,True,False,90,False,False,,,,0.00364
evt-20260726_113445,2026-07-26T11:39:05.631624-03:00,g3,32,False,90,TRAFFIC,False,,,False,False,,,,0.00142425
evt-20260726_113757,2026-07-26T11:43:33.135461-03:00,g3,32,True,90,DUMPING,True,False,90,False,False,,,,0.00505
evt-20260726_114201,2026-07-26T11:47:56.670876-03:00,g3,32,False,95,TRAFFIC,False,,,False,False,,,,0.0010635
evt-20260726_114405,2026-07-26T11:48:11.475097-03:00,g3,32,False,90,TRAFFIC,False,,,False,False,,,,0.0010485
evt-20260726_114623,2026-07-26T11:52:20.914688-03:00,g3,32,True,95,DUMPING,True,True,95,True,False,,,,0.003439
evt-20260726_114827,2026-07-26T11:52:54.820969-03:00,g3,32,True,90,DUMPING,True,True,100,True,True,7a86ce10-8f21-4e56-a60a-989c210746cf,REJEITADO,"Notamos aumento da volumetria, porém, não flagramos o momento do descarte.",0.00352375
evt-20260726_115301,2026-07-26T11:57:09.881768-03:00,g3,32,False,95,TRAFFIC,False,,,False,False,,,,0.0014655
evt-20260726_115505,2026-07-26T12:01:02.641968-03:00,g3,32,True,90,DUMPING,True,True,85,True,False,,,,0.00429025
evt-20260726_115841,2026-07-26T12:02:33.265848-03:00,g3,32,True,95,DUMPING,True,True,95,True,False,,,,0.003589
evt-20260726_120125,2026-07-26T12:06:59.630019-03:00,g3,32,False,100,TRAFFIC,False,,,False,False,,,,0.00113175
evt-20260726_120357,2026-07-26T12:07:14.834507-03:00,g3,32,False,95,TRAFFIC,False,,,False,False,,,,0.000984
evt-20260726_120613,2026-07-26T12:11:06.546765-03:00,g3,32,False,95,TRAFFIC,False,,,False,False,,,,0.00130875
evt-20260726_120921,2026-07-26T12:14:53.908355-03:00,g3,32,False,90,TRAFFIC,False,,,False,False,,,,0.00117225
evt-20260726_121229,2026-07-26T12:15:13.143544-03:00,g3,32,False,85,TRAFFIC,False,,,False,False,,,,0.001104
evt-20260726_121531,2026-07-26T12:19:14.457777-03:00,g3,32,False,95,TRAFFIC,False,,,False,False,,,,0.00099075
evt-20260726_121753,2026-07-26T12:23:07.957708-03:00,g3,32,False,95,TRAFFIC,False,,,False,False,,,,0.00099075
evt-20260726_122006,2026-07-26T12:23:21.253441-03:00,g3,32,False,90,TRAFFIC,False,,,False,False,,,,0.00138975
evt-20260726_122222,2026-07-26T12:27:25.300885-03:00,g3,32,True,95,DUMPING,True,True,85,True,False,,,,0.00386275
evt-20260726_122510,2026-07-26T12:32:18.580568-03:00,g3,32,True,95,DUMPING,True,True,85,True,False,,,,0.00409
evt-20260726_122942,2026-07-26T12:32:44.955513-03:00,g3,32,False,95,TRAFFIC,False,,,False,False,,,,0.0010155
evt-20260726_123221,2026-07-26T12:37:02.478875-03:00,g3,32,False,95,TRAFFIC,False,,,False,False,,,,0.00118875
evt-20260726_123439,2026-07-26T12:37:15.912394-03:00,g3,32,False,95,TRAFFIC,False,,,False,False,,,,0.00098775
evt-20260726_123731,2026-07-26T12:41:11.664016-03:00,g3,32,True,100,DUMPING,True,True,85,True,False,,,,0.00403
evt-20260726_124009,2026-07-26T12:45:28.235873-03:00,g3,32,True,95,DUMPING,True,True,100,True,True,cb460c7f-9be0-428e-9e0d-26d68428cfb6,REJEITADO,"Notamos aumento da volumetria, porém, não flagramos o momento do descarte.",0.00370375
evt-20260726_124237,2026-07-26T12:45:49.793372-03:00,g3,32,False,95,TRAFFIC,False,,,False,False,,,,0.00129225
evt-20260726_124507,2026-07-26T12:50:18.642524-03:00,g3,32,False,95,TRAFFIC,False,,,False,False,,,,0.001422
evt-20260726_124833,2026-07-26T12:54:06.347379-03:00,g3,32,True,95,DUMPING,True,True,95,True,False,,,,0.00454375
evt-20260726_125117,2026-07-26T12:54:30.938894-03:00,g3,32,False,95,TRAFFIC,False,,,False,False,,,,0.001047
evt-20260726_125355,2026-07-26T12:58:30.829694-03:00,g3,32,False,100,TRAFFIC,False,,,False,False,,,,0.0011625
evt-20260726_125605,2026-07-26T12:58:44.244790-03:00,g3,32,False,100,EMPTY,False,,,False,False,,,,0.00095325
evt-20260726_130023,2026-07-26T13:02:39.832883-03:00,g3,32,False,100,EMPTY,False,,,False,False,,,,0.00095925
evt-20260726_130303,2026-07-26T13:06:29.680696-03:00,g3,32,False,95,PARKED,False,,,False,False,,,,0.00109725
evt-20260726_130800,2026-07-26T13:10:26.374936-03:00,g3,32,False,95,TRAFFIC,False,,,False,False,,,,0.000939
evt-20260726_131013,2026-07-26T13:14:18.798725-03:00,g3,32,False,95,PARKED,False,,,False,False,,,,0.000957
evt-20260726_131507,2026-07-26T13:18:12.764373-03:00,g3,32,False,95,TRAFFIC,False,,,False,False,,,,0.00102675
evt-20260726_131733,2026-07-26T13:22:06.053131-03:00,g3,32,False,95,TRAFFIC,False,,,False,False,,,,0.00110925
evt-20260726_132215,2026-07-26T13:26:01.268917-03:00,g3,31,False,95,TRAFFIC,False,,,False,False,,,,0.00113325
evt-20260726_132611,2026-07-26T13:29:53.082638-03:00,g3,32,True,85,DUMPING,True,True,100,True,False,,,,0.00373825
evt-20260726_133131,2026-07-26T13:33:59.771845-03:00,g3,32,True,100,DUMPING,True,True,100,True,False,,,,0.00358675
evt-20260726_133407,2026-07-26T13:38:05.979490-03:00,g3,19,False,95,TRAFFIC,False,,,False,False,,,,0.00155175
evt-20260726_133609,2026-07-26T13:38:20.776624-03:00,g3,14,False,100,TRAFFIC,False,,,False,False,,,,0.00098025
evt-20260726_133713,2026-07-26T13:42:11.039012-03:00,g3,32,False,100,EMPTY,False,,,False,False,,,,0.0010095
evt-20260726_134027,2026-07-26T13:46:06.022719-03:00,g3,32,False,100,TRAFFIC,False,,,False,False,,,,0.00115425
evt-20260726_134421,2026-07-26T13:46:18.374841-03:00,g3,11,False,100,TRAFFIC,False,,,False,False,,,,0.00106425
evt-20260726_134943,2026-07-26T13:53:58.435482-03:00,g3,21,False,85,PARKED,False,,,False,False,,,,0.00136425
evt-20260726_135427,2026-07-26T13:57:59.322672-03:00,g3,8,False,95,TRAFFIC,False,,,False,False,,,,0.001041
evt-20260726_140130,2026-07-26T14:02:03.191565-03:00,g3,7,False,100,TRAFFIC,False,,,False,False,,,,0.00111975
evt-20260726_140837,2026-07-26T14:09:33.756294-03:00,g3,6,False,95,TRAFFIC,False,,,False,False,,,,0.00102675
evt-20260726_141227,2026-07-26T14:16:59.152738-03:00,g3,22,False,100,TRAFFIC,False,,,False,False,,,,0.00106575
evt-20260726_141544,2026-07-26T14:17:10.891937-03:00,g3,8,False,100,EMPTY,False,,,False,False,,,,0.0010635
evt-20260726_144031,2026-07-26T14:43:12.554297-03:00,g3,16,False,100,TRAFFIC,False,,,False,False,,,,0.00115575
evt-20260726_144435,2026-07-26T14:46:58.193119-03:00,g3,6,False,100,EMPTY,False,,,False,False,,,,0.00107625
evt-20260726_144807,2026-07-26T14:51:00.438535-03:00,g3,6,False,95,TRAFFIC,False,,,False,False,,,,0.00133125
evt-20260726_145045,2026-07-26T14:54:48.996567-03:00,g3,32,False,95,TRAFFIC,False,,,False,False,,,,0.00127425
evt-20260726_145427,2026-07-26T14:58:45.516535-03:00,g3,20,False,95,TRAFFIC,False,,,False,False,,,,0.001047
evt-20260726_150548,2026-07-26T15:10:21.493652-03:00,g3,15,False,100,EMPTY,False,,,False,False,,,,0.00099
evt-20260726_151119,2026-07-26T15:14:19.564318-03:00,g3,16,False,95,TRAFFIC,False,,,False,False,,,,0.00108075
evt-20260726_153417,2026-07-26T15:37:13.224382-03:00,g3,6,False,95,TRAFFIC,False,,,False,False,,,,0.00114225
evt-20260726_153813,2026-07-26T15:41:15.348949-03:00,g3,28,False,85,TRAFFIC,False,,,False,False,,,,0.00129525
evt-20260726_154611,2026-07-26T15:48:50.630605-03:00,g3,6,False,100,EMPTY,False,,,False,False,,,,0.001299
evt-20260726_154649,2026-07-26T15:49:02.510471-03:00,g3,6,False,100,TRAFFIC,False,,,False,False,,,,0.001239
evt-20260726_155429,2026-07-26T15:56:29.950886-03:00,g3,6,False,95,TRAFFIC,False,,,False,False,,,,0.00111975
evt-20260726_160515,2026-07-26T16:07:52.311617-03:00,g3,23,False,95,TRAFFIC,False,,,False,False,,,,0.00104175
evt-20260726_162657,2026-07-26T16:30:04.459933-03:00,g3,8,False,100,EMPTY,False,,,False,False,,,,0.0012555
evt-20260726_162941,2026-07-26T16:33:58.094126-03:00,g3,20,False,95,TRAFFIC,False,,,False,False,,,,0.00094575
evt-20260726_163141,2026-07-26T16:34:08.770443-03:00,g3,8,False,100,EMPTY,False,,,False,False,,,,0.00093825
evt-20260726_165709,2026-07-26T16:59:46.210124-03:00,g3,15,False,90,TRAFFIC,False,,,False,False,,,,0.00164175
evt-20260726_170103,2026-07-26T17:03:54.389851-03:00,g3,8,False,100,EMPTY,False,,,False,False,,,,0.0009885
evt-20260726_171247,2026-07-26T17:15:35.131255-03:00,g3,18,True,95,DUMPING,True,False,95,False,False,,,,0.0080475
evt-20260726_174052,2026-07-26T17:44:14.592722-03:00,g3,17,True,100,DUMPING,True,True,100,True,False,,,,0.00279925
evt-20260726_174309,2026-07-26T17:44:31.919121-03:00,g3,14,False,95,TRAFFIC,False,,,False,False,,,,0.001206
evt-20260726_174511,2026-07-26T17:49:13.961240-03:00,g3,9,False,95,TRAFFIC,False,,,False,False,,,,0.00104325
evt-20260726_174619,2026-07-26T17:49:25.806438-03:00,g3,23,False,95,TRAFFIC,False,,,False,False,,,,0.00094275
evt-20260726_175007,2026-07-26T17:54:11.625386-03:00,g3,10,False,100,EMPTY,False,,,False,False,,,,0.0009015
evt-20260726_175921,2026-07-26T18:02:26.445098-03:00,g3,17,True,95,DUMPING,True,True,100,True,False,,,,0.003316
evt-20260726_180055,2026-07-26T18:02:45.853036-03:00,g3,7,False,100,TRAFFIC,False,,,False,False,,,,0.000993
evt-20260726_180309,2026-07-26T18:06:44.571159-03:00,g3,9,False,95,TRAFFIC,False,,,False,False,,,,0.00096225
evt-20260726_180503,2026-07-26T18:06:55.340790-03:00,g3,8,False,100,EMPTY,False,,,False,False,,,,0.000984
evt-20260726_180649,2026-07-26T18:10:53.242300-03:00,g3,10,False,90,TRAFFIC,False,,,False,False,,,,0.00151875
evt-20260726_181111,2026-07-26T18:14:53.606264-03:00,g3,32,True,95,DUMPING,True,True,85,True,False,,,,0.003745
evt-20260726_181333,2026-07-26T18:19:32.083935-03:00,g3,32,False,100,EMPTY,False,,,False,False,,,,0.0009255
evt-20260726_181545,2026-07-26T18:19:43.126710-03:00,g3,12,False,95,TRAFFIC,False,,,False,False,,,,0.00106125
evt-20260726_181959,2026-07-26T18:23:39.938520-03:00,g3,12,False,95,TRAFFIC,False,,,False,False,,,,0.001029
evt-20260726_182101,2026-07-26T18:23:51.715356-03:00,g3,16,False,95,TRAFFIC,False,,,False,False,,,,0.00112725
evt-20260726_182225,2026-07-26T18:24:03.563185-03:00,g3,13,False,100,EMPTY,False,,,False,False,,,,0.00104175
evt-20260726_182623,2026-07-26T18:31:57.563520-03:00,g3,32,False,100,EMPTY,False,,,False,False,,,,0.00095025
evt-20260726_182837,2026-07-26T18:32:10.126894-03:00,g3,30,False,95,TRAFFIC,False,,,False,False,,,,0.001143
evt-20260726_183041,2026-07-26T18:32:22.968485-03:00,g3,12,True,85,DUMPING,True,False,100,False,False,,,,0.0025065
evt-20260726_183149,2026-07-26T18:37:47.699764-03:00,g3,32,False,100,EMPTY,False,,,False,False,,,,0.00100275
evt-20260726_183405,2026-07-26T18:38:00.831960-03:00,g3,32,False,95,TRAFFIC,False,,,False,False,,,,0.0009525
evt-20260726_183707,2026-07-26T18:42:35.731331-03:00,g3,22,False,95,TRAFFIC,False,,,False,False,,,,0.001086
evt-20260726_183953,2026-07-26T18:42:47.815009-03:00,g3,13,False,100,TRAFFIC,False,,,False,False,,,,0.0011505
evt-20260726_184043,2026-07-26T18:43:01.023229-03:00,g3,17,False,100,TRAFFIC,False,,,False,False,,,,0.001101
evt-20260726_184201,2026-07-26T18:47:12.902105-03:00,g3,32,False,95,TRAFFIC,False,,,False,False,,,,0.001053
evt-20260726_184527,2026-07-26T18:47:24.175885-03:00,g3,16,False,95,TRAFFIC,False,,,False,False,,,,0.00101475
evt-20260726_184637,2026-07-26T18:51:51.449284-03:00,g3,32,False,95,TRAFFIC,False,,,False,False,,,,0.0010965
evt-20260726_185011,2026-07-26T18:55:44.652120-03:00,g3,32,True,90,DUMPING,True,False,100,False,False,,,,0.00341275
evt-20260726_185247,2026-07-26T18:56:04.312407-03:00,g3,32,False,95,TRAFFIC,False,,,False,False,,,,0.0011985
evt-20260726_185541,2026-07-26T19:00:45.264501-03:00,g3,31,False,95,EMPTY,False,,,False,False,,,,0.001164
evt-20260726_185923,2026-07-26T19:00:57.790057-03:00,g3,16,False,95,TRAFFIC,False,,,False,False,,,,0.00118725
evt-20260726_190243,2026-07-26T19:05:03.345485-03:00,g3,24,False,100,EMPTY,False,,,False,False,,,,0.00122775
evt-20260726_190431,2026-07-26T19:09:13.428637-03:00,g3,32,False,100,TRAFFIC,False,,,False,False,,,,0.000996
evt-20260726_190711,2026-07-26T19:13:11.609514-03:00,g3,32,False,95,EMPTY,False,,,False,False,,,,0.00101325
evt-20260726_191119,2026-07-26T19:17:20.659165-03:00,g3,32,False,100,EMPTY,False,,,False,False,,,,0.00090075
evt-20260726_191648,2026-07-26T19:21:14.084550-03:00,g3,24,False,85,TRAFFIC,False,,,False,False,,,,0.00127275
evt-20260726_191853,2026-07-26T19:21:31.472628-03:00,g3,32,False,100,EMPTY,False,,,False,False,,,,0.000912
evt-20260726_192301,2026-07-26T19:25:50.523986-03:00,g3,32,True,85,DUMPING,True,False,100,False,False,,,,0.0035065
evt-20260726_192517,2026-07-26T19:29:36.988889-03:00,g3,22,False,100,EMPTY,False,,,False,False,,,,0.00118275
evt-20260726_192721,2026-07-26T19:29:49.279545-03:00,g3,17,False,100,EMPTY,False,,,False,False,,,,0.00096825
evt-20260726_192929,2026-07-26T19:33:39.515251-03:00,g3,11,False,95,TRAFFIC,False,,,False,False,,,,0.00092175
evt-20260726_193055,2026-07-26T19:33:51.014026-03:00,g3,15,True,95,DUMPING,True,True,100,True,False,,,,0.00297525
evt-20260726_193329,2026-07-26T19:37:38.662030-03:00,g3,32,False,95,EMPTY,False,,,False,False,,,,0.00112575
evt-20260726_193703,2026-07-26T19:41:43.435883-03:00,g3,32,False,100,TRAFFIC,False,,,False,False,,,,0.00129
evt-20260726_193949,2026-07-26T19:42:03.252687-03:00,g3,15,False,85,PARKED,False,,,False,False,,,,0.00135975
evt-20260726_194157,2026-07-26T19:46:20.720952-03:00,g3,32,False,60,DUMPING,False,,,False,False,,,,0.00201825
evt-20260726_194401,2026-07-26T19:46:46.957677-03:00,g3,32,False,100,TRAFFIC,False,,,False,False,,,,0.0012225
evt-20260726_194619,2026-07-26T19:51:03.710180-03:00,g3,32,False,100,TRAFFIC,False,,,False,False,,,,0.001248
evt-20260726_194823,2026-07-26T19:51:27.283697-03:00,g3,32,False,100,TRAFFIC,False,,,False,False,,,,0.00145275
evt-20260726_195029,2026-07-26T19:55:41.122751-03:00,g3,32,False,100,TRAFFIC,False,,,False,False,,,,0.0013485
evt-20260726_195437,2026-07-26T19:59:47.623226-03:00,g3,18,False,100,EMPTY,False,,,False,False,,,,0.00098475
evt-20260726_195611,2026-07-26T20:00:01.344972-03:00,g3,32,False,100,EMPTY,False,,,False,False,,,,0.000912
evt-20260726_195931,2026-07-26T20:03:57.533594-03:00,g3,11,False,95,TRAFFIC,False,,,False,False,,,,0.001179
evt-20260726_200013,2026-07-26T20:04:11.366763-03:00,g3,26,False,95,TRAFFIC,False,,,False,False,,,,0.00103725
evt-20260726_200229,2026-07-26T20:04:23.521691-03:00,g3,6,False,95,TRAFFIC,False,,,False,False,,,,0.0012585
evt-20260726_200539,2026-07-26T20:08:05.187043-03:00,g3,30,False,100,TRAFFIC,False,,,False,False,,,,0.00110175
evt-20260726_200805,2026-07-26T20:11:53.622305-03:00,g3,8,False,100,TRAFFIC,False,,,False,False,,,,0.00097875
evt-20260726_200849,2026-07-26T20:12:05.241684-03:00,g3,32,False,95,TRAFFIC,False,,,False,False,,,,0.00107775
evt-20260726_201103,2026-07-26T20:12:15.242316-03:00,g3,8,False,100,TRAFFIC,False,,,False,False,,,,0.0009345
evt-20260726_201247,2026-07-26T20:16:10.180866-03:00,g3,32,True,95,DUMPING,True,False,95,False,False,,,,0.0039085
evt-20260726_201459,2026-07-26T20:16:29.963164-03:00,g3,7,False,100,TRAFFIC,False,,,False,False,,,,0.00101925
evt-20260726_201601,2026-07-26T20:21:24.785509-03:00,g3,7,True,95,DUMPING,True,False,95,False,False,,,,0.00251
evt-20260726_201637,2026-07-26T20:21:41.140413-03:00,g3,8,False,95,TRAFFIC,False,,,False,False,,,,0.0010965
evt-20260726_201737,2026-07-26T20:21:51.138951-03:00,g3,7,False,100,EMPTY,False,,,False,False,,,,0.00112275
evt-20260726_201917,2026-07-26T20:22:07.777235-03:00,g3,8,False,95,TRAFFIC,False,,,False,False,,,,0.00111225
evt-20260726_201951,2026-07-26T20:22:18.556935-03:00,g3,6,False,95,TRAFFIC,False,,,False,False,,,,0.000942
evt-20260726_202039,2026-07-26T20:26:36.446430-03:00,g3,22,False,95,TRAFFIC,False,,,False,False,,,,0.00115425
evt-20260726_202321,2026-07-26T20:26:51.261237-03:00,g3,30,False,100,EMPTY,False,,,False,False,,,,0.00108675
evt-20260726_202601,2026-07-26T20:27:03.585951-03:00,g3,7,False,95,TRAFFIC,False,,,False,False,,,,0.0009435
evt-20260726_202841,2026-07-26T20:30:51.838304-03:00,g3,22,False,100,TRAFFIC,False,,,False,False,,,,0.00110325
evt-20260726_203325,2026-07-26T20:34:31.527009-03:00,g3,8,False,100,TRAFFIC,False,,,False,False,,,,0.00105675
evt-20260726_203445,2026-07-26T20:38:20.480851-03:00,g3,11,False,95,TRAFFIC,False,,,False,False,,,,0.0010665
evt-20260726_204107,2026-07-26T20:42:00.576423-03:00,g3,7,False,100,EMPTY,False,,,False,False,,,,0.00092025
evt-20260726_204327,2026-07-26T20:45:45.567108-03:00,g3,8,False,100,TRAFFIC,False,,,False,False,,,,0.0009855
evt-20260726_204355,2026-07-26T20:45:56.323048-03:00,g3,6,False,100,TRAFFIC,False,,,False,False,,,,0.00098025
evt-20260726_204425,2026-07-26T20:46:06.644746-03:00,g3,10,False,100,TRAFFIC,False,,,False,False,,,,0.00098175
evt-20260726_204527,2026-07-26T20:49:45.697493-03:00,g3,7,False,100,TRAFFIC,False,,,False,False,,,,0.001095
evt-20260726_204627,2026-07-26T20:49:56.621069-03:00,g3,6,False,100,TRAFFIC,False,,,False,False,,,,0.000945
evt-20260726_205153,2026-07-26T20:53:45.157308-03:00,g3,10,False,100,EMPTY,False,,,False,False,,,,0.00104025
evt-20260726_205359,2026-07-26T20:57:43.177038-03:00,g3,12,False,95,TRAFFIC,False,,,False,False,,,,0.00103275
evt-20260726_205613,2026-07-26T20:57:54.068331-03:00,g3,17,False,100,EMPTY,False,,,False,False,,,,0.000933
evt-20260726_205729,2026-07-26T21:01:32.946489-03:00,g3,15,False,100,TRAFFIC,False,,,False,False,,,,0.0010455
evt-20260726_205909,2026-07-26T21:01:46.446439-03:00,g3,26,False,95,TRAFFIC,False,,,False,False,,,,0.00104175
evt-20260726_210133,2026-07-26T21:05:33.974576-03:00,g3,10,False,100,EMPTY,False,,,False,False,,,,0.0010185
evt-20260726_210217,2026-07-26T21:05:46.628477-03:00,g3,10,False,100,TRAFFIC,False,,,False,False,,,,0.00092925
evt-20260726_210727,2026-07-26T21:09:41.169063-03:00,g3,7,False,95,TRAFFIC,False,,,False,False,,,,0.00101625
evt-20260726_210957,2026-07-26T21:13:22.850862-03:00,g3,6,False,100,EMPTY,False,,,False,False,,,,0.00100275
evt-20260726_211512,2026-07-26T21:17:11.849975-03:00,g3,13,False,100,EMPTY,False,,,False,False,,,,0.00098175
evt-20260726_211821,2026-07-26T21:20:53.016047-03:00,g3,11,False,95,TRAFFIC,False,,,False,False,,,,0.00099375
evt-20260726_212015,2026-07-26T21:21:03.714152-03:00,g3,6,False,95,TRAFFIC,False,,,False,False,,,,0.00106275
evt-20260726_212131,2026-07-26T21:24:52.374146-03:00,g3,9,False,95,TRAFFIC,False,,,False,False,,,,0.001035
evt-20260726_212217,2026-07-26T21:25:03.599255-03:00,g3,7,False,95,TRAFFIC,False,,,False,False,,,,0.0010905
evt-20260726_212335,2026-07-26T21:25:16.060206-03:00,g3,7,False,100,EMPTY,False,,,False,False,,,,0.0011685
evt-20260726_212507,2026-07-26T21:29:16.580203-03:00,g3,13,False,100,EMPTY,False,,,False,False,,,,0.000969
evt-20260726_212659,2026-07-26T21:29:27.234377-03:00,g3,18,False,75,DUMPING,False,,,False,False,,,,0.00150675
evt-20260726_213220,2026-07-26T21:36:49.687542-03:00,g3,32,False,95,TRAFFIC,False,,,False,False,,,,0.00112125
evt-20260726_214211,2026-07-26T21:44:18.287822-03:00,g3,16,False,100,EMPTY,False,,,False,False,,,,0.001014
evt-20260726_214829,2026-07-26T21:51:52.418818-03:00,g3,8,False,100,TRAFFIC,False,,,False,False,,,,0.00108075
evt-20260726_215117,2026-07-26T21:55:33.952746-03:00,g3,19,False,95,TRAFFIC,False,,,False,False,,,,0.0013905
evt-20260726_215307,2026-07-26T21:55:46.958561-03:00,g3,6,False,100,TRAFFIC,False,,,False,False,,,,0.0010125
evt-20260726_215355,2026-07-26T21:55:58.498188-03:00,g3,7,False,100,EMPTY,False,,,False,False,,,,0.000996
evt-20260726_215627,2026-07-26T21:59:47.532061-03:00,g3,7,False,95,TRAFFIC,False,,,False,False,,,,0.00107775
evt-20260726_215751,2026-07-26T21:59:59.371516-03:00,g3,8,False,95,TRAFFIC,False,,,False,False,,,,0.0009945
evt-20260726_220233,2026-07-26T22:03:39.753440-03:00,g3,8,False,100,TRAFFIC,False,,,False,False,,,,0.00093
evt-20260726_220735,2026-07-26T22:10:57.112891-03:00,g3,8,False,100,EMPTY,False,,,False,False,,,,0.00098775
evt-20260726_221105,2026-07-26T22:14:53.782815-03:00,g3,11,False,100,EMPTY,False,,,False,False,,,,0.00095175
evt-20260726_221509,2026-07-26T22:18:41.606200-03:00,g3,9,False,100,TRAFFIC,False,,,False,False,,,,0.0011055
evt-20260726_222441,2026-07-26T22:26:00.936968-03:00,g3,7,False,100,TRAFFIC,False,,,False,False,,,,0.001008
evt-20260726_222759,2026-07-26T22:30:18.486087-03:00,g3,24,False,95,TRAFFIC,False,,,False,False,,,,0.00113175
evt-20260726_223553,2026-07-26T22:38:06.001791-03:00,g3,8,True,95,DUMPING,True,False,100,False,False,,,,0.00773425
evt-20260726_223751,2026-07-26T22:42:28.808157-03:00,g3,7,False,100,EMPTY,False,,,False,False,,,,0.000957
evt-20260726_224145,2026-07-26T22:42:39.056319-03:00,g3,6,False,100,TRAFFIC,False,,,False,False,,,,0.00101025
evt-20260726_224357,2026-07-26T22:46:28.651190-03:00,g3,8,False,95,TRAFFIC,False,,,False,False,,,,0.00099825
evt-20260726_224507,2026-07-26T22:46:37.449301-03:00,g3,9,False,100,EMPTY,False,,,False,False,,,,0.0009375
evt-20260726_224557,2026-07-26T22:50:34.331818-03:00,g3,19,False,100,TRAFFIC,False,,,False,False,,,,0.00103125
evt-20260726_224911,2026-07-26T22:50:44.598702-03:00,g3,11,False,100,TRAFFIC,False,,,False,False,,,,0.0010755
evt-20260726_225533,2026-07-26T22:58:22.390014-03:00,g3,6,False,100,EMPTY,False,,,False,False,,,,0.001068
evt-20260726_230001,2026-07-26T23:02:12.114715-03:00,g3,14,False,100,EMPTY,False,,,False,False,,,,0.00110625
evt-20260726_230931,2026-07-26T23:13:33.800973-03:00,g3,7,False,100,TRAFFIC,False,,,False,False,,,,0.000987
evt-20260726_231307,2026-07-26T23:17:20.778859-03:00,g3,7,False,100,EMPTY,False,,,False,False,,,,0.00089775
evt-20260726_231735,2026-07-26T23:21:15.887878-03:00,g3,11,False,100,EMPTY,False,,,False,False,,,,0.00094125
evt-20260726_232007,2026-07-26T23:21:27.254097-03:00,g3,7,False,100,EMPTY,False,,,False,False,,,,0.00107025
evt-20260726_232455,2026-07-26T23:29:04.670067-03:00,g3,8,False,100,TRAFFIC,False,,,False,False,,,,0.00111375
evt-20260726_232615,2026-07-26T23:29:17.093022-03:00,g3,12,False,95,EMPTY,False,,,False,False,,,,0.001116
evt-20260726_232927,2026-07-26T23:33:11.531537-03:00,g3,17,True,95,DUMPING,True,True,100,True,False,,,,0.002722
evt-20260726_233605,2026-07-26T23:37:15.522447-03:00,g3,13,False,100,EMPTY,False,,,False,False,,,,0.00086175
evt-20260726_233943,2026-07-26T23:41:03.297481-03:00,g3,13,False,100,EMPTY,False,,,False,False,,,,0.00103875
evt-20260726_234109,2026-07-26T23:45:03.646908-03:00,g3,24,False,100,EMPTY,False,,,False,False,,,,0.00104475
evt-20260726_234311,2026-07-26T23:45:14.683254-03:00,g3,24,False,100,EMPTY,False,,,False,False,,,,0.000891
evt-20260726_234655,2026-07-26T23:49:06.613990-03:00,g3,9,False,95,TRAFFIC,False,,,False,False,,,,0.001083
evt-20260726_234829,2026-07-26T23:53:04.453983-03:00,g3,23,False,100,EMPTY,False,,,False,False,,,,0.0009855
evt-20260726_235013,2026-07-26T23:53:16.796738-03:00,g3,17,False,100,EMPTY,False,,,False,False,,,,0.00093825
evt-20260726_235205,2026-07-26T23:53:27.932535-03:00,g3,7,False,100,EMPTY,False,,,False,False,,,,0.00098325
evt-20260726_235335,2026-07-26T23:57:18.657909-03:00,g3,8,False,100,EMPTY,False,,,False,False,,,,0.000921
evt-20260726_235521,2026-07-26T23:57:30.210961-03:00,g3,7,False,100,EMPTY,False,,,False,False,,,,0.00144525
evt-20260726_235559,2026-07-26T23:57:42.614619-03:00,g3,8,False,100,TRAFFIC,False,,,False,False,,,,0.00095475
evt-20260726_235723,2026-07-27T00:01:44.169434-03:00,g3,8,False,100,EMPTY,False,,,False,False,,,,0.00091425
evt-20260726_235807,2026-07-27T00:01:55.237439-03:00,g3,6,False,0,DUMPING,False,,,False,False,,,,0.00167475
evt-20260726_235921,2026-07-27T00:02:09.697650-03:00,g3,7,False,100,EMPTY,False,,,False,False,,,,0.000996
evt-20260727_000207,2026-07-27T00:06:39.199321-03:00,g3,10,False,100,EMPTY,False,,,False,False,,,,0.0010125
evt-20260727_000255,2026-07-27T00:06:50.533125-03:00,g3,7,False,100,EMPTY,False,,,False,False,,,,0.001026
evt-20260727_000325,2026-07-27T00:07:02.220280-03:00,g3,11,True,95,DUMPING,True,False,100,False,False,,,,0.00264925
evt-20260727_000621,2026-07-27T00:11:29.311703-03:00,g3,13,False,100,EMPTY,False,,,False,False,,,,0.0009105
evt-20260727_000709,2026-07-27T00:11:39.105239-03:00,g3,6,False,100,EMPTY,False,,,False,False,,,,0.00094575
evt-20260727_000733,2026-07-27T00:11:51.219781-03:00,g3,19,True,95,DUMPING,True,False,100,False,False,,,,0.00309875
evt-20260727_001313,2026-07-27T00:16:13.247442-03:00,g3,21,False,95,TRAFFIC,False,,,False,False,,,,0.001116
evt-20260727_001437,2026-07-27T00:20:51.872405-03:00,g3,32,False,100,EMPTY,False,,,False,False,,,,0.00090975
evt-20260727_001649,2026-07-27T00:21:04.645869-03:00,g3,11,True,85,DUMPING,True,False,100,False,False,,,,0.00264625
evt-20260727_001829,2026-07-27T00:21:26.327005-03:00,g3,32,False,100,EMPTY,False,,,False,False,,,,0.0010155
evt-20260727_002107,2026-07-27T00:26:22.865935-03:00,g3,32,False,100,EMPTY,False,,,False,False,,,,0.00096525
evt-20260727_002315,2026-07-27T00:26:35.565904-03:00,g3,32,False,100,TRAFFIC,False,,,False,False,,,,0.00099975
evt-20260727_002519,2026-07-27T00:30:31.080697-03:00,g3,32,False,100,EMPTY,False,,,False,False,,,,0.0010365
evt-20260727_002743,2026-07-27T00:30:44.333158-03:00,g3,21,False,100,EMPTY,False,,,False,False,,,,0.00114075
evt-20260727_003125,2026-07-27T00:35:10.804958-03:00,g3,11,False,95,TRAFFIC,False,,,False,False,,,,0.0012705
evt-20260727_003253,2026-07-27T00:35:23.970836-03:00,g3,9,False,100,EMPTY,False,,,False,False,,,,0.00097275
evt-20260727_004158,2026-07-27T00:43:11.136951-03:00,g3,7,False,100,EMPTY,False,,,False,False,,,,0.00100875
evt-20260727_005929,2026-07-27T01:02:12.264526-03:00,g3,7,False,100,EMPTY,False,,,False,False,,,,0.000948
evt-20260727_010003,2026-07-27T01:02:21.675795-03:00,g3,6,False,100,TRAFFIC,False,,,False,False,,,,0.000987
evt-20260727_010423,2026-07-27T01:06:16.916492-03:00,g3,9,False,95,TRAFFIC,False,,,False,False,,,,0.0008895
evt-20260727_012721,2026-07-27T01:28:55.209266-03:00,g3,6,False,100,EMPTY,False,,,False,False,,,,0.0009525
evt-20260727_013007,2026-07-27T01:31:44.633142-03:00,g3,14,False,0,DUMPING,False,,,False,False,,,,0.00134925
evt-20260727_013119,2026-07-27T01:35:40.640993-03:00,g3,16,False,100,EMPTY,False,,,False,False,,,,0.00113475
evt-20260727_013219,2026-07-27T01:35:51.774918-03:00,g3,7,False,100,EMPTY,False,,,False,False,,,,0.00113775
evt-20260727_013519,2026-07-27T01:39:34.149022-03:00,g3,8,True,95,DUMPING,True,False,90,False,False,,,,0.002785
evt-20260727_013653,2026-07-27T01:39:51.179173-03:00,g3,9,False,100,TRAFFIC,False,,,False,False,,,,0.0009285
evt-20260727_013939,2026-07-27T01:43:51.652670-03:00,g3,8,False,100,EMPTY,False,,,False,False,,,,0.00090825
evt-20260727_020223,2026-07-27T02:06:31.510010-03:00,g3,8,False,100,EMPTY,False,,,False,False,,,,0.00092475
evt-20260727_020919,2026-07-27T02:10:32.363695-03:00,g3,6,False,100,EMPTY,False,,,False,False,,,,0.00113925
evt-20260727_020947,2026-07-27T02:10:43.832149-03:00,g3,6,False,100,EMPTY,False,,,False,False,,,,0.00101625
evt-20260727_021009,2026-07-27T02:10:54.412844-03:00,g3,6,False,100,EMPTY,False,,,False,False,,,,0.001068
evt-20260727_022931,2026-07-27T02:33:29.399533-03:00,g3,6,False,100,EMPTY,False,,,False,False,,,,0.0011025
evt-20260727_023005,2026-07-27T02:33:40.569871-03:00,g3,6,False,100,EMPTY,False,,,False,False,,,,0.001101
evt-20260727_024059,2026-07-27T02:44:34.174812-03:00,g3,6,False,100,EMPTY,False,,,False,False,,,,0.00123225
evt-20260727_024313,2026-07-27T02:44:47.237748-03:00,g3,6,False,100,EMPTY,False,,,False,False,,,,0.0010365
evt-20260727_024353,2026-07-27T02:48:39.461930-03:00,g3,11,False,100,EMPTY,False,,,False,False,,,,0.000927
evt-20260727_024711,2026-07-27T02:48:51.238933-03:00,g3,14,True,95,DUMPING,True,False,100,False,False,,,,0.00243175
evt-20260727_025011,2026-07-27T02:52:39.350865-03:00,g3,7,False,100,EMPTY,False,,,False,False,,,,0.00100575
evt-20260727_025125,2026-07-27T02:56:35.891404-03:00,g3,32,False,100,EMPTY,False,,,False,False,,,,0.000927
evt-20260727_025333,2026-07-27T02:56:49.166511-03:00,g3,28,False,100,EMPTY,False,,,False,False,,,,0.00095475
evt-20260727_025537,2026-07-27T03:00:52.339077-03:00,g3,19,False,100,EMPTY,False,,,False,False,,,,0.0009675
evt-20260727_030051,2026-07-27T03:26:21.370012-03:00,g3,6,False,100,EMPTY,False,,,False,False,,,,0.00103575
evt-20260727_030113,2026-07-27T03:26:32.850877-03:00,g3,28,True,85,DUMPING,True,True,95,True,False,,,,0.00343025
evt-20260727_030751,2026-07-27T03:26:50.941726-03:00,g3,11,False,100,EMPTY,False,,,False,False,,,,0.00095775
evt-20260727_030955,2026-07-27T03:27:00.906516-03:00,g3,6,False,100,EMPTY,False,,,False,False,,,,0.0010125
evt-20260727_034559,2026-07-27T03:49:18.181076-03:00,g3,8,False,100,TRAFFIC,False,,,False,False,,,,0.000909
evt-20260727_035437,2026-07-27T03:56:49.572550-03:00,g3,8,False,100,TRAFFIC,False,,,False,False,,,,0.00108975
evt-20260727_041253,2026-07-27T04:14:59.154796-03:00,g3,14,False,100,EMPTY,False,,,False,False,,,,0.00098475
evt-20260727_041419,2026-07-27T04:18:52.206702-03:00,g3,10,False,95,TRAFFIC,False,,,False,False,,,,0.001029
evt-20260727_043143,2026-07-27T04:33:20.374876-03:00,g3,6,False,100,EMPTY,False,,,False,False,,,,0.0008835
evt-warmup-20260727_043704,2026-07-27T04:40:39.485093-03:00,g3,13,False,100,EMPTY,False,,,False,False,,,,0.00090725
evt-20260727_044721,2026-07-27T04:48:00.683966-03:00,g3,8,False,100,TRAFFIC,False,,,False,False,,,,0.001017
evt-20260727_050515,2026-07-27T05:06:18.691519-03:00,g3,7,False,100,TRAFFIC,False,,,False,False,,,,0.001023
evt-20260727_051537,2026-07-27T05:18:27.064824-03:00,g3,6,False,0,DUMPING,False,,,False,False,,,,0.001836
evt-20260727_054027,2026-07-27T05:43:08.105129-03:00,g3,11,False,95,TRAFFIC,False,,,False,False,,,,0.00110175
evt-20260727_054909,2026-07-27T05:51:11.898737-03:00,g3,6,False,100,TRAFFIC,False,,,False,False,,,,0.00110625
evt-20260727_055251,2026-07-27T05:55:09.633763-03:00,g3,32,False,95,TRAFFIC,False,,,False,False,,,,0.00116325
evt-20260727_055607,2026-07-27T05:59:17.062833-03:00,g3,11,False,90,TRAFFIC,False,,,False,False,,,,0.0014115
evt-20260727_063721,2026-07-27T06:38:27.709137-03:00,g3,7,False,100,TRAFFIC,False,,,False,False,,,,0.000948
evt-20260727_070109,2026-07-27T07:02:16.164656-03:00,g3,6,False,100,EMPTY,False,,,False,False,,,,0.00106725
evt-20260727_070143,2026-07-27T07:02:28.609931-03:00,g3,6,False,100,EMPTY,False,,,False,False,,,,0.00100875
evt-20260727_070225,2026-07-27T07:07:15.230195-03:00,g3,12,False,100,TRAFFIC,False,,,False,False,,,,0.0011055
evt-20260727_070309,2026-07-27T07:07:28.011208-03:00,g3,9,False,95,TRAFFIC,False,,,False,False,,,,0.0012735
evt-20260727_070413,2026-07-27T07:07:41.733931-03:00,g3,6,False,95,TRAFFIC,False,,,False,False,,,,0.0012015
evt-20260727_070447,2026-07-27T07:07:57.102383-03:00,g3,7,False,95,TRAFFIC,False,,,False,False,,,,0.001041
evt-20260727_070639,2026-07-27T07:08:08.996105-03:00,g3,6,False,100,TRAFFIC,False,,,False,False,,,,0.001122
evt-20260727_070721,2026-07-27T07:13:48.007474-03:00,g3,15,False,95,TRAFFIC,False,,,False,False,,,,0.0009735
evt-20260727_071253,2026-07-27T07:19:02.754397-03:00,g3,32,True,100,DUMPING,True,True,100,True,False,,,,0.003475
evt-20260727_071457,2026-07-27T07:19:22.211416-03:00,g3,19,True,95,DUMPING,True,True,90,True,False,,,,0.0033815
evt-20260727_071621,2026-07-27T07:19:43.801481-03:00,g3,10,True,90,DUMPING,True,True,70,True,False,,,,0.0042695
evt-20260727_071811,2026-07-27T07:24:47.257031-03:00,g3,19,False,95,TRAFFIC,False,,,False,False,,,,0.0011325
evt-20260727_072023,2026-07-27T07:25:01.846098-03:00,g3,31,False,95,TRAFFIC,False,,,False,False,,,,0.00096825
evt-20260727_072315,2026-07-27T07:25:15.063739-03:00,g3,9,False,95,TRAFFIC,False,,,False,False,,,,0.0011145
evt-20260727_072443,2026-07-27T07:30:13.674310-03:00,g3,8,False,100,TRAFFIC,False,,,False,False,,,,0.0008895
evt-20260727_072827,2026-07-27T07:30:24.815279-03:00,g3,6,False,85,TRAFFIC,False,,,False,False,,,,0.0011715
evt-20260727_073013,2026-07-27T07:35:40.863417-03:00,g3,26,False,100,TRAFFIC,False,,,False,False,,,,0.00098025
evt-20260727_073201,2026-07-27T07:35:53.876202-03:00,g3,8,False,100,TRAFFIC,False,,,False,False,,,,0.000966
evt-20260727_073509,2026-07-27T07:40:16.459191-03:00,g3,13,False,100,PARKED,False,,,False,False,,,,0.0011145
evt-20260727_073741,2026-07-27T07:40:30.503260-03:00,g3,12,False,95,TRAFFIC,False,,,False,False,,,,0.00099975
evt-20260727_073845,2026-07-27T07:40:45.917725-03:00,g3,6,False,95,PARKED,False,,,False,False,,,,0.00173325
evt-20260727_074019,2026-07-27T07:45:52.786139-03:00,g3,11,False,75,DUMPING,False,,,False,False,,,,0.001347
evt-20260727_074825,2026-07-27T07:50:38.719155-03:00,g3,6,False,90,PARKED,False,,,False,False,,,,0.00132675
evt-20260727_075151,2026-07-27T07:54:48.342116-03:00,g3,6,False,95,TRAFFIC,False,,,False,False,,,,0.00101625
evt-20260727_075637,2026-07-27T07:59:11.328507-03:00,g3,6,False,100,EMPTY,False,,,False,False,,,,0.00099
evt-20260727_081109,2026-07-27T08:15:26.528693-03:00,g3,6,False,100,TRAFFIC,False,,,False,False,,,,0.0011385
evt-20260727_081417,2026-07-27T08:15:39.306350-03:00,g3,12,False,95,TRAFFIC,False,,,False,False,,,,0.0010455
evt-20260727_083311,2026-07-27T08:34:43.157458-03:00,g3,6,False,100,EMPTY,False,,,False,False,,,,0.00101625
evt-20260727_083353,2026-07-27T08:38:58.908224-03:00,g3,17,False,95,TRAFFIC,False,,,False,False,,,,0.001356
evt-20260727_084329,2026-07-27T08:47:25.666354-03:00,g3,7,False,95,TRAFFIC,False,,,False,False,,,,0.00133875
evt-20260727_084907,2026-07-27T08:51:44.650024-03:00,g3,6,False,95,TRAFFIC,False,,,False,False,,,,0.001038
evt-20260727_090427,2026-07-27T09:07:16.978594-03:00,g3,6,False,95,TRAFFIC,False,,,False,False,,,,0.00097875
evt-20260727_090501,2026-07-27T09:07:28.639326-03:00,g3,6,False,100,TRAFFIC,False,,,False,False,,,,0.00104925
evt-20260727_091927,2026-07-27T09:23:32.378997-03:00,g3,6,False,100,TRAFFIC,False,,,False,False,,,,0.00111825
evt-20260727_093925,2026-07-27T09:40:16.821839-03:00,g3,6,False,100,TRAFFIC,False,,,False,False,,,,0.00113625
evt-20260727_094707,2026-07-27T09:48:35.893727-03:00,g3,6,False,100,EMPTY,False,,,False,False,,,,0.00115425
evt-warmup-20260727_101233,2026-07-27T10:18:06.818904-03:00,g3,13,False,100,TRAFFIC,False,,,False,False,,,,0.0010535
evt-20260727_103117,2026-07-27T10:35:30.223830-03:00,g3,12,False,90,TRAFFIC,False,,,False,False,,,,0.00123375
evt-20260727_103223,2026-07-27T10:35:43.534783-03:00,g3,26,True,90,DUMPING,True,True,85,True,False,,,,0.00396775
evt-20260727_103521,2026-07-27T10:41:18.494677-03:00,g3,13,True,95,DUMPING,True,True,100,True,False,,,,0.00278225
evt-20260727_103643,2026-07-27T10:41:58.155941-03:00,g3,7,False,95,TRAFFIC,False,,,False,False,,,,0.001071
evt-20260727_103801,2026-07-27T10:42:10.341355-03:00,g3,6,False,95,TRAFFIC,False,,,False,False,,,,0.00103575
evt-20260727_103837,2026-07-27T10:43:10.812816-03:00,g3,11,False,95,PARKED,False,,,False,False,,,,0.001164
evt-20260727_104739,2026-07-27T11:03:29.969239-03:00,g3,7,False,100,TRAFFIC,False,,,False,False,,,,0.0010515
evt-20260727_105527,2026-07-27T11:04:30.073517-03:00,g3,20,False,100,EMPTY,False,,,False,False,,,,0.0009345
evt-20260727_105803,2026-07-27T11:04:51.852936-03:00,g3,7,False,100,EMPTY,False,,,False,False,,,,0.00100725
evt-20260727_110533,2026-07-27T11:27:16.536389-03:00,g3,10,False,100,TRAFFIC,False,,,False,False,,,,0.001089
evt-20260727_111649,2026-07-27T11:28:37.900758-03:00,g3,8,False,95,TRAFFIC,False,,,False,False,,,,0.00112425
evt-20260727_112113,2026-07-27T11:43:35.980426-03:00,g3,32,True,90,DUMPING,True,True,85,True,False,,,,0.00412225
evt-20260727_112621,2026-07-27T11:45:02.039085-03:00,g3,9,False,100,EMPTY,False,,,False,False,,,,0.00113175
evt-20260727_112949,2026-07-27T11:45:45.773257-03:00,g3,13,False,95,TRAFFIC,False,,,False,False,,,,0.000987
evt-20260727_113757,2026-07-27T11:45:59.681544-03:00,g3,30,False,95,TRAFFIC,False,,,False,False,,,,0.001032
evt-20260727_111943,2026-07-27T12:00:02.054856-03:00,g3,6,False,95,TRAFFIC,False,,,False,False,,,,0.00133125
evt-20260727_114141,2026-07-27T12:00:20.906052-03:00,g3,13,False,95,TRAFFIC,False,,,False,False,,,,0.00115125
evt-20260727_114643,2026-07-27T12:01:02.891560-03:00,g3,8,False,95,PARKED,False,,,False,False,,,,0.001251
evt-20260727_114845,2026-07-27T12:02:23.783036-03:00,g3,31,False,95,TRAFFIC,False,,,False,False,,,,0.0012195
evt-20260727_114723,2026-07-27T12:16:07.744641-03:00,g3,7,False,100,EMPTY,False,,,False,False,,,,0.001293
evt-20260727_121215,2026-07-27T12:17:49.478428-03:00,g3,18,True,100,DUMPING,True,True,100,True,True,2377570e-1f15-40b9-8a28-e635ef779185,INDETERMINADO,Não foi possível confirmar se de fato descartou dentro ou fora do container.,0.00310575
evt-20260727_115205,2026-07-27T12:33:36.395717-03:00,g3,28,False,100,EMPTY,False,,,False,False,,,,0.00092475
evt-20260727_121923,2026-07-27T12:34:22.541044-03:00,g3,20,False,100,EMPTY,False,,,False,False,,,,0.0009945
evt-20260727_122308,2026-07-27T12:34:39.060147-03:00,g3,7,False,95,TRAFFIC,False,,,False,False,,,,0.000915
evt-20260727_122715,2026-07-27T12:34:51.830349-03:00,g3,32,True,95,DUMPING,True,True,95,True,False,,,,0.0032545
evt-20260727_123209,2026-07-27T12:56:42.288807-03:00,g3,19,False,100,TRAFFIC,False,,,False,False,,,,0.00110325
evt-20260727_123803,2026-07-27T12:58:26.325524-03:00,g3,32,False,95,TRAFFIC,False,,,False,False,,,,0.0011205
evt-20260727_124257,2026-07-27T12:58:59.333758-03:00,g3,19,False,100,EMPTY,False,,,False,False,,,,0.001224
evt-20260727_121522,2026-07-27T13:14:39.209246-03:00,g3,7,False,100,TRAFFIC,False,,,False,False,,,,0.0010935
evt-20260727_124853,2026-07-27T13:16:03.124999-03:00,g3,32,False,95,TRAFFIC,False,,,False,False,,,,0.00113325
evt-20260727_125207,2026-07-27T13:16:41.631776-03:00,g3,32,False,95,TRAFFIC,False,,,False,False,,,,0.00102225
evt-20260727_125636,2026-07-27T13:17:55.687733-03:00,g3,19,True,90,DUMPING,True,True,85,True,False,,,,0.0032825
evt-20260727_130235,2026-07-27T13:19:20.072086-03:00,g3,32,False,100,TRAFFIC,False,,,False,False,,,,0.00111675
evt-20260727_122929,2026-07-27T13:34:00.638513-03:00,g3,32,True,95,DUMPING,True,False,90,False,False,,,,0.00411775
evt-20260727_123541,2026-07-27T13:34:23.341545-03:00,g3,32,False,95,TRAFFIC,False,,,False,False,,,,0.001434
evt-20260727_125803,2026-07-27T13:35:13.596435-03:00,g3,32,False,95,TRAFFIC,False,,,False,False,,,,0.0010485
evt-20260727_130827,2026-07-27T13:35:28.020054-03:00,g3,17,False,95,TRAFFIC,False,,,False,False,,,,0.0010665
evt-20260727_131417,2026-07-27T13:35:40.405045-03:00,g3,10,False,100,TRAFFIC,False,,,False,False,,,,0.001059
evt-20260727_131647,2026-07-27T13:35:53.713791-03:00,g3,32,False,95,TRAFFIC,False,,,False,False,,,,0.001092
evt-20260727_132104,2026-07-27T13:36:11.537721-03:00,g3,22,False,95,TRAFFIC,False,,,False,False,,,,0.00095175
evt-20260727_132234,2026-07-27T13:36:51.850790-03:00,g3,13,False,95,TRAFFIC,False,,,False,False,,,,0.0010575
evt-20260727_132525,2026-07-27T13:54:55.103519-03:00,g3,30,False,85,TRAFFIC,False,,,False,False,,,,0.00156075
evt-20260727_132811,2026-07-27T13:55:10.515084-03:00,g3,27,False,95,TRAFFIC,False,,,False,False,,,,0.00102975
evt-20260727_133001,2026-07-27T13:55:21.623564-03:00,g3,8,False,100,TRAFFIC,False,,,False,False,,,,0.00125625
evt-20260727_133945,2026-07-27T13:56:19.129373-03:00,g3,19,False,95,TRAFFIC,False,,,False,False,,,,0.0011475
evt-20260727_134357,2026-07-27T13:58:05.738231-03:00,g3,25,False,100,TRAFFIC,False,,,False,False,,,,0.001233
evt-20260727_134719,2026-07-27T13:58:36.146960-03:00,g3,8,False,100,TRAFFIC,False,,,False,False,,,,0.0010545
evt-20260727_134815,2026-07-27T13:59:09.233004-03:00,g3,7,False,100,EMPTY,False,,,False,False,,,,0.00100125
evt-20260727_135053,2026-07-27T13:59:38.418444-03:00,g3,6,False,100,TRAFFIC,False,,,False,False,,,,0.00108225
evt-20260727_135121,2026-07-27T13:59:52.669019-03:00,g3,23,False,95,TRAFFIC,False,,,False,False,,,,0.0010425
evt-20260727_125429,2026-07-27T14:15:03.109456-03:00,g3,32,False,95,TRAFFIC,False,,,False,False,,,,0.001179
evt-20260727_133053,2026-07-27T14:15:17.400366-03:00,g3,13,False,95,TRAFFIC,False,,,False,False,,,,0.00127425
evt-20260727_133346,2026-07-27T14:15:35.178773-03:00,g3,32,False,95,TRAFFIC,False,,,False,False,,,,0.00104625
evt-20260727_133805,2026-07-27T14:15:50.447229-03:00,g3,15,False,95,TRAFFIC,False,,,False,False,,,,0.001041
evt-20260727_134209,2026-07-27T14:16:02.125783-03:00,g3,23,False,90,TRAFFIC,False,,,False,False,,,,0.001053
evt-20260727_135311,2026-07-27T14:16:19.697234-03:00,g3,18,True,100,DUMPING,True,True,100,True,False,,,,0.002862
evt-20260727_135503,2026-07-27T14:16:58.288303-03:00,g3,32,False,95,PARKED,False,,,False,False,,,,0.00110625
evt-20260727_135802,2026-07-27T14:17:13.694698-03:00,g3,32,False,90,TRAFFIC,False,,,False,False,,,,0.00141
evt-20260727_140107,2026-07-27T14:18:18.992120-03:00,g3,18,False,95,TRAFFIC,False,,,False,False,,,,0.000978
evt-20260727_140709,2026-07-27T14:19:49.974617-03:00,g3,32,False,95,TRAFFIC,False,,,False,False,,,,0.000951
evt-20260727_140449,2026-07-27T14:30:02.908394-03:00,g3,32,False,100,TRAFFIC,False,,,False,False,,,,0.001164
evt-20260727_142227,2026-07-27T14:30:15.389633-03:00,g3,8,False,100,TRAFFIC,False,,,False,False,,,,0.001059
evt-20260727_142308,2026-07-27T14:30:26.107332-03:00,g3,7,False,100,TRAFFIC,False,,,False,False,,,,0.00109875
evt-20260727_142926,2026-07-27T14:37:04.989066-03:00,g3,32,False,95,TRAFFIC,False,,,False,False,,,,0.000957
evt-20260727_143249,2026-07-27T14:37:15.390573-03:00,g3,7,False,100,EMPTY,False,,,False,False,,,,0.00105525
evt-20260727_143423,2026-07-27T14:37:30.162799-03:00,g3,18,False,95,TRAFFIC,False,,,False,False,,,,0.00135075
evt-20260727_143805,2026-07-27T14:44:18.689488-03:00,g3,13,False,90,TRAFFIC,False,,,False,False,,,,0.0017865
evt-20260727_144059,2026-07-27T14:44:36.674202-03:00,g3,32,True,90,DUMPING,True,True,95,True,False,,,,0.00348925
evt-20260727_143715,2026-07-27T14:49:33.159873-03:00,g3,9,False,100,TRAFFIC,False,,,False,False,,,,0.00118875
evt-20260727_144445,2026-07-27T14:49:47.916737-03:00,g3,29,True,95,DUMPING,True,True,100,True,False,,,,0.00348925
evt-20260727_145037,2026-07-27T14:56:38.800435-03:00,g3,32,False,95,TRAFFIC,False,,,False,False,,,,0.001215
evt-20260727_145837,2026-07-27T15:02:27.788773-03:00,g3,7,False,100,TRAFFIC,False,,,False,False,,,,0.00105375
evt-20260727_145955,2026-07-27T15:03:07.715600-03:00,g3,8,False,100,EMPTY,False,,,False,False,,,,0.0013575
evt-20260727_150027,2026-07-27T15:03:20.970403-03:00,g3,16,False,100,TRAFFIC,False,,,False,False,,,,0.00108225
evt-20260727_150201,2026-07-27T15:03:38.385824-03:00,g3,6,False,100,EMPTY,False,,,False,False,,,,0.00104475
evt-20260727_150557,2026-07-27T15:09:27.706321-03:00,g3,32,False,95,TRAFFIC,False,,,False,False,,,,0.001137
evt-20260727_150849,2026-07-27T15:14:36.048381-03:00,g3,18,False,100,TRAFFIC,False,,,False,False,,,,0.00100275
evt-20260727_151507,2026-07-27T15:19:01.859613-03:00,g3,32,False,95,TRAFFIC,False,,,False,False,,,,0.001227
evt-20260727_151819,2026-07-27T15:23:20.241853-03:00,g3,28,False,100,TRAFFIC,False,,,False,False,,,,0.00117825
evt-20260727_152505,2026-07-27T15:27:30.665137-03:00,g3,17,False,100,TRAFFIC,False,,,False,False,,,,0.001134
evt-20260727_153233,2026-07-27T15:35:44.539148-03:00,g3,32,False,95,TRAFFIC,False,,,False,False,,,,0.001059
evt-warmup-20260727_154312,2026-07-27T15:45:26.134765-03:00,g3,13,False,95,TRAFFIC,False,,,False,False,,,,0.001226
evt-20260727_153911,2026-07-27T15:50:04.531145-03:00,g3,11,True,100,DUMPING,True,True,100,True,False,,,,0.003081
evt-20260727_154707,2026-07-27T15:55:06.409333-03:00,g3,9,False,100,TRAFFIC,False,,,False,False,,,,0.00102675
evt-20260727_155048,2026-07-27T15:55:17.932186-03:00,g3,6,False,100,TRAFFIC,False,,,False,False,,,,0.0009645
evt-20260727_155848,2026-07-27T16:01:25.085216-03:00,g3,32,True,85,DUMPING,True,False,95,False,False,,,,0.003592
evt-20260727_160133,2026-07-27T16:06:20.568210-03:00,g3,22,False,90,TRAFFIC,False,,,False,False,,,,0.001293
evt-20260727_160511,2026-07-27T16:06:35.607688-03:00,g3,6,False,95,TRAFFIC,False,,,False,False,,,,0.0010425
evt-20260727_161015,2026-07-27T16:16:52.675212-03:00,g3,32,False,95,TRAFFIC,False,,,False,False,,,,0.00102075
evt-20260727_162251,2026-07-27T16:26:33.455434-03:00,g3,8,False,95,PARKED,False,,,False,False,,,,0.00149625
evt-20260727_162325,2026-07-27T16:27:18.723853-03:00,g3,10,False,95,PARKED,False,,,False,False,,,,0.001161
evt-20260727_162455,2026-07-27T16:27:33.863755-03:00,g3,7,False,95,TRAFFIC,False,,,False,False,,,,0.00112875
evt-20260727_162719,2026-07-27T16:32:12.669385-03:00,g3,6,False,95,PARKED,False,,,False,False,,,,0.00123975
evt-20260727_163113,2026-07-27T16:32:26.093629-03:00,g3,9,False,95,TRAFFIC,False,,,False,False,,,,0.001158
evt-20260727_163224,2026-07-27T16:36:44.493415-03:00,g3,23,False,95,TRAFFIC,False,,,False,False,,,,0.00110775
evt-20260727_163417,2026-07-27T16:37:15.298225-03:00,g3,6,True,85,DUMPING,True,True,90,True,False,,,,0.00324075
evt-20260727_163607,2026-07-27T16:42:16.349935-03:00,g3,13,False,95,PARKED,False,,,False,False,,,,0.001116
evt-20260727_164049,2026-07-27T16:43:29.140011-03:00,g3,10,False,95,TRAFFIC,False,,,False,False,,,,0.00124425
evt-20260727_163847,2026-07-27T16:48:34.074902-03:00,g3,12,False,95,PARKED,False,,,False,False,,,,0.001107
evt-20260727_164149,2026-07-27T16:48:49.216441-03:00,g3,7,False,95,PARKED,False,,,False,False,,,,0.0010005
evt-20260727_164311,2026-07-27T16:49:21.562985-03:00,g3,9,False,90,TRAFFIC,False,,,False,False,,,,0.00104325
evt-20260727_165041,2026-07-27T16:53:49.936764-03:00,g3,7,False,100,TRAFFIC,False,,,False,False,,,,0.0010065
evt-20260727_165233,2026-07-27T16:58:08.572951-03:00,g3,32,True,95,DUMPING,True,True,100,True,True,c9671e1a-8370-4515-83b6-7376496ada1e,CONFIRMADO,ocorreu o descarte de alguns objetos de papelão,0.004009
evt-20260727_165457,2026-07-27T16:58:48.080069-03:00,g3,32,True,100,DUMPING,True,False,95,False,True,c9671e1a-8370-4515-83b6-7376496ada1e,CONFIRMADO,ocorreu o descarte de alguns objetos de papelão,0.00404875
evt-20260727_165709,2026-07-27T17:03:44.646011-03:00,g3,32,True,90,DUMPING,True,True,95,True,False,,,,0.0038185
evt-20260727_165923,2026-07-27T17:04:26.578805-03:00,g3,31,True,100,DUMPING,True,False,95,False,True,c9671e1a-8370-4515-83b6-7376496ada1e,CONFIRMADO,ocorreu o descarte de alguns objetos de papelão,0.00361775
evt-20260727_170157,2026-07-27T17:05:49.013621-03:00,g3,9,True,100,DUMPING,True,True,95,True,True,c9671e1a-8370-4515-83b6-7376496ada1e,CONFIRMADO,ocorreu o descarte de alguns objetos de papelão,0.00309975
evt-20260727_170252,2026-07-27T17:10:38.056737-03:00,g3,11,True,90,DUMPING,True,False,95,False,False,,,,0.003865
evt-20260727_170538,2026-07-27T17:11:19.187129-03:00,g3,10,True,95,DUMPING,True,True,90,True,True,a5ba8e37-4339-44b5-9eef-9fa6e75fbdac,INDETERMINADO,"ele recolheu o que havia descartado, identificado na captura anterior",0.00289625
evt-20260727_170627,2026-07-27T17:11:57.427721-03:00,g3,17,True,95,DUMPING,True,False,90,False,True,a5ba8e37-4339-44b5-9eef-9fa6e75fbdac,INDETERMINADO,"ele recolheu o que havia descartado, identificado na captura anterior",0.0080695
evt-20260727_170749,2026-07-27T17:12:46.662314-03:00,g3,10,True,95,DUMPING,True,True,90,True,True,a5ba8e37-4339-44b5-9eef-9fa6e75fbdac,INDETERMINADO,"ele recolheu o que havia descartado, identificado na captura anterior",0.00299675
evt-20260727_170829,2026-07-27T17:17:55.647965-03:00,g3,32,True,95,DUMPING,True,False,95,False,False,,,,0.00381475
evt-20260727_171033,2026-07-27T17:19:22.620874-03:00,g3,23,True,90,DUMPING,True,True,90,True,False,,,,0.00401875
evt-20260727_171257,2026-07-27T17:20:07.193078-03:00,g3,6,False,95,TRAFFIC,False,,,False,True,a5ba8e37-4339-44b5-9eef-9fa6e75fbdac,INDETERMINADO,"ele recolheu o que havia descartado, identificado na captura anterior",0.00156975
evt-20260727_171413,2026-07-27T17:20:20.753880-03:00,g3,6,False,100,TRAFFIC,False,,,False,False,,,,0.0009585
evt-20260727_171539,2026-07-27T17:20:32.007271-03:00,g3,9,False,95,TRAFFIC,False,,,False,False,,,,0.00099075
evt-20260727_172311,2026-07-27T17:25:06.406418-03:00,g3,6,False,100,TRAFFIC,False,,,False,False,,,,0.00109275
evt-20260727_172425,2026-07-27T17:25:18.701159-03:00,g3,9,False,95,TRAFFIC,False,,,False,False,,,,0.00109275
evt-20260727_172651,2026-07-27T17:29:24.956154-03:00,g3,7,False,100,EMPTY,False,,,False,False,,,,0.001026
evt-20260727_172959,2026-07-27T17:33:23.296995-03:00,g3,32,False,95,TRAFFIC,False,,,False,False,,,,0.00106875
evt-20260727_173215,2026-07-27T17:33:37.918709-03:00,g3,14,False,95,TRAFFIC,False,,,False,False,,,,0.001071
evt-20260727_173607,2026-07-27T17:37:59.478465-03:00,g3,10,False,100,TRAFFIC,False,,,False,False,,,,0.00097125
evt-20260727_174115,2026-07-27T17:42:46.475434-03:00,g3,7,False,100,EMPTY,False,,,False,False,,,,0.00110625
evt-20260727_174157,2026-07-27T17:42:58.570600-03:00,g3,7,False,95,TRAFFIC,False,,,False,False,,,,0.000984
evt-20260727_174231,2026-07-27T17:47:33.089607-03:00,g3,13,False,95,TRAFFIC,False,,,False,False,,,,0.00108225
evt-20260727_174357,2026-07-27T17:47:45.870534-03:00,g3,22,True,90,DUMPING,True,True,95,True,False,,,,0.0031535
evt-20260727_174539,2026-07-27T17:48:03.440146-03:00,g3,7,False,95,TRAFFIC,False,,,False,False,,,,0.00159225
evt-20260727_174647,2026-07-27T17:48:19.132439-03:00,g3,7,False,95,TRAFFIC,False,,,False,False,,,,0.0018555
evt-20260727_174859,2026-07-27T17:52:58.705223-03:00,g3,9,False,90,TRAFFIC,False,,,False,False,,,,0.001218
evt-20260727_175054,2026-07-27T17:53:12.318625-03:00,g3,15,False,90,TRAFFIC,False,,,False,False,,,,0.001605
evt-20260727_175204,2026-07-27T17:56:56.295681-03:00,g3,15,False,95,TRAFFIC,False,,,False,False,,,,0.001308
evt-20260727_175507,2026-07-27T17:57:09.991088-03:00,g3,11,False,0,DUMPING,False,,,False,False,,,,0.00124875
evt-20260727_175703,2026-07-27T18:01:15.804110-03:00,g3,18,False,95,TRAFFIC,False,,,False,False,,,,0.00142275
evt-20260727_175917,2026-07-27T18:01:28.987513-03:00,g3,7,False,90,TRAFFIC,False,,,False,False,,,,0.00161775
evt-20260727_180005,2026-07-27T18:01:45.102236-03:00,g3,7,False,0,DUMPING,False,,,False,False,,,,0.0015165
evt-20260727_180219,2026-07-27T18:06:32.092951-03:00,g3,8,False,95,PARKED,False,,,False,False,,,,0.00180225
evt-20260727_180353,2026-07-27T18:06:49.368405-03:00,g3,27,False,95,TRAFFIC,False,,,False,False,,,,0.000993
evt-20260727_180545,2026-07-27T18:07:03.683894-03:00,g3,11,False,95,PARKED,False,,,False,False,,,,0.001884
evt-20260727_180641,2026-07-27T18:11:57.544725-03:00,g3,14,True,90,DUMPING,True,False,100,False,False,,,,0.00276475
evt-20260727_180829,2026-07-27T18:12:18.005384-03:00,g3,9,False,90,TRAFFIC,False,,,False,False,,,,0.0015975
evt-20260727_181207,2026-07-27T18:16:24.667844-03:00,g3,7,False,95,TRAFFIC,False,,,False,False,,,,0.00098925
evt-20260727_181311,2026-07-27T18:16:35.879459-03:00,g3,9,False,90,TRAFFIC,False,,,False,False,,,,0.001539
evt-20260727_181621,2026-07-27T18:20:33.548454-03:00,g3,8,False,0,DUMPING,False,,,False,False,,,,0.00142425
evt-20260727_181728,2026-07-27T18:20:46.449721-03:00,g3,10,False,90,TRAFFIC,False,,,False,False,,,,0.00172875
evt-20260727_181924,2026-07-27T18:25:00.481867-03:00,g3,32,True,90,DUMPING,True,True,95,True,False,,,,0.003553
evt-20260727_182138,2026-07-27T18:25:22.453999-03:00,g3,32,True,100,DUMPING,True,True,95,True,False,,,,0.003547
evt-20260727_182346,2026-07-27T18:29:34.524139-03:00,g3,32,True,90,DUMPING,True,True,90,True,False,,,,0.003631
evt-20260727_182641,2026-07-27T18:29:53.314205-03:00,g3,10,False,95,TRAFFIC,False,,,False,False,,,,0.0010185
evt-20260727_182745,2026-07-27T18:30:08.018507-03:00,g3,10,False,100,TRAFFIC,False,,,False,False,,,,0.0010755
evt-20260727_182837,2026-07-27T18:30:21.927249-03:00,g3,8,False,100,TRAFFIC,False,,,False,False,,,,0.00090375
evt-20260727_183037,2026-07-27T18:34:27.025640-03:00,g3,31,False,95,TRAFFIC,False,,,False,False,,,,0.00105
evt-20260727_183329,2026-07-27T18:34:41.326669-03:00,g3,8,False,100,TRAFFIC,False,,,False,False,,,,0.000969
evt-20260727_183709,2026-07-27T18:38:48.376110-03:00,g3,8,False,95,TRAFFIC,False,,,False,False,,,,0.00107475
evt-20260727_183947,2026-07-27T18:42:35.242813-03:00,g3,10,False,100,EMPTY,False,,,False,False,,,,0.00099975
evt-20260727_184049,2026-07-27T18:42:45.476395-03:00,g3,9,False,100,TRAFFIC,False,,,False,False,,,,0.0009255
evt-20260727_184257,2026-07-27T18:46:39.835375-03:00,g3,32,False,100,EMPTY,False,,,False,False,,,,0.0010125
evt-20260727_184727,2026-07-27T18:50:26.554864-03:00,g3,32,False,95,TRAFFIC,False,,,False,False,,,,0.00116925
evt-20260727_185015,2026-07-27T18:54:20.297140-03:00,g3,16,False,100,TRAFFIC,False,,,False,False,,,,0.000957
evt-20260727_185309,2026-07-27T18:54:32.243567-03:00,g3,9,False,100,EMPTY,False,,,False,False,,,,0.0011505
evt-20260727_185445,2026-07-27T18:58:18.225459-03:00,g3,6,False,95,TRAFFIC,False,,,False,False,,,,0.00090525
evt-20260727_190003,2026-07-27T19:05:54.253034-03:00,g3,32,False,100,EMPTY,False,,,False,False,,,,0.00093825
evt-20260727_190253,2026-07-27T19:06:06.042474-03:00,g3,11,False,95,TRAFFIC,False,,,False,False,,,,0.000972
evt-20260727_190449,2026-07-27T19:06:17.624859-03:00,g3,14,False,100,EMPTY,False,,,False,False,,,,0.0009885
evt-20260727_190651,2026-07-27T19:10:08.731969-03:00,g3,20,False,100,TRAFFIC,False,,,False,False,,,,0.0010815
evt-20260727_190831,2026-07-27T19:13:57.586480-03:00,g3,26,False,95,TRAFFIC,False,,,False,False,,,,0.00119625
evt-20260727_191057,2026-07-27T19:14:12.289745-03:00,g3,27,False,100,EMPTY,False,,,False,False,,,,0.0009075
evt-20260727_191249,2026-07-27T19:14:23.404423-03:00,g3,8,False,95,TRAFFIC,False,,,False,False,,,,0.0009945
evt-20260727_191417,2026-07-27T19:18:29.871947-03:00,g3,7,False,100,EMPTY,False,,,False,False,,,,0.00097575
evt-20260727_191657,2026-07-27T19:18:43.999024-03:00,g3,13,False,100,TRAFFIC,False,,,False,False,,,,0.0011325
evt-20260727_191827,2026-07-27T19:22:46.552696-03:00,g3,6,False,95,TRAFFIC,False,,,False,False,,,,0.00093225
evt-20260727_191950,2026-07-27T19:22:58.375019-03:00,g3,7,False,100,TRAFFIC,False,,,False,False,,,,0.00093975
evt-20260727_192022,2026-07-27T19:23:11.726007-03:00,g3,24,False,100,EMPTY,False,,,False,False,,,,0.00108375
evt-20260727_192232,2026-07-27T19:27:35.448093-03:00,g3,15,False,95,TRAFFIC,False,,,False,False,,,,0.00108675
evt-20260727_192420,2026-07-27T19:27:50.056564-03:00,g3,32,False,100,TRAFFIC,False,,,False,False,,,,0.00111975
evt-20260727_192746,2026-07-27T19:31:35.575864-03:00,g3,14,False,100,TRAFFIC,False,,,False,False,,,,0.00111675
evt-20260727_193132,2026-07-27T19:36:01.551374-03:00,g3,12,False,100,EMPTY,False,,,False,False,,,,0.0010275
evt-20260727_193302,2026-07-27T19:36:14.252046-03:00,g3,10,False,100,TRAFFIC,False,,,False,False,,,,0.0009525
evt-20260727_193346,2026-07-27T19:36:27.577769-03:00,g3,13,False,100,TRAFFIC,False,,,False,False,,,,0.00111975
evt-20260727_193448,2026-07-27T19:36:40.808489-03:00,g3,8,False,100,TRAFFIC,False,,,False,False,,,,0.0009255
evt-20260727_193836,2026-07-27T19:40:51.325447-03:00,g3,8,False,100,EMPTY,False,,,False,False,,,,0.00101325
evt-20260727_194011,2026-07-27T19:44:45.086363-03:00,g3,22,False,85,TRAFFIC,False,,,False,False,,,,0.00143925
evt-20260727_194211,2026-07-27T19:45:00.641883-03:00,g3,32,False,100,EMPTY,False,,,False,False,,,,0.00105675
evt-20260727_194743,2026-07-27T19:48:46.284425-03:00,g3,8,False,95,TRAFFIC,False,,,False,False,,,,0.00102375
evt-20260727_194911,2026-07-27T19:52:41.728673-03:00,g3,13,False,95,TRAFFIC,False,,,False,False,,,,0.00095475
evt-20260727_195109,2026-07-27T19:56:34.097804-03:00,g3,24,False,100,EMPTY,False,,,False,False,,,,0.0011145
evt-20260727_195309,2026-07-27T19:56:44.596826-03:00,g3,14,False,100,EMPTY,False,,,False,False,,,,0.00125625
evt-20260727_195647,2026-07-27T20:00:53.597436-03:00,g3,10,False,100,TRAFFIC,False,,,False,False,,,,0.00102075
evt-20260727_195937,2026-07-27T20:04:46.398257-03:00,g3,19,False,100,EMPTY,False,,,False,False,,,,0.00104775
evt-20260727_200145,2026-07-27T20:05:24.867269-03:00,g3,11,False,100,TRAFFIC,False,,,False,False,,,,0.0010455
evt-20260727_200359,2026-07-27T20:09:31.888794-03:00,g3,21,False,100,EMPTY,False,,,False,False,,,,0.0009045
evt-20260727_200707,2026-07-27T20:09:44.745938-03:00,g3,32,False,100,EMPTY,False,,,False,False,,,,0.001005
evt-20260727_200911,2026-07-27T20:13:52.543702-03:00,g3,32,False,95,TRAFFIC,False,,,False,False,,,,0.0010845
evt-20260727_201129,2026-07-27T20:14:06.957860-03:00,g3,24,False,100,TRAFFIC,False,,,False,False,,,,0.00119775
evt-20260727_201417,2026-07-27T20:17:54.575936-03:00,g3,28,False,95,TRAFFIC,False,,,False,False,,,,0.0011445
evt-20260727_201809,2026-07-27T20:21:47.830558-03:00,g3,16,False,100,EMPTY,False,,,False,False,,,,0.00115575
evt-20260727_202007,2026-07-27T20:22:05.798990-03:00,g3,9,False,100,TRAFFIC,False,,,False,False,,,,0.000984
evt-20260727_202209,2026-07-27T20:26:09.285044-03:00,g3,10,False,100,TRAFFIC,False,,,False,False,,,,0.0011205
evt-20260727_202340,2026-07-27T20:26:19.029539-03:00,g3,6,False,100,TRAFFIC,False,,,False,False,,,,0.0008715
evt-20260727_202424,2026-07-27T20:26:31.289561-03:00,g3,18,False,95,EMPTY,False,,,False,False,,,,0.0012
evt-20260727_202810,2026-07-27T20:30:16.536363-03:00,g3,9,False,100,TRAFFIC,False,,,False,False,,,,0.001665
evt-20260727_202858,2026-07-27T20:30:29.704769-03:00,g3,6,False,95,PARKED,False,,,False,False,,,,0.001311
evt-20260727_203012,2026-07-27T20:34:32.644768-03:00,g3,32,False,100,PARKED,False,,,False,False,,,,0.00121575
evt-20260727_203220,2026-07-27T20:34:46.511950-03:00,g3,32,False,100,TRAFFIC,False,,,False,False,,,,0.00132675
evt-20260727_203423,2026-07-27T20:39:10.368119-03:00,g3,20,False,95,TRAFFIC,False,,,False,False,,,,0.001158
evt-20260727_203605,2026-07-27T20:39:22.097887-03:00,g3,7,False,95,TRAFFIC,False,,,False,False,,,,0.00102825
evt-20260727_203835,2026-07-27T20:39:40.442966-03:00,g3,8,False,90,TRAFFIC,False,,,False,False,,,,0.0012195
evt-20260727_204107,2026-07-27T20:43:34.072963-03:00,g3,6,False,95,TRAFFIC,False,,,False,False,,,,0.0014415
evt-20260727_204135,2026-07-27T20:43:46.516536-03:00,g3,9,False,100,EMPTY,False,,,False,False,,,,0.00108
evt-20260727_204301,2026-07-27T20:47:38.268473-03:00,g3,9,False,100,EMPTY,False,,,False,False,,,,0.00097125
evt-20260727_204431,2026-07-27T20:47:49.140940-03:00,g3,7,False,100,TRAFFIC,False,,,False,False,,,,0.0009765
evt-20260727_204657,2026-07-27T20:48:00.788031-03:00,g3,8,False,95,TRAFFIC,False,,,False,False,,,,0.00124425
evt-20260727_204743,2026-07-27T20:52:35.157245-03:00,g3,6,False,95,TRAFFIC,False,,,False,False,,,,0.0009585
evt-20260727_204911,2026-07-27T20:52:48.770774-03:00,g3,18,False,100,EMPTY,False,,,False,False,,,,0.000984
evt-20260727_205421,2026-07-27T20:56:49.941145-03:00,g3,10,False,95,TRAFFIC,False,,,False,False,,,,0.001083
evt-20260727_205641,2026-07-27T21:00:42.590992-03:00,g3,14,False,95,TRAFFIC,False,,,False,False,,,,0.00098475
evt-20260727_205819,2026-07-27T21:00:56.482833-03:00,g3,14,False,100,TRAFFIC,False,,,False,False,,,,0.00107775
evt-20260727_210133,2026-07-27T21:04:42.521548-03:00,g3,20,False,100,TRAFFIC,False,,,False,False,,,,0.00113475
evt-20260727_210305,2026-07-27T21:08:35.634354-03:00,g3,32,False,100,TRAFFIC,False,,,False,False,,,,0.0010185
evt-20260727_210511,2026-07-27T21:08:48.238870-03:00,g3,10,False,95,TRAFFIC,False,,,False,False,,,,0.0010875
evt-20260727_210553,2026-07-27T21:09:00.892427-03:00,g3,11,False,95,TRAFFIC,False,,,False,False,,,,0.00098175
evt-20260727_210831,2026-07-27T21:13:01.965896-03:00,g3,6,False,95,TRAFFIC,False,,,False,False,,,,0.00099
evt-20260727_210857,2026-07-27T21:13:12.344101-03:00,g3,7,False,95,TRAFFIC,False,,,False,False,,,,0.00100425
evt-20260727_210953,2026-07-27T21:13:24.166187-03:00,g3,22,False,100,TRAFFIC,False,,,False,False,,,,0.00092025
evt-20260727_211441,2026-07-27T21:17:10.837570-03:00,g3,6,False,90,TRAFFIC,False,,,False,False,,,,0.00105975
evt-20260727_211957,2026-07-27T21:24:34.463313-03:00,g3,18,False,100,TRAFFIC,False,,,False,False,,,,0.0011625
evt-20260727_212133,2026-07-27T21:24:46.955178-03:00,g3,14,False,100,EMPTY,False,,,False,False,,,,0.0011115
evt-20260727_212330,2026-07-27T21:28:36.164103-03:00,g3,30,False,90,TRAFFIC,False,,,False,False,,,,0.001086
evt-20260727_212905,2026-07-27T21:32:28.901146-03:00,g3,11,False,100,TRAFFIC,False,,,False,False,,,,0.00109275
evt-20260727_213057,2026-07-27T21:32:40.843309-03:00,g3,7,False,100,TRAFFIC,False,,,False,False,,,,0.0011355
evt-20260727_213221,2026-07-27T21:36:26.347809-03:00,g3,17,False,100,TRAFFIC,False,,,False,False,,,,0.001095
evt-20260727_213335,2026-07-27T21:36:38.795891-03:00,g3,10,False,95,TRAFFIC,False,,,False,False,,,,0.00126525
evt-20260727_213526,2026-07-27T21:36:51.369135-03:00,g3,7,False,100,TRAFFIC,False,,,False,False,,,,0.00110925
evt-20260727_214112,2026-07-27T21:44:14.544162-03:00,g3,24,True,100,DUMPING,True,True,100,True,False,,,,0.003147
evt-20260727_214316,2026-07-27T21:44:35.384710-03:00,g3,8,False,100,EMPTY,False,,,False,False,,,,0.00107625
evt-20260727_214608,2026-07-27T21:48:25.196933-03:00,g3,7,False,95,TRAFFIC,False,,,False,False,,,,0.00107625
evt-20260727_214736,2026-07-27T21:48:37.409166-03:00,g3,7,False,100,EMPTY,False,,,False,False,,,,0.00128175
evt-20260727_214804,2026-07-27T21:52:23.570825-03:00,g3,10,False,100,EMPTY,False,,,False,False,,,,0.00090825
evt-20260727_214934,2026-07-27T21:52:35.506021-03:00,g3,9,True,95,DUMPING,True,True,95,True,False,,,,0.00266325
evt-20260727_215102,2026-07-27T21:52:54.012089-03:00,g3,10,False,100,EMPTY,False,,,False,False,,,,0.0011235
evt-20260727_215142,2026-07-27T21:53:07.082240-03:00,g3,9,False,90,PARKED,False,,,False,False,,,,0.00151125
evt-20260727_215300,2026-07-27T21:56:59.554146-03:00,g3,9,False,95,TRAFFIC,False,,,False,False,,,,0.001128
evt-20260727_215435,2026-07-27T21:57:12.889991-03:00,g3,8,False,100,TRAFFIC,False,,,False,False,,,,0.00100575
evt-20260727_215529,2026-07-27T21:57:26.304619-03:00,g3,6,False,95,TRAFFIC,False,,,False,False,,,,0.0012555
evt-20260727_215737,2026-07-27T22:02:00.812139-03:00,g3,9,False,100,TRAFFIC,False,,,False,False,,,,0.0010965
evt-20260727_215817,2026-07-27T22:02:16.302026-03:00,g3,6,False,100,TRAFFIC,False,,,False,False,,,,0.0010725
evt-20260727_215911,2026-07-27T22:02:29.667162-03:00,g3,22,False,100,TRAFFIC,False,,,False,False,,,,0.00100125
evt-20260727_220333,2026-07-27T22:06:34.140200-03:00,g3,8,False,100,EMPTY,False,,,False,False,,,,0.0010845
evt-20260727_220437,2026-07-27T22:06:45.252418-03:00,g3,7,False,100,EMPTY,False,,,False,False,,,,0.0012855
evt-20260727_220605,2026-07-27T22:10:32.171828-03:00,g3,8,False,95,TRAFFIC,False,,,False,False,,,,0.00141
evt-20260727_220759,2026-07-27T22:10:47.448194-03:00,g3,15,False,100,TRAFFIC,False,,,False,False,,,,0.00112575
evt-20260727_221111,2026-07-27T22:14:46.166602-03:00,g3,7,False,100,EMPTY,False,,,False,False,,,,0.00107475
evt-20260727_221223,2026-07-27T22:15:02.699021-03:00,g3,7,False,100,EMPTY,False,,,False,False,,,,0.0010725
evt-20260727_221539,2026-07-27T22:18:47.260993-03:00,g3,9,False,100,EMPTY,False,,,False,False,,,,0.00102075
evt-20260727_221903,2026-07-27T22:22:41.731006-03:00,g3,10,False,0,DUMPING,False,,,False,False,,,,0.0014925
evt-20260727_221959,2026-07-27T22:22:55.373492-03:00,g3,8,False,100,TRAFFIC,False,,,False,False,,,,0.001092
evt-20260727_222205,2026-07-27T22:23:07.590537-03:00,g3,6,False,95,TRAFFIC,False,,,False,False,,,,0.001026
evt-20260727_222707,2026-07-27T22:30:34.396679-03:00,g3,7,False,100,TRAFFIC,False,,,False,False,,,,0.0009
evt-20260727_223007,2026-07-27T22:34:39.880180-03:00,g3,8,False,95,TRAFFIC,False,,,False,False,,,,0.00108375
evt-20260727_223041,2026-07-27T22:34:51.719408-03:00,g3,15,False,95,TRAFFIC,False,,,False,False,,,,0.0009525
evt-20260727_223904,2026-07-27T22:42:18.723301-03:00,g3,8,False,95,TRAFFIC,False,,,False,False,,,,0.0009585
evt-20260727_225603,2026-07-27T23:00:27.228239-03:00,g3,25,False,95,TRAFFIC,False,,,False,False,,,,0.001296
evt-20260727_230929,2026-07-27T23:11:30.556864-03:00,g3,6,False,100,TRAFFIC,False,,,False,False,,,,0.000918
evt-20260727_231315,2026-07-27T23:15:13.475836-03:00,g3,7,False,100,TRAFFIC,False,,,False,False,,,,0.0012165
evt-20260727_232133,2026-07-27T23:26:15.328371-03:00,g3,19,False,100,EMPTY,False,,,False,False,,,,0.0009
evt-20260727_232817,2026-07-27T23:33:50.798007-03:00,g3,32,False,100,EMPTY,False,,,False,False,,,,0.0011235
evt-20260727_234349,2026-07-27T23:48:19.636366-03:00,g3,18,False,100,EMPTY,False,,,False,False,,,,0.00108
evt-20260727_234509,2026-07-27T23:48:31.783229-03:00,g3,14,True,95,DUMPING,True,True,95,True,False,,,,0.0029785
evt-20260727_235614,2026-07-27T23:59:37.627829-03:00,g3,8,False,100,TRAFFIC,False,,,False,False,,,,0.00105975
evt-20260727_235918,2026-07-28T00:03:20.425515-03:00,g3,8,False,90,TRAFFIC,False,,,False,False,,,,0.00121275
evt-20260728_000102,2026-07-28T00:03:33.241437-03:00,g3,12,False,95,TRAFFIC,False,,,False,False,,,,0.00095775
evt-20260728_000546,2026-07-28T00:07:23.688489-03:00,g3,7,False,95,TRAFFIC,False,,,False,False,,,,0.0011565
evt-20260728_000752,2026-07-28T00:11:04.475652-03:00,g3,6,False,95,TRAFFIC,False,,,False,False,,,,0.00095025
evt-20260728_001255,2026-07-28T00:14:52.835258-03:00,g3,7,False,95,TRAFFIC,False,,,False,False,,,,0.001362
evt-20260728_001319,2026-07-28T00:15:06.006448-03:00,g3,7,False,100,TRAFFIC,False,,,False,False,,,,0.0009705
evt-20260728_001639,2026-07-28T00:18:49.579263-03:00,g3,11,False,100,EMPTY,False,,,False,False,,,,0.00096
evt-20260728_001731,2026-07-28T00:18:58.883432-03:00,g3,7,False,100,EMPTY,False,,,False,False,,,,0.00122925
evt-20260728_001955,2026-07-28T00:22:51.917778-03:00,g3,8,False,95,TRAFFIC,False,,,False,False,,,,0.00099975
evt-20260728_002203,2026-07-28T00:23:26.571718-03:00,g3,11,False,95,TRAFFIC,False,,,False,False,,,,0.0010095
evt-20260728_002835,2026-07-28T00:30:44.501071-03:00,g3,9,False,100,EMPTY,False,,,False,False,,,,0.00113175
evt-20260728_003437,2026-07-28T00:38:05.416524-03:00,g3,7,False,95,TRAFFIC,False,,,False,False,,,,0.001053
evt-20260728_003633,2026-07-28T00:38:19.340042-03:00,g3,7,False,100,EMPTY,False,,,False,False,,,,0.0011205
evt-20260728_004457,2026-07-28T00:45:41.616349-03:00,g3,6,False,95,TRAFFIC,False,,,False,False,,,,0.00142725
evt-20260728_004741,2026-07-28T00:49:27.561086-03:00,g3,12,False,100,TRAFFIC,False,,,False,False,,,,0.0010755
evt-20260728_005313,2026-07-28T00:56:46.532296-03:00,g3,7,False,100,TRAFFIC,False,,,False,False,,,,0.00090975
evt-20260728_005555,2026-07-28T01:00:38.320867-03:00,g3,32,True,95,DUMPING,True,True,100,True,False,,,,0.003559
evt-20260728_010312,2026-07-28T01:04:44.220559-03:00,g3,12,False,100,EMPTY,False,,,False,False,,,,0.000966
evt-20260728_010650,2026-07-28T01:08:26.251061-03:00,g3,7,False,100,EMPTY,False,,,False,False,,,,0.000936
evt-20260728_010946,2026-07-28T01:12:40.019063-03:00,g3,11,False,100,TRAFFIC,False,,,False,False,,,,0.0009405
evt-20260728_012417,2026-07-28T01:27:52.789494-03:00,g3,11,False,100,EMPTY,False,,,False,False,,,,0.00089625
evt-20260728_015853,2026-07-28T02:01:11.825515-03:00,g3,11,False,100,EMPTY,False,,,False,False,,,,0.00093
evt-20260728_020333,2026-07-28T02:08:39.064647-03:00,g3,23,False,100,EMPTY,False,,,False,False,,,,0.00091725
evt-20260728_021248,2026-07-28T02:16:19.535174-03:00,g3,6,False,100,EMPTY,False,,,False,False,,,,0.0011025
evt-20260728_021338,2026-07-28T02:16:31.341223-03:00,g3,6,False,100,EMPTY,False,,,False,False,,,,0.001119
evt-20260728_021406,2026-07-28T02:16:43.941360-03:00,g3,13,False,100,EMPTY,False,,,False,False,,,,0.0008985
evt-20260728_021514,2026-07-28T02:16:54.492162-03:00,g3,6,False,100,EMPTY,False,,,False,False,,,,0.00138975
evt-20260728_021546,2026-07-28T02:20:40.342915-03:00,g3,32,False,100,EMPTY,False,,,False,False,,,,0.00099525
evt-20260728_021752,2026-07-28T02:20:52.956576-03:00,g3,32,True,85,DUMPING,True,False,100,False,False,,,,0.00394075
evt-20260728_021956,2026-07-28T02:24:56.390940-03:00,g3,32,False,100,EMPTY,False,,,False,False,,,,0.000975
evt-20260728_022206,2026-07-28T02:25:06.786007-03:00,g3,8,False,100,EMPTY,False,,,False,False,,,,0.00092925
evt-20260728_022239,2026-07-28T02:25:18.895991-03:00,g3,30,False,100,EMPTY,False,,,False,False,,,,0.00101325
evt-20260728_022435,2026-07-28T02:29:03.133276-03:00,g3,11,False,100,EMPTY,False,,,False,False,,,,0.00101625
evt-20260728_022515,2026-07-28T02:29:13.974151-03:00,g3,16,False,100,EMPTY,False,,,False,False,,,,0.0011415
evt-20260728_022659,2026-07-28T02:29:29.745056-03:00,g3,7,False,100,EMPTY,False,,,False,False,,,,0.00090375
evt-20260728_022745,2026-07-28T02:29:40.622448-03:00,g3,7,False,100,EMPTY,False,,,False,False,,,,0.00109125
evt-20260728_022941,2026-07-28T02:34:17.025917-03:00,g3,8,False,95,TRAFFIC,False,,,False,False,,,,0.0010485
evt-20260728_023039,2026-07-28T02:34:30.957196-03:00,g3,23,False,100,EMPTY,False,,,False,False,,,,0.0009855
evt-20260728_024417,2026-07-28T02:45:35.650510-03:00,g3,6,False,100,EMPTY,False,,,False,False,,,,0.000993
evt-20260728_024607,2026-07-28T02:49:30.220351-03:00,g3,13,False,100,EMPTY,False,,,False,False,,,,0.0010815
evt-20260728_030958,2026-07-28T03:32:12.745833-03:00,g3,9,False,100,TRAFFIC,False,,,False,False,,,,0.001044
evt-20260728_032256,2026-07-28T03:32:25.231744-03:00,g3,6,False,100,EMPTY,False,,,False,False,,,,0.00110475
evt-20260728_034737,2026-07-28T03:48:09.962032-03:00,g3,8,False,100,EMPTY,False,,,False,False,,,,0.0009885
evt-20260728_035947,2026-07-28T04:04:17.150822-03:00,g3,7,False,100,EMPTY,False,,,False,False,,,,0.00090225
evt-20260728_040011,2026-07-28T04:04:27.807026-03:00,g3,12,False,100,EMPTY,False,,,False,False,,,,0.00106125
evt-20260728_040241,2026-07-28T04:04:38.859511-03:00,g3,6,False,100,EMPTY,False,,,False,False,,,,0.00110025
evt-20260728_040357,2026-07-28T04:09:07.517629-03:00,g3,8,False,100,EMPTY,False,,,False,False,,,,0.0010215
evt-20260728_040901,2026-07-28T04:13:01.843621-03:00,g3,8,False,100,EMPTY,False,,,False,False,,,,0.000993
evt-20260728_042134,2026-07-28T04:24:08.885306-03:00,g3,8,False,100,TRAFFIC,False,,,False,False,,,,0.0012015
evt-20260728_043140,2026-07-28T04:35:31.986606-03:00,g3,6,False,100,TRAFFIC,False,,,False,False,,,,0.0011265
evt-20260728_043924,2026-07-28T04:42:56.557968-03:00,g3,7,False,100,EMPTY,False,,,False,False,,,,0.0011985
evt-20260728_045505,2026-07-28T04:58:08.382741-03:00,g3,7,False,95,TRAFFIC,False,,,False,False,,,,0.00116775
evt-20260728_051223,2026-07-28T05:13:18.538947-03:00,g3,6,False,100,TRAFFIC,False,,,False,False,,,,0.00115725
evt-20260728_051433,2026-07-28T05:17:24.324486-03:00,g3,6,False,100,EMPTY,False,,,False,False,,,,0.00099
evt-20260728_051851,2026-07-28T05:21:56.605148-03:00,g3,6,False,100,EMPTY,False,,,False,False,,,,0.000864
evt-20260728_060227,2026-07-28T06:05:26.193508-03:00,g3,28,False,95,TRAFFIC,False,,,False,False,,,,0.001122
evt-20260728_071043,2026-07-28T07:14:30.471046-03:00,g3,9,True,90,DUMPING,True,False,100,False,False,,,,0.00255825
evt-20260728_072619,2026-07-28T07:30:31.027692-03:00,g3,16,False,100,TRAFFIC,False,,,False,False,,,,0.00101175
evt-20260728_073145,2026-07-28T07:35:03.014558-03:00,g3,19,True,90,DUMPING,True,True,95,True,False,,,,0.00326525
evt-20260728_073313,2026-07-28T07:35:35.955394-03:00,g3,25,True,95,DUMPING,True,True,100,True,False,,,,0.00316625
evt-20260728_074730,2026-07-28T07:48:21.829134-03:00,g3,8,False,95,TRAFFIC,False,,,False,False,,,,0.00107475
evt-20260728_075940,2026-07-28T08:03:38.801059-03:00,g3,9,False,90,PARKED,False,,,False,False,,,,0.00156225
evt-20260728_080457,2026-07-28T08:08:14.672823-03:00,g3,7,False,95,TRAFFIC,False,,,False,False,,,,0.00107025
evt-20260728_081519,2026-07-28T08:20:02.544451-03:00,g3,32,True,85,DUMPING,True,True,85,True,False,,,,0.00394825
evt-20260728_081909,2026-07-28T08:20:24.591774-03:00,g3,11,False,100,TRAFFIC,False,,,False,False,,,,0.00104325
evt-20260728_082715,2026-07-28T08:29:35.071724-03:00,g3,6,False,100,TRAFFIC,False,,,False,False,,,,0.00094575
evt-20260728_084641,2026-07-28T08:49:16.738643-03:00,g3,6,False,100,TRAFFIC,False,,,False,False,,,,0.00111225
evt-20260728_084909,2026-07-28T08:53:21.478771-03:00,g3,6,False,100,TRAFFIC,False,,,False,False,,,,0.00111525
evt-20260728_090029,2026-07-28T09:01:26.727117-03:00,g3,6,False,100,PARKED,False,,,False,False,,,,0.001347
evt-20260728_090418,2026-07-28T09:09:45.612681-03:00,g3,32,True,100,DUMPING,True,True,95,True,True,98a8d7a4-1d95-4ec1-9915-9f62c6496ae8,CONFIRMADO,Descarte confirmado.,0.0036925
evt-20260728_090628,2026-07-28T09:10:07.188883-03:00,g3,24,True,100,DUMPING,True,True,100,True,False,,,,0.00324975
evt-20260728_090818,2026-07-28T09:10:26.816698-03:00,g3,14,False,100,TRAFFIC,False,,,False,False,,,,0.00101925
evt-20260728_090916,2026-07-28T09:15:36.970436-03:00,g3,20,True,95,DUMPING,True,True,100,True,False,,,,0.0034015
evt-20260728_091343,2026-07-28T09:15:58.751658-03:00,g3,7,False,100,EMPTY,False,,,False,False,,,,0.00097725
evt-20260728_091541,2026-07-28T09:21:23.130080-03:00,g3,7,False,95,TRAFFIC,False,,,False,False,,,,0.00102
evt-20260728_091637,2026-07-28T09:21:34.456884-03:00,g3,7,False,100,TRAFFIC,False,,,False,False,,,,0.0010515
evt-20260728_091815,2026-07-28T09:21:47.825697-03:00,g3,19,False,95,TRAFFIC,False,,,False,False,,,,0.0012855
evt-20260728_092035,2026-07-28T09:27:29.388017-03:00,g3,19,False,100,TRAFFIC,False,,,False,False,,,,0.0015345
evt-20260728_092147,2026-07-28T09:27:57.588665-03:00,g3,28,False,100,TRAFFIC,False,,,False,False,,,,0.0013635
evt-20260728_092454,2026-07-28T09:28:14.056902-03:00,g3,32,False,100,TRAFFIC,False,,,False,False,,,,0.00145125
evt-20260728_092706,2026-07-28T09:32:28.324697-03:00,g3,32,False,100,TRAFFIC,False,,,False,False,,,,0.00144375
evt-20260728_092910,2026-07-28T09:33:08.597146-03:00,g3,27,False,100,TRAFFIC,False,,,False,False,,,,0.00153225
evt-20260728_093118,2026-07-28T09:39:09.290610-03:00,g3,32,False,95,TRAFFIC,False,,,False,False,,,,0.001233
evt-20260728_093332,2026-07-28T09:39:25.045200-03:00,g3,32,False,95,TRAFFIC,False,,,False,False,,,,0.00123525
evt-20260728_093548,2026-07-28T09:39:43.308649-03:00,g3,21,False,95,TRAFFIC,False,,,False,False,,,,0.001026
evt-20260728_093714,2026-07-28T09:44:29.886092-03:00,g3,32,False,95,TRAFFIC,False,,,False,False,,,,0.00109125
evt-20260728_093918,2026-07-28T09:44:45.479831-03:00,g3,14,False,95,TRAFFIC,False,,,False,False,,,,0.0010875
evt-20260728_094023,2026-07-28T09:45:05.859897-03:00,g3,32,False,95,TRAFFIC,False,,,False,False,,,,0.00128475
evt-20260728_094249,2026-07-28T09:50:09.626311-03:00,g3,11,False,95,TRAFFIC,False,,,False,False,,,,0.0010335
evt-20260728_094331,2026-07-28T09:50:26.593682-03:00,g3,21,False,95,TRAFFIC,False,,,False,False,,,,0.00144675
evt-20260728_094451,2026-07-28T09:50:46.057469-03:00,g3,30,False,95,TRAFFIC,False,,,False,False,,,,0.00123
evt-20260728_094659,2026-07-28T09:50:59.750277-03:00,g3,12,False,95,TRAFFIC,False,,,False,False,,,,0.001107
evt-20260728_094745,2026-07-28T09:51:15.143499-03:00,g3,11,False,95,TRAFFIC,False,,,False,False,,,,0.0011535
evt-20260728_094831,2026-07-28T09:51:32.192135-03:00,g3,13,False,95,TRAFFIC,False,,,False,False,,,,0.00124125
evt-20260728_094923,2026-07-28T09:51:47.152318-03:00,g3,7,False,95,TRAFFIC,False,,,False,False,,,,0.001365
evt-20260728_095001,2026-07-28T09:56:43.735143-03:00,g3,13,False,100,TRAFFIC,False,,,False,True,9cd47888-7047-4297-90ed-4e0a2a9c9c93,REJEITADO,Limpeza urbana presente no local.,0.00131175
evt-20260728_095156,2026-07-28T09:56:59.688368-03:00,g3,7,False,95,TRAFFIC,False,,,False,False,,,,0.0010575
evt-20260728_095330,2026-07-28T09:57:13.202187-03:00,g3,9,False,95,TRAFFIC,False,,,False,False,,,,0.0010515
evt-20260728_095440,2026-07-28T09:57:27.173231-03:00,g3,12,False,95,TRAFFIC,False,,,False,False,,,,0.00135675
evt-20260728_095605,2026-07-28T10:03:21.411761-03:00,g3,23,False,95,TRAFFIC,False,,,False,False,,,,0.00113625
evt-20260728_095733,2026-07-28T10:03:35.685238-03:00,g3,23,False,95,TRAFFIC,False,,,False,False,,,,0.001212
evt-20260728_100119,2026-07-28T10:04:17.497656-03:00,g3,7,False,95,TRAFFIC,False,,,False,False,,,,0.00099375
evt-20260728_100335,2026-07-28T10:09:19.309889-03:00,g3,6,False,100,TRAFFIC,False,,,False,False,,,,0.000972
evt-20260728_100507,2026-07-28T10:09:30.115031-03:00,g3,9,False,95,TRAFFIC,False,,,False,False,,,,0.0010275
evt-20260728_100550,2026-07-28T10:09:42.147443-03:00,g3,7,False,100,TRAFFIC,False,,,False,False,,,,0.000924
evt-20260728_100838,2026-07-28T10:09:53.103497-03:00,g3,6,False,95,TRAFFIC,False,,,False,False,,,,0.00094725
evt-20260728_101026,2026-07-28T10:14:46.078507-03:00,g3,7,False,95,PARKED,False,,,False,False,,,,0.00142125
evt-20260728_101216,2026-07-28T10:15:05.484537-03:00,g3,23,False,95,TRAFFIC,False,,,False,False,,,,0.00148575
evt-20260728_100930,2026-07-28T10:20:23.039819-03:00,g3,14,False,95,TRAFFIC,False,,,False,False,,,,0.00139875
evt-20260728_101406,2026-07-28T10:20:41.447164-03:00,g3,8,False,95,PARKED,False,,,False,False,,,,0.0011715
evt-20260728_101518,2026-07-28T10:21:16.629053-03:00,g3,7,False,95,TRAFFIC,False,,,False,False,,,,0.001329
evt-20260728_101611,2026-07-28T10:21:33.542985-03:00,g3,8,False,95,TRAFFIC,False,,,False,False,,,,0.0010155
evt-20260728_101721,2026-07-28T10:22:07.876387-03:00,g3,10,False,95,PARKED,False,,,False,False,,,,0.0010815
evt-20260728_101933,2026-07-28T10:22:20.902375-03:00,g3,7,False,100,EMPTY,False,,,False,False,,,,0.001158
evt-20260728_102317,2026-07-28T10:27:36.803837-03:00,g3,7,False,95,TRAFFIC,False,,,False,False,,,,0.00130425
evt-20260728_102343,2026-07-28T10:28:03.371920-03:00,g3,17,False,95,TRAFFIC,False,,,False,False,,,,0.00115575
evt-20260728_102615,2026-07-28T10:28:17.755438-03:00,g3,13,False,95,TRAFFIC,False,,,False,False,,,,0.00130275
evt-20260728_102911,2026-07-28T10:33:35.474486-03:00,g3,11,False,100,TRAFFIC,False,,,False,False,,,,0.00142725
evt-20260728_103005,2026-07-28T10:33:54.848616-03:00,g3,7,False,95,TRAFFIC,False,,,False,False,,,,0.0013095
evt-20260728_103035,2026-07-28T10:34:42.280503-03:00,g3,28,False,95,TRAFFIC,False,,,False,False,,,,0.00147675
evt-20260728_103347,2026-07-28T10:40:06.712384-03:00,g3,13,True,90,DUMPING,True,False,100,False,False,,,,0.00315575
evt-20260728_103456,2026-07-28T10:40:41.219474-03:00,g3,8,False,95,PARKED,False,,,False,False,,,,0.00128025
evt-20260728_103716,2026-07-28T10:41:36.491859-03:00,g3,7,False,95,PARKED,False,,,False,False,,,,0.00102675
evt-20260728_103542,2026-07-28T10:46:53.531663-03:00,g3,6,False,100,TRAFFIC,False,,,False,False,,,,0.00116625
evt-20260728_104044,2026-07-28T10:47:09.375783-03:00,g3,6,False,100,TRAFFIC,False,,,False,False,,,,0.00146625
evt-20260728_104116,2026-07-28T10:47:22.514228-03:00,g3,7,False,95,PARKED,False,,,False,False,,,,0.0011055
evt-20260728_104214,2026-07-28T10:47:39.123178-03:00,g3,7,False,90,PARKED,False,,,False,False,,,,0.001104
evt-20260728_104238,2026-07-28T10:47:55.532088-03:00,g3,7,False,95,PARKED,False,,,False,False,,,,0.0009465
evt-20260728_104320,2026-07-28T10:48:08.081916-03:00,g3,14,False,95,PARKED,False,,,False,False,,,,0.0011355
evt-20260728_104537,2026-07-28T10:48:53.223729-03:00,g3,10,False,95,PARKED,False,,,False,False,,,,0.00123075
evt-20260728_104818,2026-07-28T10:54:27.181300-03:00,g3,16,False,95,PARKED,False,,,False,False,,,,0.00103125
evt-20260728_104922,2026-07-28T10:54:39.051262-03:00,g3,18,False,100,PARKED,False,,,False,False,,,,0.0017235
evt-20260728_105058,2026-07-28T10:54:54.876993-03:00,g3,11,False,95,PARKED,False,,,False,False,,,,0.0011985
evt-20260728_105220,2026-07-28T10:55:09.824812-03:00,g3,11,False,95,PARKED,False,,,False,False,,,,0.0012045
evt-20260728_105406,2026-07-28T10:59:53.375447-03:00,g3,7,False,100,PARKED,False,,,False,False,,,,0.001074
evt-20260728_105504,2026-07-28T11:00:06.894741-03:00,g3,8,False,95,PARKED,False,,,False,False,,,,0.00110775
evt-20260728_105640,2026-07-28T11:00:38.085885-03:00,g3,16,False,95,PARKED,False,,,False,False,,,,0.00114375
evt-20260728_105810,2026-07-28T11:00:50.901712-03:00,g3,7,False,95,PARKED,False,,,False,False,,,,0.00129825
evt-20260728_105554,2026-07-28T11:07:19.240946-03:00,current,8,False,95,PARKED,False,,,False,False,,,,0.00128013
evt-20260728_110010,2026-07-28T11:07:35.894859-03:00,current,13,False,95,PARKED,False,,,False,False,,,,0.00103713
evt-20260728_110107,2026-07-28T11:07:51.334446-03:00,current,19,False,95,TRAFFIC,False,,,False,False,,,,0.00134537
evt-20260728_110305,2026-07-28T11:08:38.301134-03:00,current,7,False,95,PARKED,False,,,False,False,,,,0.00112787
evt-20260728_110521,2026-07-28T11:09:10.156223-03:00,current,17,False,95,TRAFFIC,False,,,False,False,,,,0.00106938
evt-20260728_110351,2026-07-28T11:15:19.026482-03:00,current,14,False,90,TRAFFIC,False,,,False,False,,,,0.00099062
evt-20260728_110633,2026-07-28T11:15:34.604617-03:00,current,16,False,95,TRAFFIC,False,,,False,False,,,,0.00101987
evt-20260728_110749,2026-07-28T11:16:01.554808-03:00,current,6,False,95,TRAFFIC,False,,,False,True,e67751f1-b911-4d93-9d17-9a0f3ba33ce9,REJEITADO,Sem descartes.,0.00126888
evt-20260728_110813,2026-07-28T11:16:23.683981-03:00,current,32,False,95,TRAFFIC,False,,,False,False,,,,0.00127713
evt-20260728_111017,2026-07-28T11:16:59.965475-03:00,current,32,False,95,TRAFFIC,False,,,False,False,,,,0.00097638
evt-20260728_111221,2026-07-28T11:17:14.900301-03:00,current,14,False,90,TRAFFIC,False,,,False,False,,,,0.00105813
evt-20260728_111326,2026-07-28T11:17:29.310547-03:00,current,12,False,95,TRAFFIC,False,,,False,False,,,,0.00122912
evt-20260728_111414,2026-07-28T11:22:57.843785-03:00,current,11,False,95,TRAFFIC,False,,,False,False,,,,0.00107237
evt-20260728_111502,2026-07-28T11:23:39.375433-03:00,current,13,False,90,TRAFFIC,False,,,False,False,,,,0.00106863
evt-20260728_111608,2026-07-28T11:23:52.666726-03:00,current,7,False,95,TRAFFIC,False,,,False,False,,,,0.00100263
evt-20260728_111652,2026-07-28T11:24:29.148761-03:00,current,32,False,90,TRAFFIC,False,,,False,False,,,,0.00125763
evt-20260728_111856,2026-07-28T11:25:00.441218-03:00,current,32,False,95,TRAFFIC,False,,,False,True,e67751f1-b911-4d93-9d17-9a0f3ba33ce9,REJEITADO,Sem descartes.,0.00122387
evt-20260728_112118,2026-07-28T11:25:13.561597-03:00,current,7,False,100,TRAFFIC,False,,,False,False,,,,0.00112263
evt-20260728_112150,2026-07-28T11:31:15.941479-03:00,current,17,False,90,TRAFFIC,False,,,False,False,,,,0.00108512
evt-20260728_112354,2026-07-28T11:31:31.464315-03:00,current,16,False,95,TRAFFIC,False,,,False,False,,,,0.00100788
evt-20260728_112506,2026-07-28T11:31:47.695748-03:00,current,11,False,95,TRAFFIC,False,,,False,False,,,,0.00109788
evt-20260728_112548,2026-07-28T11:32:19.944644-03:00,current,17,False,95,TRAFFIC,False,,,False,False,,,,0.00113163
evt-20260728_112931,2026-07-28T11:33:37.940001-03:00,current,24,False,95,TRAFFIC,False,,,False,False,,,,0.00116613
evt-20260728_113111,2026-07-28T11:40:35.126910-03:00,current,7,False,100,TRAFFIC,False,,,False,False,,,,0.00088112
evt-20260728_113145,2026-07-28T11:40:47.596991-03:00,current,11,False,95,TRAFFIC,False,,,False,False,,,,0.00092687
evt-20260728_113353,2026-07-28T11:41:20.919854-03:00,current,20,False,95,TRAFFIC,False,,,False,False,,,,0.00115788
evt-20260728_113517,2026-07-28T11:41:40.285205-03:00,current,13,False,95,TRAFFIC,False,,,False,False,,,,0.00089613
evt-20260728_113618,2026-07-28T11:41:51.614744-03:00,current,8,False,95,TRAFFIC,False,,,False,False,,,,0.00110012
evt-20260728_112719,2026-07-28T11:48:23.380082-03:00,current,21,False,90,TRAFFIC,False,,,False,False,,,,0.00112112
evt-20260728_113650,2026-07-28T11:49:16.747037-03:00,current,5,False,95,TRAFFIC,False,,,False,False,,,,0.00096887
evt-20260728_113936,2026-07-28T11:49:34.115981-03:00,current,23,False,100,TRAFFIC,False,,,False,False,,,,0.00083537
evt-20260728_114116,2026-07-28T11:49:46.781217-03:00,current,8,False,95,TRAFFIC,False,,,False,False,,,,0.00097712
evt-20260728_114144,2026-07-28T11:49:58.236755-03:00,current,8,False,95,TRAFFIC,False,,,False,False,,,,0.00094713
evt-20260728_114308,2026-07-28T11:50:12.555997-03:00,current,9,False,95,TRAFFIC,False,,,False,False,,,,0.00111513
evt-20260728_114406,2026-07-28T11:50:24.468333-03:00,current,12,False,100,TRAFFIC,False,,,False,False,,,,0.00092687
evt-20260728_114517,2026-07-28T11:50:37.438650-03:00,current,9,False,95,TRAFFIC,False,,,False,False,,,,0.00129813
evt-20260728_114636,2026-07-28T11:50:49.810528-03:00,current,6,False,95,TRAFFIC,False,,,False,False,,,,0.00103038
evt-20260728_114656,2026-07-28T11:51:01.212388-03:00,current,7,False,100,TRAFFIC,False,,,False,False,,,,0.00101687
evt-20260728_114742,2026-07-28T11:51:16.317945-03:00,current,7,False,100,TRAFFIC,False,,,False,False,,,,0.00100862
evt-20260728_114808,2026-07-28T11:58:05.397795-03:00,current,6,False,0,TRAFFIC,False,,,False,False,,,,0.00122762
evt-20260728_114844,2026-07-28T11:58:19.271367-03:00,current,12,False,95,TRAFFIC,False,,,False,False,,,,0.00104612
evt-20260728_115234,2026-07-28T11:58:43.430381-03:00,current,18,False,95,TRAFFIC,False,,,False,False,,,,0.00136637
evt-20260728_115346,2026-07-28T11:58:57.294766-03:00,current,10,False,95,TRAFFIC,False,,,False,False,,,,0.00130638
evt-20260728_115459,2026-07-28T11:59:10.593369-03:00,current,7,False,100,EMPTY,False,,,False,False,,,,0.00097788
evt-20260728_115717,2026-07-28T11:59:24.978877-03:00,current,8,False,95,TRAFFIC,False,,,False,False,,,,0.00095237
evt-20260728_114936,2026-07-28T12:05:01.260980-03:00,current,20,False,100,TRAFFIC,False,,,False,False,,,,0.00124187
evt-20260728_120017,2026-07-28T12:05:46.102163-03:00,current,32,False,95,TRAFFIC,False,,,False,False,,,,0.00104988
evt-20260728_120229,2026-07-28T12:05:58.231852-03:00,current,11,False,95,TRAFFIC,False,,,False,False,,,,0.00102888
evt-20260728_120317,2026-07-28T12:11:13.863800-03:00,current,32,True,100,DUMPING,True,True,100,True,False,,,,0.00378363
evt-20260728_120521,2026-07-28T12:11:37.248065-03:00,current,32,False,95,TRAFFIC,False,,,False,False,,,,0.00165213
evt-20260728_120827,2026-07-28T12:12:10.899376-03:00,current,7,False,100,TRAFFIC,False,,,False,False,,,,0.00083462
evt-20260728_121003,2026-07-28T12:12:25.493462-03:00,current,7,False,95,TRAFFIC,False,,,False,False,,,,0.00102587
evt-20260728_121028,2026-07-28T12:12:39.945731-03:00,current,7,False,100,TRAFFIC,False,,,False,False,,,,0.00105963
evt-20260728_120725,2026-07-28T12:17:34.124172-03:00,current,13,False,95,TRAFFIC,False,,,False,False,,,,0.00100413
evt-20260728_121156,2026-07-28T12:17:46.403928-03:00,current,17,False,95,TRAFFIC,False,,,False,False,,,,0.00098988
evt-20260728_121306,2026-07-28T12:17:57.811886-03:00,current,16,False,95,TRAFFIC,False,,,False,False,,,,0.00097038
evt-20260728_121418,2026-07-28T12:18:14.854082-03:00,current,32,False,90,PARKED,False,,,False,False,,,,0.00117138
evt-20260728_121656,2026-07-28T12:22:58.663686-03:00,current,10,False,95,PARKED,False,,,False,False,,,,0.00087663
evt-20260728_121739,2026-07-28T12:23:30.278885-03:00,current,32,False,95,PARKED,False,,,False,True,c7fd5e36-0394-46a1-8b05-a77ac5c8c23e,REJEITADO,Descarte efetuado no container de lixo.,0.00182687
evt-20260728_121943,2026-07-28T12:24:07.571199-03:00,current,32,False,95,PARKED,False,,,False,False,,,,0.00156438
evt-20260728_122147,2026-07-28T12:31:12.695069-03:00,current,32,False,95,TRAFFIC,False,,,False,False,,,,0.00104163
evt-20260728_122351,2026-07-28T12:31:28.248272-03:00,current,6,False,95,TRAFFIC,False,,,False,False,,,,0.00131763
evt-20260728_122427,2026-07-28T12:31:41.792391-03:00,current,7,False,100,EMPTY,False,,,False,False,,,,0.00070112
evt-20260728_122501,2026-07-28T12:31:55.476872-03:00,current,10,False,100,TRAFFIC,False,,,False,False,,,,0.00089237
evt-20260728_122839,2026-07-28T12:32:07.019714-03:00,current,10,False,90,TRAFFIC,False,,,False,False,,,,0.00108062
evt-20260728_122926,2026-07-28T12:38:20.388190-03:00,current,28,False,100,TRAFFIC,False,,,False,False,,,,0.00101012
evt-20260728_123119,2026-07-28T12:38:34.113318-03:00,current,23,False,100,TRAFFIC,False,,,False,False,,,,0.00107087
evt-20260728_123302,2026-07-28T12:38:54.676298-03:00,current,27,False,95,TRAFFIC,False,,,False,False,,,,0.00118713
evt-20260728_123448,2026-07-28T12:39:08.046069-03:00,current,18,False,95,TRAFFIC,False,,,False,False,,,,0.00102213
evt-20260728_123705,2026-07-28T12:39:36.050004-03:00,current,12,False,95,TRAFFIC,False,,,False,False,,,,0.00129212
evt-20260728_123605,2026-07-28T12:45:56.605030-03:00,current,7,False,100,PARKED,False,,,False,False,,,,0.00087063
evt-20260728_123807,2026-07-28T12:46:07.686895-03:00,current,9,False,100,TRAFFIC,False,,,False,False,,,,0.00099438
evt-20260728_124006,2026-07-28T12:46:23.628249-03:00,current,10,False,95,PARKED,False,,,False,False,,,,0.00108363
evt-20260728_124117,2026-07-28T12:46:35.717462-03:00,current,8,False,95,PARKED,False,,,False,False,,,,0.00108288
evt-20260728_124151,2026-07-28T12:46:50.345626-03:00,current,7,False,95,PARKED,False,,,False,False,,,,0.00085413
evt-20260728_124359,2026-07-28T12:47:17.689743-03:00,current,17,False,0,PARKED,False,,,False,False,,,,0.00138663
evt-20260728_124223,2026-07-28T12:53:27.141730-03:00,current,12,False,0,PARKED,False,,,False,False,,,,0.00163188
evt-20260728_124539,2026-07-28T12:53:46.940834-03:00,current,26,False,95,PARKED,False,,,False,False,,,,0.00115638
evt-20260728_124745,2026-07-28T12:54:08.507404-03:00,current,11,False,95,TRAFFIC,False,,,False,False,,,,0.00122387
evt-20260728_124853,2026-07-28T12:54:23.129015-03:00,current,11,False,100,TRAFFIC,False,,,False,False,,,,0.00099887
evt-20260728_125043,2026-07-28T12:54:39.493203-03:00,current,13,False,100,TRAFFIC,False,,,False,False,,,,0.00099362
evt-20260728_125157,2026-07-28T12:54:51.896165-03:00,current,11,False,100,TRAFFIC,False,,,False,False,,,,0.00103338
evt-20260728_125308,2026-07-28T13:01:20.556753-03:00,current,17,False,95,TRAFFIC,False,,,False,False,,,,0.00105138
evt-20260728_125418,2026-07-28T13:01:41.395715-03:00,current,5,False,95,TRAFFIC,False,,,False,False,,,,0.00120063
evt-20260728_125825,2026-07-28T13:01:58.384174-03:00,current,15,False,100,TRAFFIC,False,,,False,False,,,,0.00115188
evt-warmup-20260728_125642,2026-07-28T13:02:36.796727-03:00,current,12,False,95,TRAFFIC,False,,,False,False,,,,0.00096787
evt-20260728_125926,2026-07-28T13:08:11.730057-03:00,current,32,False,95,TRAFFIC,False,,,False,False,,,,0.00097488
evt-20260728_130314,2026-07-28T13:08:33.309695-03:00,current,27,False,100,TRAFFIC,False,,,False,False,,,,0.00099362
evt-20260728_130504,2026-07-28T13:08:46.463887-03:00,current,10,False,95,TRAFFIC,False,,,False,False,,,,0.00136188
evt-20260728_130817,2026-07-28T13:13:16.537771-03:00,current,32,False,95,TRAFFIC,False,,,False,False,,,,0.00106788
evt-20260728_131027,2026-07-28T13:13:35.619671-03:00,current,32,False,95,TRAFFIC,False,,,False,False,,,,0.00105062
evt-20260728_131323,2026-07-28T13:17:36.567681-03:00,current,19,False,100,TRAFFIC,False,,,False,False,,,,0.00101238
evt-20260728_131449,2026-07-28T13:17:53.107100-03:00,current,16,False,100,TRAFFIC,False,,,False,False,,,,0.00093512
evt-20260728_131645,2026-07-28T13:18:05.602481-03:00,current,8,False,0,TRAFFIC,False,,,False,False,,,,0.00128237
evt-20260728_131738,2026-07-28T13:22:45.165937-03:00,current,32,False,95,TRAFFIC,False,,,False,False,,,,0.00109338
evt-20260728_132006,2026-07-28T13:22:58.755336-03:00,current,32,False,100,TRAFFIC,False,,,False,False,,,,0.00088188
evt-20260728_132222,2026-07-28T13:26:49.357345-03:00,current,11,False,95,TRAFFIC,False,,,False,False,,,,0.00120962
evt-20260728_132356,2026-07-28T13:27:05.313675-03:00,current,32,False,0,TRAFFIC,False,,,False,False,,,,0.00129888
evt-20260728_132752,2026-07-28T13:31:12.666953-03:00,current,15,False,95,TRAFFIC,False,,,False,False,,,,0.00088488
evt-20260728_132854,2026-07-28T13:31:28.395146-03:00,current,21,False,95,TRAFFIC,False,,,False,False,,,,0.00111812
evt-20260728_133200,2026-07-28T13:37:16.668109-03:00,current,12,False,95,TRAFFIC,False,,,False,False,,,,0.00096963
evt-20260728_133256,2026-07-28T13:37:49.038127-03:00,current,10,False,95,TRAFFIC,False,,,False,False,,,,0.00124113
evt-20260728_133332,2026-07-28T13:38:02.531891-03:00,current,8,False,95,TRAFFIC,False,,,False,False,,,,0.00121638
evt-20260728_133408,2026-07-28T13:38:24.776191-03:00,current,8,False,100,TRAFFIC,False,,,False,False,,,,0.00087137
evt-20260728_133439,2026-07-28T13:38:39.638247-03:00,current,15,False,95,TRAFFIC,False,,,False,False,,,,0.00104612
evt-20260728_133647,2026-07-28T13:43:22.992096-03:00,current,10,False,0,TRAFFIC,False,,,False,False,,,,0.00147363
evt-20260728_133747,2026-07-28T13:43:38.275966-03:00,current,10,False,100,TRAFFIC,False,,,False,False,,,,0.00091337
evt-20260728_133850,2026-07-28T13:43:49.718056-03:00,current,17,False,95,TRAFFIC,False,,,False,False,,,,0.00104462
evt-20260728_133954,2026-07-28T13:44:01.459597-03:00,current,10,False,100,TRAFFIC,False,,,False,False,,,,0.00085713
evt-20260728_134224,2026-07-28T13:44:14.577213-03:00,current,11,False,95,TRAFFIC,False,,,False,False,,,,0.00087887
evt-20260728_134402,2026-07-28T13:49:56.908830-03:00,current,32,False,95,TRAFFIC,False,,,False,False,,,,0.00116763
evt-20260728_134612,2026-07-28T13:50:12.896896-03:00,current,19,False,95,TRAFFIC,False,,,False,False,,,,0.00108588
evt-20260728_134803,2026-07-28T13:50:28.121691-03:00,current,17,False,100,TRAFFIC,False,,,False,False,,,,0.00103262
evt-20260728_134913,2026-07-28T13:55:29.836688-03:00,current,32,False,95,TRAFFIC,False,,,False,False,,,,0.00104237
evt-20260728_135129,2026-07-28T13:55:42.658672-03:00,current,27,False,100,TRAFFIC,False,,,False,False,,,,0.00095762
evt-20260728_135321,2026-07-28T14:00:17.160303-03:00,current,32,False,100,TRAFFIC,False,,,False,False,,,,0.00092012
evt-20260728_135557,2026-07-28T14:00:31.216837-03:00,current,32,False,100,TRAFFIC,False,,,False,False,,,,0.00083687
evt-20260728_135822,2026-07-28T14:00:45.909700-03:00,current,6,False,0,TRAFFIC,False,,,False,False,,,,0.00175413
evt-20260728_140020,2026-07-28T14:05:34.078904-03:00,current,13,False,95,TRAFFIC,False,,,False,False,,,,0.00105887
evt-20260728_140224,2026-07-28T14:05:49.937570-03:00,current,10,False,95,TRAFFIC,False,,,False,False,,,,0.00083088
evt-20260728_140305,2026-07-28T14:06:03.343384-03:00,current,15,False,0,TRAFFIC,False,,,False,False,,,,0.00087363
evt-20260728_140419,2026-07-28T14:11:07.731786-03:00,current,20,False,100,TRAFFIC,False,,,False,False,,,,0.00103112
evt-20260728_140716,2026-07-28T14:11:24.598390-03:00,current,32,False,95,TRAFFIC,False,,,False,False,,,,0.00135063
evt-20260728_140920,2026-07-28T14:11:40.675811-03:00,current,7,False,95,TRAFFIC,False,,,False,False,,,,0.00103262
evt-20260728_140950,2026-07-28T14:11:55.099709-03:00,current,9,False,100,TRAFFIC,False,,,False,False,,,,0.00100637
evt-20260728_141054,2026-07-28T14:17:21.150867-03:00,current,8,False,100,EMPTY,False,,,False,False,,,,0.00104912
evt-20260728_141227,2026-07-28T14:17:32.977737-03:00,current,9,False,95,TRAFFIC,False,,,False,False,,,,0.00103562
evt-20260728_141321,2026-07-28T14:17:48.568381-03:00,current,11,False,95,TRAFFIC,False,,,False,False,,,,0.00103713
evt-20260728_141447,2026-07-28T14:18:02.468646-03:00,current,7,False,100,TRAFFIC,False,,,False,False,,,,0.00100113
evt-20260728_141549,2026-07-28T14:18:17.423064-03:00,current,10,False,95,TRAFFIC,False,,,False,False,,,,0.00115788
evt-20260728_141648,2026-07-28T14:23:16.253336-03:00,current,10,False,100,TRAFFIC,False,,,False,False,,,,0.00120738
evt-20260728_142020,2026-07-28T14:23:29.750044-03:00,current,22,False,100,TRAFFIC,False,,,False,False,,,,0.00118563
evt-20260728_142238,2026-07-28T14:27:53.680297-03:00,current,24,False,95,TRAFFIC,False,,,False,False,,,,0.00117812
evt-20260728_142547,2026-07-28T14:28:07.483788-03:00,current,9,False,100,TRAFFIC,False,,,False,False,,,,0.00113313
evt-20260728_142626,2026-07-28T14:28:23.187783-03:00,current,20,False,100,TRAFFIC,False,,,False,False,,,,0.00083987
evt-20260728_142823,2026-07-28T14:32:12.119810-03:00,current,10,False,100,TRAFFIC,False,,,False,False,,,,0.00090887
evt-20260728_142925,2026-07-28T14:32:26.807454-03:00,current,17,False,100,TRAFFIC,False,,,False,False,,,,0.00105737
evt-20260728_143121,2026-07-28T14:32:43.805791-03:00,current,8,False,95,TRAFFIC,False,,,False,False,,,,0.00100187
evt-20260728_143243,2026-07-28T14:37:03.535567-03:00,current,12,False,95,TRAFFIC,False,,,False,False,,,,0.00102438
evt-20260728_143507,2026-07-28T14:37:16.227951-03:00,current,15,False,100,TRAFFIC,False,,,False,False,,,,0.00135812
evt-20260728_143608,2026-07-28T14:41:14.016408-03:00,current,16,False,0,TRAFFIC,False,,,False,False,,,,0.00089387
evt-20260728_143715,2026-07-28T14:41:28.403238-03:00,current,32,False,95,TRAFFIC,False,,,False,False,,,,0.00133113
evt-20260728_144027,2026-07-28T14:41:42.396827-03:00,current,7,False,100,PARKED,False,,,False,False,,,,0.00122538
evt-20260728_144109,2026-07-28T14:46:14.523233-03:00,current,26,False,95,TRAFFIC,False,,,False,False,,,,0.00138363
evt-20260728_144325,2026-07-28T14:46:31.455003-03:00,current,28,False,95,TRAFFIC,False,,,False,False,,,,0.00100563
evt-20260728_144529,2026-07-28T14:50:56.541306-03:00,current,10,False,0,TRAFFIC,False,,,False,False,,,,0.00114587
evt-20260728_144610,2026-07-28T14:51:12.898718-03:00,current,8,False,95,TRAFFIC,False,,,False,False,,,,0.00113238
evt-20260728_144644,2026-07-28T14:51:26.413750-03:00,current,7,False,95,TRAFFIC,False,,,False,False,,,,0.00084662
evt-20260728_144740,2026-07-28T14:51:37.079949-03:00,current,9,False,100,TRAFFIC,False,,,False,False,,,,0.00100113
evt-20260728_144838,2026-07-28T14:51:51.985514-03:00,current,20,False,95,TRAFFIC,False,,,False,False,,,,0.00159288
evt-20260728_145036,2026-07-28T14:56:42.558192-03:00,current,26,False,95,TRAFFIC,False,,,False,False,,,,0.00112412
evt-20260728_145318,2026-07-28T14:56:56.549185-03:00,current,32,False,100,TRAFFIC,False,,,False,False,,,,0.00103562
evt-20260728_145530,2026-07-28T15:01:20.692131-03:00,current,32,False,95,TRAFFIC,False,,,False,False,,,,0.00105513
evt-20260728_145815,2026-07-28T15:01:36.310891-03:00,current,15,False,95,TRAFFIC,False,,,False,False,,,,0.00097712
evt-20260728_145933,2026-07-28T15:01:47.995554-03:00,current,20,False,100,TRAFFIC,False,,,False,False,,,,0.00108062
evt-20260728_150245,2026-07-28T15:05:59.938693-03:00,current,23,False,95,TRAFFIC,False,,,False,False,,,,0.00100788
evt-20260728_150431,2026-07-28T15:06:13.050690-03:00,current,11,False,100,TRAFFIC,False,,,False,False,,,,0.00109487
evt-20260728_150513,2026-07-28T15:10:36.407741-03:00,current,12,False,95,TRAFFIC,False,,,False,False,,,,0.00134687
evt-20260728_150613,2026-07-28T15:10:52.806158-03:00,current,32,False,0,TRAFFIC,False,,,False,False,,,,0.00145262
evt-20260728_150835,2026-07-28T15:14:59.213198-03:00,current,32,False,95,TRAFFIC,False,,,False,False,,,,0.00109187
evt-20260728_151049,2026-07-28T15:15:16.072104-03:00,current,32,False,95,TRAFFIC,False,,,False,False,,,,0.00095838
evt-20260728_151309,2026-07-28T15:19:51.730383-03:00,current,32,False,95,TRAFFIC,False,,,False,False,,,,0.00111587
evt-20260728_151521,2026-07-28T15:20:04.773601-03:00,current,13,False,100,TRAFFIC,False,,,False,False,,,,0.00097937
evt-20260728_151715,2026-07-28T15:20:19.052569-03:00,current,32,False,95,TRAFFIC,False,,,False,False,,,,0.00090963
evt-20260728_151936,2026-07-28T15:24:29.524669-03:00,current,33,False,95,TRAFFIC,False,,,False,False,,,,0.00119162
evt-20260728_152143,2026-07-28T15:24:46.564129-03:00,current,25,False,95,TRAFFIC,False,,,False,False,,,,0.00121713
evt-20260728_152421,2026-07-28T15:29:03.125605-03:00,current,26,False,95,TRAFFIC,False,,,False,False,,,,0.00111513
evt-20260728_152633,2026-07-28T15:29:16.974278-03:00,current,7,False,95,TRAFFIC,False,,,False,False,,,,0.00091413
evt-20260728_152733,2026-07-28T15:29:30.298966-03:00,current,9,False,100,TRAFFIC,False,,,False,False,,,,0.00105437
evt-20260728_152911,2026-07-28T15:33:45.585919-03:00,current,16,False,95,TRAFFIC,False,,,False,False,,,,0.00105663
evt-20260728_153013,2026-07-28T15:33:59.438929-03:00,current,17,False,100,TRAFFIC,False,,,False,False,,,,0.00119312
evt-20260728_153228,2026-07-28T15:38:46.424066-03:00,current,32,True,100,DUMPING,True,True,100,True,True,4f15e107-1cfe-436c-8885-21c464919154,REJEITADO,O descarte ocorreu no local destinado a tal.,0.00359013
evt-20260728_153432,2026-07-28T15:39:28.137395-03:00,current,32,True,100,DUMPING,True,True,100,True,True,4f15e107-1cfe-436c-8885-21c464919154,REJEITADO,O descarte ocorreu no local destinado a tal.,0.00357588
evt-20260728_153636,2026-07-28T15:44:34.311695-03:00,current,32,True,95,DUMPING,True,True,100,True,True,4f15e107-1cfe-436c-8885-21c464919154,REJEITADO,O descarte ocorreu no local destinado a tal.,0.00365913
evt-20260728_153840,2026-07-28T15:44:55.278564-03:00,current,17,False,90,PARKED,False,,,False,False,,,,0.00098387
evt-20260728_154330,2026-07-28T15:45:06.358837-03:00,current,6,False,100,EMPTY,False,,,False,False,,,,0.00085637
evt-20260728_153946,2026-07-28T15:49:27.993479-03:00,current,17,False,95,TRAFFIC,False,,,False,False,,,,0.00137013
evt-20260728_154355,2026-07-28T15:49:41.381313-03:00,current,11,False,0,TRAFFIC,False,,,False,False,,,,0.00083313
evt-20260728_154437,2026-07-28T15:49:51.545977-03:00,current,6,False,100,EMPTY,False,,,False,False,,,,0.00081663
evt-20260728_154521,2026-07-28T15:50:02.458898-03:00,current,6,False,0,TRAFFIC,False,,,False,False,,,,0.00087513
evt-20260728_154547,2026-07-28T15:50:19.507729-03:00,current,7,False,100,TRAFFIC,False,,,False,False,,,,0.00095612
evt-20260728_154645,2026-07-28T15:50:32.072575-03:00,current,11,False,95,TRAFFIC,False,,,False,False,,,,0.00087213
evt-20260728_154729,2026-07-28T15:50:44.550261-03:00,current,8,False,100,TRAFFIC,False,,,False,False,,,,0.00087137
evt-20260728_154807,2026-07-28T15:51:01.873537-03:00,current,7,False,100,EMPTY,False,,,False,False,,,,0.00088188
evt-20260728_154929,2026-07-28T15:55:28.163917-03:00,current,7,False,100,EMPTY,False,,,False,False,,,,0.00094038
evt-20260728_155047,2026-07-28T15:55:37.000458-03:00,current,7,False,100,EMPTY,False,,,False,False,,,,0.00090288
evt-20260728_155127,2026-07-28T15:55:50.203837-03:00,current,10,False,100,TRAFFIC,False,,,False,False,,,,0.00097412
evt-20260728_155237,2026-07-28T15:56:01.882297-03:00,current,7,False,100,EMPTY,False,,,False,False,,,,0.00092913
evt-20260728_155341,2026-07-28T15:56:16.927438-03:00,current,10,False,100,TRAFFIC,False,,,False,False,,,,0.00087887
evt-20260728_155521,2026-07-28T16:01:05.214578-03:00,current,13,False,95,TRAFFIC,False,,,False,False,,,,0.00102363
evt-20260728_155625,2026-07-28T16:01:19.684737-03:00,current,18,False,95,TRAFFIC,False,,,False,False,,,,0.00095013
evt-20260728_155737,2026-07-28T16:01:32.290602-03:00,current,12,False,95,TRAFFIC,False,,,False,False,,,,0.00096513
evt-20260728_155957,2026-07-28T16:01:43.219544-03:00,current,7,False,100,EMPTY,False,,,False,False,,,,0.00097187
evt-20260728_160035,2026-07-28T16:06:32.991893-03:00,current,11,False,95,TRAFFIC,False,,,False,False,,,,0.00123887
evt-20260728_160131,2026-07-28T16:06:46.228049-03:00,current,29,False,95,TRAFFIC,False,,,False,False,,,,0.00095838
evt-20260728_160505,2026-07-28T16:06:58.974002-03:00,current,7,False,95,TRAFFIC,False,,,False,False,,,,0.00113013
evt-20260728_160539,2026-07-28T16:07:18.282886-03:00,current,10,False,100,TRAFFIC,False,,,False,False,,,,0.00088488
evt-20260728_160624,2026-07-28T16:11:35.212312-03:00,current,6,False,100,EMPTY,False,,,False,False,,,,0.00089313
evt-20260728_160752,2026-07-28T16:11:48.306961-03:00,current,13,False,100,TRAFFIC,False,,,False,False,,,,0.00097338
evt-20260728_160844,2026-07-28T16:12:39.795323-03:00,current,12,False,100,TRAFFIC,False,,,False,False,,,,0.00102137
evt-20260728_161016,2026-07-28T16:12:53.884354-03:00,current,9,False,100,TRAFFIC,False,,,False,False,,,,0.00089988
evt-20260728_161048,2026-07-28T16:13:05.155009-03:00,current,6,False,100,TRAFFIC,False,,,False,False,,,,0.00099512
evt-20260728_161110,2026-07-28T16:17:34.426002-03:00,current,7,False,100,TRAFFIC,False,,,False,False,,,,0.00079262
evt-20260728_161216,2026-07-28T16:17:44.663491-03:00,current,8,False,95,TRAFFIC,False,,,False,False,,,,0.00109713
evt-20260728_161258,2026-07-28T16:17:57.855432-03:00,current,16,False,100,EMPTY,False,,,False,False,,,,0.00102512
evt-20260728_161404,2026-07-28T16:18:11.807013-03:00,current,8,False,95,TRAFFIC,False,,,False,False,,,,0.00112488
evt-20260728_161552,2026-07-28T16:18:24.679272-03:00,current,7,False,100,EMPTY,False,,,False,False,,,,0.00080237
evt-20260728_161732,2026-07-28T16:23:00.921744-03:00,current,8,False,100,TRAFFIC,False,,,False,False,,,,0.00096887
evt-20260728_161815,2026-07-28T16:23:10.900954-03:00,current,7,False,100,TRAFFIC,False,,,False,False,,,,0.00093438
evt-20260728_161921,2026-07-28T16:23:22.704903-03:00,current,20,False,95,TRAFFIC,False,,,False,False,,,,0.00098163
evt-20260728_162055,2026-07-28T16:23:38.021787-03:00,current,13,False,100,TRAFFIC,False,,,False,False,,,,0.00095162
evt-20260728_162215,2026-07-28T16:28:02.771297-03:00,current,13,False,100,TRAFFIC,False,,,False,False,,,,0.00096287
evt-20260728_162451,2026-07-28T16:28:15.111390-03:00,current,7,False,100,EMPTY,False,,,False,False,,,,0.00093362
evt-20260728_162547,2026-07-28T16:28:26.363261-03:00,current,6,False,100,EMPTY,False,,,False,False,,,,0.00088787
evt-20260728_162629,2026-07-28T16:28:37.939375-03:00,current,7,False,100,EMPTY,False,,,False,False,,,,0.00081212
evt-20260728_162713,2026-07-28T16:28:51.979532-03:00,current,8,False,95,TRAFFIC,False,,,False,False,,,,0.00107838
evt-20260728_162823,2026-07-28T16:33:44.106854-03:00,current,7,False,0,TRAFFIC,False,,,False,False,,,,0.00103487
evt-20260728_162902,2026-07-28T16:33:55.679403-03:00,current,7,False,100,EMPTY,False,,,False,False,,,,0.00090212
evt-20260728_162942,2026-07-28T16:34:06.741747-03:00,current,7,False,95,TRAFFIC,False,,,False,False,,,,0.00101238
evt-20260728_163020,2026-07-28T16:34:18.707736-03:00,current,6,False,100,TRAFFIC,False,,,False,False,,,,0.00097488
evt-20260728_163058,2026-07-28T16:34:29.609366-03:00,current,12,False,100,TRAFFIC,False,,,False,False,,,,0.00099588
evt-20260728_163336,2026-07-28T16:39:17.312656-03:00,current,32,False,100,TRAFFIC,False,,,False,False,,,,0.00104312
evt-20260728_163810,2026-07-28T16:39:32.272666-03:00,current,13,False,95,TRAFFIC,False,,,False,False,,,,0.00120137
evt-20260728_163920,2026-07-28T16:44:11.644027-03:00,current,32,False,90,TRAFFIC,False,,,False,False,,,,0.00142413
evt-20260728_164124,2026-07-28T16:44:28.274329-03:00,current,25,False,95,TRAFFIC,False,,,False,False,,,,0.00125837
evt-20260728_164358,2026-07-28T16:48:57.929157-03:00,current,25,False,95,TRAFFIC,False,,,False,False,,,,0.00099438
evt-20260728_164548,2026-07-28T16:49:08.597819-03:00,current,6,False,100,TRAFFIC,False,,,False,False,,,,0.00087887
evt-20260728_164618,2026-07-28T16:49:20.670225-03:00,current,15,False,100,TRAFFIC,False,,,False,False,,,,0.00095688
evt-20260728_164724,2026-07-28T16:49:32.279839-03:00,current,7,False,100,EMPTY,False,,,False,False,,,,0.00087962
evt-20260728_164800,2026-07-28T16:49:43.051489-03:00,current,7,False,100,EMPTY,False,,,False,False,,,,0.00078662
evt-20260728_164834,2026-07-28T16:54:36.716676-03:00,current,10,False,100,TRAFFIC,False,,,False,False,,,,0.00096963
evt-20260728_165042,2026-07-28T16:54:48.582332-03:00,current,6,False,100,TRAFFIC,False,,,False,False,,,,0.00093962
evt-20260728_165200,2026-07-28T16:54:59.657829-03:00,current,7,False,100,EMPTY,False,,,False,False,,,,0.00075512
evt-20260728_165350,2026-07-28T16:55:11.222015-03:00,current,9,False,100,TRAFFIC,False,,,False,False,,,,0.00095388
evt-20260728_165430,2026-07-28T16:59:44.171162-03:00,current,14,False,100,TRAFFIC,False,,,False,False,,,,0.00095013
evt-20260728_165628,2026-07-28T17:00:00.688969-03:00,current,12,False,100,TRAFFIC,False,,,False,False,,,,0.00078738
evt-20260728_165738,2026-07-28T17:00:11.346138-03:00,current,16,False,100,TRAFFIC,False,,,False,False,,,,0.00096963
evt-20260728_165858,2026-07-28T17:00:25.555328-03:00,current,8,False,100,TRAFFIC,False,,,False,False,,,,0.00083687
evt-20260728_165934,2026-07-28T17:04:58.893550-03:00,current,10,False,95,TRAFFIC,False,,,False,False,,,,0.00104988
evt-20260728_170050,2026-07-28T17:05:14.981024-03:00,current,31,False,90,TRAFFIC,False,,,False,False,,,,0.00142263
evt-20260728_170312,2026-07-28T17:05:30.862002-03:00,current,6,False,95,TRAFFIC,False,,,False,False,,,,0.00082187
evt-20260728_170504,2026-07-28T17:10:23.155507-03:00,current,7,False,95,TRAFFIC,False,,,False,False,,,,0.00076037
evt-20260728_170530,2026-07-28T17:10:33.406113-03:00,current,12,False,100,TRAFFIC,False,,,False,False,,,,0.00098013
evt-20260728_170614,2026-07-28T17:10:47.010505-03:00,current,16,False,95,TRAFFIC,False,,,False,False,,,,0.00103487
evt-20260728_170744,2026-07-28T17:11:02.663302-03:00,current,14,False,100,TRAFFIC,False,,,False,False,,,,0.00096663
evt-20260728_170902,2026-07-28T17:11:16.316050-03:00,current,10,False,100,TRAFFIC,False,,,False,False,,,,0.00103637
evt-20260728_170938,2026-07-28T17:11:27.255487-03:00,current,7,False,100,EMPTY,False,,,False,False,,,,0.00094113
evt-20260728_171024,2026-07-28T17:16:11.574641-03:00,current,6,False,100,EMPTY,False,,,False,False,,,,0.00100862
evt-20260728_171050,2026-07-28T17:16:25.653075-03:00,current,12,False,95,TRAFFIC,False,,,False,False,,,,0.00111587
evt-20260728_171144,2026-07-28T17:16:39.792896-03:00,current,8,False,0,TRAFFIC,False,,,False,False,,,,0.00090512
evt-20260728_171230,2026-07-28T17:16:53.589221-03:00,current,11,False,100,TRAFFIC,False,,,False,False,,,,0.00098988
evt-20260728_171334,2026-07-28T17:17:05.658167-03:00,current,7,False,100,EMPTY,False,,,False,False,,,,0.00112937
evt-20260728_171430,2026-07-28T17:17:17.642224-03:00,current,6,False,100,EMPTY,False,,,False,False,,,,0.00095612
evt-20260728_171554,2026-07-28T17:22:03.514298-03:00,current,9,False,95,TRAFFIC,False,,,False,False,,,,0.00095088
evt-20260728_171633,2026-07-28T17:22:16.389762-03:00,current,15,False,100,TRAFFIC,False,,,False,False,,,,0.00090812
evt-20260728_171729,2026-07-28T17:22:32.359872-03:00,current,21,False,100,TRAFFIC,False,,,False,False,,,,0.00083913
evt-20260728_171903,2026-07-28T17:22:44.176223-03:00,current,14,False,0,EMPTY,False,,,False,False,,,,0.00132588
evt-20260728_172045,2026-07-28T17:27:36.276896-03:00,current,22,False,95,TRAFFIC,False,,,False,False,,,,0.00102512
evt-20260728_172311,2026-07-28T17:27:49.660626-03:00,current,18,False,100,TRAFFIC,False,,,False,False,,,,0.00112263
evt-20260728_172537,2026-07-28T17:28:08.207184-03:00,current,8,False,100,TRAFFIC,False,,,False,False,,,,0.00100187
evt-20260728_172637,2026-07-28T17:28:21.834001-03:00,current,7,False,95,TRAFFIC,False,,,False,False,,,,0.00091413
evt-20260728_172703,2026-07-28T17:32:40.317651-03:00,current,6,False,100,TRAFFIC,False,,,False,False,,,,0.00091638
evt-20260728_172739,2026-07-28T17:32:51.988319-03:00,current,10,False,95,TRAFFIC,False,,,False,False,,,,0.00078662
evt-20260728_172849,2026-07-28T17:32:59.424213-03:00,current,6,False,100,EMPTY,False,,,False,False,,,,0.00073712
evt-20260728_173033,2026-07-28T17:33:10.903731-03:00,current,6,False,0,TRAFFIC,False,,,False,False,,,,0.00102738
evt-20260728_173105,2026-07-28T17:33:25.083449-03:00,current,7,False,100,EMPTY,False,,,False,False,,,,0.00094113
evt-20260728_173141,2026-07-28T17:33:36.303084-03:00,current,9,False,100,TRAFFIC,False,,,False,False,,,,0.00087213
evt-20260728_173213,2026-07-28T17:39:15.016440-03:00,current,11,False,100,TRAFFIC,False,,,False,False,,,,0.00090212
evt-20260728_173303,2026-07-28T17:39:26.425488-03:00,current,14,False,100,TRAFFIC,False,,,False,False,,,,0.00094038
evt-20260728_173405,2026-07-28T17:39:44.168432-03:00,current,21,False,100,TRAFFIC,False,,,False,False,,,,0.00103937
evt-20260728_173541,2026-07-28T17:39:59.222118-03:00,current,9,False,100,TRAFFIC,False,,,False,False,,,,0.00089912
evt-20260728_173618,2026-07-28T17:40:10.629827-03:00,current,11,False,100,TRAFFIC,False,,,False,False,,,,0.00089463
evt-20260728_173658,2026-07-28T17:40:21.337473-03:00,current,7,False,100,TRAFFIC,False,,,False,False,,,,0.00102438
evt-20260728_173722,2026-07-28T17:40:34.618925-03:00,current,16,False,100,TRAFFIC,False,,,False,False,,,,0.00097937
evt-20260728_173844,2026-07-28T17:46:05.695287-03:00,current,8,False,95,TRAFFIC,False,,,False,False,,,,0.00099887
evt-20260728_173926,2026-07-28T17:46:15.395785-03:00,current,7,False,100,EMPTY,False,,,False,False,,,,0.00090963
evt-20260728_174116,2026-07-28T17:46:29.622474-03:00,current,18,False,95,TRAFFIC,False,,,False,False,,,,0.00098163
evt-20260728_174254,2026-07-28T17:46:40.689303-03:00,current,7,False,100,TRAFFIC,False,,,False,False,,,,0.00095612
evt-20260728_174334,2026-07-28T17:46:53.365990-03:00,current,11,False,95,TRAFFIC,False,,,False,False,,,,0.00100488
evt-20260728_174416,2026-07-28T17:47:05.560901-03:00,current,6,False,100,EMPTY,False,,,False,False,,,,0.00090737
evt-20260728_174608,2026-07-28T17:52:25.669272-03:00,current,12,False,90,TRAFFIC,False,,,False,False,,,,0.00100938
evt-20260728_174700,2026-07-28T17:52:38.073525-03:00,current,8,False,100,EMPTY,False,,,False,False,,,,0.00103188
evt-20260728_174748,2026-07-28T17:52:51.330257-03:00,current,9,False,95,TRAFFIC,False,,,False,False,,,,0.00123212
evt-20260728_174924,2026-07-28T17:53:03.477271-03:00,current,10,False,100,TRAFFIC,False,,,False,False,,,,0.00096813
evt-20260728_175000,2026-07-28T17:53:16.776933-03:00,current,9,False,95,TRAFFIC,False,,,False,False,,,,0.00103562
evt-20260728_175058,2026-07-28T17:53:31.202696-03:00,current,10,False,100,TRAFFIC,False,,,False,False,,,,0.00095462
evt-20260728_175310,2026-07-28T17:59:31.506184-03:00,current,16,False,100,EMPTY,False,,,False,False,,,,0.00101837
evt-20260728_175414,2026-07-28T17:59:47.160960-03:00,current,6,False,95,TRAFFIC,False,,,False,False,,,,0.00090138
evt-20260728_175534,2026-07-28T17:59:58.128496-03:00,current,10,False,100,TRAFFIC,False,,,False,False,,,,0.00096813
evt-20260728_175616,2026-07-28T18:00:09.277946-03:00,current,7,False,100,EMPTY,False,,,False,False,,,,0.00078587
evt-20260728_175706,2026-07-28T18:00:23.020979-03:00,current,17,False,95,TRAFFIC,False,,,False,False,,,,0.00109788
evt-20260728_175812,2026-07-28T18:00:36.272092-03:00,current,10,False,95,TRAFFIC,False,,,False,False,,,,0.00118263
evt-20260728_175850,2026-07-28T18:05:20.698557-03:00,current,7,False,100,TRAFFIC,False,,,False,False,,,,0.00079188
evt-20260728_175954,2026-07-28T18:05:30.256661-03:00,current,14,False,95,TRAFFIC,False,,,False,False,,,,0.00097862
evt-20260728_180052,2026-07-28T18:05:42.011302-03:00,current,7,False,100,EMPTY,False,,,False,False,,,,0.00095988
evt-20260728_180120,2026-07-28T18:05:57.452676-03:00,current,11,False,95,TRAFFIC,False,,,False,False,,,,0.00106938
evt-20260728_180226,2026-07-28T18:06:12.426933-03:00,current,8,False,95,TRAFFIC,False,,,False,False,,,,0.00098687
evt-20260728_180306,2026-07-28T18:06:23.565596-03:00,current,9,False,100,EMPTY,False,,,False,False,,,,0.00089837
evt-20260728_180430,2026-07-28T18:06:35.202061-03:00,current,8,False,95,TRAFFIC,False,,,False,False,,,,0.00095988
evt-20260728_180520,2026-07-28T18:11:06.473979-03:00,current,8,False,100,TRAFFIC,False,,,False,False,,,,0.00076713
evt-20260728_180556,2026-07-28T18:11:17.390643-03:00,current,7,False,100,EMPTY,False,,,False,False,,,,0.00095013
evt-20260728_180646,2026-07-28T18:11:31.754708-03:00,current,16,False,95,TRAFFIC,False,,,False,False,,,,0.00087437
evt-20260728_180810,2026-07-28T18:11:43.910713-03:00,current,12,False,95,TRAFFIC,False,,,False,False,,,,0.00096363
evt-20260728_180906,2026-07-28T18:11:57.794306-03:00,current,24,False,100,EMPTY,False,,,False,False,,,,0.00090288
evt-20260728_181050,2026-07-28T18:16:14.338417-03:00,current,11,False,95,TRAFFIC,False,,,False,False,,,,0.00094787
evt-20260728_181148,2026-07-28T18:16:28.957995-03:00,current,9,False,95,TRAFFIC,False,,,False,False,,,,0.00098763
evt-20260728_181232,2026-07-28T18:16:40.583153-03:00,current,7,False,100,EMPTY,False,,,False,False,,,,0.00091487
evt-20260728_181322,2026-07-28T18:16:54.331636-03:00,current,9,False,95,TRAFFIC,False,,,False,False,,,,0.00097187
evt-20260728_181356,2026-07-28T18:17:05.453477-03:00,current,7,False,95,TRAFFIC,False,,,False,False,,,,0.00098163
evt-20260728_181610,2026-07-28T18:21:28.421515-03:00,current,7,False,95,TRAFFIC,False,,,False,False,,,,0.00101687
evt-20260728_181640,2026-07-28T18:21:41.368328-03:00,current,11,False,95,TRAFFIC,False,,,False,False,,,,0.00103637
evt-20260728_181744,2026-07-28T18:21:52.640721-03:00,current,7,False,100,EMPTY,False,,,False,False,,,,0.00095912
evt-20260728_181816,2026-07-28T18:22:03.547430-03:00,current,7,False,100,EMPTY,False,,,False,False,,,,0.00090963
evt-20260728_181906,2026-07-28T18:22:17.667685-03:00,current,32,False,100,TRAFFIC,False,,,False,False,,,,0.00129063
evt-20260728_182110,2026-07-28T18:26:36.331986-03:00,current,18,False,100,EMPTY,False,,,False,False,,,,0.00107162
evt-20260728_182224,2026-07-28T18:26:51.961263-03:00,current,31,False,100,TRAFFIC,False,,,False,False,,,,0.00101987
evt-20260728_182444,2026-07-28T18:27:06.195096-03:00,current,9,False,95,TRAFFIC,False,,,False,False,,,,0.00096513
evt-20260728_182532,2026-07-28T18:31:00.635573-03:00,current,22,False,100,TRAFFIC,False,,,False,False,,,,0.00098838
evt-20260728_182726,2026-07-28T18:31:14.558751-03:00,current,9,False,100,EMPTY,False,,,False,False,,,,0.00079637
evt-20260728_182826,2026-07-28T18:31:27.314709-03:00,current,7,False,95,TRAFFIC,False,,,False,False,,,,0.00094863
evt-20260728_182902,2026-07-28T18:31:37.926149-03:00,current,11,False,100,EMPTY,False,,,False,False,,,,0.00094713
evt-20260728_183000,2026-07-28T18:31:48.336509-03:00,current,6,False,100,EMPTY,False,,,False,False,,,,0.00089837
evt-20260728_183034,2026-07-28T18:36:30.108743-03:00,current,9,False,95,TRAFFIC,False,,,False,False,,,,0.00107237
evt-20260728_183134,2026-07-28T18:36:45.170061-03:00,current,16,False,90,TRAFFIC,False,,,False,False,,,,0.00108288
evt-20260728_183334,2026-07-28T18:36:58.378022-03:00,current,24,False,100,EMPTY,False,,,False,False,,,,0.00104237
evt-20260728_183522,2026-07-28T18:37:09.986213-03:00,current,9,False,100,EMPTY,False,,,False,False,,,,0.00088713
evt-20260728_183656,2026-07-28T18:41:27.980905-03:00,current,15,False,90,TRAFFIC,False,,,False,False,,,,0.00111513
evt-20260728_183846,2026-07-28T18:41:40.422939-03:00,current,8,False,100,TRAFFIC,False,,,False,False,,,,0.00093812
evt-20260728_183920,2026-07-28T18:41:52.135903-03:00,current,6,False,95,TRAFFIC,False,,,False,False,,,,0.00091337
evt-20260728_183942,2026-07-28T18:42:06.163348-03:00,current,17,False,100,EMPTY,False,,,False,False,,,,0.00096887
evt-20260728_184108,2026-07-28T18:45:50.087242-03:00,current,8,False,100,TRAFFIC,False,,,False,False,,,,0.00101088
evt-20260728_184152,2026-07-28T18:46:02.166257-03:00,current,13,False,95,TRAFFIC,False,,,False,False,,,,0.00092987
evt-20260728_184304,2026-07-28T18:46:16.258149-03:00,current,32,False,100,TRAFFIC,False,,,False,False,,,,0.00099212
evt-20260728_184558,2026-07-28T18:50:31.636131-03:00,current,10,False,95,TRAFFIC,False,,,False,False,,,,0.00097862
evt-20260728_184710,2026-07-28T18:50:43.911093-03:00,current,12,False,100,EMPTY,False,,,False,False,,,,0.00075588
evt-20260728_184828,2026-07-28T18:50:54.792716-03:00,current,10,False,100,EMPTY,False,,,False,False,,,,0.00095237
evt-20260728_184932,2026-07-28T18:51:08.514349-03:00,current,13,False,100,EMPTY,False,,,False,False,,,,0.00091862
evt-20260728_185044,2026-07-28T18:55:36.694074-03:00,current,7,False,100,EMPTY,False,,,False,False,,,,0.00089163
evt-20260728_185220,2026-07-28T18:55:50.807548-03:00,current,7,False,100,TRAFFIC,False,,,False,False,,,,0.00102812
evt-20260728_185352,2026-07-28T18:56:03.497857-03:00,current,7,False,100,EMPTY,False,,,False,False,,,,0.00090587
evt-20260728_185702,2026-07-28T19:00:11.833825-03:00,current,10,False,100,TRAFFIC,False,,,False,False,,,,0.00101987
evt-20260728_185756,2026-07-28T19:00:22.882401-03:00,current,6,False,100,EMPTY,False,,,False,False,,,,0.00089912
evt-20260728_185937,2026-07-28T19:05:04.783774-03:00,current,12,False,95,TRAFFIC,False,,,False,False,,,,0.00099963
evt-20260728_190045,2026-07-28T19:05:17.003919-03:00,current,6,False,95,TRAFFIC,False,,,False,False,,,,0.00086388
evt-20260728_190109,2026-07-28T19:05:29.095389-03:00,current,18,False,100,TRAFFIC,False,,,False,False,,,,0.00094487
evt-20260728_190223,2026-07-28T19:05:41.000226-03:00,current,8,False,100,TRAFFIC,False,,,False,False,,,,0.00088412
evt-20260728_190303,2026-07-28T19:05:55.744924-03:00,current,7,False,100,EMPTY,False,,,False,False,,,,0.00095762
evt-20260728_190429,2026-07-28T19:10:31.088912-03:00,current,13,False,100,EMPTY,False,,,False,False,,,,0.00110538
evt-20260728_190535,2026-07-28T19:10:43.600780-03:00,current,8,False,95,TRAFFIC,False,,,False,False,,,,0.00104388
evt-20260728_190606,2026-07-28T19:10:58.283042-03:00,current,10,False,100,TRAFFIC,False,,,False,False,,,,0.00112937
evt-20260728_190650,2026-07-28T19:11:09.598755-03:00,current,12,False,100,EMPTY,False,,,False,False,,,,0.00069438
evt-20260728_190828,2026-07-28T19:11:20.592349-03:00,current,9,False,100,TRAFFIC,False,,,False,False,,,,0.00086763
evt-20260728_191102,2026-07-28T19:15:36.940781-03:00,current,9,False,95,TRAFFIC,False,,,False,False,,,,0.00103937
evt-20260728_191222,2026-07-28T19:15:49.052910-03:00,current,7,False,100,TRAFFIC,False,,,False,False,,,,0.00091413
evt-20260728_191314,2026-07-28T19:16:01.430989-03:00,current,6,False,95,TRAFFIC,False,,,False,False,,,,0.00080537
evt-20260728_191346,2026-07-28T19:16:13.104106-03:00,current,7,False,100,EMPTY,False,,,False,False,,,,0.00088862
evt-20260728_191416,2026-07-28T19:16:24.791267-03:00,current,7,False,100,EMPTY,False,,,False,False,,,,0.00086012
evt-20260728_191450,2026-07-28T19:20:49.176231-03:00,current,19,False,95,TRAFFIC,False,,,False,False,,,,0.00096887
evt-20260728_191620,2026-07-28T19:21:00.592678-03:00,current,10,False,95,TRAFFIC,False,,,False,False,,,,0.00094937
evt-20260728_191708,2026-07-28T19:21:12.965516-03:00,current,11,False,100,TRAFFIC,False,,,False,False,,,,0.00079862
evt-20260728_191910,2026-07-28T19:21:24.198999-03:00,current,8,False,95,TRAFFIC,False,,,False,False,,,,0.00111962
evt-20260728_192211,2026-07-28T19:25:51.569669-03:00,current,8,False,100,TRAFFIC,False,,,False,False,,,,0.00113013
evt-20260728_192321,2026-07-28T19:26:02.919308-03:00,current,7,False,100,EMPTY,False,,,False,False,,,,0.00101612
evt-20260728_192423,2026-07-28T19:26:14.955618-03:00,current,6,False,100,EMPTY,False,,,False,False,,,,0.00088188
evt-20260728_192503,2026-07-28T19:26:26.429365-03:00,current,8,False,95,TRAFFIC,False,,,False,False,,,,0.00108512
evt-20260728_192615,2026-07-28T19:30:27.891082-03:00,current,7,False,100,EMPTY,False,,,False,False,,,,0.00089237
evt-20260728_192717,2026-07-28T19:30:40.721760-03:00,current,7,False,100,EMPTY,False,,,False,False,,,,0.00074613
evt-20260728_192755,2026-07-28T19:30:52.748998-03:00,current,13,False,100,EMPTY,False,,,False,False,,,,0.00081363
evt-20260728_192927,2026-07-28T19:31:06.566380-03:00,current,11,False,100,TRAFFIC,False,,,False,False,,,,0.00083088
evt-20260728_193117,2026-07-28T19:35:03.240895-03:00,current,9,False,95,TRAFFIC,False,,,False,False,,,,0.00103937
evt-20260728_193224,2026-07-28T19:35:16.577993-03:00,current,6,False,95,EMPTY,False,,,False,False,,,,0.00119088
evt-20260728_193434,2026-07-28T19:39:11.324107-03:00,current,7,False,100,TRAFFIC,False,,,False,False,,,,0.00095013
evt-20260728_193503,2026-07-28T19:39:22.368014-03:00,current,7,False,100,EMPTY,False,,,False,False,,,,0.00089463
evt-20260728_193537,2026-07-28T19:39:34.659719-03:00,current,15,False,0,TRAFFIC,False,,,False,False,,,,0.00147888
evt-20260728_193721,2026-07-28T19:39:50.599115-03:00,current,21,False,100,TRAFFIC,False,,,False,False,,,,0.00099212
evt-20260728_194007,2026-07-28T19:44:05.039947-03:00,current,12,False,100,TRAFFIC,False,,,False,False,,,,0.00094413
evt-20260728_194119,2026-07-28T19:44:16.612288-03:00,current,10,False,95,TRAFFIC,False,,,False,False,,,,0.00095838
evt-20260728_194221,2026-07-28T19:44:33.246313-03:00,current,11,False,100,TRAFFIC,False,,,False,False,,,,0.00100113
evt-20260728_194339,2026-07-28T19:48:18.148018-03:00,current,7,False,100,EMPTY,False,,,False,False,,,,0.00095388
evt-20260728_194705,2026-07-28T19:48:30.544151-03:00,current,6,False,100,EMPTY,False,,,False,False,,,,0.00091337
evt-20260728_194745,2026-07-28T19:52:24.949968-03:00,current,9,False,100,EMPTY,False,,,False,False,,,,0.00113762
evt-20260728_194919,2026-07-28T19:52:37.931524-03:00,current,16,False,95,TRAFFIC,False,,,False,False,,,,0.00102587
evt-20260728_195241,2026-07-28T19:56:22.796057-03:00,current,17,False,0,EMPTY,False,,,False,False,,,,0.00141738
evt-20260728_195433,2026-07-28T19:56:36.726984-03:00,current,12,False,95,TRAFFIC,False,,,False,False,,,,0.00103038
evt-20260728_195559,2026-07-28T20:00:29.647468-03:00,current,8,False,100,EMPTY,False,,,False,False,,,,0.00093287
evt-20260728_195742,2026-07-28T20:00:43.532431-03:00,current,10,False,95,PARKED,False,,,False,False,,,,0.00086312
evt-20260728_195832,2026-07-28T20:00:56.199454-03:00,current,11,False,0,TRAFFIC,False,,,False,False,,,,0.00151263
evt-20260728_195938,2026-07-28T20:01:10.802867-03:00,current,9,False,100,PARKED,False,,,False,False,,,,0.00116688
evt-20260728_200018,2026-07-28T20:07:41.710744-03:00,current,6,False,100,PARKED,False,,,False,False,,,,0.00121262
evt-20260728_200100,2026-07-28T20:07:55.448476-03:00,current,9,False,100,TRAFFIC,False,,,False,False,,,,0.00080537
evt-20260728_200140,2026-07-28T20:08:08.332978-03:00,current,13,False,100,TRAFFIC,False,,,False,False,,,,0.00083313
evt-20260728_200238,2026-07-28T20:08:21.094607-03:00,current,22,False,95,TRAFFIC,False,,,False,False,,,,0.00087137
evt-20260728_200408,2026-07-28T20:08:33.557307-03:00,current,8,False,95,TRAFFIC,False,,,False,False,,,,0.00091562
evt-20260728_200522,2026-07-28T20:08:44.445735-03:00,current,6,False,100,EMPTY,False,,,False,False,,,,0.00095237
evt-20260728_200604,2026-07-28T20:08:56.456516-03:00,current,12,False,95,TRAFFIC,False,,,False,False,,,,0.00107613
evt-20260728_200830,2026-07-28T20:14:44.042832-03:00,current,9,False,0,TRAFFIC,False,,,False,False,,,,0.00130863
evt-20260728_201320,2026-07-28T20:19:53.175936-03:00,current,27,False,100,EMPTY,False,,,False,False,,,,0.00102213
evt-20260728_201510,2026-07-28T20:20:08.126098-03:00,current,28,False,100,TRAFFIC,False,,,False,False,,,,0.00110913
evt-20260728_201844,2026-07-28T20:20:18.712664-03:00,current,6,False,100,TRAFFIC,False,,,False,False,,,,0.00096513
evt-20260728_202300,2026-07-28T20:24:21.136563-03:00,current,12,False,100,TRAFFIC,False,,,False,False,,,,0.00103112
evt-20260728_202742,2026-07-28T20:28:19.452957-03:00,current,7,False,100,EMPTY,False,,,False,False,,,,0.00107087
evt-20260728_203036,2026-07-28T20:32:04.265508-03:00,current,15,False,100,EMPTY,False,,,False,False,,,,0.00106863
evt-20260728_203136,2026-07-28T20:35:53.246882-03:00,current,7,False,100,EMPTY,False,,,False,False,,,,0.00069662
evt-20260728_203226,2026-07-28T20:36:02.941412-03:00,current,11,False,95,TRAFFIC,False,,,False,False,,,,0.00098912
evt-20260728_203320,2026-07-28T20:36:13.148898-03:00,current,13,False,90,TRAFFIC,False,,,False,False,,,,0.00093287
evt-20260728_203420,2026-07-28T20:36:26.997675-03:00,current,17,False,100,EMPTY,False,,,False,False,,,,0.00089688
evt-20260728_203556,2026-07-28T20:40:20.744396-03:00,current,12,False,100,TRAFFIC,False,,,False,False,,,,0.00111062
evt-20260728_203644,2026-07-28T20:40:32.879153-03:00,current,7,False,100,TRAFFIC,False,,,False,False,,,,0.00097038
evt-20260728_203728,2026-07-28T20:40:42.291297-03:00,current,6,False,95,EMPTY,False,,,False,False,,,,0.00088713
evt-20260728_203820,2026-07-28T20:40:55.586319-03:00,current,11,False,100,EMPTY,False,,,False,False,,,,0.00094487
evt-20260728_203912,2026-07-28T20:41:08.737010-03:00,current,9,False,100,TRAFFIC,False,,,False,False,,,,0.00095237
evt-20260728_203948,2026-07-28T20:45:21.937347-03:00,current,12,False,95,TRAFFIC,False,,,False,False,,,,0.00097712
evt-20260728_204144,2026-07-28T20:45:34.988699-03:00,current,8,False,100,TRAFFIC,False,,,False,False,,,,0.00095538
evt-20260728_204342,2026-07-28T20:45:47.115489-03:00,current,7,False,100,EMPTY,False,,,False,False,,,,0.00105737
evt-20260728_204456,2026-07-28T20:49:30.849057-03:00,current,10,False,95,TRAFFIC,False,,,False,False,,,,0.00091263
evt-20260728_204832,2026-07-28T20:49:43.422990-03:00,current,9,False,100,EMPTY,False,,,False,False,,,,0.00110313
evt-20260728_205030,2026-07-28T20:53:36.756441-03:00,current,9,False,95,TRAFFIC,False,,,False,False,,,,0.00097112
evt-20260728_205152,2026-07-28T20:53:47.170949-03:00,current,12,False,95,TRAFFIC,False,,,False,False,,,,0.00099662
evt-20260728_205428,2026-07-28T20:57:31.352738-03:00,current,12,False,100,TRAFFIC,False,,,False,False,,,,0.00099887
evt-20260728_205512,2026-07-28T20:57:44.815266-03:00,current,7,False,100,EMPTY,False,,,False,False,,,,0.00082638
evt-20260728_205550,2026-07-28T20:57:55.575408-03:00,current,16,False,95,TRAFFIC,False,,,False,False,,,,0.00138738
evt-20260728_210030,2026-07-28T21:01:50.997646-03:00,current,8,False,95,TRAFFIC,False,,,False,False,,,,0.00099288
evt-20260728_210104,2026-07-28T21:02:01.664470-03:00,current,7,False,100,EMPTY,False,,,False,False,,,,0.00090587
evt-20260728_210200,2026-07-28T21:05:48.611276-03:00,current,9,False,100,EMPTY,False,,,False,False,,,,0.00090737
evt-20260728_210306,2026-07-28T21:06:00.806182-03:00,current,9,False,100,EMPTY,False,,,False,False,,,,0.00090362
evt-20260728_210538,2026-07-28T21:09:53.170496-03:00,current,8,False,100,TRAFFIC,False,,,False,False,,,,0.00095162
evt-20260728_210854,2026-07-28T21:10:06.482875-03:00,current,8,False,100,TRAFFIC,False,,,False,False,,,,0.00099138
evt-20260728_210942,2026-07-28T21:13:50.610276-03:00,current,13,False,100,EMPTY,False,,,False,False,,,,0.00092763
evt-20260728_211250,2026-07-28T21:14:02.423434-03:00,current,7,False,100,TRAFFIC,False,,,False,False,,,,0.00100337
evt-20260728_211418,2026-07-28T21:17:55.296388-03:00,current,6,False,100,TRAFFIC,False,,,False,False,,,,0.00092687
evt-20260728_211602,2026-07-28T21:18:06.768245-03:00,current,10,False,95,TRAFFIC,False,,,False,False,,,,0.00099212
evt-20260728_211710,2026-07-28T21:18:18.626875-03:00,current,10,False,95,TRAFFIC,False,,,False,False,,,,0.00104912
evt-20260728_211954,2026-07-28T21:22:28.196781-03:00,current,6,False,95,TRAFFIC,False,,,False,False,,,,0.00097862
evt-20260728_212038,2026-07-28T21:22:38.514965-03:00,current,9,False,100,TRAFFIC,False,,,False,False,,,,0.00091788
evt-20260728_212230,2026-07-28T21:26:30.175771-03:00,current,6,False,100,EMPTY,False,,,False,False,,,,0.00107087
evt-20260728_212324,2026-07-28T21:26:41.195102-03:00,current,7,False,100,EMPTY,False,,,False,False,,,,0.00092537
evt-20260728_212408,2026-07-28T21:26:52.832878-03:00,current,10,False,100,EMPTY,False,,,False,False,,,,0.00086612
evt-20260728_212532,2026-07-28T21:27:04.707237-03:00,current,14,False,95,TRAFFIC,False,,,False,False,,,,0.00093512
evt-20260728_212634,2026-07-28T21:30:49.111024-03:00,current,14,False,95,TRAFFIC,False,,,False,False,,,,0.00096137
evt-20260728_213338,2026-07-28T21:34:43.283855-03:00,current,9,False,95,TRAFFIC,False,,,False,False,,,,0.00097112
evt-20260728_213436,2026-07-28T21:38:35.457362-03:00,current,7,False,95,TRAFFIC,False,,,False,False,,,,0.00106488
evt-20260728_213547,2026-07-28T21:38:52.253181-03:00,current,6,False,100,TRAFFIC,False,,,False,False,,,,0.00086462
evt-20260728_213715,2026-07-28T21:39:02.765741-03:00,current,7,False,100,EMPTY,False,,,False,False,,,,0.00117437
evt-20260728_213745,2026-07-28T21:39:14.445991-03:00,current,7,False,100,EMPTY,False,,,False,False,,,,0.00089387
evt-20260728_213813,2026-07-28T21:42:56.830345-03:00,current,7,False,100,TRAFFIC,False,,,False,False,,,,0.00091788
evt-20260728_213911,2026-07-28T21:43:14.580875-03:00,current,7,False,100,EMPTY,False,,,False,False,,,,0.00091862
evt-20260728_214005,2026-07-28T21:43:26.146852-03:00,current,7,False,100,EMPTY,False,,,False,False,,,,0.00097187
evt-20260728_214059,2026-07-28T21:43:38.453512-03:00,current,11,False,95,TRAFFIC,False,,,False,False,,,,0.00103112
evt-20260728_214203,2026-07-28T21:43:51.460952-03:00,current,9,False,0,TRAFFIC,False,,,False,False,,,,0.00128913
evt-20260728_214635,2026-07-28T21:48:03.466395-03:00,current,8,False,100,TRAFFIC,False,,,False,False,,,,0.00076037
evt-20260728_214717,2026-07-28T21:48:13.325406-03:00,current,6,False,100,EMPTY,False,,,False,False,,,,0.00089087
evt-20260728_215143,2026-07-28T21:55:39.355542-03:00,current,6,False,100,EMPTY,False,,,False,False,,,,0.00085713
evt-20260728_215419,2026-07-28T21:55:51.688625-03:00,current,18,False,95,TRAFFIC,False,,,False,False,,,,0.00096363
evt-20260728_215649,2026-07-28T21:59:48.025159-03:00,current,7,False,95,TRAFFIC,False,,,False,False,,,,0.00101763
evt-20260728_215811,2026-07-28T22:00:02.560084-03:00,current,7,False,100,EMPTY,False,,,False,False,,,,0.00092088
evt-20260728_215907,2026-07-28T22:04:19.588657-03:00,current,21,False,95,TRAFFIC,False,,,False,False,,,,0.00100337
evt-20260728_220247,2026-07-28T22:04:33.115032-03:00,current,9,False,100,EMPTY,False,,,False,False,,,,0.00088787
evt-20260728_220343,2026-07-28T22:08:21.625912-03:00,current,8,False,95,TRAFFIC,False,,,False,False,,,,0.00133862
evt-20260728_220417,2026-07-28T22:08:35.006038-03:00,current,7,False,100,TRAFFIC,False,,,False,False,,,,0.00092537
evt-20260728_220449,2026-07-28T22:08:45.288015-03:00,current,7,False,100,EMPTY,False,,,False,False,,,,0.00090887
evt-20260728_220555,2026-07-28T22:08:56.737214-03:00,current,8,False,95,TRAFFIC,False,,,False,False,,,,0.00096287
evt-20260728_220627,2026-07-28T22:09:08.569607-03:00,current,6,False,100,EMPTY,False,,,False,False,,,,0.00089688
evt-20260728_220730,2026-07-28T22:09:22.187736-03:00,current,7,False,100,EMPTY,False,,,False,False,,,,0.00119987
evt-20260728_220806,2026-07-28T22:13:52.452397-03:00,current,12,False,95,TRAFFIC,False,,,False,False,,,,0.00100337
evt-20260728_221022,2026-07-28T22:14:04.799221-03:00,current,15,False,100,EMPTY,False,,,False,False,,,,0.00089387
evt-20260728_221124,2026-07-28T22:14:15.287038-03:00,current,11,False,95,TRAFFIC,False,,,False,False,,,,0.00099887
evt-20260728_221244,2026-07-28T22:14:28.313160-03:00,current,16,False,95,TRAFFIC,False,,,False,False,,,,0.00094188
evt-20260728_221354,2026-07-28T22:19:50.096499-03:00,current,8,False,95,TRAFFIC,False,,,False,False,,,,0.00100113
evt-20260728_221504,2026-07-28T22:20:00.353049-03:00,current,7,False,100,TRAFFIC,False,,,False,False,,,,0.00104163
evt-20260728_221720,2026-07-28T22:20:12.651816-03:00,current,6,False,100,TRAFFIC,False,,,False,False,,,,0.00102662
evt-20260728_221758,2026-07-28T22:20:26.281792-03:00,current,7,False,100,EMPTY,False,,,False,False,,,,0.00091712
evt-20260728_221858,2026-07-28T22:24:37.489971-03:00,current,8,False,100,TRAFFIC,False,,,False,False,,,,0.00082712
evt-20260728_221926,2026-07-28T22:24:49.399447-03:00,current,7,False,100,EMPTY,False,,,False,False,,,,0.00095462
evt-20260728_221952,2026-07-28T22:25:01.627971-03:00,current,9,False,95,TRAFFIC,False,,,False,False,,,,0.00096813
evt-20260728_222034,2026-07-28T22:25:15.336340-03:00,current,6,False,95,TRAFFIC,False,,,False,False,,,,0.00127262
evt-20260728_222408,2026-07-28T22:29:10.071004-03:00,current,9,False,100,EMPTY,False,,,False,False,,,,0.00102137
evt-20260728_222514,2026-07-28T22:29:22.406726-03:00,current,6,False,95,TRAFFIC,False,,,False,False,,,,0.00102512
evt-20260728_222630,2026-07-28T22:29:32.994944-03:00,current,8,False,95,TRAFFIC,False,,,False,False,,,,0.00113988
evt-20260728_222738,2026-07-28T22:29:44.994572-03:00,current,14,False,100,EMPTY,False,,,False,False,,,,0.00082338
evt-20260728_222856,2026-07-28T22:34:04.834625-03:00,current,7,False,100,EMPTY,False,,,False,False,,,,0.00088713
evt-20260728_222956,2026-07-28T22:34:16.341305-03:00,current,6,False,100,EMPTY,False,,,False,False,,,,0.00091788
evt-20260728_223310,2026-07-28T22:34:27.127965-03:00,current,7,False,100,EMPTY,False,,,False,False,,,,0.00091413
evt-20260728_223434,2026-07-28T22:38:11.666892-03:00,current,7,False,100,EMPTY,False,,,False,False,,,,0.00091562
evt-20260728_223542,2026-07-28T22:38:23.109006-03:00,current,8,False,100,TRAFFIC,False,,,False,False,,,,0.00098763
evt-20260728_223610,2026-07-28T22:38:34.667430-03:00,current,7,False,100,EMPTY,False,,,False,False,,,,0.00083613
evt-20260728_223742,2026-07-28T22:42:26.096705-03:00,current,11,False,95,TRAFFIC,False,,,False,False,,,,0.00098313
evt-20260728_223902,2026-07-28T22:42:40.335375-03:00,current,7,False,100,EMPTY,False,,,False,False,,,,0.00075288
evt-20260728_224128,2026-07-28T22:42:50.787036-03:00,current,6,False,95,TRAFFIC,False,,,False,False,,,,0.00104838
evt-20260728_224154,2026-07-28T22:46:55.446960-03:00,current,9,False,95,TRAFFIC,False,,,False,False,,,,0.00108212
evt-20260728_224358,2026-07-28T22:47:13.835691-03:00,current,13,False,100,EMPTY,False,,,False,False,,,,0.00082263
evt-20260728_224526,2026-07-28T22:47:25.393936-03:00,current,7,False,100,EMPTY,False,,,False,False,,,,0.00084212
evt-20260728_224604,2026-07-28T22:47:40.122993-03:00,current,7,False,100,TRAFFIC,False,,,False,False,,,,0.00114437
evt-20260728_224628,2026-07-28T22:47:53.932489-03:00,current,6,False,100,EMPTY,False,,,False,False,,,,0.00090438
evt-20260728_224920,2026-07-28T22:52:20.179086-03:00,current,6,False,100,TRAFFIC,False,,,False,False,,,,0.00093512
evt-20260728_225016,2026-07-28T22:52:31.312296-03:00,current,8,False,100,EMPTY,False,,,False,False,,,,0.00088262
evt-20260728_225048,2026-07-28T22:52:44.980443-03:00,current,6,False,100,TRAFFIC,False,,,False,False,,,,0.00087287
evt-20260728_225118,2026-07-28T22:52:55.381449-03:00,current,7,False,95,TRAFFIC,False,,,False,False,,,,0.00081437
evt-20260728_225146,2026-07-28T22:56:37.258016-03:00,current,16,False,90,TRAFFIC,False,,,False,False,,,,0.00107313
evt-20260728_225618,2026-07-28T23:00:32.385075-03:00,current,7,False,100,EMPTY,False,,,False,False,,,,0.00089762
evt-20260728_225756,2026-07-28T23:00:47.714341-03:00,current,12,False,95,TRAFFIC,False,,,False,False,,,,0.00100938
evt-20260728_225940,2026-07-28T23:01:01.784735-03:00,current,8,False,95,TRAFFIC,False,,,False,False,,,,0.00124787
evt-20260728_230034,2026-07-28T23:04:44.956045-03:00,current,7,False,100,EMPTY,False,,,False,False,,,,0.00092162
evt-20260728_230110,2026-07-28T23:04:56.784142-03:00,current,6,False,100,TRAFFIC,False,,,False,False,,,,0.00099438
evt-20260728_230236,2026-07-28T23:05:11.374483-03:00,current,6,False,100,TRAFFIC,False,,,False,False,,,,0.00087287
evt-20260728_230400,2026-07-28T23:05:20.794079-03:00,current,7,False,100,EMPTY,False,,,False,False,,,,0.00092012
evt-20260728_230943,2026-07-28T23:13:07.615344-03:00,current,6,False,95,TRAFFIC,False,,,False,False,,,,0.00082263
evt-20260728_231341,2026-07-28T23:16:52.635707-03:00,current,6,False,100,EMPTY,False,,,False,False,,,,0.00081963
evt-20260728_231751,2026-07-28T23:20:43.583813-03:00,current,8,False,100,EMPTY,False,,,False,False,,,,0.00089912
evt-20260728_232257,2026-07-28T23:24:44.811648-03:00,current,7,False,100,EMPTY,False,,,False,False,,,,0.00079188
evt-20260728_232349,2026-07-28T23:24:58.507494-03:00,current,7,False,100,EMPTY,False,,,False,False,,,,0.00091938
evt-20260728_232449,2026-07-28T23:28:43.156529-03:00,current,13,False,100,EMPTY,False,,,False,False,,,,0.00082338
evt-20260728_232703,2026-07-28T23:28:52.126123-03:00,current,8,False,100,EMPTY,False,,,False,False,,,,0.00086838
evt-20260728_232742,2026-07-28T23:29:03.582715-03:00,current,8,False,100,EMPTY,False,,,False,False,,,,0.00087137
evt-20260728_232822,2026-07-28T23:32:56.290829-03:00,current,11,False,100,EMPTY,False,,,False,False,,,,0.00091187
evt-20260728_232934,2026-07-28T23:33:08.870105-03:00,current,7,False,100,EMPTY,False,,,False,False,,,,0.00095462
evt-20260728_233034,2026-07-28T23:33:19.651572-03:00,current,7,False,100,EMPTY,False,,,False,False,,,,0.00094113
evt-20260728_233244,2026-07-28T23:37:13.951522-03:00,current,10,False,0,TRAFFIC,False,,,False,False,,,,0.00094713
evt-20260728_233618,2026-07-28T23:37:26.529594-03:00,current,9,False,0,TRAFFIC,False,,,False,False,,,,0.00135738
evt-20260728_233652,2026-07-28T23:41:16.105106-03:00,current,6,False,100,EMPTY,False,,,False,False,,,,0.00123663
evt-20260728_233832,2026-07-28T23:41:30.193944-03:00,current,6,False,100,EMPTY,False,,,False,False,,,,0.00091413
evt-20260728_234046,2026-07-28T23:41:39.811820-03:00,current,7,False,100,EMPTY,False,,,False,False,,,,0.00091638
evt-20260728_234450,2026-07-28T23:45:29.859748-03:00,current,7,False,100,EMPTY,False,,,False,False,,,,0.00105963
evt-20260728_234524,2026-07-28T23:49:11.812168-03:00,current,14,False,100,EMPTY,False,,,False,False,,,,0.00100187
evt-20260728_234950,2026-07-28T23:53:33.542833-03:00,current,9,False,95,TRAFFIC,False,,,False,False,,,,0.00088937
evt-20260728_235152,2026-07-28T23:53:43.503608-03:00,current,9,False,0,EMPTY,False,,,False,False,,,,0.00104988
evt-20260728_235420,2026-07-28T23:58:03.319195-03:00,current,7,False,100,EMPTY,False,,,False,False,,,,0.00091862
evt-20260728_235532,2026-07-28T23:58:13.171055-03:00,current,8,False,95,TRAFFIC,False,,,False,False,,,,0.00107013
evt-20260728_235628,2026-07-28T23:58:25.821204-03:00,current,8,False,100,EMPTY,False,,,False,False,,,,0.00087887
evt-20260728_235940,2026-07-29T00:02:18.089344-03:00,current,7,False,100,EMPTY,False,,,False,False,,,,0.00085113
evt-20260729_000416,2026-07-29T00:06:09.567340-03:00,current,6,False,95,TRAFFIC,False,,,False,False,,,,0.00077688
evt-20260729_000732,2026-07-29T00:09:51.141011-03:00,current,8,False,100,EMPTY,False,,,False,False,,,,0.00095162
evt-20260729_000827,2026-07-29T00:10:02.056228-03:00,current,8,False,100,TRAFFIC,False,,,False,False,,,,0.00083237
evt-20260729_001437,2026-07-29T00:17:38.362994-03:00,current,8,False,95,TRAFFIC,False,,,False,False,,,,0.00090288
evt-20260729_001525,2026-07-29T00:17:50.090735-03:00,current,13,False,100,EMPTY,False,,,False,False,,,,0.00094563
evt-20260729_001759,2026-07-29T00:21:38.308493-03:00,current,8,False,95,TRAFFIC,False,,,False,False,,,,0.00094038
evt-20260729_002259,2026-07-29T00:25:38.778317-03:00,current,7,False,100,EMPTY,False,,,False,False,,,,0.00084288
evt-20260729_002501,2026-07-29T00:25:50.933238-03:00,current,7,False,95,TRAFFIC,False,,,False,False,,,,0.00099212
evt-20260729_002751,2026-07-29T00:29:43.123288-03:00,current,7,False,95,TRAFFIC,False,,,False,False,,,,0.00097712
evt-20260729_003830,2026-07-29T00:40:57.620387-03:00,current,10,False,90,EMPTY,False,,,False,False,,,,0.00125837
evt-20260729_003916,2026-07-29T00:41:13.215457-03:00,current,14,False,100,EMPTY,False,,,False,False,,,,0.00099963
evt-20260729_004026,2026-07-29T00:45:04.841287-03:00,current,13,False,100,EMPTY,False,,,False,False,,,,0.00114512
evt-20260729_004310,2026-07-29T00:45:21.788942-03:00,current,6,False,100,EMPTY,False,,,False,False,,,,0.00090887
evt-20260729_004346,2026-07-29T00:45:33.665299-03:00,current,13,False,100,EMPTY,False,,,False,False,,,,0.00107237
evt-20260729_005328,2026-07-29T00:56:45.502930-03:00,current,7,False,100,EMPTY,False,,,False,False,,,,0.00081737
evt-20260729_005708,2026-07-29T01:00:28.705419-03:00,current,6,False,95,TRAFFIC,False,,,False,False,,,,0.00095688
evt-20260729_005948,2026-07-29T01:00:39.424041-03:00,current,9,False,95,TRAFFIC,False,,,False,False,,,,0.00096063
evt-20260729_010108,2026-07-29T01:04:33.749686-03:00,current,7,False,100,EMPTY,False,,,False,False,,,,0.00086312
evt-20260729_010230,2026-07-29T01:04:48.097306-03:00,current,8,False,100,EMPTY,False,,,False,False,,,,0.00096813
evt-20260729_010318,2026-07-29T01:05:14.178248-03:00,current,12,False,95,TRAFFIC,False,,,False,True,d975d2f2-8a42-43f2-b83e-00b4c467c4f7,REJEITADO,Sem descartes.,0.00101388
evt-20260729_010810,2026-07-29T01:08:55.840825-03:00,current,7,False,100,EMPTY,False,,,False,False,,,,0.00093738
evt-20260729_011010,2026-07-29T01:12:50.229179-03:00,current,21,False,95,TRAFFIC,False,,,False,False,,,,0.00119162
evt-20260729_011134,2026-07-29T01:13:04.452003-03:00,current,8,False,95,TRAFFIC,False,,,False,False,,,,0.00101687
evt-20260729_012144,2026-07-29T01:24:08.019821-03:00,current,6,False,100,EMPTY,False,,,False,False,,,,0.00089837
evt-20260729_013559,2026-07-29T01:38:38.356652-03:00,current,9,False,100,EMPTY,False,,,False,False,,,,0.00093662
evt-20260729_013655,2026-07-29T01:38:51.242524-03:00,current,8,False,100,EMPTY,False,,,False,False,,,,0.00095838
evt-20260729_013801,2026-07-29T01:39:03.313860-03:00,current,8,False,100,EMPTY,False,,,False,False,,,,0.00072887
evt-20260729_014157,2026-07-29T01:42:57.325560-03:00,current,7,False,100,EMPTY,False,,,False,False,,,,0.00093362
evt-20260729_014511,2026-07-29T01:47:01.084036-03:00,current,7,False,100,EMPTY,False,,,False,False,,,,0.00089988
evt-20260729_015240,2026-07-29T01:54:23.002852-03:00,current,8,False,95,TRAFFIC,False,,,False,False,,,,0.00131912
evt-20260729_015352,2026-07-29T01:54:35.608239-03:00,current,8,False,95,TRAFFIC,False,,,False,False,,,,0.00105513
evt-20260729_020518,2026-07-29T02:09:10.168437-03:00,current,32,False,95,TRAFFIC,False,,,False,False,,,,0.00123438
evt-20260729_020736,2026-07-29T02:09:21.812606-03:00,current,10,False,95,TRAFFIC,False,,,False,False,,,,0.00103562
evt-20260729_020904,2026-07-29T02:13:09.366026-03:00,current,7,False,100,EMPTY,False,,,False,False,,,,0.00081963
evt-20260729_021822,2026-07-29T02:20:31.258677-03:00,current,7,False,95,TRAFFIC,False,,,False,False,,,,0.00097488
evt-20260729_021856,2026-07-29T02:20:43.574918-03:00,current,8,False,95,TRAFFIC,False,,,False,False,,,,0.00135888
evt-20260729_021936,2026-07-29T02:20:55.316547-03:00,current,10,False,100,EMPTY,False,,,False,False,,,,0.00109637
evt-20260729_022726,2026-07-29T02:28:23.849335-03:00,current,7,False,100,TRAFFIC,False,,,False,False,,,,0.00096437
evt-20260729_022828,2026-07-29T02:32:18.380671-03:00,current,7,False,95,TRAFFIC,False,,,False,False,,,,0.00095538
evt-20260729_023114,2026-07-29T02:32:30.835858-03:00,current,6,False,100,EMPTY,False,,,False,False,,,,0.00086612
evt-20260729_032020,2026-07-29T03:25:41.043046-03:00,current,6,False,100,EMPTY,False,,,False,False,,,,0.00094038
evt-20260729_032136,2026-07-29T03:25:52.658790-03:00,current,18,False,100,EMPTY,False,,,False,False,,,,0.00091337
evt-20260729_032316,2026-07-29T03:26:04.775597-03:00,current,20,False,0,EMPTY,False,,,False,False,,,,0.00126588
evt-20260729_032442,2026-07-29T03:26:17.241662-03:00,current,6,False,100,EMPTY,False,,,False,False,,,,0.00090512
evt-20260729_032520,2026-07-29T03:30:58.975047-03:00,current,7,False,100,EMPTY,False,,,False,False,,,,0.00099212
evt-20260729_032726,2026-07-29T03:31:13.211180-03:00,current,20,False,100,EMPTY,False,,,False,False,,,,0.00089313
evt-20260729_032936,2026-07-29T03:31:25.202905-03:00,current,12,False,100,EMPTY,False,,,False,False,,,,0.00096437
evt-20260729_034039,2026-07-29T03:42:30.283407-03:00,current,8,False,95,TRAFFIC,False,,,False,False,,,,0.00096363
evt-20260729_034453,2026-07-29T03:46:12.971927-03:00,current,7,False,100,EMPTY,False,,,False,False,,,,0.00093588
evt-20260729_035113,2026-07-29T03:53:41.973904-03:00,current,7,False,100,EMPTY,False,,,False,False,,,,0.00075062
evt-20260729_035143,2026-07-29T03:53:51.612873-03:00,current,14,False,100,EMPTY,False,,,False,False,,,,0.00083687
evt-20260729_035259,2026-07-29T03:54:01.617017-03:00,current,6,False,100,EMPTY,False,,,False,False,,,,0.00074013
evt-20260729_035351,2026-07-29T03:57:52.417049-03:00,current,18,False,100,EMPTY,False,,,False,False,,,,0.00091263
evt-20260729_035611,2026-07-29T03:58:03.850164-03:00,current,6,False,100,EMPTY,False,,,False,False,,,,0.00093812
evt-20260729_040134,2026-07-29T04:05:29.091154-03:00,current,6,False,100,EMPTY,False,,,False,False,,,,0.00089762
evt-20260729_040250,2026-07-29T04:05:39.710333-03:00,current,6,False,100,EMPTY,False,,,False,False,,,,0.00110688
evt-20260729_040522,2026-07-29T04:09:25.809499-03:00,current,7,False,100,EMPTY,False,,,False,False,,,,0.00095838
evt-20260729_040554,2026-07-29T04:09:37.575477-03:00,current,9,False,100,EMPTY,False,,,False,False,,,,0.00093962
evt-20260729_041020,2026-07-29T04:13:30.796752-03:00,current,6,False,100,EMPTY,False,,,False,False,,,,0.00099737
evt-20260729_041828,2026-07-29T04:21:04.528946-03:00,current,7,False,100,EMPTY,False,,,False,False,,,,0.00084662
evt-20260729_042632,2026-07-29T04:28:31.738654-03:00,current,7,False,95,EMPTY,False,,,False,False,,,,0.00084362
evt-20260729_043018,2026-07-29T04:32:12.590103-03:00,current,7,False,100,EMPTY,False,,,False,False,,,,0.00083987
evt-20260729_043552,2026-07-29T04:39:54.630978-03:00,current,7,False,100,EMPTY,False,,,False,False,,,,0.00083088
evt-20260729_044334,2026-07-29T04:47:15.777789-03:00,current,7,False,100,EMPTY,False,,,False,False,,,,0.00083763
evt-20260729_044556,2026-07-29T04:47:29.543270-03:00,current,8,False,95,TRAFFIC,False,,,False,False,,,,0.00099737
evt-20260729_045018,2026-07-29T04:54:54.761312-03:00,current,18,False,100,TRAFFIC,False,,,False,False,,,,0.00092238
evt-20260729_045639,2026-07-29T04:58:40.306095-03:00,current,9,False,100,EMPTY,False,,,False,False,,,,0.00089013
evt-20260729_045829,2026-07-29T05:02:34.747967-03:00,current,11,False,100,EMPTY,False,,,False,False,,,,0.00078662
evt-20260729_050039,2026-07-29T05:02:48.466023-03:00,current,7,False,100,EMPTY,False,,,False,False,,,,0.00105138
evt-20260729_050119,2026-07-29T05:03:02.597739-03:00,current,14,False,95,TRAFFIC,False,,,False,False,,,,0.00115487
evt-20260729_050409,2026-07-29T05:07:02.450373-03:00,current,6,False,100,EMPTY,False,,,False,False,,,,0.00091938
evt-20260729_051153,2026-07-29T05:16:23.717640-03:00,current,6,False,100,EMPTY,False,,,False,False,,,,0.00090512
evt-20260729_051548,2026-07-29T05:16:33.734324-03:00,current,7,False,100,EMPTY,False,,,False,False,,,,0.00071163
evt-20260729_051724,2026-07-29T05:21:42.064257-03:00,current,8,False,95,TRAFFIC,False,,,False,False,,,,0.00094337
evt-20260729_051904,2026-07-29T05:21:55.994774-03:00,current,12,False,100,TRAFFIC,False,,,False,False,,,,0.00097638
evt-20260729_052250,2026-07-29T05:26:47.202549-03:00,current,7,False,100,EMPTY,False,,,False,False,,,,0.00095462
evt-20260729_052640,2026-07-29T05:30:36.053472-03:00,current,7,False,100,TRAFFIC,False,,,False,False,,,,0.00096663
evt-20260729_053126,2026-07-29T05:34:31.722559-03:00,current,8,False,100,TRAFFIC,False,,,False,False,,,,0.00087437
evt-20260729_053430,2026-07-29T05:38:31.275375-03:00,current,14,False,100,TRAFFIC,False,,,False,False,,,,0.00096363
evt-20260729_053721,2026-07-29T05:38:41.537400-03:00,current,6,False,100,TRAFFIC,False,,,False,False,,,,0.00104912
evt-20260729_053829,2026-07-29T05:42:35.976554-03:00,current,7,False,95,TRAFFIC,False,,,False,False,,,,0.00121338
evt-20260729_054216,2026-07-29T05:46:23.870136-03:00,current,6,False,100,EMPTY,False,,,False,False,,,,0.00109637
evt-20260729_054304,2026-07-29T05:46:34.895735-03:00,current,7,False,100,TRAFFIC,False,,,False,False,,,,0.00112562
evt-20260729_054332,2026-07-29T05:46:46.872604-03:00,current,8,False,100,TRAFFIC,False,,,False,False,,,,0.00096287
evt-20260729_054450,2026-07-29T05:46:58.140803-03:00,current,7,False,100,TRAFFIC,False,,,False,False,,,,0.00084962
evt-20260729_054520,2026-07-29T05:47:09.699404-03:00,current,7,False,100,EMPTY,False,,,False,False,,,,0.00086462
evt-20260729_054638,2026-07-29T05:51:51.183676-03:00,current,8,False,95,TRAFFIC,False,,,False,False,,,,0.00098237
evt-20260729_054722,2026-07-29T05:52:06.602441-03:00,current,6,False,100,EMPTY,False,,,False,False,,,,0.00090062
evt-20260729_054812,2026-07-29T05:52:18.449346-03:00,current,6,False,100,EMPTY,False,,,False,False,,,,0.00099362
evt-20260729_054910,2026-07-29T05:52:28.984673-03:00,current,8,False,100,TRAFFIC,False,,,False,False,,,,0.00095988
evt-20260729_055020,2026-07-29T05:52:38.218208-03:00,current,7,False,100,EMPTY,False,,,False,False,,,,0.00078513
evt-20260729_055100,2026-07-29T05:52:51.850253-03:00,current,10,False,100,TRAFFIC,False,,,False,False,,,,0.00107838
evt-20260729_055140,2026-07-29T05:57:14.633099-03:00,current,8,False,100,TRAFFIC,False,,,False,False,,,,0.00099887
evt-20260729_055248,2026-07-29T05:57:26.282132-03:00,current,16,False,100,EMPTY,False,,,False,False,,,,0.00113612
evt-20260729_055556,2026-07-29T05:57:41.026668-03:00,current,8,False,95,TRAFFIC,False,,,False,False,,,,0.00094487
evt-20260729_055640,2026-07-29T05:57:52.298803-03:00,current,7,False,100,EMPTY,False,,,False,False,,,,0.00090512
evt-20260729_055806,2026-07-29T06:02:52.148566-03:00,current,8,False,95,TRAFFIC,False,,,False,False,,,,0.00095388
evt-20260729_055946,2026-07-29T06:03:06.576795-03:00,current,32,False,95,TRAFFIC,False,,,False,False,,,,0.00112637
evt-20260729_060200,2026-07-29T06:03:22.124516-03:00,current,10,False,95,TRAFFIC,False,,,False,False,,,,0.00091562
evt-20260729_060430,2026-07-29T06:08:07.672525-03:00,current,7,False,100,EMPTY,False,,,False,False,,,,0.00100788
evt-20260729_060548,2026-07-29T06:08:20.387336-03:00,current,7,False,100,EMPTY,False,,,False,False,,,,0.00092312
evt-20260729_060632,2026-07-29T06:08:33.080069-03:00,current,6,False,100,EMPTY,False,,,False,False,,,,0.00088338
evt-20260729_060848,2026-07-29T06:13:10.905812-03:00,current,17,False,100,TRAFFIC,False,,,False,False,,,,0.00086763
evt-20260729_061008,2026-07-29T06:13:24.118680-03:00,current,32,False,100,TRAFFIC,False,,,False,False,,,,0.00081138
evt-20260729_061310,2026-07-29T06:17:34.566066-03:00,current,18,False,100,EMPTY,False,,,False,False,,,,0.00088262
evt-20260729_061422,2026-07-29T06:17:49.505905-03:00,current,14,False,100,TRAFFIC,False,,,False,False,,,,0.00101388
evt-20260729_061604,2026-07-29T06:22:34.959141-03:00,current,32,False,100,EMPTY,False,,,False,False,,,,0.00091938
evt-20260729_061834,2026-07-29T06:22:48.935103-03:00,current,18,False,100,TRAFFIC,False,,,False,False,,,,0.00095988
evt-20260729_061946,2026-07-29T06:23:01.885600-03:00,current,13,False,95,TRAFFIC,False,,,False,False,,,,0.00100413
evt-20260729_062036,2026-07-29T06:23:16.962990-03:00,current,19,False,100,TRAFFIC,False,,,False,False,,,,0.00097112
evt-20260729_062150,2026-07-29T06:28:02.054411-03:00,current,32,False,95,TRAFFIC,False,,,False,False,,,,0.00096212
evt-20260729_062418,2026-07-29T06:28:12.286300-03:00,current,6,False,100,EMPTY,False,,,False,False,,,,0.00085563
evt-20260729_062444,2026-07-29T06:28:26.750358-03:00,current,32,False,100,TRAFFIC,False,,,False,False,,,,0.00090587
evt-20260729_062702,2026-07-29T06:28:39.672956-03:00,current,14,False,95,TRAFFIC,False,,,False,False,,,,0.00092687
evt-20260729_062854,2026-07-29T06:33:21.393238-03:00,current,12,False,100,TRAFFIC,False,,,False,False,,,,0.00095762
evt-20260729_063038,2026-07-29T06:33:34.486979-03:00,current,8,False,100,TRAFFIC,False,,,False,False,,,,0.00112263
evt-20260729_063256,2026-07-29T06:37:39.904333-03:00,current,10,False,100,TRAFFIC,False,,,False,False,,,,0.00086388
evt-20260729_063334,2026-07-29T06:37:52.962506-03:00,current,9,False,95,TRAFFIC,False,,,False,False,,,,0.00095462
evt-20260729_063504,2026-07-29T06:38:05.843809-03:00,current,7,False,100,TRAFFIC,False,,,False,False,,,,0.00084438
evt-20260729_063748,2026-07-29T06:43:13.582092-03:00,current,6,False,100,EMPTY,False,,,False,False,,,,0.00090663
evt-20260729_063816,2026-07-29T06:43:26.842438-03:00,current,23,False,100,TRAFFIC,False,,,False,False,,,,0.00102738
evt-20260729_064028,2026-07-29T06:43:41.753824-03:00,current,32,False,95,TRAFFIC,False,,,False,False,,,,0.00104838
evt-20260729_064242,2026-07-29T06:48:03.916933-03:00,current,32,False,95,TRAFFIC,False,,,False,False,,,,0.00097262
evt-20260729_064446,2026-07-29T06:48:21.360549-03:00,current,16,False,100,TRAFFIC,False,,,False,False,,,,0.00093138
evt-20260729_064602,2026-07-29T06:48:34.947534-03:00,current,14,False,95,TRAFFIC,False,,,False,False,,,,0.00100113
evt-20260729_064718,2026-07-29T06:48:47.170246-03:00,current,6,False,95,TRAFFIC,False,,,False,False,,,,0.00077688
evt-20260729_064812,2026-07-29T06:53:27.191231-03:00,current,7,False,100,EMPTY,False,,,False,False,,,,0.00089087
evt-20260729_064856,2026-07-29T06:53:41.883538-03:00,current,14,False,95,EMPTY,False,,,False,False,,,,0.00093738
evt-20260729_065004,2026-07-29T06:53:52.305022-03:00,current,6,False,100,EMPTY,False,,,False,False,,,,0.00091862
evt-20260729_065104,2026-07-29T06:54:05.654654-03:00,current,7,False,95,EMPTY,False,,,False,False,,,,0.00116088
evt-20260729_065202,2026-07-29T06:54:16.531912-03:00,current,8,False,100,TRAFFIC,False,,,False,False,,,,0.00113688
evt-20260729_065402,2026-07-29T06:59:12.980520-03:00,current,11,False,100,TRAFFIC,False,,,False,False,,,,0.00086838
evt-20260729_065446,2026-07-29T06:59:26.146527-03:00,current,16,False,100,TRAFFIC,False,,,False,False,,,,0.00095312
evt-20260729_065548,2026-07-29T06:59:39.415374-03:00,current,12,False,95,TRAFFIC,False,,,False,False,,,,0.00100113
evt-20260729_065656,2026-07-29T06:59:50.976931-03:00,current,9,False,95,TRAFFIC,False,,,False,False,,,,0.00084137
evt-20260729_065828,2026-07-29T07:04:32.699286-03:00,current,17,False,100,TRAFFIC,False,,,False,False,,,,0.00085038
evt-20260729_070048,2026-07-29T07:04:47.862085-03:00,current,22,False,100,TRAFFIC,False,,,False,False,,,,0.00095612
evt-20260729_070222,2026-07-29T07:05:02.046571-03:00,current,17,False,100,EMPTY,False,,,False,False,,,,0.00130038
evt-20260729_070330,2026-07-29T07:05:16.095430-03:00,current,7,False,100,EMPTY,False,,,False,False,,,,0.00130488
evt-20260729_070433,2026-07-29T07:10:33.377252-03:00,current,7,False,100,TRAFFIC,False,,,False,False,,,,0.00105287
evt-20260729_070523,2026-07-29T07:10:46.481787-03:00,current,10,False,100,TRAFFIC,False,,,False,False,,,,0.00098988
evt-20260729_070607,2026-07-29T07:11:01.458782-03:00,current,32,False,100,TRAFFIC,False,,,False,False,,,,0.00099362
evt-20260729_070853,2026-07-29T07:11:14.345935-03:00,current,6,False,100,TRAFFIC,False,,,False,False,,,,0.00094113
evt-20260729_070929,2026-07-29T07:11:25.631318-03:00,current,7,False,100,EMPTY,False,,,False,False,,,,0.00084888
evt-20260729_071010,2026-07-29T07:16:10.706572-03:00,current,18,False,100,TRAFFIC,False,,,False,False,,,,0.00100337
evt-20260729_071134,2026-07-29T07:16:24.032036-03:00,current,14,False,100,EMPTY,False,,,False,False,,,,0.00096063
evt-20260729_071252,2026-07-29T07:16:36.384361-03:00,current,10,False,100,TRAFFIC,False,,,False,False,,,,0.00097112
evt-20260729_071340,2026-07-29T07:16:48.395836-03:00,current,10,False,95,TRAFFIC,False,,,False,False,,,,0.00083763
evt-20260729_071518,2026-07-29T07:17:01.169289-03:00,current,10,False,100,TRAFFIC,False,,,False,False,,,,0.00081062
evt-20260729_071556,2026-07-29T07:21:43.966069-03:00,current,7,False,100,EMPTY,False,,,False,False,,,,0.00095912
evt-20260729_071714,2026-07-29T07:21:54.291212-03:00,current,11,False,100,EMPTY,False,,,False,False,,,,0.00115788
evt-20260729_071806,2026-07-29T07:22:08.609791-03:00,current,6,False,100,TRAFFIC,False,,,False,False,,,,0.00116913
evt-20260729_071946,2026-07-29T07:22:23.878754-03:00,current,21,False,95,TRAFFIC,False,,,False,False,,,,0.00128988
evt-20260729_072146,2026-07-29T07:27:46.044427-03:00,current,32,False,95,TRAFFIC,False,,,False,False,,,,0.00106638
evt-20260729_072400,2026-07-29T07:27:59.754869-03:00,current,32,False,100,TRAFFIC,False,,,False,False,,,,0.00124787
evt-20260729_072622,2026-07-29T07:33:34.636569-03:00,current,21,False,95,TRAFFIC,False,,,False,False,,,,0.00097712
evt-20260729_072800,2026-07-29T07:33:51.262771-03:00,current,18,False,100,TRAFFIC,False,,,False,False,,,,0.00108588
evt-20260729_073018,2026-07-29T07:34:06.100031-03:00,current,6,False,100,TRAFFIC,False,,,False,False,,,,0.00122088
evt-20260729_073042,2026-07-29T07:34:21.057269-03:00,current,27,False,90,TRAFFIC,False,,,False,False,,,,0.00128088
evt-20260729_073236,2026-07-29T07:34:36.921604-03:00,current,7,False,0,EMPTY,False,,,False,False,,,,0.00145038
evt-20260729_073330,2026-07-29T07:39:32.313790-03:00,current,17,False,100,TRAFFIC,False,,,False,False,,,,0.00096063
evt-20260729_073434,2026-07-29T07:39:47.154078-03:00,current,10,False,100,TRAFFIC,False,,,False,False,,,,0.00100037
evt-20260729_073530,2026-07-29T07:40:18.804299-03:00,current,18,False,90,TRAFFIC,False,,,False,True,8bd9cb29-d422-4ca4-9cd8-ca9771543268,REJEITADO,Sem descartes.,0.00095838
evt-20260729_073700,2026-07-29T07:40:33.579215-03:00,current,22,False,95,TRAFFIC,False,,,False,False,,,,0.00123212
evt-20260729_073832,2026-07-29T07:45:57.489290-03:00,current,25,False,95,TRAFFIC,False,,,False,False,,,,0.00109938
evt-20260729_074030,2026-07-29T07:46:31.149379-03:00,current,10,False,95,TRAFFIC,False,,,False,False,,,,0.00114288
evt-20260729_074126,2026-07-29T07:46:45.968687-03:00,current,9,False,95,TRAFFIC,False,,,False,False,,,,0.00118937
evt-20260729_074200,2026-07-29T07:47:01.674166-03:00,current,6,False,95,TRAFFIC,False,,,False,False,,,,0.00100488
evt-20260729_074338,2026-07-29T07:47:13.947693-03:00,current,6,False,100,TRAFFIC,False,,,False,False,,,,0.00083687
evt-20260729_074416,2026-07-29T07:47:26.824065-03:00,current,10,False,95,TRAFFIC,False,,,False,False,,,,0.00089013
evt-20260729_074518,2026-07-29T07:52:36.642759-03:00,current,13,False,100,EMPTY,False,,,False,False,,,,0.00083387
evt-20260729_074632,2026-07-29T07:52:48.412168-03:00,current,7,False,100,TRAFFIC,False,,,False,False,,,,0.00094487
evt-20260729_074728,2026-07-29T07:52:59.643983-03:00,current,10,False,100,TRAFFIC,False,,,False,False,,,,0.00086388
evt-20260729_074808,2026-07-29T07:53:12.851837-03:00,current,8,False,100,TRAFFIC,False,,,False,False,,,,0.00100413
evt-20260729_074840,2026-07-29T07:53:25.855394-03:00,current,8,False,95,TRAFFIC,False,,,False,False,,,,0.00110837
evt-20260729_074936,2026-07-29T07:53:41.589498-03:00,current,12,False,95,TRAFFIC,False,,,False,False,,,,0.00103637
evt-20260729_075223,2026-07-29T07:58:49.621218-03:00,current,13,False,100,TRAFFIC,False,,,False,False,,,,0.00095312
evt-20260729_075341,2026-07-29T07:59:01.170100-03:00,current,6,False,95,TRAFFIC,False,,,False,False,,,,0.00095912
evt-20260729_075515,2026-07-29T07:59:15.141619-03:00,current,6,False,95,TRAFFIC,False,,,False,False,,,,0.00095088
evt-20260729_075753,2026-07-29T07:59:28.675719-03:00,current,7,False,100,EMPTY,False,,,False,False,,,,0.00093063
evt-20260729_075827,2026-07-29T08:05:10.876380-03:00,current,6,False,100,TRAFFIC,False,,,False,False,,,,0.00103413
evt-20260729_075947,2026-07-29T08:05:23.223688-03:00,current,11,False,100,TRAFFIC,False,,,False,False,,,,0.00079413
evt-20260729_080143,2026-07-29T08:05:36.544681-03:00,current,13,False,100,TRAFFIC,False,,,False,False,,,,0.00095838
evt-20260729_080300,2026-07-29T08:05:52.373327-03:00,current,13,False,95,TRAFFIC,False,,,False,False,,,,0.00101763
evt-20260729_080520,2026-07-29T08:11:12.090267-03:00,current,12,False,100,TRAFFIC,False,,,False,False,,,,0.00095612
evt-20260729_080610,2026-07-29T08:11:23.775277-03:00,current,6,False,0,TRAFFIC,False,,,False,False,,,,0.00150063
evt-20260729_080640,2026-07-29T08:11:40.113729-03:00,current,19,False,100,TRAFFIC,False,,,False,False,,,,0.00081212
evt-20260729_080948,2026-07-29T08:11:50.779237-03:00,current,10,False,100,TRAFFIC,False,,,False,False,,,,0.00088937
evt-20260729_081110,2026-07-29T08:17:33.293441-03:00,current,7,False,100,EMPTY,False,,,False,False,,,,0.00089163
evt-20260729_081258,2026-07-29T08:17:44.297938-03:00,current,6,False,100,EMPTY,False,,,False,False,,,,0.00105887
evt-20260729_081356,2026-07-29T08:17:58.392887-03:00,current,13,False,95,TRAFFIC,False,,,False,False,,,,0.00098463
evt-20260729_081632,2026-07-29T08:18:10.588262-03:00,current,10,False,100,TRAFFIC,False,,,False,False,,,,0.00099963
evt-20260729_081728,2026-07-29T08:23:10.219880-03:00,current,9,False,100,TRAFFIC,False,,,False,False,,,,0.00100187
evt-20260729_081846,2026-07-29T08:23:24.473049-03:00,current,11,False,100,TRAFFIC,False,,,False,False,,,,0.00077312
evt-20260729_081938,2026-07-29T08:23:36.597972-03:00,current,7,False,100,EMPTY,False,,,False,False,,,,0.00093588
evt-20260729_082046,2026-07-29T08:23:48.142104-03:00,current,6,False,100,EMPTY,False,,,False,False,,,,0.00103188
evt-20260729_082124,2026-07-29T08:24:00.977639-03:00,current,19,False,100,TRAFFIC,False,,,False,False,,,,0.00096887
evt-20260729_082254,2026-07-29T08:29:12.126594-03:00,current,6,False,100,TRAFFIC,False,,,False,False,,,,0.00082638
evt-20260729_082418,2026-07-29T08:29:45.654890-03:00,current,7,False,100,EMPTY,False,,,False,False,,,,0.00095013
evt-20260729_082528,2026-07-29T08:29:57.618960-03:00,current,29,False,100,EMPTY,False,,,False,False,,,,0.00092088
evt-20260729_082748,2026-07-29T08:30:09.505329-03:00,current,7,False,100,EMPTY,False,,,False,False,,,,0.00093287
evt-20260729_082846,2026-07-29T08:35:22.851390-03:00,current,9,False,95,TRAFFIC,False,,,False,False,,,,0.00093362
evt-20260729_082954,2026-07-29T08:35:36.484954-03:00,current,9,False,95,TRAFFIC,False,,,False,False,,,,0.00096437
evt-20260729_083104,2026-07-29T08:35:49.351380-03:00,current,7,False,100,TRAFFIC,False,,,False,False,,,,0.00085187
evt-20260729_083246,2026-07-29T08:36:01.578784-03:00,current,8,False,100,TRAFFIC,False,,,False,False,,,,0.00098013
evt-20260729_083450,2026-07-29T08:40:52.079604-03:00,current,24,False,100,TRAFFIC,False,,,False,False,,,,0.00096063
evt-20260729_083643,2026-07-29T08:41:05.976543-03:00,current,20,False,100,TRAFFIC,False,,,False,False,,,,0.00095388
evt-20260729_083824,2026-07-29T08:41:19.348662-03:00,current,13,False,100,EMPTY,False,,,False,False,,,,0.00097488
evt-20260729_084002,2026-07-29T08:41:33.837871-03:00,current,7,False,95,TRAFFIC,False,,,False,False,,,,0.00116688
evt-20260729_084132,2026-07-29T08:46:09.606549-03:00,current,10,False,95,TRAFFIC,False,,,False,False,,,,0.00103262
evt-20260729_084232,2026-07-29T08:46:21.402542-03:00,current,7,False,100,TRAFFIC,False,,,False,False,,,,0.00098537
evt-20260729_084304,2026-07-29T08:46:35.152958-03:00,current,7,False,95,TRAFFIC,False,,,False,False,,,,0.00096363
evt-20260729_084358,2026-07-29T08:46:53.840034-03:00,current,32,False,90,TRAFFIC,False,,,False,False,,,,0.00121713
evt-20260729_084602,2026-07-29T08:52:15.113345-03:00,current,32,False,95,TRAFFIC,False,,,False,False,,,,0.00106338
evt-20260729_084808,2026-07-29T08:52:30.202963-03:00,current,32,False,95,TRAFFIC,False,,,False,False,,,,0.00095838
evt-20260729_085012,2026-07-29T08:52:47.171895-03:00,current,18,False,95,TRAFFIC,False,,,False,False,,,,0.00130413
evt-20260729_085204,2026-07-29T08:58:04.651232-03:00,current,7,False,100,EMPTY,False,,,False,False,,,,0.00099737
evt-20260729_085242,2026-07-29T08:58:19.420145-03:00,current,32,False,95,TRAFFIC,False,,,False,False,,,,0.00106938
evt-20260729_085508,2026-07-29T08:58:34.583935-03:00,current,19,False,95,TRAFFIC,False,,,False,False,,,,0.00101612
evt-20260729_085726,2026-07-29T09:03:20.713938-03:00,current,16,False,90,TRAFFIC,False,,,False,False,,,,0.00099813
evt-20260729_085900,2026-07-29T09:03:35.678662-03:00,current,11,False,100,PARKED,False,,,False,False,,,,0.00118487
evt-20260729_085946,2026-07-29T09:03:50.782310-03:00,current,7,False,100,EMPTY,False,,,False,False,,,,0.00081062
evt-20260729_090016,2026-07-29T09:04:05.975231-03:00,current,7,False,100,TRAFFIC,False,,,False,False,,,,0.00099588
evt-20260729_090108,2026-07-29T09:04:20.586796-03:00,current,8,False,90,TRAFFIC,False,,,False,False,,,,0.00098163
evt-20260729_090158,2026-07-29T09:04:37.818119-03:00,current,14,False,90,TRAFFIC,False,,,False,False,,,,0.00119162
evt-20260729_090250,2026-07-29T09:09:33.729729-03:00,current,9,False,100,TRAFFIC,False,,,False,False,,,,0.00098237
evt-20260729_090410,2026-07-29T09:09:49.270107-03:00,current,6,False,100,EMPTY,False,,,False,False,,,,0.00116537
evt-20260729_090528,2026-07-29T09:10:01.694017-03:00,current,17,False,95,TRAFFIC,False,,,False,False,,,,0.00113988
evt-20260729_090638,2026-07-29T09:10:18.576273-03:00,current,23,False,95,TRAFFIC,False,,,False,False,,,,0.00112412
evt-20260729_090826,2026-07-29T09:10:33.398001-03:00,current,7,False,100,EMPTY,False,,,False,False,,,,0.00085337
evt-20260729_090912,2026-07-29T09:16:09.198111-03:00,current,7,False,100,EMPTY,False,,,False,False,,,,0.00098613
evt-20260729_090940,2026-07-29T09:16:25.256027-03:00,current,9,False,90,TRAFFIC,False,,,False,False,,,,0.00107013
evt-20260729_091026,2026-07-29T09:16:39.442065-03:00,current,12,False,95,TRAFFIC,False,,,False,False,,,,0.00104537
evt-20260729_091112,2026-07-29T09:16:54.115192-03:00,current,13,False,95,TRAFFIC,False,,,False,False,,,,0.00117588
evt-20260729_091333,2026-07-29T09:17:11.899097-03:00,current,21,False,100,TRAFFIC,False,,,False,False,,,,0.00089387
evt-20260729_091703,2026-07-29T09:22:01.673619-03:00,current,7,False,95,TRAFFIC,False,,,False,False,,,,0.00099438
evt-20260729_092015,2026-07-29T09:22:16.163857-03:00,current,23,False,95,TRAFFIC,False,,,False,False,,,,0.00099438
evt-20260729_092437,2026-07-29T09:27:28.044766-03:00,current,7,False,100,EMPTY,False,,,False,False,,,,0.00099662
evt-20260729_092509,2026-07-29T09:27:41.757428-03:00,current,6,False,95,TRAFFIC,False,,,False,False,,,,0.00099138
evt-20260729_092836,2026-07-29T09:33:29.196479-03:00,current,8,False,100,TRAFFIC,False,,,False,False,,,,0.00095237
evt-20260729_093004,2026-07-29T09:33:42.035653-03:00,current,7,False,100,TRAFFIC,False,,,False,False,,,,0.00102812
evt-20260729_093336,2026-07-29T09:38:41.579104-03:00,current,9,False,95,TRAFFIC,False,,,False,False,,,,0.00104912
evt-20260729_093446,2026-07-29T09:38:56.723287-03:00,current,10,False,95,TRAFFIC,False,,,False,False,,,,0.00091113
evt-20260729_093742,2026-07-29T09:39:08.814919-03:00,current,7,False,100,EMPTY,False,,,False,False,,,,0.00084662
evt-20260729_093810,2026-07-29T09:39:23.664701-03:00,current,7,False,100,TRAFFIC,False,,,False,False,,,,0.00118337
evt-20260729_093850,2026-07-29T09:44:17.319915-03:00,current,7,False,100,TRAFFIC,False,,,False,False,,,,0.00099138
evt-20260729_094008,2026-07-29T09:44:31.777394-03:00,current,7,False,100,EMPTY,False,,,False,False,,,,0.00092913
evt-20260729_094114,2026-07-29T09:44:45.192233-03:00,current,8,False,100,TRAFFIC,False,,,False,False,,,,0.00095688
evt-20260729_094308,2026-07-29T09:44:57.184692-03:00,current,11,False,100,TRAFFIC,False,,,False,False,,,,0.00095838
evt-20260729_094352,2026-07-29T09:49:48.942690-03:00,current,7,False,100,TRAFFIC,False,,,False,False,,,,0.00075137
evt-20260729_094614,2026-07-29T09:50:00.898669-03:00,current,7,False,100,EMPTY,False,,,False,False,,,,0.00103787
evt-20260729_094638,2026-07-29T09:50:11.389506-03:00,current,11,False,95,TRAFFIC,False,,,False,False,,,,0.00099737
evt-20260729_094822,2026-07-29T09:50:25.919851-03:00,current,7,False,100,EMPTY,False,,,False,False,,,,0.00083237
evt-20260729_094952,2026-07-29T09:55:35.628416-03:00,current,9,False,95,TRAFFIC,False,,,False,False,,,,0.00108738
evt-20260729_095038,2026-07-29T09:55:52.635837-03:00,current,13,False,95,TRAFFIC,False,,,False,False,,,,0.00101538
evt-20260729_095130,2026-07-29T09:56:05.526179-03:00,current,7,False,100,TRAFFIC,False,,,False,False,,,,0.00104087
evt-20260729_095345,2026-07-29T09:56:18.797358-03:00,current,11,False,100,TRAFFIC,False,,,False,False,,,,0.00097712
evt-20260729_095653,2026-07-29T10:01:44.045123-03:00,current,18,False,100,TRAFFIC,False,,,False,False,,,,0.00096137
evt-20260729_095801,2026-07-29T10:01:59.513782-03:00,current,20,False,95,PARKED,False,,,False,False,,,,0.00110162
evt-20260729_095928,2026-07-29T10:02:15.754876-03:00,current,6,False,95,TRAFFIC,False,,,False,False,,,,0.00105737
evt-20260729_100040,2026-07-29T10:02:29.543758-03:00,current,7,False,100,EMPTY,False,,,False,False,,,,0.00090438
evt-20260729_100450,2026-07-29T10:07:20.211751-03:00,current,11,False,95,TRAFFIC,False,,,False,False,,,,0.00099288
evt-20260729_100550,2026-07-29T10:07:48.545716-03:00,current,7,False,100,EMPTY,False,,,False,False,,,,0.00098687
evt-20260729_100858,2026-07-29T10:12:30.387257-03:00,current,15,False,95,PARKED,False,,,False,False,,,,0.00104013
evt-20260729_100956,2026-07-29T10:12:46.018634-03:00,current,7,False,100,EMPTY,False,,,False,False,,,,0.00089087
evt-20260729_101140,2026-07-29T10:12:56.468703-03:00,current,7,False,100,EMPTY,False,,,False,False,,,,0.00098313
evt-20260729_101312,2026-07-29T10:18:18.975774-03:00,current,12,False,95,TRAFFIC,False,,,False,False,,,,0.00117512
evt-20260729_101540,2026-07-29T10:18:35.782135-03:00,current,9,False,100,TRAFFIC,False,,,False,False,,,,0.00099813
evt-20260729_101712,2026-07-29T10:18:50.634900-03:00,current,6,False,100,EMPTY,False,,,False,False,,,,0.00086688
evt-20260729_101742,2026-07-29T10:23:45.743018-03:00,current,11,False,100,EMPTY,False,,,False,False,,,,0.00082187
evt-20260729_101906,2026-07-29T10:23:57.872141-03:00,current,8,False,95,TRAFFIC,False,,,False,False,,,,0.00104312
evt-20260729_101946,2026-07-29T10:24:10.430563-03:00,current,7,False,100,EMPTY,False,,,False,False,,,,0.00098087
evt-20260729_102018,2026-07-29T10:24:22.971216-03:00,current,8,False,100,TRAFFIC,False,,,False,False,,,,0.00096363
evt-20260729_102058,2026-07-29T10:24:36.027474-03:00,current,9,False,0,EMPTY,False,,,False,False,,,,0.00102587
evt-20260729_102232,2026-07-29T10:24:48.476852-03:00,current,7,False,100,EMPTY,False,,,False,False,,,,0.00096212
evt-20260729_102304,2026-07-29T10:24:59.778553-03:00,current,8,False,100,TRAFFIC,False,,,False,False,,,,0.00090138
evt-20260729_102402,2026-07-29T10:30:08.291160-03:00,current,8,False,100,TRAFFIC,False,,,False,False,,,,0.00097712
evt-20260729_102638,2026-07-29T10:30:20.896115-03:00,current,7,False,100,EMPTY,False,,,False,False,,,,0.00095988
evt-20260729_102944,2026-07-29T10:35:40.378611-03:00,current,8,False,100,TRAFFIC,False,,,False,False,,,,0.00096813
evt-20260729_103034,2026-07-29T10:35:51.041250-03:00,current,7,False,100,EMPTY,False,,,False,False,,,,0.00082263
evt-20260729_103136,2026-07-29T10:36:02.600083-03:00,current,7,False,100,EMPTY,False,,,False,False,,,,0.00086088
evt-20260729_103210,2026-07-29T10:36:15.458352-03:00,current,6,False,100,TRAFFIC,False,,,False,False,,,,0.00089163
evt-20260729_103334,2026-07-29T10:42:03.583123-03:00,current,32,False,100,TRAFFIC,False,,,False,False,,,,0.00085413
evt-20260729_103538,2026-07-29T10:42:17.254890-03:00,current,24,False,95,TRAFFIC,False,,,False,False,,,,0.00107237
evt-20260729_103720,2026-07-29T10:42:31.274153-03:00,current,7,False,95,TRAFFIC,False,,,False,False,,,,0.00080912
evt-20260729_103744,2026-07-29T10:42:45.290712-03:00,current,6,False,100,EMPTY,False,,,False,False,,,,0.00094188
evt-20260729_103808,2026-07-29T10:43:01.085109-03:00,current,32,True,95,DUMPING,True,True,100,True,False,,,,0.00456362
evt-20260729_104216,2026-07-29T10:50:23.520678-03:00,current,32,False,95,TRAFFIC,False,,,False,False,,,,0.00110837
evt-20260729_104420,2026-07-29T10:50:36.839639-03:00,current,26,False,95,TRAFFIC,False,,,False,False,,,,0.00100938
evt-20260729_104600,2026-07-29T10:50:52.777862-03:00,current,11,False,90,TRAFFIC,False,,,False,False,,,,0.00110763
evt-20260729_104716,2026-07-29T10:51:08.277125-03:00,current,9,False,100,TRAFFIC,False,,,False,False,,,,0.00088112
evt-20260729_105004,2026-07-29T10:56:14.391444-03:00,current,7,False,100,TRAFFIC,False,,,False,False,,,,0.00089537
evt-20260729_105116,2026-07-29T10:56:30.869551-03:00,current,14,False,100,TRAFFIC,False,,,False,False,,,,0.00097338
evt-20260729_105227,2026-07-29T10:57:10.954701-03:00,current,32,False,95,TRAFFIC,False,,,False,False,,,,0.00107913
evt-20260729_105447,2026-07-29T10:57:22.382678-03:00,current,8,False,95,TRAFFIC,False,,,False,False,,,,0.00095912
evt-20260729_105703,2026-07-29T11:02:15.080339-03:00,current,7,False,100,EMPTY,False,,,False,False,,,,0.00091712
evt-20260729_105901,2026-07-29T11:02:28.933210-03:00,current,8,False,100,TRAFFIC,False,,,False,False,,,,0.00085563
evt-20260729_105931,2026-07-29T11:02:43.610841-03:00,current,7,False,100,EMPTY,False,,,False,False,,,,0.00110238
evt-20260729_110111,2026-07-29T11:03:01.448522-03:00,current,10,False,95,TRAFFIC,False,,,False,False,,,,0.00107387
evt-20260729_110302,2026-07-29T11:08:16.533906-03:00,current,16,False,95,TRAFFIC,False,,,False,False,,,,0.00099212
evt-20260729_110444,2026-07-29T11:08:33.325175-03:00,current,7,False,100,EMPTY,False,,,False,False,,,,0.00110763
evt-20260729_110640,2026-07-29T11:08:47.906488-03:00,current,7,False,100,EMPTY,False,,,False,False,,,,0.00106938
evt-20260729_111126,2026-07-29T11:13:34.505478-03:00,current,6,False,100,TRAFFIC,False,,,False,False,,,,0.00095162
evt-20260729_111156,2026-07-29T11:13:44.015962-03:00,current,7,False,100,EMPTY,False,,,False,False,,,,0.00093138
evt-20260729_111246,2026-07-29T11:13:58.468827-03:00,current,9,False,95,TRAFFIC,False,,,False,False,,,,0.00125238
evt-20260729_111320,2026-07-29T11:18:50.590296-03:00,current,31,False,100,TRAFFIC,False,,,False,False,,,,0.00099438
evt-20260729_111710,2026-07-29T11:19:05.154554-03:00,current,10,False,100,TRAFFIC,False,,,False,False,,,,0.00102587
evt-20260729_111812,2026-07-29T11:23:59.815245-03:00,current,10,False,95,TRAFFIC,False,,,False,False,,,,0.00123288
evt-20260729_112024,2026-07-29T11:24:33.740621-03:00,current,32,False,95,PARKED,False,,,False,True,2e2219e8-27ff-4085-ad3c-6981dc3eca52,INDETERMINADO,"Notamos aumento da volumetria, porém, não flagramos o momento do descarte.",0.00120063
evt-20260729_112317,2026-07-29T11:29:49.147622-03:00,current,32,False,95,TRAFFIC,False,,,False,False,,,,0.00094713
evt-20260729_112521,2026-07-29T11:30:01.969416-03:00,current,31,False,95,TRAFFIC,False,,,False,False,,,,0.00089988
evt-20260729_112804,2026-07-29T11:35:10.737372-03:00,current,29,False,100,TRAFFIC,False,,,False,False,,,,0.00089688
evt-20260729_113011,2026-07-29T11:35:27.233044-03:00,current,32,False,95,TRAFFIC,False,,,False,False,,,,0.00101463
evt-20260729_113215,2026-07-29T11:40:52.712809-03:00,current,9,False,100,TRAFFIC,False,,,False,False,,,,0.00107387
evt-20260729_113442,2026-07-29T11:41:11.512659-03:00,current,26,False,95,TRAFFIC,False,,,False,False,,,,0.00108062
evt-20260729_113648,2026-07-29T11:41:28.864650-03:00,current,32,False,95,TRAFFIC,False,,,False,False,,,,0.00100563
evt-20260729_113908,2026-07-29T11:46:27.971338-03:00,current,32,False,95,TRAFFIC,False,,,False,False,,,,0.00118638
evt-20260729_114118,2026-07-29T11:46:44.321102-03:00,current,32,False,95,TRAFFIC,False,,,False,False,,,,0.00113988
evt-20260729_114322,2026-07-29T11:47:01.976122-03:00,current,32,False,100,TRAFFIC,False,,,False,False,,,,0.00109413
evt-20260729_114532,2026-07-29T11:52:23.591967-03:00,current,14,False,95,TRAFFIC,False,,,False,False,,,,0.00105212
evt-20260729_114628,2026-07-29T11:52:39.603658-03:00,current,32,False,100,TRAFFIC,False,,,False,False,,,,0.00111437
evt-20260729_114908,2026-07-29T11:52:58.076961-03:00,current,32,False,95,TRAFFIC,False,,,False,False,,,,0.00119312
evt-20260729_115126,2026-07-29T11:58:02.240741-03:00,current,32,False,95,TRAFFIC,False,,,False,False,,,,0.00118038
evt-20260729_115336,2026-07-29T11:58:20.452001-03:00,current,32,False,100,PARKED,False,,,False,False,,,,0.00116837
evt-20260729_115542,2026-07-29T11:58:37.134960-03:00,current,32,False,95,TRAFFIC,False,,,False,False,,,,0.00111437
evt-20260729_115834,2026-07-29T12:04:54.597542-03:00,current,32,False,100,TRAFFIC,False,,,False,False,,,,0.00107237
evt-20260729_120056,2026-07-29T12:05:10.016597-03:00,current,32,False,100,EMPTY,False,,,False,False,,,,0.00101538
evt-20260729_120712,2026-07-29T12:12:38.049192-03:00,current,32,False,100,TRAFFIC,False,,,False,False,,,,0.00124938
evt-20260729_120310,2026-07-29T12:21:30.590092-03:00,current,32,False,100,EMPTY,False,,,False,False,,,,0.00100637
evt-20260729_120922,2026-07-29T12:21:47.351286-03:00,current,32,False,100,EMPTY,False,,,False,False,,,,0.00094563
evt-20260729_121228,2026-07-29T12:22:05.740825-03:00,current,32,False,95,PARKED,False,,,False,False,,,,0.00108738
evt-20260729_121516,2026-07-29T12:22:41.941420-03:00,current,32,False,100,PARKED,False,,,False,False,,,,0.00121563
evt-20260729_121810,2026-07-29T12:23:22.435217-03:00,current,32,False,100,EMPTY,False,,,False,False,,,,0.00109037
evt-20260729_122020,2026-07-29T12:33:07.783342-03:00,current,32,False,90,TRAFFIC,False,,,False,False,,,,0.00110238
evt-20260729_122454,2026-07-29T12:34:21.872557-03:00,current,32,False,95,TRAFFIC,False,,,False,False,,,,0.00109862
evt-20260729_122812,2026-07-29T12:34:55.850720-03:00,current,32,False,100,TRAFFIC,False,,,False,False,,,,0.00107763
evt-20260729_123946,2026-07-29T12:48:58.355194-03:00,current,32,False,100,TRAFFIC,False,,,False,False,,,,0.00087663
evt-20260729_122234,2026-07-29T13:03:38.112881-03:00,current,32,False,100,EMPTY,False,,,False,False,,,,0.00117288
evt-20260729_123048,2026-07-29T13:03:55.110352-03:00,current,32,False,95,TRAFFIC,False,,,False,False,,,,0.00107387
evt-20260729_123252,2026-07-29T13:04:12.082008-03:00,current,32,False,95,TRAFFIC,False,,,False,False,,,,0.00111363
evt-20260729_123504,2026-07-29T13:05:10.835321-03:00,current,21,False,100,TRAFFIC,False,,,False,False,,,,0.00108813
evt-20260729_123716,2026-07-29T13:05:27.863221-03:00,current,32,False,95,TRAFFIC,False,,,False,False,,,,0.00104312
evt-20260729_124150,2026-07-29T13:05:44.467361-03:00,current,32,False,100,EMPTY,False,,,False,False,,,,0.00094713
evt-20260729_124422,2026-07-29T13:06:03.361053-03:00,current,32,False,100,TRAFFIC,False,,,False,False,,,,0.00103787
evt-20260729_124722,2026-07-29T13:06:20.146129-03:00,current,10,False,90,TRAFFIC,False,,,False,False,,,,0.00104688
evt-20260729_124826,2026-07-29T13:06:36.455070-03:00,current,15,False,0,EMPTY,False,,,False,False,,,,0.00125913
evt-20260729_124934,2026-07-29T13:06:51.682267-03:00,current,32,False,95,TRAFFIC,False,,,False,False,,,,0.00105513
evt-20260729_125218,2026-07-29T13:07:07.723975-03:00,current,32,False,0,TRAFFIC,False,,,False,False,,,,0.00156288
evt-20260729_125438,2026-07-29T13:07:27.885313-03:00,current,32,False,100,TRAFFIC,False,,,False,False,,,,0.00112188
evt-20260729_125646,2026-07-29T13:07:44.404637-03:00,current,32,False,100,TRAFFIC,False,,,False,False,,,,0.00108738
evt-20260729_125855,2026-07-29T13:08:02.702365-03:00,current,32,False,100,TRAFFIC,False,,,False,False,,,,0.00094337
evt-20260729_130159,2026-07-29T13:19:48.810364-03:00,current,32,False,100,TRAFFIC,False,,,False,False,,,,0.00111888
evt-20260729_130505,2026-07-29T13:20:08.376113-03:00,current,32,False,95,PARKED,False,,,False,False,,,,0.00092012
evt-20260729_130745,2026-07-29T13:20:44.604963-03:00,current,32,False,95,PARKED,False,,,False,False,,,,0.00105887
evt-20260729_131021,2026-07-29T13:21:46.872661-03:00,current,32,False,95,TRAFFIC,False,,,False,False,,,,0.00105437
evt-20260729_131237,2026-07-29T13:22:07.804234-03:00,current,32,False,100,TRAFFIC,False,,,False,False,,,,0.00105212
evt-20260729_131451,2026-07-29T13:22:28.070187-03:00,current,32,False,95,TRAFFIC,False,,,False,False,,,,0.00119613
evt-20260729_131656,2026-07-29T13:22:44.055200-03:00,current,32,False,100,TRAFFIC,False,,,False,False,,,,0.00088262
evt-20260729_131926,2026-07-29T13:39:33.705757-03:00,current,32,False,100,TRAFFIC,False,,,False,False,,,,0.00104762
evt-20260729_132152,2026-07-29T13:40:08.028746-03:00,current,32,False,100,TRAFFIC,False,,,False,False,,,,0.00100862
evt-20260729_132400,2026-07-29T13:40:46.557995-03:00,current,32,False,100,TRAFFIC,False,,,False,False,,,,0.00115713
evt-20260729_132716,2026-07-29T13:42:29.241720-03:00,current,13,False,95,TRAFFIC,False,,,False,False,,,,0.00104087
evt-20260729_133130,2026-07-29T13:43:49.907297-03:00,current,32,False,100,TRAFFIC,False,,,False,False,,,,0.00101687
evt-20260729_133334,2026-07-29T13:44:30.754896-03:00,current,32,False,100,TRAFFIC,False,,,False,False,,,,0.00100563
evt-20260729_133544,2026-07-29T13:45:07.246151-03:00,current,32,False,95,TRAFFIC,False,,,False,False,,,,0.00107387
evt-20260729_132610,2026-07-29T13:53:49.332848-03:00,current,9,False,95,TRAFFIC,False,,,False,False,,,,0.00111738
evt-20260729_132854,2026-07-29T13:54:04.268476-03:00,current,32,False,95,TRAFFIC,False,,,False,False,,,,0.00131912
evt-20260729_133848,2026-07-29T13:54:20.015521-03:00,current,32,False,100,TRAFFIC,False,,,False,False,,,,0.00105963
evt-20260729_134228,2026-07-29T13:54:36.440993-03:00,current,32,False,100,TRAFFIC,False,,,False,False,,,,0.00109263
evt-20260729_134442,2026-07-29T13:54:54.730660-03:00,current,32,False,95,TRAFFIC,False,,,False,False,,,,0.00103262
evt-20260729_134652,2026-07-29T13:55:09.804254-03:00,current,32,False,95,TRAFFIC,False,,,False,False,,,,0.00099362
evt-20260729_134856,2026-07-29T13:55:31.022032-03:00,current,32,False,95,PARKED,False,,,False,False,,,,0.00133713
evt-20260729_135100,2026-07-29T13:55:47.790055-03:00,current,32,False,95,PARKED,False,,,False,False,,,,0.00109637
evt-20260729_135316,2026-07-29T14:01:15.398120-03:00,current,32,False,95,PARKED,False,,,False,False,,,,0.00109713
evt-20260729_135520,2026-07-29T14:01:31.823164-03:00,current,32,False,90,TRAFFIC,False,,,False,False,,,,0.00127038
evt-20260729_135838,2026-07-29T14:01:49.689245-03:00,current,32,False,90,TRAFFIC,False,,,False,False,,,,0.00135888
evt-20260729_140204,2026-07-29T14:08:56.295678-03:00,current,32,False,95,TRAFFIC,False,,,False,False,,,,0.00132887
evt-20260729_140514,2026-07-29T14:09:15.091398-03:00,current,32,False,95,PARKED,False,,,False,False,,,,0.00119238
evt-20260729_140718,2026-07-29T14:15:15.661996-03:00,current,32,False,95,TRAFFIC,False,,,False,False,,,,0.00107387
evt-20260729_141122,2026-07-29T14:15:32.780243-03:00,current,25,False,0,PARKED,False,,,False,False,,,,0.00144138
evt-20260729_141340,2026-07-29T14:21:14.037508-03:00,current,32,False,100,PARKED,False,,,False,False,,,,0.00112562
evt-20260729_141546,2026-07-29T14:21:53.729168-03:00,current,32,False,95,TRAFFIC,False,,,False,True,f13a8b73-e9bd-4327-b3ff-eef099648f64,INDETERMINADO,Não é possível ter a certeza se o descarte foi realizado no container ou fora.,0.00100488
evt-20260729_141750,2026-07-29T14:22:21.087798-03:00,current,32,False,95,TRAFFIC,False,,,False,False,,,,0.00152538
evt-20260729_141954,2026-07-29T14:28:02.708308-03:00,current,32,False,90,PARKED,False,,,False,False,,,,0.00121112
evt-20260729_142258,2026-07-29T14:28:19.508907-03:00,current,32,False,90,PARKED,False,,,False,False,,,,0.00156738
evt-20260729_142512,2026-07-29T14:28:41.323274-03:00,current,32,False,100,EMPTY,False,,,False,False,,,,0.00099588
evt-20260729_142732,2026-07-29T14:33:36.358896-03:00,current,32,False,95,TRAFFIC,False,,,False,False,,,,0.00131463
evt-20260729_142936,2026-07-29T14:33:55.723690-03:00,current,32,False,90,TRAFFIC,False,,,False,False,,,,0.00130937
evt-20260729_143152,2026-07-29T14:39:07.564609-03:00,current,32,False,100,EMPTY,False,,,False,False,,,,0.00107613
evt-20260729_143502,2026-07-29T14:39:22.243632-03:00,current,32,False,100,TRAFFIC,False,,,False,False,,,,0.00095988
evt-20260729_143728,2026-07-29T14:44:38.756904-03:00,current,32,False,100,TRAFFIC,False,,,False,False,,,,0.00119688
evt-20260729_144000,2026-07-29T14:44:52.441297-03:00,current,32,False,100,EMPTY,False,,,False,False,,,,0.00097788
evt-20260729_144206,2026-07-29T14:45:05.940018-03:00,current,14,False,95,TRAFFIC,False,,,False,False,,,,0.00103937
evt-20260729_144330,2026-07-29T14:50:13.061252-03:00,current,16,False,95,PARKED,False,,,False,False,,,,0.00100263
evt-20260729_144432,2026-07-29T14:55:16.305558-03:00,current,19,False,95,PARKED,False,,,False,False,,,,0.00108137
evt-20260729_144940,2026-07-29T15:01:18.846447-03:00,current,8,False,95,PARKED,False,,,False,False,,,,0.00098237
evt-20260729_145436,2026-07-29T15:01:53.949111-03:00,current,32,False,95,PARKED,False,,,False,True,7ec655a8-36af-468b-9d51-c39b00f45099,CONFIRMADO,Descarte confirmado.,0.00121713
evt-20260729_145706,2026-07-29T15:02:13.038944-03:00,current,32,False,95,PARKED,False,,,False,False,,,,0.00143463
evt-20260729_145932,2026-07-29T15:07:38.574528-03:00,current,32,False,0,PARKED,False,,,False,False,,,,0.00154112
evt-20260729_150228,2026-07-29T15:07:55.622013-03:00,current,27,False,90,PARKED,False,,,False,False,,,,0.00133713
evt-20260729_150414,2026-07-29T15:08:14.898151-03:00,current,32,False,95,PARKED,False,,,False,False,,,,0.00117138
evt-20260729_150630,2026-07-29T15:13:31.632897-03:00,current,32,False,90,PARKED,False,,,False,False,,,,0.00117588
evt-20260729_151014,2026-07-29T15:13:51.650440-03:00,current,31,False,95,TRAFFIC,False,,,False,False,,,,0.00111513
evt-20260729_151249,2026-07-29T15:18:39.992344-03:00,current,6,False,95,TRAFFIC,False,,,False,False,,,,0.00107087
evt-20260729_151342,2026-07-29T15:18:53.943632-03:00,current,6,False,95,PARKED,False,,,False,False,,,,0.00122463
evt-20260729_151454,2026-07-29T15:19:29.430436-03:00,current,32,False,85,TRAFFIC,False,,,False,False,,,,0.00159512
evt-20260729_151658,2026-07-29T15:25:12.975619-03:00,current,32,True,95,DUMPING,True,True,95,True,True,3940ed3c-aa44-40e7-8e19-896d9206d81d,REJEITADO,"Sem descarte, apenas a presença de catador de recicláveis.",0.00357738
evt-20260729_151940,2026-07-29T15:25:52.285473-03:00,current,32,False,90,PARKED,False,,,False,False,,,,0.00117437
evt-20260729_152208,2026-07-29T15:26:20.347659-03:00,current,32,False,95,TRAFFIC,False,,,False,False,,,,0.00110388
evt-20260729_152417,2026-07-29T15:31:17.422451-03:00,current,32,False,95,TRAFFIC,False,,,False,False,,,,0.00108363
evt-20260729_152822,2026-07-29T15:31:39.963648-03:00,current,32,False,100,TRAFFIC,False,,,False,False,,,,0.00104388
evt-20260729_153040,2026-07-29T15:36:28.730490-03:00,current,32,False,100,TRAFFIC,False,,,False,False,,,,0.00095838
evt-20260729_153244,2026-07-29T15:36:43.998798-03:00,current,32,False,95,TRAFFIC,False,,,False,False,,,,0.00103188
evt-20260729_153448,2026-07-29T15:42:07.336606-03:00,current,32,False,0,TRAFFIC,False,,,False,False,,,,0.00111363
evt-20260729_153716,2026-07-29T15:42:25.890454-03:00,current,32,False,0,TRAFFIC,False,,,False,False,,,,0.00136487
evt-20260729_154058,2026-07-29T15:46:56.449260-03:00,current,32,False,95,TRAFFIC,False,,,False,False,,,,0.00108212
evt-20260729_154308,2026-07-29T15:47:12.505065-03:00,current,32,False,100,TRAFFIC,False,,,False,False,,,,0.00105663
evt-20260729_154632,2026-07-29T15:51:17.054063-03:00,current,32,False,100,TRAFFIC,False,,,False,False,,,,0.00126738
evt-20260729_154836,2026-07-29T15:51:34.072158-03:00,current,27,False,100,EMPTY,False,,,False,False,,,,0.00121787
evt-20260729_155052,2026-07-29T15:56:59.447333-03:00,current,32,False,100,TRAFFIC,False,,,False,False,,,,0.00136788
evt-20260729_155256,2026-07-29T15:57:17.478617-03:00,current,32,False,95,TRAFFIC,False,,,False,False,,,,0.00105138
evt-20260729_155602,2026-07-29T16:02:45.888457-03:00,current,31,False,95,TRAFFIC,False,,,False,False,,,,0.00103262
evt-20260729_155820,2026-07-29T16:03:03.153492-03:00,current,32,False,95,PARKED,False,,,False,False,,,,0.00146163
evt-20260729_160024,2026-07-29T16:03:22.020659-03:00,current,32,False,95,PARKED,False,,,False,False,,,,0.00127787
evt-20260729_160228,2026-07-29T16:08:52.167969-03:00,current,32,False,95,PARKED,False,,,False,False,,,,0.00090812
evt-20260729_160516,2026-07-29T16:09:07.211185-03:00,current,32,False,95,PARKED,False,,,False,False,,,,0.00120738
evt-20260729_160722,2026-07-29T16:14:44.555055-03:00,current,32,False,95,PARKED,False,,,False,False,,,,0.00118937
evt-20260729_160930,2026-07-29T16:15:01.266083-03:00,current,32,False,95,TRAFFIC,False,,,False,False,,,,0.00108288
evt-20260729_161144,2026-07-29T16:15:18.710151-03:00,current,32,False,95,TRAFFIC,False,,,False,False,,,,0.00113313
evt-20260729_161402,2026-07-29T16:20:17.709963-03:00,current,32,False,95,TRAFFIC,False,,,False,False,,,,0.00108062
evt-20260729_161618,2026-07-29T16:20:32.782013-03:00,current,32,False,95,TRAFFIC,False,,,False,False,,,,0.00092463
evt-20260729_161836,2026-07-29T16:20:48.152027-03:00,current,15,False,100,EMPTY,False,,,False,False,,,,0.00084962
evt-20260729_162002,2026-07-29T16:26:18.929642-03:00,current,32,False,100,TRAFFIC,False,,,False,False,,,,0.00125763
evt-20260729_162206,2026-07-29T16:26:34.475676-03:00,current,32,False,95,PARKED,False,,,False,False,,,,0.00112787
evt-20260729_162428,2026-07-29T16:31:57.551102-03:00,current,30,False,0,PARKED,False,,,False,False,,,,0.00154112
evt-20260729_162636,2026-07-29T16:32:13.734873-03:00,current,14,False,95,PARKED,False,,,False,False,,,,0.00096513
evt-20260729_162752,2026-07-29T16:32:30.731450-03:00,current,32,False,95,TRAFFIC,False,,,False,False,,,,0.00114737
evt-20260729_163026,2026-07-29T16:37:29.464821-03:00,current,32,False,95,TRAFFIC,False,,,False,False,,,,0.00120962
evt-20260729_163344,2026-07-29T16:37:44.064090-03:00,current,21,False,95,PARKED,False,,,False,False,,,,0.00111962
evt-20260729_163616,2026-07-29T16:42:56.802099-03:00,current,23,False,95,TRAFFIC,False,,,False,False,,,,0.00110612
evt-20260729_164038,2026-07-29T16:43:14.505068-03:00,current,17,False,95,TRAFFIC,False,,,False,False,,,,0.00158987
evt-20260729_164158,2026-07-29T16:43:28.692104-03:00,current,8,False,95,TRAFFIC,False,,,False,False,,,,0.00105287
evt-20260729_164422,2026-07-29T16:48:20.582375-03:00,current,32,False,100,TRAFFIC,False,,,False,False,,,,0.00104988
evt-20260729_164648,2026-07-29T16:48:34.161606-03:00,current,12,False,0,TRAFFIC,False,,,False,False,,,,0.00085187
evt-20260729_164954,2026-07-29T16:53:26.621532-03:00,current,32,False,100,TRAFFIC,False,,,False,False,,,,0.00106113
evt-20260729_165214,2026-07-29T16:57:58.828628-03:00,current,24,False,95,TRAFFIC,False,,,False,False,,,,0.00110313
evt-20260729_165742,2026-07-29T17:03:13.055110-03:00,current,32,False,90,TRAFFIC,False,,,False,False,,,,0.00106712
evt-20260729_165952,2026-07-29T17:03:30.523722-03:00,current,32,False,90,TRAFFIC,False,,,False,False,,,,0.00126738
evt-20260729_170236,2026-07-29T17:08:41.678954-03:00,current,31,False,95,TRAFFIC,False,,,False,False,,,,0.00095912
evt-20260729_170500,2026-07-29T17:08:54.759847-03:00,current,13,False,95,TRAFFIC,False,,,False,False,,,,0.00087363
evt-20260729_170746,2026-07-29T17:14:39.767301-03:00,current,26,False,95,TRAFFIC,False,,,False,False,,,,0.00113688
evt-20260729_170930,2026-07-29T17:14:53.894884-03:00,current,26,False,100,TRAFFIC,False,,,False,False,,,,0.00089837
evt-20260729_171216,2026-07-29T17:15:08.964673-03:00,current,32,False,95,TRAFFIC,False,,,False,False,,,,0.00112488
evt-20260729_171422,2026-07-29T17:20:22.565746-03:00,current,25,False,95,TRAFFIC,False,,,False,False,,,,0.00110538
evt-20260729_172220,2026-07-29T17:25:08.532400-03:00,current,32,False,95,TRAFFIC,False,,,False,False,,,,0.00089613
evt-warmup-20260729_172039,2026-07-29T17:25:23.616071-03:00,current,13,False,95,TRAFFIC,False,,,False,False,,,,0.00110212
evt-20260729_172426,2026-07-29T17:30:26.805014-03:00,current,32,False,95,TRAFFIC,False,,,False,False,,,,0.00107613
evt-20260729_172630,2026-07-29T17:30:43.841137-03:00,current,32,False,95,TRAFFIC,False,,,False,False,,,,0.00113013
evt-20260729_172842,2026-07-29T17:36:06.039178-03:00,current,32,False,95,TRAFFIC,False,,,False,False,,,,0.00120287
evt-20260729_173124,2026-07-29T17:36:20.273295-03:00,current,17,False,95,TRAFFIC,False,,,False,False,,,,0.00088188
evt-20260729_173338,2026-07-29T17:36:32.536704-03:00,current,13,False,95,TRAFFIC,False,,,False,False,,,,0.00097488
evt-20260729_173740,2026-07-29T17:41:51.395515-03:00,current,23,False,100,TRAFFIC,False,,,False,False,,,,0.00108062
evt-20260729_173932,2026-07-29T17:42:06.210196-03:00,current,32,False,95,TRAFFIC,False,,,False,False,,,,0.00104688
evt-20260729_174226,2026-07-29T17:48:01.433818-03:00,current,21,False,95,TRAFFIC,False,,,False,False,,,,0.00108813
evt-20260729_174434,2026-07-29T17:48:17.867898-03:00,current,32,False,95,TRAFFIC,False,,,False,False,,,,0.00092463
evt-20260729_174646,2026-07-29T17:53:24.243262-03:00,current,32,False,95,TRAFFIC,False,,,False,False,,,,0.00090812
evt-20260729_174850,2026-07-29T17:53:37.826083-03:00,current,10,False,95,TRAFFIC,False,,,False,False,,,,0.00095237
evt-20260729_174938,2026-07-29T17:53:52.501269-03:00,current,32,False,95,TRAFFIC,False,,,False,False,,,,0.00091037
evt-20260729_175300,2026-07-29T17:58:38.854454-03:00,current,32,False,95,TRAFFIC,False,,,False,False,,,,0.00107838
evt-20260729_175522,2026-07-29T17:58:52.740621-03:00,current,32,False,95,TRAFFIC,False,,,False,False,,,,0.00106262
evt-20260729_175754,2026-07-29T18:03:14.819030-03:00,current,32,False,95,TRAFFIC,False,,,False,False,,,,0.00106863
evt-20260729_180056,2026-07-29T18:03:28.953263-03:00,current,32,False,95,TRAFFIC,False,,,False,False,,,,0.00106562
evt-20260729_180352,2026-07-29T18:08:15.416150-03:00,current,32,False,95,TRAFFIC,False,,,False,False,,,,0.00111288
evt-20260729_180616,2026-07-29T18:12:25.705434-03:00,current,32,False,95,TRAFFIC,False,,,False,False,,,,0.00089688
evt-20260729_181016,2026-07-29T18:12:38.502676-03:00,current,26,False,95,TRAFFIC,False,,,False,False,,,,0.00107013
evt-20260729_181248,2026-07-29T18:17:07.310939-03:00,current,10,False,95,TRAFFIC,False,,,False,False,,,,0.00108062
evt-20260729_181818,2026-07-29T18:20:56.374951-03:00,current,32,False,95,TRAFFIC,False,,,False,False,,,,0.00087287
evt-warmup-20260729_181641,2026-07-29T18:21:12.312812-03:00,current,13,False,95,TRAFFIC,False,,,False,False,,,,0.00110438
evt-20260729_182122,2026-07-29T18:25:46.737219-03:00,current,32,False,95,TRAFFIC,False,,,False,False,,,,0.00110688
evt-20260729_182452,2026-07-29T18:29:33.232032-03:00,current,32,False,95,TRAFFIC,False,,,False,False,,,,0.00104163
evt-20260729_182702,2026-07-29T18:29:47.863884-03:00,current,32,False,95,TRAFFIC,False,,,False,False,,,,0.00105813
evt-20260729_183014,2026-07-29T18:34:22.827694-03:00,current,32,False,100,EMPTY,False,,,False,False,,,,0.00083537
evt-20260729_183222,2026-07-29T18:38:45.309526-03:00,current,32,False,95,PARKED,False,,,False,False,,,,0.00099662
evt-20260729_183458,2026-07-29T18:38:56.644518-03:00,current,11,False,95,TRAFFIC,False,,,False,False,,,,0.00094188
evt-20260729_183550,2026-07-29T18:39:09.068486-03:00,current,32,False,95,PARKED,False,,,False,False,,,,0.00096287
evt-20260729_183756,2026-07-29T18:42:55.279196-03:00,current,32,False,95,TRAFFIC,False,,,False,False,,,,0.00090362
evt-20260729_184002,2026-07-29T18:43:07.397624-03:00,current,32,False,90,TRAFFIC,False,,,False,False,,,,0.00134687
evt-20260729_184342,2026-07-29T18:47:35.618703-03:00,current,32,False,90,PARKED,False,,,False,False,,,,0.00122387
evt-20260729_184604,2026-07-29T18:52:18.237691-03:00,current,32,False,90,PARKED,False,,,False,False,,,,0.00112263
evt-20260729_184812,2026-07-29T18:52:32.567002-03:00,current,25,False,0,PARKED,False,,,False,False,,,,0.00152538
evt-20260729_184956,2026-07-29T18:52:49.496357-03:00,current,32,False,95,TRAFFIC,False,,,False,False,,,,0.00096212
evt-20260729_185334,2026-07-29T18:57:01.280696-03:00,current,32,False,95,TRAFFIC,False,,,False,False,,,,0.00108438
evt-20260729_185546,2026-07-29T19:01:20.649885-03:00,current,24,False,95,TRAFFIC,False,,,False,False,,,,0.00091263
evt-20260729_185806,2026-07-29T19:01:36.375321-03:00,current,32,False,95,TRAFFIC,False,,,False,False,,,,0.00110087
evt-20260729_190052,2026-07-29T19:06:51.521893-03:00,current,32,False,95,TRAFFIC,False,,,False,False,,,,0.00110913
evt-20260729_190256,2026-07-29T19:07:06.498005-03:00,current,32,False,95,TRAFFIC,False,,,False,False,,,,0.00112488
evt-20260729_190506,2026-07-29T19:11:10.115901-03:00,current,32,False,100,TRAFFIC,False,,,False,False,,,,0.00117812
evt-20260729_190742,2026-07-29T19:11:23.397012-03:00,current,32,False,100,TRAFFIC,False,,,False,False,,,,0.00113388
evt-20260729_190946,2026-07-29T19:15:12.523321-03:00,current,32,False,95,TRAFFIC,False,,,False,False,,,,0.00107087
evt-20260729_191336,2026-07-29T19:19:12.850898-03:00,current,32,False,95,TRAFFIC,False,,,False,False,,,,0.00101012
evt-20260729_191726,2026-07-29T19:19:24.500275-03:00,current,6,False,100,EMPTY,False,,,False,False,,,,0.00097862
evt-20260729_191814,2026-07-29T19:19:38.806859-03:00,current,10,False,90,TRAFFIC,False,,,False,False,,,,0.00122013
evt-20260729_192000,2026-07-29T19:23:37.034543-03:00,current,32,False,95,TRAFFIC,False,,,False,False,,,,0.00110538
evt-20260729_192249,2026-07-29T19:27:23.828294-03:00,current,32,False,95,TRAFFIC,False,,,False,False,,,,0.00101763
evt-20260729_192528,2026-07-29T19:27:38.101657-03:00,current,20,False,100,TRAFFIC,False,,,False,False,,,,0.00098988
evt-20260729_192644,2026-07-29T19:31:30.002429-03:00,current,10,False,95,TRAFFIC,False,,,False,False,,,,0.00088338
evt-20260729_192836,2026-07-29T19:31:42.715812-03:00,current,24,False,95,TRAFFIC,False,,,False,False,,,,0.00107162
evt-20260729_193020,2026-07-29T19:35:29.078163-03:00,current,18,False,100,EMPTY,False,,,False,False,,,,0.00100938
evt-20260729_193316,2026-07-29T19:35:44.517759-03:00,current,32,False,95,TRAFFIC,False,,,False,False,,,,0.00108813
evt-20260729_193530,2026-07-29T19:39:52.755099-03:00,current,32,False,95,TRAFFIC,False,,,False,False,,,,0.00112188
evt-20260729_193908,2026-07-29T19:43:40.855699-03:00,current,16,False,90,TRAFFIC,False,,,False,False,,,,0.00104688
evt-20260729_194020,2026-07-29T19:43:53.336843-03:00,current,32,False,95,TRAFFIC,False,,,False,False,,,,0.00103937
evt-20260729_194256,2026-07-29T19:47:55.957599-03:00,current,32,False,95,TRAFFIC,False,,,False,False,,,,0.00111662
evt-20260729_194542,2026-07-29T19:48:10.077472-03:00,current,12,False,95,TRAFFIC,False,,,False,False,,,,0.00106562
evt-20260729_194736,2026-07-29T19:52:17.899541-03:00,current,32,False,100,TRAFFIC,False,,,False,False,,,,0.00110238
evt-20260729_195022,2026-07-29T19:56:11.370973-03:00,current,32,False,95,TRAFFIC,False,,,False,False,,,,0.00122013
evt-20260729_195456,2026-07-29T19:56:26.596877-03:00,current,14,False,95,TRAFFIC,False,,,False,False,,,,0.00107537
evt-20260729_195618,2026-07-29T20:00:10.396806-03:00,current,21,False,95,TRAFFIC,False,,,False,False,,,,0.00101763
evt-20260729_195906,2026-07-29T20:00:21.012448-03:00,current,10,False,95,TRAFFIC,False,,,False,False,,,,0.00100637
evt-20260729_200140,2026-07-29T20:04:13.451849-03:00,current,8,False,95,TRAFFIC,False,,,False,False,,,,0.00097937
evt-20260729_200430,2026-07-29T20:07:58.217173-03:00,current,18,False,0,TRAFFIC,False,,,False,False,,,,0.00135738
evt-20260729_200618,2026-07-29T20:12:04.769505-03:00,current,32,False,95,TRAFFIC,False,,,False,False,,,,0.00108512
evt-20260729_201036,2026-07-29T20:16:08.859751-03:00,current,28,False,90,PARKED,False,,,False,False,,,,0.00105813
evt-20260729_201404,2026-07-29T20:20:52.740344-03:00,current,32,False,95,PARKED,False,,,False,False,,,,0.00107162
evt-20260729_201630,2026-07-29T20:21:22.882947-03:00,current,32,False,95,PARKED,False,,,False,True,adc883d3-2195-4552-953f-fe867cef9b26,INDETERMINADO,"Não fora possível confirmar se de fato a pessoa do carro de mão, no canto superior da tela, descartou.",0.00109862
evt-20260729_201834,2026-07-29T20:21:37.304820-03:00,current,32,False,95,PARKED,False,,,False,False,,,,0.00096212
evt-20260729_202044,2026-07-29T20:26:19.884984-03:00,current,24,False,95,PARKED,False,,,False,False,,,,0.00134537
evt-20260729_202232,2026-07-29T20:26:35.825825-03:00,current,32,False,100,PARKED,False,,,False,False,,,,0.00103562
evt-20260729_202456,2026-07-29T20:30:33.309536-03:00,current,32,False,100,TRAFFIC,False,,,False,False,,,,0.00142487
evt-20260729_202700,2026-07-29T20:30:57.774939-03:00,current,32,False,100,TRAFFIC,False,,,False,False,,,,0.00161612
evt-20260729_202904,2026-07-29T20:35:42.360925-03:00,current,32,False,100,TRAFFIC,False,,,False,False,,,,0.00144213
evt-20260729_203108,2026-07-29T20:35:59.966057-03:00,current,32,False,100,TRAFFIC,False,,,False,False,,,,0.00122463
evt-20260729_203320,2026-07-29T20:36:43.446415-03:00,current,32,False,100,TRAFFIC,False,,,False,False,,,,0.00128612
evt-20260729_203628,2026-07-29T20:41:22.963118-03:00,current,32,False,95,TRAFFIC,False,,,False,False,,,,0.00105587
evt-20260729_203840,2026-07-29T20:41:35.836932-03:00,current,11,False,95,TRAFFIC,False,,,False,False,,,,0.00104537
evt-20260729_203940,2026-07-29T20:46:30.796915-03:00,current,32,False,0,TRAFFIC,False,,,False,False,,,,0.00137163
evt-20260729_204152,2026-07-29T20:46:43.601934-03:00,current,10,False,100,EMPTY,False,,,False,False,,,,0.00102512
evt-20260729_204230,2026-07-29T20:46:55.465899-03:00,current,32,False,95,TRAFFIC,False,,,False,False,,,,0.00104988
evt-20260729_204440,2026-07-29T20:51:39.373858-03:00,current,32,False,100,EMPTY,False,,,False,False,,,,0.00104688
evt-20260729_204644,2026-07-29T20:51:52.556755-03:00,current,32,False,95,TRAFFIC,False,,,False,False,,,,0.00091938
evt-20260729_204856,2026-07-29T20:52:05.593046-03:00,current,32,False,95,EMPTY,False,,,False,False,,,,0.00111062
evt-20260729_205116,2026-07-29T20:56:33.184715-03:00,current,32,False,95,TRAFFIC,False,,,False,False,,,,0.00108887
evt-20260729_205340,2026-07-29T20:56:46.627246-03:00,current,32,False,100,TRAFFIC,False,,,False,False,,,,0.00146538
evt-20260729_205544,2026-07-29T21:00:50.656055-03:00,current,32,False,95,TRAFFIC,False,,,False,False,,,,0.00106788
evt-20260729_205754,2026-07-29T21:01:05.339025-03:00,current,32,False,95,TRAFFIC,False,,,False,False,,,,0.00103188
evt-20260729_210000,2026-07-29T21:05:09.667808-03:00,current,32,False,95,TRAFFIC,False,,,False,False,,,,0.00103787
evt-20260729_210252,2026-07-29T21:05:24.661539-03:00,current,32,False,95,TRAFFIC,False,,,False,False,,,,0.00105287
evt-20260729_210456,2026-07-29T21:10:01.611240-03:00,current,32,False,95,TRAFFIC,False,,,False,False,,,,0.00103038
evt-20260729_210720,2026-07-29T21:10:14.444389-03:00,current,32,False,100,TRAFFIC,False,,,False,False,,,,0.00113762
evt-20260729_210924,2026-07-29T21:14:17.965846-03:00,current,32,False,100,TRAFFIC,False,,,False,False,,,,0.00103937
evt-20260729_211128,2026-07-29T21:14:37.665156-03:00,current,32,False,95,TRAFFIC,False,,,False,False,,,,0.00113762
evt-20260729_211402,2026-07-29T21:19:13.410967-03:00,current,32,False,95,TRAFFIC,False,,,False,False,,,,0.00121937
evt-20260729_211620,2026-07-29T21:19:28.360216-03:00,current,32,False,95,TRAFFIC,False,,,False,False,,,,0.00104988
evt-20260729_211850,2026-07-29T21:23:26.483760-03:00,current,32,False,95,TRAFFIC,False,,,False,False,,,,0.00107313
evt-20260729_212140,2026-07-29T21:27:30.588977-03:00,current,19,False,100,EMPTY,False,,,False,False,,,,0.00102512
evt-20260729_212358,2026-07-29T21:27:44.574273-03:00,current,32,False,95,TRAFFIC,False,,,False,False,,,,0.00099662
evt-20260729_212732,2026-07-29T21:32:23.213561-03:00,current,32,False,95,TRAFFIC,False,,,False,False,,,,0.00121787
evt-20260729_213000,2026-07-29T21:32:54.907521-03:00,current,32,False,100,TRAFFIC,False,,,False,False,,,,0.00155612
evt-20260729_213208,2026-07-29T21:38:01.865163-03:00,current,32,False,100,TRAFFIC,False,,,False,False,,,,0.00149313
evt-20260729_213412,2026-07-29T21:38:36.536243-03:00,current,32,False,95,TRAFFIC,False,,,False,False,,,,0.00136413
evt-20260729_213616,2026-07-29T21:43:45.570799-03:00,current,32,False,95,TRAFFIC,False,,,False,True,081bc430-60db-407a-9576-93a3bccb6d66,REJEITADO,"Limpeza urbana presente no local, recolhendo o resíduos do container.",0.00137912
evt-20260729_213820,2026-07-29T21:44:02.229249-03:00,current,32,False,0,PARKED,False,,,False,False,,,,0.00157863
evt-20260729_214024,2026-07-29T21:44:35.318407-03:00,current,32,False,95,TRAFFIC,False,,,False,False,,,,0.00153812
evt-20260729_214228,2026-07-29T21:49:16.461756-03:00,current,22,False,0,TRAFFIC,False,,,False,False,,,,0.00155087
evt-20260729_214550,2026-07-29T21:49:32.022905-03:00,current,24,False,95,TRAFFIC,False,,,False,False,,,,0.00103937
evt-20260729_214906,2026-07-29T21:53:35.017718-03:00,current,32,False,95,TRAFFIC,False,,,False,False,,,,0.00106938
evt-20260729_215410,2026-07-29T21:57:27.979843-03:00,current,32,False,100,TRAFFIC,False,,,False,False,,,,0.00119088
evt-20260729_215718,2026-07-29T22:01:38.096132-03:00,current,25,False,95,TRAFFIC,False,,,False,False,,,,0.00101538
evt-20260729_215934,2026-07-29T22:01:48.923560-03:00,current,9,False,95,TRAFFIC,False,,,False,False,,,,0.00097712
evt-20260729_220018,2026-07-29T22:02:00.524320-03:00,current,19,False,95,TRAFFIC,False,,,False,False,,,,0.00129888
evt-20260729_220130,2026-07-29T22:06:51.600742-03:00,current,17,False,95,TRAFFIC,False,,,False,False,,,,0.00089912
evt-20260729_221014,2026-07-29T22:14:38.920678-03:00,current,30,False,95,TRAFFIC,False,,,False,False,,,,0.00109862
evt-20260729_221232,2026-07-29T22:14:51.010977-03:00,current,11,False,100,TRAFFIC,False,,,False,False,,,,0.00135888
evt-20260729_221524,2026-07-29T22:18:57.395880-03:00,current,11,False,95,TRAFFIC,False,,,False,False,,,,0.00104237
evt-20260729_221634,2026-07-29T22:19:09.879288-03:00,current,32,False,95,TRAFFIC,False,,,False,False,,,,0.00102438
evt-20260729_222048,2026-07-29T22:23:49.124658-03:00,current,32,False,95,TRAFFIC,False,,,False,False,,,,0.00109563
evt-20260729_222252,2026-07-29T22:27:55.526535-03:00,current,32,False,95,TRAFFIC,False,,,False,False,,,,0.00088188
evt-20260729_222500,2026-07-29T22:28:09.355183-03:00,current,31,False,90,TRAFFIC,False,,,False,False,,,,0.00136788
evt-20260729_222816,2026-07-29T22:32:26.075959-03:00,current,9,False,95,TRAFFIC,False,,,False,False,,,,0.00111288
evt-20260729_222910,2026-07-29T22:32:39.978300-03:00,current,32,False,100,TRAFFIC,False,,,False,False,,,,0.00111662
evt-20260729_223120,2026-07-29T22:37:15.452340-03:00,current,16,False,100,TRAFFIC,False,,,False,False,,,,0.00104537
evt-20260729_223244,2026-07-29T22:37:30.144119-03:00,current,32,False,100,TRAFFIC,False,,,False,False,,,,0.00130262
evt-20260729_223556,2026-07-29T22:42:36.135862-03:00,current,26,False,95,TRAFFIC,False,,,False,False,,,,0.00106037
evt-20260729_223910,2026-07-29T22:42:49.612369-03:00,current,32,False,100,TRAFFIC,False,,,False,False,,,,0.00110913
evt-20260729_224114,2026-07-29T22:47:31.309396-03:00,current,32,False,90,TRAFFIC,False,,,False,False,,,,0.00110162
evt-20260729_224330,2026-07-29T22:47:44.895302-03:00,current,32,False,0,TRAFFIC,False,,,False,False,,,,0.00159738
evt-20260729_225026,2026-07-29T22:51:52.494221-03:00,current,9,False,95,TRAFFIC,False,,,False,False,,,,0.00101088
evt-20260729_225659,2026-07-29T23:00:08.339028-03:00,current,13,False,100,TRAFFIC,False,,,False,False,,,,0.00107387
evt-20260729_230202,2026-07-29T23:07:29.814322-03:00,current,32,False,95,TRAFFIC,False,,,False,False,,,,0.00105663
evt-20260729_231234,2026-07-29T23:15:11.888838-03:00,current,7,False,0,EMPTY,False,,,False,False,,,,0.00130488
evt-20260729_231618,2026-07-29T23:19:06.195405-03:00,current,19,False,95,TRAFFIC,False,,,False,False,,,,0.00101837
evt-20260729_231740,2026-07-29T23:22:50.800368-03:00,current,25,False,100,TRAFFIC,False,,,False,False,,,,0.00112787
evt-20260729_232142,2026-07-29T23:23:04.368155-03:00,current,15,False,100,EMPTY,False,,,False,False,,,,0.00095762
evt-20260729_232250,2026-07-29T23:26:59.534336-03:00,current,32,False,100,TRAFFIC,False,,,False,False,,,,0.00107313
evt-20260729_232458,2026-07-29T23:27:12.617504-03:00,current,11,False,0,TRAFFIC,False,,,False,False,,,,0.00152612
evt-20260729_233308,2026-07-29T23:38:06.633198-03:00,current,28,False,95,TRAFFIC,False,,,False,False,,,,0.00090138
evt-20260729_233642,2026-07-29T23:41:56.924719-03:00,current,32,False,100,EMPTY,False,,,False,False,,,,0.00088338
evt-20260729_235152,2026-07-29T23:56:24.972253-03:00,current,15,False,95,TRAFFIC,False,,,False,False,,,,0.00102363
evt-20260729_235320,2026-07-29T23:56:37.092110-03:00,current,7,False,100,EMPTY,False,,,False,False,,,,0.00097862
evt-20260729_235826,2026-07-30T00:03:57.631499-03:00,current,30,False,100,EMPTY,False,,,False,False,,,,0.00106788
evt-20260730_000725,2026-07-30T00:11:23.273483-03:00,current,32,False,100,EMPTY,False,,,False,False,,,,0.00103637
evt-20260730_000936,2026-07-30T00:11:35.865530-03:00,current,24,False,95,PARKED,False,,,False,False,,,,0.00132887
evt-20260730_001900,2026-07-30T00:22:30.074714-03:00,current,31,False,100,TRAFFIC,False,,,False,False,,,,0.00100862
evt-20260730_002402,2026-07-30T00:26:16.422671-03:00,current,32,False,100,TRAFFIC,False,,,False,False,,,,0.00120812
evt-20260730_002638,2026-07-30T00:30:37.648667-03:00,current,20,False,95,TRAFFIC,False,,,False,False,,,,0.00102812
evt-20260730_003148,2026-07-30T00:34:31.756380-03:00,current,22,False,100,TRAFFIC,False,,,False,False,,,,0.00136338
evt-20260730_003430,2026-07-30T00:38:45.814113-03:00,current,32,False,100,EMPTY,False,,,False,False,,,,0.00104688
evt-20260730_003734,2026-07-30T00:42:40.270719-03:00,current,32,False,100,TRAFFIC,False,,,False,False,,,,0.00125837
evt-20260730_004534,2026-07-30T00:46:26.197074-03:00,current,8,False,100,TRAFFIC,False,,,False,False,,,,0.00104388
evt-20260730_005722,2026-07-30T01:01:00.840419-03:00,current,18,False,100,EMPTY,False,,,False,False,,,,0.00105887
evt-20260730_005840,2026-07-30T01:01:13.569780-03:00,current,32,False,95,TRAFFIC,False,,,False,False,,,,0.00102962
evt-20260730_010110,2026-07-30T01:05:15.892762-03:00,current,9,False,100,EMPTY,False,,,False,False,,,,0.00074237
evt-20260730_010216,2026-07-30T01:05:26.067510-03:00,current,17,False,95,TRAFFIC,False,,,False,False,,,,0.00105737
evt-20260730_010354,2026-07-30T01:09:21.654101-03:00,current,21,False,100,TRAFFIC,False,,,False,False,,,,0.00102512
evt-20260730_010718,2026-07-30T01:13:26.511860-03:00,current,32,False,100,EMPTY,False,,,False,False,,,,0.00115113
evt-20260730_011258,2026-07-30T01:17:21.975505-03:00,current,19,False,100,EMPTY,False,,,False,False,,,,0.00095088
evt-20260730_011502,2026-07-30T01:17:33.163114-03:00,current,9,False,100,EMPTY,False,,,False,False,,,,0.00078662
evt-20260730_012800,2026-07-30T01:29:04.170772-03:00,current,9,False,100,TRAFFIC,False,,,False,False,,,,0.00091413
evt-20260730_012905,2026-07-30T01:31:35.886744-03:00,current,9,False,95,TRAFFIC,False,,,False,False,,,,0.00106338
evt-20260730_013918,2026-07-30T01:43:17.845628-03:00,current,32,False,100,EMPTY,False,,,False,False,,,,0.00084512
evt-20260730_014152,2026-07-30T01:47:17.065920-03:00,current,32,False,100,EMPTY,False,,,False,False,,,,0.00100938
evt-20260730_015718,2026-07-30T01:58:52.327616-03:00,current,19,False,100,EMPTY,False,,,False,False,,,,0.00101012
evt-20260730_020558,2026-07-30T02:10:30.307719-03:00,current,32,False,100,EMPTY,False,,,False,False,,,,0.00098463
evt-20260730_021556,2026-07-30T02:18:15.684193-03:00,current,26,True,90,DUMPING,True,True,95,True,False,,,,0.00343337
evt-20260730_021806,2026-07-30T02:22:18.278539-03:00,current,7,False,95,PARKED,False,,,False,False,,,,0.00108738
evt-20260730_021928,2026-07-30T02:22:28.863432-03:00,current,16,False,95,TRAFFIC,False,,,False,False,,,,0.00191537
evt-20260730_025307,2026-07-30T02:53:51.180196-03:00,current,9,False,95,TRAFFIC,False,,,False,False,,,,0.00123362
evt-20260730_030214,2026-07-30T03:31:55.918875-03:00,current,15,False,95,TRAFFIC,False,,,False,False,,,,0.00107013
evt-20260730_030848,2026-07-30T03:32:11.286693-03:00,current,22,False,100,EMPTY,False,,,False,False,,,,0.00104237
evt-20260730_031416,2026-07-30T03:32:25.984401-03:00,current,29,False,100,EMPTY,False,,,False,False,,,,0.00107087
evt-20260730_032348,2026-07-30T03:32:41.252021-03:00,current,32,False,100,EMPTY,False,,,False,False,,,,0.00110913
evt-20260730_032604,2026-07-30T03:32:56.183306-03:00,current,32,False,95,PARKED,False,,,False,False,,,,0.00098537
evt-20260730_032828,2026-07-30T03:33:08.025614-03:00,current,17,False,95,PARKED,False,,,False,False,,,,0.00110238
evt-20260730_033108,2026-07-30T03:38:24.874202-03:00,current,32,False,100,EMPTY,False,,,False,False,,,,0.00105587
evt-20260730_035331,2026-07-30T03:58:02.543723-03:00,current,11,False,95,TRAFFIC,False,,,False,False,,,,0.00107838
evt-20260730_042932,2026-07-30T04:32:43.350318-03:00,current,18,False,95,PARKED,False,,,False,False,,,,0.00107237
evt-20260730_043152,2026-07-30T04:36:48.065041-03:00,current,16,False,100,TRAFFIC,False,,,False,False,,,,0.00115338
evt-20260730_043406,2026-07-30T04:37:03.491386-03:00,current,32,False,100,EMPTY,False,,,False,False,,,,0.00104013
evt-20260730_043634,2026-07-30T04:41:06.892380-03:00,current,32,False,95,PARKED,False,,,False,False,,,,0.00112038
evt-20260730_043850,2026-07-30T04:41:21.497652-03:00,current,32,False,100,EMPTY,False,,,False,False,,,,0.00101088
evt-20260730_044206,2026-07-30T04:45:29.524713-03:00,current,32,False,100,EMPTY,False,,,False,False,,,,0.00100187
evt-20260730_050418,2026-07-30T05:08:27.020528-03:00,current,7,False,0,PARKED,False,,,False,False,,,,0.00102587
evt-20260730_051538,2026-07-30T05:16:15.596210-03:00,current,7,False,95,PARKED,False,,,False,False,,,,0.00110313
evt-20260730_052650,2026-07-30T05:28:22.512608-03:00,current,6,False,100,TRAFFIC,False,,,False,False,,,,0.00132813
evt-20260730_052720,2026-07-30T05:28:36.572074-03:00,current,7,False,100,TRAFFIC,False,,,False,False,,,,0.00103038
evt-20260730_053044,2026-07-30T05:33:01.774831-03:00,current,20,False,95,TRAFFIC,False,,,False,False,,,,0.00108813
evt-20260730_053528,2026-07-30T05:37:09.768963-03:00,current,19,False,100,EMPTY,False,,,False,False,,,,0.00110913
evt-20260730_055416,2026-07-30T05:57:20.832639-03:00,current,6,False,95,TRAFFIC,False,,,False,False,,,,0.00095462
evt-20260730_055510,2026-07-30T05:57:36.571078-03:00,current,11,False,100,TRAFFIC,False,,,False,False,,,,0.00089013
evt-20260730_060620,2026-07-30T06:09:54.418661-03:00,current,6,False,100,TRAFFIC,False,,,False,False,,,,0.00092913
evt-20260730_061004,2026-07-30T06:13:58.296781-03:00,current,15,False,100,EMPTY,False,,,False,False,,,,0.00116462
evt-20260730_061114,2026-07-30T06:14:14.219636-03:00,current,12,False,95,TRAFFIC,False,,,False,False,,,,0.00104912
evt-20260730_061214,2026-07-30T06:14:27.528214-03:00,current,14,False,100,TRAFFIC,False,,,False,False,,,,0.00088787
evt-20260730_061334,2026-07-30T06:19:27.805397-03:00,current,7,False,100,TRAFFIC,False,,,False,False,,,,0.00089013
evt-20260730_061434,2026-07-30T06:19:39.604026-03:00,current,7,False,100,TRAFFIC,False,,,False,False,,,,0.00092463
evt-20260730_061519,2026-07-30T06:19:52.541602-03:00,current,10,False,95,TRAFFIC,False,,,False,False,,,,0.00102287
evt-20260730_061559,2026-07-30T06:20:04.941562-03:00,current,10,False,100,TRAFFIC,False,,,False,False,,,,0.00092613
evt-20260730_061959,2026-07-30T06:24:51.815050-03:00,current,7,False,100,TRAFFIC,False,,,False,False,,,,0.00087812
evt-20260730_062051,2026-07-30T06:25:04.710681-03:00,current,11,False,100,TRAFFIC,False,,,False,False,,,,0.00106712
evt-20260730_062157,2026-07-30T06:25:20.252040-03:00,current,6,False,100,PARKED,False,,,False,False,,,,0.00104087
evt-20260730_062227,2026-07-30T06:25:35.874853-03:00,current,10,False,95,TRAFFIC,False,,,False,False,,,,0.00138738
evt-20260730_062606,2026-07-30T06:30:24.766970-03:00,current,8,False,95,TRAFFIC,False,,,False,False,,,,0.00113612
evt-20260730_062704,2026-07-30T06:30:37.673459-03:00,current,6,False,95,TRAFFIC,False,,,False,False,,,,0.00119012
evt-20260730_063014,2026-07-30T06:34:59.912391-03:00,current,14,False,95,TRAFFIC,False,,,False,False,,,,0.00101012
evt-20260730_063502,2026-07-30T06:39:37.955242-03:00,current,6,False,0,TRAFFIC,False,,,False,False,,,,0.00134763
evt-20260730_063654,2026-07-30T06:39:53.848287-03:00,current,9,False,100,TRAFFIC,False,,,False,False,,,,0.00104312
evt-20260730_063954,2026-07-30T06:44:39.395795-03:00,current,7,False,100,TRAFFIC,False,,,False,False,,,,0.00107237
evt-20260730_064136,2026-07-30T06:44:52.731721-03:00,current,10,False,95,TRAFFIC,False,,,False,False,,,,0.00100113
evt-20260730_064926,2026-07-30T06:53:20.678945-03:00,current,6,False,100,PARKED,False,,,False,False,,,,0.00085038
evt-20260730_065014,2026-07-30T06:53:33.716613-03:00,current,9,False,95,TRAFFIC,False,,,False,False,,,,0.00082263
evt-20260730_065106,2026-07-30T06:53:46.379631-03:00,current,12,False,95,TRAFFIC,False,,,False,False,,,,0.00104087
evt-20260730_065210,2026-07-30T06:58:39.675563-03:00,current,26,False,100,TRAFFIC,False,,,False,False,,,,0.00109413
evt-20260730_065356,2026-07-30T06:58:53.163430-03:00,current,8,False,100,TRAFFIC,False,,,False,False,,,,0.00089912
evt-20260730_065514,2026-07-30T06:59:06.222229-03:00,current,21,False,100,TRAFFIC,False,,,False,False,,,,0.00107087
evt-20260730_065732,2026-07-30T07:03:53.130193-03:00,current,32,False,95,TRAFFIC,False,,,False,False,,,,0.00092613
evt-20260730_065936,2026-07-30T07:04:04.735608-03:00,current,10,False,95,TRAFFIC,False,,,False,False,,,,0.00103863
evt-20260730_070048,2026-07-30T07:04:20.004805-03:00,current,15,False,100,TRAFFIC,False,,,False,False,,,,0.00087137
evt-20260730_070416,2026-07-30T07:09:12.032496-03:00,current,25,False,95,TRAFFIC,False,,,False,False,,,,0.00104388
evt-20260730_070608,2026-07-30T07:09:27.901405-03:00,current,32,False,100,TRAFFIC,False,,,False,False,,,,0.00111888
evt-20260730_070840,2026-07-30T07:14:25.624886-03:00,current,32,False,100,TRAFFIC,False,,,False,False,,,,0.00112488
evt-20260730_071046,2026-07-30T07:14:40.235227-03:00,current,32,False,100,TRAFFIC,False,,,False,False,,,,0.00118487
evt-20260730_071454,2026-07-30T07:19:03.850409-03:00,current,32,False,95,TRAFFIC,False,,,False,False,,,,0.00118787
evt-20260730_071828,2026-07-30T07:23:22.361473-03:00,current,32,False,100,TRAFFIC,False,,,False,False,,,,0.00111587
evt-20260730_072040,2026-07-30T07:23:38.065141-03:00,current,32,False,95,TRAFFIC,False,,,False,False,,,,0.00112637
evt-20260730_072252,2026-07-30T07:28:00.697459-03:00,current,32,False,95,TRAFFIC,False,,,False,False,,,,0.00108137
evt-20260730_072506,2026-07-30T07:28:13.311844-03:00,current,8,False,100,TRAFFIC,False,,,False,False,,,,0.00104237
evt-20260730_072632,2026-07-30T07:28:24.590907-03:00,current,8,False,100,TRAFFIC,False,,,False,False,,,,0.00102287
evt-20260730_072756,2026-07-30T07:33:14.216022-03:00,current,8,False,100,TRAFFIC,False,,,False,False,,,,0.00107763
evt-20260730_072915,2026-07-30T07:33:27.031444-03:00,current,9,False,100,TRAFFIC,False,,,False,False,,,,0.00092012
evt-20260730_073025,2026-07-30T07:33:40.143846-03:00,current,9,False,100,TRAFFIC,False,,,False,False,,,,0.00095612
evt-20260730_073117,2026-07-30T07:33:53.958643-03:00,current,11,False,95,TRAFFIC,False,,,False,False,,,,0.00101312
evt-20260730_073227,2026-07-30T07:34:05.549542-03:00,current,7,False,100,TRAFFIC,False,,,False,False,,,,0.00101012
evt-20260730_073337,2026-07-30T07:38:50.934128-03:00,current,17,False,95,TRAFFIC,False,,,False,False,,,,0.00088262
evt-20260730_073449,2026-07-30T07:39:05.354233-03:00,current,12,False,100,TRAFFIC,False,,,False,False,,,,0.00097112
evt-20260730_073551,2026-07-30T07:39:19.588968-03:00,current,21,False,95,TRAFFIC,False,,,False,False,,,,0.00105062
evt-20260730_073716,2026-07-30T07:39:32.049544-03:00,current,13,False,100,TRAFFIC,False,,,False,False,,,,0.00091712
evt-20260730_073820,2026-07-30T07:44:14.587506-03:00,current,13,False,100,TRAFFIC,False,,,False,False,,,,0.00128988
evt-20260730_074128,2026-07-30T07:44:27.552606-03:00,current,22,False,95,TRAFFIC,False,,,False,False,,,,0.00105287
evt-20260730_074330,2026-07-30T07:44:38.689392-03:00,current,7,False,100,TRAFFIC,False,,,False,False,,,,0.00088038
evt-20260730_074506,2026-07-30T07:49:29.482199-03:00,current,26,False,90,TRAFFIC,False,,,False,False,,,,0.00132288
evt-20260730_075246,2026-07-30T07:54:03.526382-03:00,current,6,False,95,TRAFFIC,False,,,False,False,,,,0.00095388
evt-20260730_075618,2026-07-30T07:58:44.454647-03:00,current,17,False,95,TRAFFIC,False,,,False,False,,,,0.00087437
evt-20260730_080210,2026-07-30T08:06:38.065693-03:00,current,10,False,95,TRAFFIC,False,,,False,False,,,,0.00088338
evt-20260730_080256,2026-07-30T08:06:52.743994-03:00,current,21,False,95,TRAFFIC,False,,,False,False,,,,0.00126137
evt-20260730_080636,2026-07-30T08:10:51.355982-03:00,current,16,False,95,TRAFFIC,False,,,False,False,,,,0.00126738
evt-20260730_080758,2026-07-30T08:11:05.664747-03:00,current,12,False,95,TRAFFIC,False,,,False,False,,,,0.00095838
evt-20260730_080920,2026-07-30T08:11:17.252251-03:00,current,7,False,100,TRAFFIC,False,,,False,False,,,,0.00087587
evt-20260730_081040,2026-07-30T08:16:01.530906-03:00,current,32,True,95,DUMPING,True,True,100,True,False,,,,0.00394787
evt-20260730_081342,2026-07-30T08:16:23.574550-03:00,current,12,False,90,TRAFFIC,False,,,False,False,,,,0.00112112
evt-20260730_081444,2026-07-30T08:21:07.225942-03:00,current,18,False,90,TRAFFIC,False,,,False,False,,,,0.00120663
evt-20260730_081806,2026-07-30T08:21:23.306453-03:00,current,21,False,95,TRAFFIC,False,,,False,False,,,,0.00140613
evt-20260730_081930,2026-07-30T08:21:37.619688-03:00,current,7,False,95,TRAFFIC,False,,,False,False,,,,0.00093438
evt-20260730_082034,2026-07-30T08:26:26.109346-03:00,current,32,False,95,TRAFFIC,False,,,False,False,,,,0.00099887
evt-20260730_082308,2026-07-30T08:26:39.267909-03:00,current,13,False,95,TRAFFIC,False,,,False,False,,,,0.00103262
evt-20260730_082804,2026-07-30T08:31:57.020788-03:00,current,10,False,100,TRAFFIC,False,,,False,False,,,,0.00086388
evt-20260730_082956,2026-07-30T08:32:09.241351-03:00,current,15,False,95,TRAFFIC,False,,,False,False,,,,0.00109862
evt-20260730_083150,2026-07-30T08:36:35.199531-03:00,current,11,False,100,TRAFFIC,False,,,False,False,,,,0.00113912
evt-20260730_083326,2026-07-30T08:36:48.542401-03:00,current,10,False,95,TRAFFIC,False,,,False,False,,,,0.00099438
evt-20260730_083416,2026-07-30T08:37:03.280350-03:00,current,16,False,95,TRAFFIC,False,,,False,False,,,,0.00094863
evt-20260730_083638,2026-07-30T08:41:44.465986-03:00,current,6,False,95,TRAFFIC,False,,,False,False,,,,0.00105887
evt-20260730_083926,2026-07-30T08:41:57.998758-03:00,current,17,False,100,TRAFFIC,False,,,False,False,,,,0.00086462
evt-20260730_084220,2026-07-30T08:46:44.953424-03:00,current,12,False,100,TRAFFIC,False,,,False,False,,,,0.00104612
evt-20260730_084424,2026-07-30T08:46:57.818922-03:00,current,8,False,95,TRAFFIC,False,,,False,False,,,,0.00109938
evt-20260730_084632,2026-07-30T08:52:08.314957-03:00,current,6,False,100,TRAFFIC,False,,,False,False,,,,0.00088412
evt-20260730_084652,2026-07-30T08:52:19.725616-03:00,current,8,False,95,TRAFFIC,False,,,False,False,,,,0.00094487
evt-20260730_084850,2026-07-30T08:52:35.737798-03:00,current,6,False,95,TRAFFIC,False,,,False,False,,,,0.00099512
evt-20260730_084934,2026-07-30T08:52:49.192369-03:00,current,9,False,100,TRAFFIC,False,,,False,False,,,,0.00100938
evt-20260730_085134,2026-07-30T08:53:03.141430-03:00,current,6,False,100,TRAFFIC,False,,,False,False,,,,0.00087287
evt-20260730_085424,2026-07-30T08:58:38.928955-03:00,current,7,False,95,TRAFFIC,False,,,False,False,,,,0.00105437
evt-20260730_085621,2026-07-30T08:58:55.053200-03:00,current,11,False,95,TRAFFIC,False,,,False,False,,,,0.00123138
evt-20260730_085710,2026-07-30T09:04:12.877796-03:00,current,30,False,95,TRAFFIC,False,,,False,False,,,,0.00100788
evt-20260730_090022,2026-07-30T09:04:25.305429-03:00,current,8,False,95,TRAFFIC,False,,,False,False,,,,0.00103487
evt-20260730_090134,2026-07-30T09:04:44.564646-03:00,current,7,False,100,TRAFFIC,False,,,False,False,,,,0.00097488
evt-20260730_090216,2026-07-30T09:04:58.291369-03:00,current,14,False,95,TRAFFIC,False,,,False,False,,,,0.00098087
evt-20260730_090530,2026-07-30T09:10:25.360964-03:00,current,7,False,100,TRAFFIC,False,,,False,False,,,,0.00107013
evt-20260730_090854,2026-07-30T09:10:40.062246-03:00,current,14,False,95,TRAFFIC,False,,,False,False,,,,0.00084962
evt-20260730_091148,2026-07-30T09:16:06.124167-03:00,current,6,False,100,TRAFFIC,False,,,False,False,,,,0.00092012
evt-20260730_091322,2026-07-30T09:16:18.817837-03:00,current,7,False,95,TRAFFIC,False,,,False,False,,,,0.00117063
evt-20260730_091352,2026-07-30T09:16:32.608701-03:00,current,9,False,100,TRAFFIC,False,,,False,False,,,,0.00110462
evt-20260730_091500,2026-07-30T09:16:45.152611-03:00,current,6,False,95,TRAFFIC,False,,,False,False,,,,0.00084137
evt-20260730_091544,2026-07-30T09:22:31.505170-03:00,current,10,False,95,TRAFFIC,False,,,False,False,,,,0.00114437
evt-20260730_091744,2026-07-30T09:22:45.793093-03:00,current,14,False,95,TRAFFIC,False,,,False,False,,,,0.00107537
evt-20260730_093134,2026-07-30T09:35:44.853857-03:00,current,7,False,0,TRAFFIC,False,,,False,False,,,,0.00085563
evt-20260730_093210,2026-07-30T09:35:58.986471-03:00,current,12,False,95,TRAFFIC,False,,,False,False,,,,0.00104388
evt-20260730_093648,2026-07-30T09:40:41.537687-03:00,current,11,False,95,TRAFFIC,False,,,False,False,,,,0.00113462
evt-20260730_093908,2026-07-30T09:41:00.666073-03:00,current,11,False,95,PARKED,False,,,False,False,,,,0.00131988
evt-20260730_094336,2026-07-30T09:45:35.618011-03:00,current,6,False,95,TRAFFIC,False,,,False,False,,,,0.00100637
evt-20260730_094722,2026-07-30T09:49:36.527992-03:00,current,9,False,95,TRAFFIC,False,,,False,False,,,,0.00116763
evt-20260730_094758,2026-07-30T09:54:01.793154-03:00,current,32,False,95,TRAFFIC,False,,,False,False,,,,0.00107763
evt-20260730_095026,2026-07-30T09:54:15.857021-03:00,current,19,False,95,TRAFFIC,False,,,False,False,,,,0.00109788
evt-20260730_095207,2026-07-30T09:54:31.599788-03:00,current,6,False,95,TRAFFIC,False,,,False,False,,,,0.00105887
evt-20260730_095257,2026-07-30T09:59:09.593057-03:00,current,23,False,95,TRAFFIC,False,,,False,False,,,,0.00114737
evt-20260730_095427,2026-07-30T09:59:24.364086-03:00,current,17,False,95,TRAFFIC,False,,,False,False,,,,0.00127487
evt-20260730_095749,2026-07-30T09:59:45.231997-03:00,current,9,False,95,TRAFFIC,False,,,False,False,,,,0.00104237
evt-20260730_095842,2026-07-30T10:04:45.469397-03:00,current,32,False,90,PARKED,False,,,False,False,,,,0.00132512
evt-20260730_100212,2026-07-30T10:05:02.857335-03:00,current,7,False,95,PARKED,False,,,False,False,,,,0.00136487
evt-20260730_100406,2026-07-30T10:10:23.266993-03:00,current,13,False,90,PARKED,False,,,False,False,,,,0.00114813
evt-20260730_100509,2026-07-30T10:10:40.741730-03:00,current,12,False,95,TRAFFIC,False,,,False,False,,,,0.00113988
evt-20260730_100741,2026-07-30T10:11:10.147400-03:00,current,11,True,95,DUMPING,True,False,95,False,False,,,,0.00307712
evt-20260730_100909,2026-07-30T10:11:33.708732-03:00,current,10,False,95,PARKED,False,,,False,False,,,,0.00113838
evt-20260730_101218,2026-07-30T10:17:24.203256-03:00,current,21,False,95,PARKED,False,,,False,False,,,,0.00111662
evt-20260730_101342,2026-07-30T10:24:46.275180-03:00,current,32,True,95,DUMPING,True,True,95,True,True,25bc7251-3f5c-47a8-95de-0242738400f5,CONFIRMADO,Descarte confirmado.,0.00344313
evt-20260730_101546,2026-07-30T10:25:10.031457-03:00,current,32,False,95,PARKED,False,,,False,False,,,,0.00113688
evt-20260730_102142,2026-07-30T10:25:28.552680-03:00,current,23,False,95,PARKED,False,,,False,False,,,,0.00123513
evt-20260730_102345,2026-07-30T10:31:58.211727-03:00,current,14,False,95,PARKED,False,,,False,False,,,,0.00091037
evt-20260730_102522,2026-07-30T10:32:50.915529-03:00,current,30,False,95,PARKED,False,,,False,False,,,,0.00121638
evt-20260730_102730,2026-07-30T10:33:07.493639-03:00,current,32,False,100,PARKED,False,,,False,False,,,,0.00134837
evt-20260730_102934,2026-07-30T10:39:16.549875-03:00,current,32,False,100,PARKED,False,,,False,False,,,,0.00114288
evt-20260730_103138,2026-07-30T10:39:33.042659-03:00,current,32,False,95,TRAFFIC,False,,,False,False,,,,0.00113388
evt-20260730_103346,2026-07-30T10:39:51.862909-03:00,current,32,False,100,PARKED,False,,,False,False,,,,0.00122688
evt-20260730_103600,2026-07-30T10:40:09.539247-03:00,current,9,False,95,PARKED,False,,,False,False,,,,0.00109637
evt-20260730_104146,2026-07-30T10:45:41.982084-03:00,current,18,False,95,PARKED,False,,,False,False,,,,0.00102438
evt-20260730_104642,2026-07-30T10:53:30.164571-03:00,current,28,False,95,PARKED,False,,,False,False,,,,0.00127863
evt-20260730_104342,2026-07-30T11:00:23.594970-03:00,current,16,False,95,PARKED,False,,,False,False,,,,0.00114813
evt-20260730_105330,2026-07-30T11:01:21.678784-03:00,current,13,False,90,TRAFFIC,False,,,False,False,,,,0.00111062
evt-20260730_105614,2026-07-30T11:01:41.532459-03:00,current,31,False,95,PARKED,False,,,False,False,,,,0.00124638
evt-20260730_110426,2026-07-30T11:11:13.340682-03:00,current,32,False,95,PARKED,False,,,False,False,,,,0.00092463
evt-warmup-20260730_110027,2026-07-30T11:12:20.056484-03:00,current,3,False,95,PARKED,False,,,False,False,,,,0.00119812
evt-20260730_110204,2026-07-30T11:28:17.283390-03:00,current,32,False,95,TRAFFIC,False,,,False,False,,,,0.00120137
evt-20260730_110910,2026-07-30T11:28:46.365435-03:00,current,32,False,95,TRAFFIC,False,,,False,False,,,,0.00101388
evt-20260730_111354,2026-07-30T11:30:09.942211-03:00,current,24,False,95,TRAFFIC,False,,,False,False,,,,0.00104762
evt-20260730_111600,2026-07-30T11:30:28.716361-03:00,current,32,False,95,TRAFFIC,False,,,False,False,,,,0.00112188
evt-20260730_105822,2026-07-30T11:48:26.763076-03:00,current,5,False,95,TRAFFIC,False,,,False,False,,,,0.00120437
evt-20260730_110706,2026-07-30T11:48:44.698697-03:00,current,32,False,95,PARKED,False,,,False,False,,,,0.00100488
evt-20260730_111830,2026-07-30T11:50:01.957297-03:00,current,32,False,95,TRAFFIC,False,,,False,False,,,,0.00114663
evt-20260730_113016,2026-07-30T11:52:16.491947-03:00,current,9,False,95,TRAFFIC,False,,,False,False,,,,0.00106863
evt-20260730_113422,2026-07-30T11:54:47.064851-03:00,current,32,False,95,TRAFFIC,False,,,False,False,,,,0.00109338
evt-20260730_113644,2026-07-30T11:55:03.726207-03:00,current,32,False,90,TRAFFIC,False,,,False,False,,,,0.00119838
evt-20260730_114145,2026-07-30T11:57:21.868864-03:00,current,31,False,95,PARKED,False,,,False,False,,,,0.00112338
evt-20260730_114444,2026-07-30T11:58:19.723357-03:00,current,32,False,95,TRAFFIC,False,,,False,False,,,,0.00122013
evt-20260730_112122,2026-07-30T12:25:16.741817-03:00,current,32,False,95,TRAFFIC,False,,,False,False,,,,0.00128988
evt-20260730_112801,2026-07-30T12:25:43.545840-03:00,current,20,False,95,TRAFFIC,False,,,False,False,,,,0.00090288
evt-20260730_112916,2026-07-30T12:25:59.576151-03:00,current,8,False,95,TRAFFIC,False,,,False,False,,,,0.00103487
evt-20260730_113106,2026-07-30T12:26:39.090462-03:00,current,8,False,100,TRAFFIC,False,,,False,False,,,,0.00106338
evt-20260730_113202,2026-07-30T12:26:55.171411-03:00,current,16,False,95,TRAFFIC,False,,,False,False,,,,0.00115562
evt-20260730_113324,2026-07-30T12:27:10.784504-03:00,current,12,False,100,TRAFFIC,False,,,False,False,,,,0.00106412
evt-20260730_113848,2026-07-30T12:27:29.987280-03:00,current,22,False,95,TRAFFIC,False,,,False,False,,,,0.00114887
evt-20260730_114700,2026-07-30T12:29:26.164272-03:00,current,28,False,100,TRAFFIC,False,,,False,False,,,,0.00098087
evt-20260730_114940,2026-07-30T12:29:39.420350-03:00,current,15,False,95,TRAFFIC,False,,,False,False,,,,0.00110612
evt-20260730_115216,2026-07-30T12:31:22.043198-03:00,current,32,False,95,TRAFFIC,False,,,False,False,,,,0.00113988
evt-20260730_115756,2026-07-30T12:32:30.658383-03:00,current,32,False,100,TRAFFIC,False,,,False,False,,,,0.00091938
evt-20260730_120024,2026-07-30T12:33:25.495233-03:00,current,32,False,95,TRAFFIC,False,,,False,False,,,,0.00109637
evt-20260730_120620,2026-07-30T12:35:25.831805-03:00,current,7,False,100,TRAFFIC,False,,,False,False,,,,0.00095312
evt-20260730_120825,2026-07-30T12:37:06.976785-03:00,current,32,False,95,TRAFFIC,False,,,False,False,,,,0.00085413
evt-20260730_121029,2026-07-30T12:37:51.033414-03:00,current,32,False,100,TRAFFIC,False,,,False,False,,,,0.00089762
evt-20260730_121235,2026-07-30T12:38:04.016040-03:00,current,32,False,100,TRAFFIC,False,,,False,False,,,,0.00115188
evt-20260730_121439,2026-07-30T12:38:17.681242-03:00,current,32,False,95,TRAFFIC,False,,,False,False,,,,0.00127487
evt-20260730_121755,2026-07-30T12:38:35.201286-03:00,current,27,False,100,TRAFFIC,False,,,False,False,,,,0.00101837
evt-20260730_111118,2026-07-30T13:04:48.136033-03:00,current,32,False,95,TRAFFIC,False,,,False,False,,,,0.00102888
evt-20260730_112522,2026-07-30T13:05:05.772936-03:00,current,19,False,95,TRAFFIC,False,,,False,False,,,,0.00108512
evt-20260730_114043,2026-07-30T13:05:22.088286-03:00,current,12,False,100,TRAFFIC,False,,,False,False,,,,0.00119987
evt-20260730_115110,2026-07-30T13:05:36.096495-03:00,current,10,False,100,EMPTY,False,,,False,False,,,,0.00096587
evt-20260730_115438,2026-07-30T13:06:11.272708-03:00,current,32,False,95,TRAFFIC,False,,,False,False,,,,0.00102287
evt-20260730_120406,2026-07-30T13:06:49.798636-03:00,current,15,False,0,TRAFFIC,False,,,False,False,,,,0.00131613
evt-20260730_120646,2026-07-30T13:07:06.662881-03:00,current,11,False,95,TRAFFIC,False,,,False,False,,,,0.00105138
evt-20260730_122201,2026-07-30T13:07:37.835008-03:00,current,32,False,90,TRAFFIC,False,,,False,False,,,,0.00116088
evt-20260730_122441,2026-07-30T13:07:56.543438-03:00,current,32,False,95,TRAFFIC,False,,,False,False,,,,0.00110612
evt-20260730_122828,2026-07-30T13:08:33.311675-03:00,current,26,False,95,TRAFFIC,False,,,False,False,,,,0.00105737
evt-20260730_123054,2026-07-30T13:08:49.527451-03:00,current,32,False,95,PARKED,False,,,False,False,,,,0.00128988
evt-20260730_123358,2026-07-30T13:09:09.433073-03:00,current,32,False,100,TRAFFIC,False,,,False,False,,,,0.00114062
evt-20260730_123602,2026-07-30T13:09:28.920692-03:00,current,32,False,95,TRAFFIC,False,,,False,False,,,,0.00128013
evt-20260730_123838,2026-07-30T13:09:44.719286-03:00,current,32,False,100,PARKED,False,,,False,False,,,,0.00089013
evt-20260730_124052,2026-07-30T13:09:59.148825-03:00,current,32,False,95,PARKED,False,,,False,False,,,,0.00125013
evt-20260730_124316,2026-07-30T13:10:17.059833-03:00,current,32,False,95,PARKED,False,,,False,False,,,,0.00109187
evt-20260730_124742,2026-07-30T13:10:43.122419-03:00,current,32,False,0,PARKED,False,,,False,False,,,,0.00181637
evt-20260730_125022,2026-07-30T13:11:19.981370-03:00,current,32,False,95,PARKED,False,,,False,False,,,,0.00113163
evt-20260730_125234,2026-07-30T13:11:35.888863-03:00,current,32,False,95,TRAFFIC,False,,,False,False,,,,0.00107313
evt-20260730_125438,2026-07-30T13:11:52.253846-03:00,current,32,False,0,TRAFFIC,False,,,False,False,,,,0.00117812
evt-20260730_130104,2026-07-30T13:13:23.832969-03:00,current,23,False,95,TRAFFIC,False,,,False,False,,,,0.00107988
evt-20260730_124520,2026-07-30T13:29:04.030570-03:00,current,32,False,95,TRAFFIC,False,,,False,False,,,,0.00145188
evt-20260730_130244,2026-07-30T13:29:23.372674-03:00,current,32,False,95,TRAFFIC,False,,,False,False,,,,0.00102812
evt-20260730_130526,2026-07-30T13:29:41.407361-03:00,current,32,False,95,TRAFFIC,False,,,False,False,,,,0.00111363
evt-20260730_130840,2026-07-30T13:29:55.683067-03:00,current,32,False,95,PARKED,False,,,False,False,,,,0.00114813
evt-20260730_131204,2026-07-30T13:30:15.496365-03:00,current,32,False,95,PARKED,False,,,False,False,,,,0.00112713
evt-20260730_131428,2026-07-30T13:30:30.835180-03:00,current,32,False,0,TRAFFIC,False,,,False,False,,,,0.00132887
evt-20260730_131632,2026-07-30T13:30:48.599860-03:00,current,32,False,95,PARKED,False,,,False,False,,,,0.00123513
evt-20260730_131844,2026-07-30T13:31:28.869164-03:00,current,32,False,95,TRAFFIC,False,,,False,False,,,,0.00108137
evt-20260730_132052,2026-07-30T13:31:45.359851-03:00,current,32,False,95,TRAFFIC,False,,,False,False,,,,0.00107988
evt-20260730_132352,2026-07-30T13:32:00.376659-03:00,current,32,False,95,TRAFFIC,False,,,False,False,,,,0.00150212
evt-20260730_132612,2026-07-30T13:32:15.986795-03:00,current,32,False,95,TRAFFIC,False,,,False,False,,,,0.00108963
evt-20260730_132822,2026-07-30T13:41:04.976611-03:00,current,32,False,95,TRAFFIC,False,,,False,False,,,,0.00106788
evt-20260730_133104,2026-07-30T13:41:22.094630-03:00,current,32,False,95,TRAFFIC,False,,,False,False,,,,0.00082938
evt-20260730_133336,2026-07-30T13:41:38.227876-03:00,current,32,False,95,TRAFFIC,False,,,False,False,,,,0.00099362
evt-20260730_133550,2026-07-30T13:41:52.865707-03:00,current,32,False,95,TRAFFIC,False,,,False,False,,,,0.00116537
evt-20260730_133926,2026-07-30T13:48:36.582396-03:00,current,32,False,95,TRAFFIC,False,,,False,False,,,,0.00100938
evt-20260730_134426,2026-07-30T13:48:50.356099-03:00,current,32,False,95,TRAFFIC,False,,,False,False,,,,0.00111738
evt-20260730_134650,2026-07-30T13:49:07.806203-03:00,current,24,False,95,TRAFFIC,False,,,False,False,,,,0.00109037
evt-20260730_134918,2026-07-30T13:54:52.604157-03:00,current,19,False,95,TRAFFIC,False,,,False,False,,,,0.00116237
evt-20260730_135058,2026-07-30T14:00:11.700611-03:00,current,29,False,100,TRAFFIC,False,,,False,False,,,,0.00110313
evt-20260730_135256,2026-07-30T14:00:53.949121-03:00,current,32,False,100,TRAFFIC,False,,,False,False,,,,0.00093662
evt-20260730_135518,2026-07-30T14:01:08.629646-03:00,current,32,False,90,TRAFFIC,False,,,False,False,,,,0.00116688
evt-20260730_135846,2026-07-30T14:07:19.470447-03:00,current,32,False,95,PARKED,False,,,False,False,,,,0.00095462
evt-20260730_140050,2026-07-30T14:07:33.419333-03:00,current,32,False,0,TRAFFIC,False,,,False,False,,,,0.00110688
evt-20260730_140326,2026-07-30T14:08:14.501159-03:00,current,32,False,95,TRAFFIC,False,,,False,False,,,,0.00108588
evt-20260730_140530,2026-07-30T14:14:04.097138-03:00,current,32,False,95,TRAFFIC,False,,,False,False,,,,0.00104838
evt-20260730_140754,2026-07-30T14:14:19.886395-03:00,current,32,False,100,EMPTY,False,,,False,False,,,,0.00107087
evt-20260730_141008,2026-07-30T14:14:34.184619-03:00,current,17,False,100,EMPTY,False,,,False,False,,,,0.00088713
evt-20260730_141142,2026-07-30T14:14:49.750214-03:00,current,32,False,95,TRAFFIC,False,,,False,False,,,,0.00096137
evt-20260730_141411,2026-07-30T14:20:16.445894-03:00,current,32,False,95,TRAFFIC,False,,,False,False,,,,0.00112713
evt-20260730_141621,2026-07-30T14:25:36.200414-03:00,current,32,False,95,TRAFFIC,False,,,False,False,,,,0.00122912
evt-20260730_141841,2026-07-30T14:25:50.832491-03:00,current,24,False,0,TRAFFIC,False,,,False,False,,,,0.00169038
evt-20260730_142208,2026-07-30T14:26:06.261363-03:00,current,32,False,95,PARKED,False,,,False,False,,,,0.00122762
evt-20260730_142420,2026-07-30T14:31:20.139024-03:00,current,32,False,95,PARKED,False,,,False,False,,,,0.00118787
evt-20260730_142624,2026-07-30T14:31:34.185814-03:00,current,32,False,95,PARKED,False,,,False,False,,,,0.00125387
evt-20260730_142916,2026-07-30T14:36:34.939641-03:00,current,32,False,90,PARKED,False,,,False,True,18a899d8-63ca-4a49-88bd-fe8d58ae0d72,REJEITADO,Sem flagrante de descarte.,0.00137537
evt-20260730_143146,2026-07-30T14:36:49.026665-03:00,current,32,False,0,PARKED,False,,,False,False,,,,0.00159813
evt-20260730_143512,2026-07-30T14:41:38.979601-03:00,current,32,False,100,TRAFFIC,False,,,False,False,,,,0.00105737
evt-20260730_144012,2026-07-30T14:46:12.952622-03:00,current,26,False,95,PARKED,False,,,False,False,,,,0.00091337
evt-20260730_144218,2026-07-30T14:46:31.391908-03:00,current,10,False,95,PARKED,False,,,False,False,,,,0.00096513
evt-20260730_144312,2026-07-30T14:46:43.589400-03:00,current,23,False,100,PARKED,False,,,False,False,,,,0.00107237
evt-20260730_144506,2026-07-30T14:52:26.124450-03:00,current,16,False,95,PARKED,False,,,False,False,,,,0.00094113
evt-20260730_144638,2026-07-30T14:52:41.587161-03:00,current,7,False,0,TRAFFIC,False,,,False,False,,,,0.00148113
evt-20260730_144732,2026-07-30T14:53:11.015498-03:00,current,10,False,0,PARKED,False,,,False,False,,,,0.00125837
evt-20260730_144844,2026-07-30T14:53:25.204414-03:00,current,7,False,95,PARKED,False,,,False,False,,,,0.00087812
evt-20260730_145110,2026-07-30T14:53:45.888068-03:00,current,18,False,95,PARKED,False,,,False,False,,,,0.00107087
evt-20260730_145310,2026-07-30T14:58:29.653728-03:00,current,9,False,95,TRAFFIC,False,,,False,False,,,,0.00112038
evt-20260730_145502,2026-07-30T14:58:44.559456-03:00,current,15,False,95,PARKED,False,,,False,False,,,,0.00114963
evt-20260730_145616,2026-07-30T14:58:59.425446-03:00,current,11,False,95,TRAFFIC,False,,,False,False,,,,0.00111363
evt-20260730_145720,2026-07-30T15:04:09.444671-03:00,current,31,False,95,PARKED,False,,,False,False,,,,0.00098687
evt-20260730_145926,2026-07-30T15:04:25.072913-03:00,current,31,False,95,TRAFFIC,False,,,False,False,,,,0.00130638
evt-20260730_150242,2026-07-30T15:04:39.265449-03:00,current,8,False,100,TRAFFIC,False,,,False,False,,,,0.00105138
evt-20260730_150336,2026-07-30T15:10:05.990102-03:00,current,31,False,95,TRAFFIC,False,,,False,False,,,,0.00110913
evt-20260730_150550,2026-07-30T15:10:23.378593-03:00,current,29,False,100,TRAFFIC,False,,,False,False,,,,0.00114737
evt-20260730_150816,2026-07-30T15:15:46.171769-03:00,current,32,False,90,TRAFFIC,False,,,False,False,,,,0.00134763
evt-20260730_151036,2026-07-30T15:16:07.347242-03:00,current,32,False,95,TRAFFIC,False,,,False,False,,,,0.00128237
evt-20260730_151240,2026-07-30T15:16:38.987421-03:00,current,32,False,95,TRAFFIC,False,,,False,True,b40e8dce-14fa-423e-9f5b-68e5a47843ef,PENDENTE,,0.00136413
evt-20260730_151458,2026-07-30T15:22:09.489437-03:00,current,32,False,95,TRAFFIC,False,,,False,False,,,,0.00125312
evt-20260730_151724,2026-07-30T15:22:30.492277-03:00,current,32,False,95,TRAFFIC,False,,,False,False,,,,0.00108887
evt-20260730_152148,2026-07-30T15:27:16.112534-03:00,current,32,False,95,TRAFFIC,False,,,False,False,,,,0.00095538
evt-20260730_152354,2026-07-30T15:27:30.915401-03:00,current,32,False,95,TRAFFIC,False,,,False,False,,,,0.00086088
evt-20260730_152600,2026-07-30T15:33:03.651310-03:00,current,32,False,95,TRAFFIC,False,,,False,False,,,,0.00129587
evt-20260730_152804,2026-07-30T15:33:23.745424-03:00,current,32,False,100,TRAFFIC,False,,,False,False,,,,0.00107687
evt-20260730_153226,2026-07-30T15:38:04.571445-03:00,current,16,False,95,TRAFFIC,False,,,False,False,,,,0.00106712
evt-20260730_153342,2026-07-30T15:38:17.738856-03:00,current,15,False,0,TRAFFIC,False,,,False,False,,,,0.00149537
evt-20260730_153618,2026-07-30T15:42:28.238614-03:00,current,32,False,90,TRAFFIC,False,,,False,False,,,,0.00117588
evt-20260730_153836,2026-07-30T15:42:43.659075-03:00,current,9,False,95,TRAFFIC,False,,,False,False,,,,0.00103787
evt-20260730_153940,2026-07-30T15:42:56.033026-03:00,current,32,False,95,TRAFFIC,False,,,False,False,,,,0.00108062
evt-20260730_154148,2026-07-30T15:47:44.696248-03:00,current,32,False,95,TRAFFIC,False,,,False,False,,,,0.00130112
evt-20260730_154404,2026-07-30T15:47:59.417047-03:00,current,32,False,95,TRAFFIC,False,,,False,False,,,,0.00109187
evt-20260730_154630,2026-07-30T15:53:16.318272-03:00,current,32,False,95,TRAFFIC,False,,,False,False,,,,0.00108588
evt-20260730_154912,2026-07-30T15:53:35.260751-03:00,current,32,False,90,TRAFFIC,False,,,False,False,,,,0.00110238
evt-20260730_155126,2026-07-30T15:58:05.913557-03:00,current,32,False,90,TRAFFIC,False,,,False,False,,,,0.00116837
evt-20260730_155342,2026-07-30T15:58:20.651359-03:00,current,32,False,95,PARKED,False,,,False,False,,,,0.00116913
evt-20260730_155702,2026-07-30T15:58:32.963016-03:00,current,7,False,100,EMPTY,False,,,False,False,,,,0.00104762
evt-20260730_155802,2026-07-30T16:03:42.576409-03:00,current,30,False,95,TRAFFIC,False,,,False,False,,,,0.00108662
evt-20260730_160149,2026-07-30T16:03:57.031229-03:00,current,15,False,100,TRAFFIC,False,,,False,False,,,,0.00105062
evt-20260730_160510,2026-07-30T16:08:48.304784-03:00,current,32,False,90,TRAFFIC,False,,,False,False,,,,0.00127188
evt-20260730_160738,2026-07-30T16:13:33.975129-03:00,current,32,False,90,TRAFFIC,False,,,False,False,,,,0.00102063
evt-20260730_160950,2026-07-30T16:13:49.271731-03:00,current,32,False,95,PARKED,False,,,False,False,,,,0.00112112
evt-20260730_161154,2026-07-30T16:14:06.109191-03:00,current,9,False,95,PARKED,False,,,False,False,,,,0.00110012
evt-20260730_161258,2026-07-30T16:18:55.163830-03:00,current,32,False,90,PARKED,False,,,False,False,,,,0.00120588
evt-20260730_161810,2026-07-30T16:23:17.620447-03:00,current,24,False,95,PARKED,False,,,False,False,,,,0.00113537
evt-20260730_162004,2026-07-30T16:23:32.360413-03:00,current,18,False,100,PARKED,False,,,False,False,,,,0.00112188
evt-20260730_162150,2026-07-30T16:28:25.148955-03:00,current,32,False,95,PARKED,False,,,False,False,,,,0.00114813
evt-20260730_162438,2026-07-30T16:28:39.215352-03:00,current,28,False,95,PARKED,False,,,False,False,,,,0.00114587
evt-20260730_162722,2026-07-30T16:28:51.570099-03:00,current,7,False,95,TRAFFIC,False,,,False,False,,,,0.00122463
evt-20260730_162814,2026-07-30T16:33:46.001470-03:00,current,30,False,95,PARKED,False,,,False,False,,,,0.00114963
evt-20260730_163019,2026-07-30T16:33:58.553041-03:00,current,32,False,95,TRAFFIC,False,,,False,False,,,,0.00101913
evt-20260730_163307,2026-07-30T16:38:15.207503-03:00,current,11,False,100,TRAFFIC,False,,,False,False,,,,0.00099362
evt-20260730_163401,2026-07-30T16:38:28.720787-03:00,current,6,False,100,TRAFFIC,False,,,False,False,,,,0.00110162
evt-20260730_163455,2026-07-30T16:38:41.288266-03:00,current,32,False,95,TRAFFIC,False,,,False,False,,,,0.00119762
evt-20260730_163709,2026-07-30T16:42:59.139414-03:00,current,32,False,95,TRAFFIC,False,,,False,False,,,,0.00110087
evt-20260730_163937,2026-07-30T16:43:12.443551-03:00,current,32,False,0,TRAFFIC,False,,,False,False,,,,0.00095688
evt-20260730_164146,2026-07-30T16:47:44.694065-03:00,current,32,False,95,TRAFFIC,False,,,False,False,,,,0.00107537
evt-20260730_164356,2026-07-30T16:47:59.005339-03:00,current,32,False,95,TRAFFIC,False,,,False,False,,,,0.00155538
evt-20260730_164606,2026-07-30T16:52:22.311453-03:00,current,32,False,95,TRAFFIC,False,,,False,False,,,,0.00088937
evt-20260730_164920,2026-07-30T16:52:34.274162-03:00,current,32,False,95,TRAFFIC,False,,,False,False,,,,0.00091113
evt-20260730_165200,2026-07-30T16:56:45.290413-03:00,current,32,False,95,PARKED,False,,,False,False,,,,0.00104838
evt-20260730_165448,2026-07-30T16:56:59.063611-03:00,current,20,False,95,PARKED,False,,,False,False,,,,0.00117812
evt-20260730_165718,2026-07-30T17:01:50.645390-03:00,current,24,False,95,PARKED,False,,,False,False,,,,0.00091037
evt-20260730_165950,2026-07-30T17:02:24.463430-03:00,current,16,False,90,TRAFFIC,False,,,False,False,,,,0.00151713
evt-20260730_170204,2026-07-30T17:06:55.210822-03:00,current,15,False,95,PARKED,False,,,False,False,,,,0.00148038
evt-20260730_170320,2026-07-30T17:07:10.344056-03:00,current,7,False,95,PARKED,False,,,False,False,,,,0.00090812
evt-20260730_170635,2026-07-30T17:11:29.012122-03:00,current,32,False,95,PARKED,False,,,False,False,,,,0.00095237
evt-20260730_170857,2026-07-30T17:11:45.162200-03:00,current,32,False,90,PARKED,False,,,False,False,,,,0.00139338
evt-20260730_171101,2026-07-30T17:16:36.642804-03:00,current,18,False,95,TRAFFIC,False,,,False,False,,,,0.00114587
evt-20260730_171445,2026-07-30T17:16:52.465378-03:00,current,6,False,100,TRAFFIC,False,,,False,False,,,,0.00124862
evt-20260730_171545,2026-07-30T17:21:21.021719-03:00,current,32,False,95,TRAFFIC,False,,,False,False,,,,0.00094038
evt-20260730_171751,2026-07-30T17:21:35.227557-03:00,current,27,False,95,TRAFFIC,False,,,False,False,,,,0.00108738
evt-20260730_171949,2026-07-30T17:21:51.426315-03:00,current,14,False,95,TRAFFIC,False,,,False,False,,,,0.00108363
evt-20260730_172048,2026-07-30T17:25:54.193305-03:00,current,32,False,95,TRAFFIC,False,,,False,False,,,,0.00111888
evt-20260730_172522,2026-07-30T17:30:04.471373-03:00,current,10,False,95,TRAFFIC,False,,,False,False,,,,0.00099212
evt-20260730_172614,2026-07-30T17:30:17.921928-03:00,current,26,False,95,TRAFFIC,False,,,False,False,,,,0.00097638
evt-20260730_172758,2026-07-30T17:30:30.886831-03:00,current,19,False,95,TRAFFIC,False,,,False,False,,,,0.00110763
evt-20260730_173016,2026-07-30T17:35:07.054969-03:00,current,26,False,95,TRAFFIC,False,,,False,False,,,,0.00123063
evt-20260730_173326,2026-07-30T17:35:20.785214-03:00,current,18,False,95,TRAFFIC,False,,,False,False,,,,0.00113537
evt-20260730_173504,2026-07-30T17:40:18.501113-03:00,current,14,False,95,TRAFFIC,False,,,False,False,,,,0.00090288
evt-20260730_173610,2026-07-30T17:40:32.739946-03:00,current,27,False,95,PARKED,False,,,False,False,,,,0.00109263
evt-20260730_173815,2026-07-30T17:40:48.676488-03:00,current,20,True,90,DUMPING,True,True,90,True,False,,,,0.00332912
evt-20260730_173937,2026-07-30T17:45:50.916205-03:00,current,32,False,95,PARKED,False,,,False,False,,,,0.00135962
evt-20260730_174151,2026-07-30T17:46:05.976934-03:00,current,32,False,95,TRAFFIC,False,,,False,False,,,,0.00085713
evt-20260730_174357,2026-07-30T17:46:17.902965-03:00,current,8,False,95,TRAFFIC,False,,,False,False,,,,0.00134687
evt-20260730_174446,2026-07-30T17:51:10.556807-03:00,current,26,False,95,TRAFFIC,False,,,False,False,,,,0.00106938
evt-20260730_174656,2026-07-30T17:51:24.169926-03:00,current,32,False,95,TRAFFIC,False,,,False,False,,,,0.00107313
evt-20260730_174928,2026-07-30T17:51:36.798205-03:00,current,7,False,100,EMPTY,False,,,False,False,,,,0.00101687
evt-20260730_175054,2026-07-30T17:56:10.041459-03:00,current,32,False,90,TRAFFIC,False,,,False,False,,,,0.00109788
evt-20260730_175304,2026-07-30T17:56:24.755870-03:00,current,17,False,95,TRAFFIC,False,,,False,False,,,,0.00112338
evt-20260730_175450,2026-07-30T17:56:39.105257-03:00,current,12,False,95,TRAFFIC,False,,,False,False,,,,0.00126512
evt-20260730_175542,2026-07-30T18:01:37.908012-03:00,current,32,False,95,TRAFFIC,False,,,False,False,,,,0.00114887
evt-20260730_175746,2026-07-30T18:02:03.069804-03:00,current,32,False,95,TRAFFIC,False,,,False,False,,,,0.00090663
evt-20260730_175952,2026-07-30T18:06:07.398614-03:00,current,32,False,95,TRAFFIC,False,,,False,False,,,,0.00104688
evt-20260730_180207,2026-07-30T18:06:19.645457-03:00,current,25,False,95,TRAFFIC,False,,,False,False,,,,0.00111363
evt-20260730_180415,2026-07-30T18:06:32.212307-03:00,current,19,False,95,TRAFFIC,False,,,False,False,,,,0.00113912
evt-20260730_180537,2026-07-30T18:10:57.422247-03:00,current,15,False,95,TRAFFIC,False,,,False,False,,,,0.00109413
evt-20260730_180700,2026-07-30T18:11:13.006722-03:00,current,32,False,90,TRAFFIC,False,,,False,False,,,,0.00111213
evt-20260730_180948,2026-07-30T18:15:12.717442-03:00,current,32,False,95,TRAFFIC,False,,,False,False,,,,0.00109338
evt-20260730_181214,2026-07-30T18:15:30.213999-03:00,current,32,False,90,TRAFFIC,False,,,False,False,,,,0.00127337
evt-20260730_181438,2026-07-30T18:19:50.258932-03:00,current,32,False,95,TRAFFIC,False,,,False,False,,,,0.00123887
evt-20260730_181710,2026-07-30T18:20:01.330015-03:00,current,9,False,95,TRAFFIC,False,,,False,False,,,,0.00105138
evt-20260730_181744,2026-07-30T18:24:34.307984-03:00,current,32,False,95,TRAFFIC,False,,,False,False,,,,0.00123587
evt-20260730_182002,2026-07-30T18:24:48.834284-03:00,current,32,False,95,TRAFFIC,False,,,False,False,,,,0.00096963
evt-20260730_182206,2026-07-30T18:25:00.581539-03:00,current,13,False,95,TRAFFIC,False,,,False,False,,,,0.00095988
evt-20260730_182414,2026-07-30T18:29:35.100653-03:00,current,32,False,95,TRAFFIC,False,,,False,False,,,,0.00106262
evt-20260730_182618,2026-07-30T18:29:48.051749-03:00,current,32,False,95,TRAFFIC,False,,,False,False,,,,0.00092162
evt-20260730_182822,2026-07-30T18:30:00.924381-03:00,current,16,False,100,TRAFFIC,False,,,False,False,,,,0.00111962
evt-20260730_182932,2026-07-30T18:34:27.713006-03:00,current,32,False,100,TRAFFIC,False,,,False,False,,,,0.00106113
evt-20260730_183246,2026-07-30T18:38:35.130151-03:00,current,28,False,95,TRAFFIC,False,,,False,False,,,,0.00111513
evt-20260730_183512,2026-07-30T18:38:51.932429-03:00,current,32,False,95,TRAFFIC,False,,,False,False,,,,0.00103637
evt-20260730_183938,2026-07-30T18:42:54.245036-03:00,current,32,False,100,TRAFFIC,False,,,False,False,,,,0.00102438
evt-20260730_184241,2026-07-30T18:46:44.549105-03:00,current,24,False,90,TRAFFIC,False,,,False,False,,,,0.00111062
evt-20260730_184423,2026-07-30T18:47:01.473301-03:00,current,32,False,0,TRAFFIC,False,,,False,False,,,,0.00090887
evt-20260730_184637,2026-07-30T18:51:07.541141-03:00,current,30,False,95,TRAFFIC,False,,,False,False,,,,0.00106788
evt-20260730_184833,2026-07-30T18:51:19.005783-03:00,current,13,False,95,TRAFFIC,False,,,False,False,,,,0.00105212
evt-20260730_185015,2026-07-30T18:55:21.019397-03:00,current,30,False,95,TRAFFIC,False,,,False,False,,,,0.00112338
evt-20260730_185401,2026-07-30T18:59:05.720063-03:00,current,32,False,95,TRAFFIC,False,,,False,False,,,,0.00087812
evt-20260730_185605,2026-07-30T18:59:16.699960-03:00,current,13,False,0,TRAFFIC,False,,,False,False,,,,0.00289338
evt-20260730_185947,2026-07-30T19:03:31.845677-03:00,current,15,False,95,TRAFFIC,False,,,False,False,,,,0.00106262
evt-20260730_190113,2026-07-30T19:03:49.185676-03:00,current,20,False,100,TRAFFIC,False,,,False,False,,,,0.00106863
evt-20260730_190607,2026-07-30T19:07:42.864609-03:00,current,10,False,95,TRAFFIC,False,,,False,False,,,,0.00109263
evt-20260730_190950,2026-07-30T19:15:20.105280-03:00,current,32,False,95,TRAFFIC,False,,,False,False,,,,0.00129888
evt-20260730_191240,2026-07-30T19:15:34.783937-03:00,current,32,False,95,TRAFFIC,False,,,False,False,,,,0.00134687
evt-20260730_191502,2026-07-30T19:19:21.669243-03:00,current,13,False,95,TRAFFIC,False,,,False,False,,,,0.00100788
evt-20260730_191612,2026-07-30T19:19:35.408050-03:00,current,16,False,95,TRAFFIC,False,,,False,False,,,,0.00130712
evt-20260730_191712,2026-07-30T19:19:47.093005-03:00,current,21,False,95,TRAFFIC,False,,,False,False,,,,0.00114963
evt-20260730_192054,2026-07-30T19:23:40.532428-03:00,current,29,False,100,EMPTY,False,,,False,False,,,,0.00083537
evt-20260730_192551,2026-07-30T19:27:32.714892-03:00,current,7,False,0,EMPTY,False,,,False,False,,,,0.00118187
evt-20260730_192625,2026-07-30T19:31:18.786249-03:00,current,32,False,100,TRAFFIC,False,,,False,False,,,,0.00100037
evt-20260730_192905,2026-07-30T19:31:29.181430-03:00,current,21,False,95,TRAFFIC,False,,,False,False,,,,0.00107537
evt-20260730_193033,2026-07-30T19:35:26.996110-03:00,current,32,False,100,TRAFFIC,False,,,False,False,,,,0.00089463
evt-20260730_193237,2026-07-30T19:35:39.574597-03:00,current,17,False,95,TRAFFIC,False,,,False,False,,,,0.00098613
evt-20260730_193419,2026-07-30T19:35:51.730234-03:00,current,7,False,100,EMPTY,False,,,False,False,,,,0.00099288
evt-20260730_193445,2026-07-30T19:39:50.166239-03:00,current,15,False,100,TRAFFIC,False,,,False,False,,,,0.00120738
evt-20260730_193601,2026-07-30T19:40:04.779333-03:00,current,32,False,95,TRAFFIC,False,,,False,False,,,,0.00116237
evt-20260730_193823,2026-07-30T19:40:16.804702-03:00,current,17,False,100,TRAFFIC,False,,,False,False,,,,0.00105287
evt-20260730_193951,2026-07-30T19:45:21.674687-03:00,current,11,False,95,TRAFFIC,False,,,False,False,,,,0.00102587
evt-20260730_194119,2026-07-30T19:45:34.402690-03:00,current,32,False,95,TRAFFIC,False,,,False,False,,,,0.00105587
evt-20260730_194327,2026-07-30T19:45:46.014500-03:00,current,14,False,95,TRAFFIC,False,,,False,False,,,,0.00120663
evt-20260730_194431,2026-07-30T19:45:58.262375-03:00,current,9,False,95,TRAFFIC,False,,,False,False,,,,0.00110462
evt-20260730_194628,2026-07-30T19:50:31.956084-03:00,current,32,False,100,TRAFFIC,False,,,False,False,,,,0.00085187
evt-20260730_194858,2026-07-30T19:54:32.937705-03:00,current,32,False,100,TRAFFIC,False,,,False,False,,,,0.00099662
evt-20260730_195112,2026-07-30T19:54:47.698920-03:00,current,32,False,95,TRAFFIC,False,,,False,False,,,,0.00108062
evt-20260730_195456,2026-07-30T19:58:29.064002-03:00,current,8,False,0,EMPTY,False,,,False,False,,,,0.00136038
evt-20260730_195948,2026-07-30T20:02:21.219982-03:00,current,8,False,100,TRAFFIC,False,,,False,False,,,,0.00109862
evt-20260730_200152,2026-07-30T20:06:05.506274-03:00,current,27,False,90,PARKED,False,,,False,False,,,,0.00097638
evt-20260730_200428,2026-07-30T20:06:17.926162-03:00,current,9,False,95,TRAFFIC,False,,,False,False,,,,0.00113688
evt-20260730_200556,2026-07-30T20:10:09.995236-03:00,current,11,False,95,TRAFFIC,False,,,False,False,,,,0.00108963
evt-20260730_200652,2026-07-30T20:10:23.357967-03:00,current,32,False,90,PARKED,False,,,False,False,,,,0.00119088
evt-20260730_200856,2026-07-30T20:14:25.607825-03:00,current,32,False,95,TRAFFIC,False,,,False,False,,,,0.00124787
evt-20260730_201146,2026-07-30T20:14:40.149924-03:00,current,12,False,100,EMPTY,False,,,False,False,,,,0.00095612
evt-20260730_201340,2026-07-30T20:18:49.185355-03:00,current,32,False,95,TRAFFIC,False,,,False,False,,,,0.00108288
evt-20260730_201748,2026-07-30T20:22:47.920568-03:00,current,32,False,95,TRAFFIC,False,,,False,False,,,,0.00109938
evt-20260730_201954,2026-07-30T20:22:59.877627-03:00,current,15,False,95,TRAFFIC,False,,,False,False,,,,0.00106638
evt-20260730_202129,2026-07-30T20:28:04.475316-03:00,current,32,False,0,EMPTY,False,,,False,False,,,,0.00151713
evt-20260730_202411,2026-07-30T20:28:16.798167-03:00,current,10,False,100,EMPTY,False,,,False,False,,,,0.00109187
evt-20260730_202507,2026-07-30T20:28:30.107764-03:00,current,12,False,95,TRAFFIC,False,,,False,False,,,,0.00107087
evt-20260730_202705,2026-07-30T20:33:49.788295-03:00,current,32,False,0,TRAFFIC,False,,,False,True,db50bba5-d26d-405d-8adf-f866d906b77e,PENDENTE,,0.00164087
evt-20260730_202943,2026-07-30T20:34:15.535649-03:00,current,32,False,90,TRAFFIC,False,,,False,False,,,,0.00109713
evt-20260730_203229,2026-07-30T20:39:29.293022-03:00,current,19,False,0,TRAFFIC,False,,,False,False,,,,0.00156438
evt-20260730_203355,2026-07-30T20:39:47.078234-03:00,current,32,False,95,TRAFFIC,False,,,False,False,,,,0.00121713
evt-20260730_203615,2026-07-30T20:40:03.101423-03:00,current,32,False,95,TRAFFIC,False,,,False,False,,,,0.00107237
evt-20260730_203909,2026-07-30T20:44:57.244462-03:00,current,32,False,95,TRAFFIC,False,,,False,False,,,,0.00108062
evt-20260730_204114,2026-07-30T20:45:10.891716-03:00,current,32,False,90,TRAFFIC,False,,,False,False,,,,0.00134162
evt-20260730_204558,2026-07-30T20:50:25.485050-03:00,current,9,False,95,TRAFFIC,False,,,False,False,,,,0.00106488
evt-20260730_205058,2026-07-30T20:55:14.927354-03:00,current,32,False,95,TRAFFIC,False,,,False,False,,,,0.00111437
evt-20260730_205342,2026-07-30T20:55:26.576242-03:00,current,10,False,95,PARKED,False,,,False,False,,,,0.00121638
evt-20260730_205534,2026-07-30T21:00:11.755458-03:00,current,14,False,100,TRAFFIC,False,,,False,False,,,,0.00103787
evt-20260730_205628,2026-07-30T21:00:25.244440-03:00,current,18,False,95,EMPTY,False,,,False,False,,,,0.00109788
evt-20260730_205740,2026-07-30T21:00:38.519901-03:00,current,10,False,95,TRAFFIC,False,,,False,False,,,,0.00087663
evt-20260730_205930,2026-07-30T21:05:44.393974-03:00,current,32,False,90,TRAFFIC,False,,,False,False,,,,0.00123812
evt-20260730_210136,2026-07-30T21:05:58.481639-03:00,current,19,False,100,EMPTY,False,,,False,False,,,,0.00094413
evt-20260730_210312,2026-07-30T21:06:11.371859-03:00,current,11,False,100,EMPTY,False,,,False,False,,,,0.00118863
evt-20260730_210356,2026-07-30T21:11:10.117221-03:00,current,32,False,95,TRAFFIC,False,,,False,False,,,,0.00099212
evt-20260730_210600,2026-07-30T21:11:23.329655-03:00,current,12,False,95,TRAFFIC,False,,,False,False,,,,0.00090438
evt-20260730_210700,2026-07-30T21:11:36.573127-03:00,current,32,False,95,TRAFFIC,False,,,False,False,,,,0.00103487
